Time (ms), Temperature (C), Shunt Voltage, Bus Voltage (V), Current (mA), Power (mW), Load Voltage (V)
500,25.12,-0.02,3.98,0.10,0.00,3.98
1000,25.12,154.16,0.02,1538.60,30.00,0.17
1500,25.12,154.62,0.02,1546.00,30.00,0.17
2000,25.12,152.34,0.02,1523.00,30.00,0.17
2500,25.12,153.29,0.02,1531.30,30.00,0.17
3000,25.12,154.04,0.02,1536.90,30.00,0.17
3500,25.19,153.40,0.02,1536.60,30.00,0.17
4000,25.19,153.68,0.02,1536.80,30.00,0.17
4500,25.19,156.04,0.02,1558.90,32.00,0.18
5000,25.19,154.18,0.02,1542.80,30.00,0.17
5500,25.19,156.51,0.02,1564.90,32.00,0.18
6000,25.25,161.96,0.02,1618.20,40.00,0.19
6500,25.25,157.91,0.02,1576.90,40.00,0.18
7000,25.25,157.59,0.02,1576.70,32.00,0.18
7500,25.25,156.59,0.02,1565.20,32.00,0.18
8000,25.25,157.89,0.02,1578.80,32.00,0.18
8500,25.25,161.23,0.02,1612.40,40.00,0.19
9000,25.31,160.88,0.02,1609.70,40.00,0.18
9500,25.31,160.24,0.02,1606.10,40.00,0.18
10000,25.31,161.71,0.03,1614.90,32.00,0.19
10500,25.31,162.26,0.02,1619.60,40.00,0.18
11000,25.31,160.71,0.02,1603.70,32.00,0.18
11500,25.31,160.27,0.03,1603.10,32.00,0.19
12000,25.37,158.32,0.02,1578.10,32.00,0.18
12500,25.37,161.57,0.02,1622.50,32.00,0.19
13000,25.37,159.60,0.02,1601.80,32.00,0.18
13500,25.37,158.94,0.02,1591.80,26.00,0.18
14000,25.44,159.57,0.02,1583.30,32.00,0.18
14500,25.44,160.00,0.02,1601.70,40.00,0.18
15000,25.44,160.64,0.02,1607.40,40.00,0.18
15500,25.44,160.29,0.02,1603.30,40.00,0.18
16000,25.44,160.05,0.02,1600.90,40.00,0.18
16500,25.50,157.72,0.02,1578.00,32.00,0.18
17000,25.50,159.17,0.02,1591.10,40.00,0.18
17500,25.50,160.16,0.02,1601.40,32.00,0.18
18000,25.50,160.70,0.02,1607.10,40.00,0.18
18500,25.50,161.70,0.02,1616.30,40.00,0.19
19000,25.56,161.48,0.02,1614.80,40.00,0.18
19500,25.56,162.37,0.02,1624.70,40.00,0.19
20000,25.56,164.10,0.02,1618.40,40.00,0.19
20500,25.62,164.00,0.03,1620.30,40.00,0.19
21000,25.62,164.37,0.02,1648.00,40.00,0.19
21500,25.62,161.52,0.02,1639.80,40.00,0.19
22000,25.62,161.22,0.02,1652.00,40.00,0.18
22500,25.62,165.41,0.03,1644.50,40.00,0.19
23000,25.69,162.61,0.02,1626.40,40.00,0.19
23500,25.69,163.44,0.02,1634.50,40.00,0.19
24000,25.69,159.63,0.02,1597.10,40.00,0.18
24500,25.69,159.41,0.02,1592.30,32.00,0.18
25000,25.69,158.14,0.02,1582.10,32.00,0.18
25500,25.75,160.19,0.02,1611.70,40.00,0.18
26000,25.75,161.73,0.02,1613.30,40.00,0.19
26500,25.75,163.12,0.02,1630.90,40.00,0.19
27000,25.75,162.12,0.02,1621.30,40.00,0.19
27500,25.75,166.68,0.02,1658.90,40.00,0.19
28000,25.75,162.67,0.02,1625.90,32.00,0.19
28500,25.81,161.92,0.03,1620.60,40.00,0.19
29000,25.81,162.27,0.02,1622.40,40.00,0.19
29500,25.81,159.14,0.02,1589.30,32.00,0.18
30000,25.81,162.64,0.02,1625.20,32.00,0.19
30500,25.81,162.02,0.02,1622.50,32.00,0.19
31000,25.87,162.05,0.02,1619.90,40.00,0.19
31500,25.87,159.75,0.02,1600.40,40.00,0.18
32000,25.87,162.80,0.02,1627.90,40.00,0.18
32500,25.87,162.70,0.02,1626.70,40.00,0.19
33000,25.94,164.32,0.02,1643.20,40.00,0.19
33500,25.94,164.00,0.03,1638.30,32.00,0.19
34000,25.94,162.44,0.02,1625.70,40.00,0.19
34500,25.94,162.11,0.02,1620.80,40.00,0.19
35000,25.94,159.15,0.02,1601.60,32.00,0.18
35500,26.00,160.56,0.02,1605.20,32.00,0.18
36000,26.00,162.21,0.02,1621.20,40.00,0.19
36500,26.00,161.06,0.02,1610.00,40.00,0.19
37000,26.00,161.77,0.02,1618.20,40.00,0.19
37500,26.00,162.51,0.02,1625.90,40.00,0.19
38000,26.06,165.58,0.02,1656.30,46.00,0.19
38500,26.06,164.37,0.02,1644.50,32.00,0.19
39000,26.06,164.36,0.02,1645.20,40.00,0.19
39500,26.12,162.92,0.02,1628.60,40.00,0.19
40000,26.12,169.21,0.02,1690.70,40.00,0.19
40500,26.12,168.15,0.03,1687.40,40.00,0.20
41000,26.12,162.60,0.02,1635.90,40.00,0.19
41500,26.12,163.26,0.02,1631.30,40.00,0.19
42000,26.12,163.83,0.02,1636.30,40.00,0.19
42500,26.12,165.03,0.02,1640.70,40.00,0.19
43000,26.12,163.69,0.02,1630.10,32.00,0.18
43500,26.19,162.71,0.02,1621.50,40.00,0.19
44000,26.19,162.02,0.02,1633.80,40.00,0.19
44500,26.19,161.53,0.02,1601.80,40.00,0.18
45000,26.19,162.39,0.02,1623.90,40.00,0.19
45500,26.25,168.32,0.02,1634.10,40.00,0.19
46000,26.25,165.34,0.03,1655.30,40.00,0.19
46500,26.25,160.58,0.02,1607.80,40.00,0.18
47000,26.31,165.17,0.02,1649.20,40.00,0.19
47500,26.31,163.47,0.02,1634.30,40.00,0.19
48000,26.31,165.03,0.02,1649.10,40.00,0.19
48500,26.31,164.82,0.02,1647.50,40.00,0.18
49000,26.31,163.19,0.02,1628.70,32.00,0.19
49500,26.31,164.34,0.02,1649.20,40.00,0.18
50000,26.37,164.95,0.02,1648.80,40.00,0.19
50500,26.37,163.49,0.02,1650.50,40.00,0.19
51000,26.37,169.00,0.02,1690.50,40.00,0.19
51500,26.37,168.60,0.02,1688.70,46.00,0.19
52000,26.44,168.41,0.02,1684.80,40.00,0.19
52500,26.44,169.14,0.03,1693.10,46.00,0.20
53000,26.44,168.58,0.02,1686.10,40.00,0.19
53500,26.44,167.49,0.02,1675.30,40.00,0.19
54000,26.50,168.47,0.02,1685.20,40.00,0.19
54500,26.50,168.72,0.02,1687.30,40.00,0.19
55000,26.50,170.59,0.03,1706.20,50.00,0.20
55500,26.50,174.57,0.03,1751.90,50.00,0.20
56000,26.56,175.11,0.03,1751.80,50.00,0.20
56500,26.56,173.86,0.03,1722.80,42.00,0.20
57000,26.56,175.06,0.03,1751.10,42.00,0.20
57500,26.56,174.39,0.03,1740.40,50.00,0.20
58000,26.56,175.45,0.03,1746.80,50.00,0.20
58500,26.56,176.08,0.03,1762.30,50.00,0.20
59000,26.62,175.25,0.03,1760.30,50.00,0.20
59500,26.62,175.60,0.03,1750.70,50.00,0.20
60000,26.62,175.38,0.03,1747.40,50.00,0.20
60500,26.62,176.80,0.03,1771.40,50.00,0.20
61000,26.69,175.03,0.03,1750.50,50.00,0.20
61500,26.69,177.06,0.03,1771.80,50.00,0.21
62000,26.69,177.72,0.03,1775.40,50.00,0.21
62500,26.69,179.24,0.03,1792.10,50.00,0.21
63000,26.75,179.03,0.03,1790.60,56.00,0.21
63500,26.75,179.28,0.03,1793.90,58.00,0.21
64000,26.75,179.09,0.03,1793.10,50.00,0.21
64500,26.81,179.93,0.03,1799.40,50.00,0.21
65000,26.81,179.97,0.03,1800.00,50.00,0.21
65500,26.81,179.96,0.03,1800.80,58.00,0.21
66000,26.81,180.42,0.03,1803.30,58.00,0.21
66500,26.81,180.21,0.03,1800.50,50.00,0.21
67000,26.87,180.43,0.03,1801.30,50.00,0.21
67500,26.87,178.22,0.03,1782.10,50.00,0.21
68000,26.87,179.15,0.03,1791.30,50.00,0.21
68500,26.94,176.76,0.03,1764.00,50.00,0.20
69000,26.94,173.59,0.02,1735.70,42.00,0.20
69500,26.94,170.67,0.03,1706.30,42.00,0.20
70000,26.94,170.84,0.03,1708.80,42.00,0.20
70500,26.94,170.91,0.03,1710.50,32.00,0.20
71000,26.94,170.73,0.02,1706.40,40.00,0.19
71500,27.00,170.88,0.02,1706.90,40.00,0.19
72000,27.00,170.82,0.03,1708.30,42.00,0.20
72500,27.00,171.21,0.02,1710.80,42.00,0.20
73000,27.00,171.00,0.02,1709.80,42.00,0.20
73500,27.00,170.88,0.03,1710.10,42.00,0.20
74000,27.06,170.46,0.02,1704.20,40.00,0.19
74500,27.06,169.53,0.02,1693.80,40.00,0.19
75000,27.06,171.10,0.03,1710.90,42.00,0.20
75500,27.06,171.18,0.02,1710.70,42.00,0.20
76000,27.06,170.90,0.02,1708.90,42.00,0.19
76500,27.06,170.94,0.03,1711.10,42.00,0.20
77000,27.12,171.17,0.03,1711.40,42.00,0.20
77500,27.12,171.28,0.02,1712.80,42.00,0.20
78000,27.12,171.24,0.02,1712.60,42.00,0.20
78500,27.12,171.29,0.02,1713.30,42.00,0.20
79000,27.19,171.75,0.02,1717.10,42.00,0.20
79500,27.12,171.67,0.02,1716.90,42.00,0.20
80000,27.19,171.52,0.02,1714.80,42.00,0.19
80500,27.19,170.98,0.02,1710.40,42.00,0.19
81000,27.19,176.59,0.03,1765.20,50.00,0.20
81500,27.25,171.11,0.02,1711.50,42.00,0.20
82000,27.25,171.24,0.03,1711.40,42.00,0.20
82500,27.31,171.47,0.02,1714.50,42.00,0.20
83000,27.31,171.38,0.02,1713.80,50.00,0.20
83500,27.31,171.30,0.02,1712.90,42.00,0.20
84000,27.31,171.39,0.02,1700.50,40.00,0.20
84500,27.37,171.45,0.02,1715.00,42.00,0.20
85000,27.37,171.70,0.03,1716.30,50.00,0.20
85500,27.37,171.76,0.02,1718.40,50.00,0.20
86000,27.44,171.92,0.02,1718.70,42.00,0.20
86500,27.44,171.72,0.03,1717.10,50.00,0.20
87000,27.44,171.15,0.02,1711.50,50.00,0.20
87500,27.50,172.11,0.02,1720.80,42.00,0.20
88000,27.50,172.14,0.03,1721.30,42.00,0.20
88500,27.50,172.09,0.03,1721.00,50.00,0.20
89000,27.50,172.34,0.02,1723.50,42.00,0.20
89500,27.56,172.20,0.03,1722.60,50.00,0.20
90000,27.56,171.87,0.02,1719.00,42.00,0.20
90500,27.56,171.98,0.02,1720.20,42.00,0.20
91000,27.62,171.75,0.02,1717.80,42.00,0.20
91500,27.62,171.90,0.03,1718.30,50.00,0.20
92000,27.62,171.70,0.03,1717.20,42.00,0.20
92500,27.62,171.75,0.02,1717.20,42.00,0.20
93000,27.69,172.11,0.02,1720.90,42.00,0.20
93500,27.69,172.16,0.03,1722.10,42.00,0.20
94000,27.69,172.25,0.02,1722.60,42.00,0.20
94500,27.69,174.63,0.03,1746.20,42.00,0.20
95000,27.75,174.65,0.03,1746.00,42.00,0.20
95500,27.75,172.23,0.02,1722.60,42.00,0.20
96000,27.81,175.65,0.03,1757.20,50.00,0.20
96500,27.75,172.03,0.03,1720.60,50.00,0.20
97000,27.81,172.27,0.03,1722.90,42.00,0.20
97500,27.81,172.29,0.02,1722.50,42.00,0.20
98000,27.81,172.27,0.03,1723.30,50.00,0.20
98500,27.87,172.34,0.02,1723.40,42.00,0.20
99000,27.87,172.41,0.02,1723.10,42.00,0.20
99500,27.87,172.15,0.02,1721.50,42.00,0.20
100000,27.94,172.26,0.02,1723.80,42.00,0.20
100500,27.94,172.38,0.02,1723.70,50.00,0.20
101000,27.94,172.53,0.02,1723.50,42.00,0.20
101500,27.94,172.24,0.02,1722.10,42.00,0.20
102000,27.94,172.45,0.03,1726.10,42.00,0.20
102500,28.00,172.54,0.02,1724.40,42.00,0.20
103000,28.00,172.07,0.02,1719.30,42.00,0.20
103500,28.00,172.65,0.03,1726.10,42.00,0.20
104000,28.06,172.69,0.02,1726.20,42.00,0.20
104500,28.06,171.87,0.02,1719.60,42.00,0.20
105000,28.06,172.04,0.03,1719.70,42.00,0.20
105500,28.06,172.75,0.03,1727.90,42.00,0.20
106000,28.06,171.97,0.02,1719.80,42.00,0.20
106500,28.06,172.02,0.02,1720.30,42.00,0.20
107000,28.06,172.18,0.02,1721.40,50.00,0.20
107500,28.12,173.41,0.02,1734.00,50.00,0.20
108000,28.12,173.30,0.02,1733.70,50.00,0.20
108500,28.12,173.40,0.03,1734.40,42.00,0.20
109000,28.19,173.42,0.03,1733.80,50.00,0.20
109500,28.19,173.25,0.02,1732.20,50.00,0.20
110000,28.25,173.25,0.02,1733.00,42.00,0.20
110500,28.25,173.23,0.03,1732.40,42.00,0.20
111000,28.25,172.69,0.03,1726.70,42.00,0.20
111500,28.25,173.52,0.02,1734.60,42.00,0.20
112000,28.25,173.40,0.02,1734.20,50.00,0.20
112500,28.25,177.99,0.03,1779.60,50.00,0.21
113000,28.25,175.74,0.03,1760.30,50.00,0.20
113500,28.31,175.92,0.02,1763.10,50.00,0.20
114000,28.31,175.80,0.02,1758.40,50.00,0.20
114500,28.37,174.04,0.02,1739.80,50.00,0.20
115000,28.37,174.12,0.03,1741.10,42.00,0.20
115500,28.37,174.11,0.02,1741.40,50.00,0.20
116000,28.44,173.59,0.03,1738.70,42.00,0.20
116500,28.44,173.94,0.03,1740.20,42.00,0.20
117000,28.44,173.75,0.02,1737.80,50.00,0.20
117500,28.44,172.66,0.02,1730.20,42.00,0.20
118000,28.50,173.19,0.02,1722.10,50.00,0.20
118500,28.50,173.69,0.02,1737.90,50.00,0.20
119000,28.50,172.60,0.03,1726.90,42.00,0.20
119500,28.50,173.46,0.02,1734.60,50.00,0.20
120000,28.50,173.60,0.02,1736.70,50.00,0.20
120500,28.50,173.52,0.03,1734.70,42.00,0.20
121000,28.56,178.82,0.03,1790.30,50.00,0.21
121500,28.56,178.92,0.03,1788.90,50.00,0.21
122000,28.56,178.70,0.03,1787.00,50.00,0.21
122500,28.62,179.59,0.03,1796.10,50.00,0.21
123000,28.62,179.18,0.03,1791.60,50.00,0.21
123500,28.62,179.33,0.03,1791.40,50.00,0.21
124000,28.62,179.46,0.03,1793.50,50.00,0.21
124500,28.62,179.88,0.03,1798.70,50.00,0.21
125000,28.62,180.11,0.03,1801.40,50.00,0.21
125500,28.69,180.11,0.03,1801.20,50.00,0.21
126000,28.69,180.52,0.03,1805.20,58.00,0.21
126500,28.69,180.65,0.03,1806.50,50.00,0.21
127000,28.69,180.92,0.03,1809.50,50.00,0.21
127500,28.69,181.49,0.03,1813.70,50.00,0.21
128000,28.75,181.29,0.03,1813.80,58.00,0.21
128500,28.75,183.02,0.03,1830.10,52.00,0.21
129000,28.75,183.49,0.03,1834.70,58.00,0.21
129500,28.81,183.71,0.03,1837.00,58.00,0.22
130000,28.81,183.98,0.03,1839.80,52.00,0.22
130500,28.81,183.97,0.03,1839.90,58.00,0.22
131000,28.81,184.30,0.03,1842.40,58.00,0.21
131500,28.87,184.09,0.03,1841.60,58.00,0.22
132000,28.87,183.56,0.04,1835.90,58.00,0.22
132500,28.87,183.30,0.03,1832.80,58.00,0.22
133000,28.94,183.28,0.03,1833.00,58.00,0.21
133500,28.94,184.04,0.03,1841.10,52.00,0.22
134000,28.94,183.35,0.03,1833.20,58.00,0.22
134500,28.94,183.52,0.03,1835.50,58.00,0.21
135000,29.00,184.57,0.03,1846.20,58.00,0.22
135500,29.00,184.73,0.03,1847.40,58.00,0.21
136000,29.00,184.84,0.03,1848.70,58.00,0.22
136500,29.00,184.08,0.03,1840.30,52.00,0.21
137000,29.06,185.09,0.03,1850.30,58.00,0.22
137500,29.06,184.01,0.03,1839.70,52.00,0.22
138000,29.06,184.17,0.03,1839.00,58.00,0.22
138500,29.06,184.77,0.03,1850.30,58.00,0.22
139000,29.12,184.78,0.03,1849.20,58.00,0.22
139500,29.12,185.78,0.03,1858.40,58.00,0.22
140000,29.12,185.75,0.03,1857.60,58.00,0.22
140500,29.12,185.68,0.03,1857.60,58.00,0.22
141000,29.12,185.81,0.04,1858.00,52.00,0.22
141500,29.12,185.70,0.03,1857.20,58.00,0.22
142000,29.19,185.99,0.03,1859.00,58.00,0.22
142500,29.19,186.01,0.03,1859.80,58.00,0.21
143000,29.19,185.59,0.03,1855.70,58.00,0.22
143500,29.19,185.86,0.03,1858.40,58.00,0.21
144000,29.25,185.86,0.04,1858.40,52.00,0.22
144500,29.25,185.10,0.03,1853.90,52.00,0.22
145000,29.25,185.60,0.03,1850.90,58.00,0.22
145500,29.25,185.68,0.03,1858.70,58.00,0.22
146000,29.25,185.89,0.04,1859.20,58.00,0.22
146500,29.31,186.12,0.03,1860.30,58.00,0.22
147000,29.31,185.55,0.03,1856.50,58.00,0.21
147500,29.31,186.20,0.03,1862.00,58.00,0.22
148000,29.31,186.25,0.03,1861.30,52.00,0.21
148500,29.37,185.94,0.03,1859.90,58.00,0.21
149000,29.31,185.92,0.03,1859.70,58.00,0.22
149500,29.37,185.64,0.03,1856.30,58.00,0.22
150000,29.37,186.24,0.03,1863.10,58.00,0.22
150500,29.37,185.92,0.03,1859.10,58.00,0.22
151000,29.44,186.62,0.03,1866.40,68.00,0.22
151500,29.44,186.46,0.03,1864.70,58.00,0.22
152000,29.44,186.48,0.04,1864.40,52.00,0.22
152500,29.44,186.60,0.04,1866.30,58.00,0.22
153000,29.44,186.45,0.03,1864.50,58.00,0.22
153500,29.50,186.51,0.03,1865.10,58.00,0.22
154000,29.50,186.46,0.04,1864.70,58.00,0.22
154500,29.50,186.46,0.03,1864.60,58.00,0.22
155000,29.50,186.75,0.03,1867.30,58.00,0.22
155500,29.50,186.57,0.03,1865.00,58.00,0.22
156000,29.56,186.65,0.04,1865.90,58.00,0.22
156500,29.56,186.75,0.03,1866.90,68.00,0.22
157000,29.56,186.75,0.03,1866.30,58.00,0.22
157500,29.62,186.79,0.03,1867.40,58.00,0.22
158000,29.62,186.80,0.03,1868.20,58.00,0.22
158500,29.62,186.90,0.03,1868.90,58.00,0.22
159000,29.62,186.98,0.04,1869.80,52.00,0.22
159500,29.62,186.43,0.04,1863.50,52.00,0.22
160000,29.69,187.04,0.04,1871.10,58.00,0.22
160500,29.69,187.19,0.03,1872.60,68.00,0.22
161000,29.69,187.54,0.03,1874.60,58.00,0.22
161500,29.69,187.37,0.03,1874.30,58.00,0.22
162000,29.75,187.35,0.03,1873.80,52.00,0.22
162500,29.75,187.61,0.04,1876.00,58.00,0.22
163000,29.75,186.88,0.04,1869.80,58.00,0.22
163500,29.75,186.67,0.03,1867.50,58.00,0.22
164000,29.81,187.55,0.03,1875.00,58.00,0.22
164500,29.81,186.84,0.03,1868.80,58.00,0.22
165000,29.81,187.56,0.03,1875.80,58.00,0.22
165500,29.87,186.23,0.03,1862.50,58.00,0.22
166000,29.87,186.67,0.03,1867.60,58.00,0.21
166500,29.87,186.60,0.03,1867.40,58.00,0.22
167000,29.87,187.40,0.03,1873.50,58.00,0.22
167500,29.87,188.19,0.03,1882.30,58.00,0.22
168000,29.94,188.27,0.04,1884.60,68.00,0.22
168500,29.94,188.19,0.03,1882.60,58.00,0.22
169000,29.94,188.44,0.03,1883.70,68.00,0.22
169500,29.94,188.40,0.04,1884.80,58.00,0.22
170000,29.94,188.54,0.03,1885.20,58.00,0.22
170500,30.00,188.60,0.04,1886.10,58.00,0.22
171000,30.00,188.69,0.03,1885.10,68.00,0.22
171500,30.00,188.69,0.03,1887.50,58.00,0.22
172000,30.06,188.90,0.04,1888.90,58.00,0.22
172500,30.06,189.00,0.03,1889.70,68.00,0.22
173000,30.06,189.02,0.03,1889.40,58.00,0.22
173500,30.06,188.98,0.03,1889.80,68.00,0.22
174000,30.12,189.06,0.03,1892.60,58.00,0.22
174500,30.12,189.35,0.03,1893.70,58.00,0.22
175000,30.12,189.44,0.03,1894.80,62.00,0.22
175500,30.19,189.82,0.03,1897.40,68.00,0.22
176000,30.19,189.85,0.04,1898.20,68.00,0.23
176500,30.19,189.93,0.04,1897.50,68.00,0.23
177000,30.19,189.61,0.03,1896.10,68.00,0.22
177500,30.19,189.60,0.04,1896.10,68.00,0.23
178000,30.25,189.72,0.03,1897.30,62.00,0.22
178500,30.25,189.88,0.04,1898.50,68.00,0.23
179000,30.25,189.67,0.04,1896.90,62.00,0.23
179500,30.25,190.10,0.03,1901.20,68.00,0.22
180000,30.25,190.17,0.03,1900.30,62.00,0.22
180500,30.25,190.33,0.03,1903.50,62.00,0.22
181000,30.31,190.32,0.03,1902.90,62.00,0.22
181500,30.25,190.33,0.04,1903.40,62.00,0.23
182000,30.31,190.59,0.04,1905.60,68.00,0.23
182500,30.31,190.62,0.03,1906.50,62.00,0.22
183000,30.31,190.37,0.03,1905.00,62.00,0.22
183500,30.31,190.75,0.04,1906.00,68.00,0.23
184000,30.37,190.57,0.04,1905.30,62.00,0.23
184500,30.37,190.52,0.03,1905.40,68.00,0.22
185000,30.37,190.59,0.04,1905.20,68.00,0.23
185500,30.44,190.66,0.04,1906.50,68.00,0.23
186000,30.44,190.64,0.04,1906.50,68.00,0.23
186500,30.44,190.57,0.04,1905.70,68.00,0.23
187000,30.50,190.76,0.03,1907.50,62.00,0.22
187500,30.50,190.65,0.04,1906.80,68.00,0.23
188000,30.50,190.73,0.03,1907.40,68.00,0.22
188500,30.56,190.78,0.03,1907.60,62.00,0.22
189000,30.56,190.65,0.04,1906.50,68.00,0.23
189500,30.56,190.24,0.04,1902.40,68.00,0.23
190000,30.56,190.46,0.04,1904.60,62.00,0.23
190500,30.56,190.17,0.03,1902.10,62.00,0.22
191000,30.62,190.15,0.03,1901.90,68.00,0.22
191500,30.62,190.32,0.03,1902.70,68.00,0.22
192000,30.62,189.82,0.04,1897.60,68.00,0.23
192500,30.62,190.10,0.04,1901.00,62.00,0.23
193000,30.62,190.07,0.03,1898.20,62.00,0.22
193500,30.62,189.08,0.03,1891.30,58.00,0.22
194000,30.62,190.05,0.03,1901.20,68.00,0.22
194500,30.62,190.23,0.04,1902.60,62.00,0.23
195000,30.69,190.05,0.03,1900.80,68.00,0.22
195500,30.69,190.27,0.04,1902.80,68.00,0.23
196000,30.69,190.31,0.03,1902.70,62.00,0.22
196500,30.69,190.46,0.03,1904.90,62.00,0.22
197000,30.75,190.32,0.04,1903.00,62.00,0.23
197500,30.75,189.83,0.03,1898.50,62.00,0.22
198000,30.75,189.29,0.04,1893.00,68.00,0.23
198500,30.75,189.72,0.03,1897.30,62.00,0.22
199000,30.75,189.93,0.04,1899.10,68.00,0.23
199500,30.81,189.74,0.03,1897.00,62.00,0.22
200000,30.81,189.22,0.03,1891.80,68.00,0.22
200500,30.81,189.49,0.03,1894.40,68.00,0.22
201000,30.81,190.27,0.04,1902.60,62.00,0.23
201500,30.81,190.31,0.03,1903.20,68.00,0.22
202000,30.87,189.52,0.04,1895.70,62.00,0.23
202500,30.87,190.36,0.04,1903.90,62.00,0.23
203000,30.94,189.65,0.03,1896.50,68.00,0.22
203500,30.94,189.47,0.03,1895.00,62.00,0.22
204000,30.94,190.43,0.03,1904.70,68.00,0.22
204500,31.00,190.01,0.04,1902.70,68.00,0.23
205000,31.00,190.47,0.03,1904.50,62.00,0.22
205500,31.00,189.79,0.03,1897.30,68.00,0.22
206000,31.06,188.50,0.03,1886.10,62.00,0.22
206500,31.06,190.02,0.04,1900.20,62.00,0.23
207000,31.06,190.16,0.04,1902.70,68.00,0.23
207500,31.12,188.83,0.04,1890.70,68.00,0.22
208000,31.12,189.45,0.03,1893.20,58.00,0.22
208500,31.19,188.62,0.03,1886.90,58.00,0.22
209000,31.19,187.12,0.04,1879.30,58.00,0.22
209500,31.19,190.43,0.03,1903.20,62.00,0.22
210000,31.19,190.23,0.04,1902.20,62.00,0.23
210500,31.25,190.34,0.03,1902.30,68.00,0.22
211000,31.25,191.66,0.03,1917.10,68.00,0.22
211500,31.25,191.83,0.04,1918.00,62.00,0.23
212000,31.31,192.00,0.04,1919.60,62.00,0.23
212500,31.31,191.98,0.04,1919.80,68.00,0.23
213000,31.31,192.07,0.04,1920.40,62.00,0.23
213500,31.37,192.12,0.04,1921.20,68.00,0.23
214000,31.37,192.40,0.04,1924.20,68.00,0.23
214500,31.37,192.48,0.03,1925.10,68.00,0.22
215000,31.44,192.71,0.04,1927.10,68.00,0.23
215500,31.44,192.82,0.04,1928.50,68.00,0.23
216000,31.44,192.87,0.04,1928.90,68.00,0.23
216500,31.44,192.91,0.04,1929.80,68.00,0.23
217000,31.50,193.04,0.04,1931.10,68.00,0.23
217500,31.50,193.18,0.04,1930.80,68.00,0.23
218000,31.50,193.23,0.04,1932.70,68.00,0.23
218500,31.50,193.30,0.04,1932.90,68.00,0.23
219000,31.56,193.35,0.04,1933.90,68.00,0.23
219500,31.56,193.48,0.04,1934.40,68.00,0.23
220000,31.62,193.54,0.04,1935.10,78.00,0.23
220500,31.56,193.03,0.04,1930.30,68.00,0.23
221000,31.62,193.47,0.04,1934.60,68.00,0.23
221500,31.62,192.90,0.04,1928.90,62.00,0.23
222000,31.62,192.78,0.04,1929.80,68.00,0.23
222500,31.62,192.93,0.04,1931.10,68.00,0.23
223000,31.69,193.21,0.04,1931.50,68.00,0.23
223500,31.69,192.38,0.04,1923.50,68.00,0.23
224000,31.75,192.54,0.04,1925.10,62.00,0.23
224500,31.75,192.60,0.04,1926.20,68.00,0.23
225000,31.75,192.17,0.04,1920.80,68.00,0.23
225500,31.75,192.55,0.04,1925.60,68.00,0.23
226000,31.75,191.95,0.04,1920.30,68.00,0.23
226500,31.75,192.43,0.04,1928.90,62.00,0.23
227000,31.75,192.70,0.04,1926.50,68.00,0.23
227500,31.81,192.57,0.04,1925.60,68.00,0.23
228000,31.81,192.63,0.04,1926.40,68.00,0.23
228500,31.81,191.75,0.04,1918.20,62.00,0.23
229000,31.87,191.98,0.04,1920.40,62.00,0.23
229500,31.87,192.10,0.04,1920.20,68.00,0.23
230000,31.87,193.09,0.04,1913.20,62.00,0.23
230500,31.87,193.85,0.03,1937.10,62.00,0.23
231000,31.94,193.69,0.04,1922.90,68.00,0.23
231500,31.94,196.45,0.04,1964.70,72.00,0.23
232000,31.94,195.94,0.04,1959.60,72.00,0.23
232500,32.00,195.47,0.04,1954.60,68.00,0.23
233000,31.94,195.85,0.04,1958.70,72.00,0.24
233500,32.00,196.02,0.04,1960.40,72.00,0.23
234000,32.00,196.05,0.03,1960.70,72.00,0.23
234500,32.00,196.25,0.04,1962.40,72.00,0.24
235000,32.00,196.36,0.04,1963.60,72.00,0.24
235500,32.06,196.53,0.04,1965.00,72.00,0.23
236000,32.06,196.52,0.04,1964.90,72.00,0.23
236500,32.13,196.64,0.04,1966.50,72.00,0.23
237000,32.13,196.83,0.04,1968.50,72.00,0.23
237500,32.13,196.92,0.04,1969.20,72.00,0.23
238000,32.13,197.03,0.04,1970.40,72.00,0.24
238500,32.13,197.02,0.04,1970.00,78.00,0.23
239000,32.19,196.87,0.04,1968.60,72.00,0.23
239500,32.19,197.12,0.04,1970.90,78.00,0.23
240000,32.19,197.26,0.04,1972.60,72.00,0.23
240500,32.19,197.35,0.04,1973.80,72.00,0.24
241000,32.25,197.36,0.04,1973.40,78.00,0.24
241500,32.25,197.50,0.04,1975.00,72.00,0.23
242000,32.25,197.52,0.04,1975.50,72.00,0.23
242500,32.31,197.62,0.04,1976.30,72.00,0.24
243000,32.31,197.67,0.04,1977.00,78.00,0.23
243500,32.31,197.77,0.04,1977.40,72.00,0.24
244000,32.38,197.81,0.04,1978.30,72.00,0.24
244500,32.38,197.88,0.04,1979.00,72.00,0.23
245000,32.38,197.83,0.04,1978.20,72.00,0.23
245500,32.44,197.91,0.04,1979.20,78.00,0.23
246000,32.44,197.98,0.04,1980.30,78.00,0.23
246500,32.44,198.07,0.04,1980.80,72.00,0.24
247000,32.44,198.11,0.04,1981.40,78.00,0.23
247500,32.50,198.18,0.04,1981.80,78.00,0.23
248000,32.50,198.29,0.04,1982.60,72.00,0.24
248500,32.50,198.31,0.04,1983.30,72.00,0.23
249000,32.50,198.40,0.04,1983.80,78.00,0.23
249500,32.56,198.45,0.04,1984.30,78.00,0.24
250000,32.56,198.55,0.04,1985.30,78.00,0.23
250500,32.56,198.59,0.04,1986.30,78.00,0.23
251000,32.63,198.65,0.04,1985.90,78.00,0.24
251500,32.63,198.71,0.04,1987.30,78.00,0.23
252000,32.63,198.75,0.04,1987.40,78.00,0.24
252500,32.63,198.82,0.04,1988.50,72.00,0.23
253000,32.69,198.86,0.04,1988.80,78.00,0.24
253500,32.69,198.89,0.04,1989.10,78.00,0.23
254000,32.69,198.94,0.04,1989.00,78.00,0.23
254500,32.69,198.95,0.04,1989.50,72.00,0.24
255000,32.69,198.97,0.04,1989.50,78.00,0.24
255500,32.69,199.02,0.04,1989.70,78.00,0.24
256000,32.75,198.98,0.04,1990.20,78.00,0.23
256500,32.75,198.89,0.04,1988.50,78.00,0.23
257000,32.75,195.38,0.04,1948.20,68.00,0.24
257500,32.75,196.77,0.04,1944.90,68.00,0.23
258000,32.81,194.44,0.04,1944.80,68.00,0.23
258500,32.88,195.62,0.04,1957.00,72.00,0.23
259000,32.88,192.35,0.04,1951.40,62.00,0.23
259500,32.88,193.65,0.04,1935.60,68.00,0.23
260000,32.88,194.75,0.04,1948.00,68.00,0.23
260500,32.88,194.89,0.04,1945.60,78.00,0.23
261000,32.88,193.76,0.04,1937.10,78.00,0.23
261500,32.94,194.05,0.04,1940.70,68.00,0.23
262000,32.88,194.81,0.04,1947.80,68.00,0.23
262500,32.94,193.76,0.03,1937.70,68.00,0.23
263000,32.94,193.86,0.04,1938.50,68.00,0.23
263500,33.00,193.90,0.04,1939.50,68.00,0.23
264000,33.00,194.25,0.04,1942.30,68.00,0.23
264500,33.06,194.66,0.04,1946.10,68.00,0.23
265000,33.00,193.98,0.04,1938.70,68.00,0.23
265500,33.00,194.18,0.04,1941.70,68.00,0.23
266000,33.00,194.61,0.04,1953.80,68.00,0.23
266500,33.06,193.77,0.04,1937.50,68.00,0.23
267000,33.06,194.10,0.04,1939.80,68.00,0.23
267500,33.06,194.67,0.04,1946.90,68.00,0.23
268000,33.06,193.62,0.04,1937.90,68.00,0.23
268500,33.13,193.85,0.04,1938.50,68.00,0.23
269000,33.13,194.85,0.04,1948.20,68.00,0.23
269500,33.13,195.43,0.04,1954.40,78.00,0.23
270000,33.13,193.71,0.04,1935.20,68.00,0.23
270500,33.13,194.30,0.04,1943.50,68.00,0.23
271000,33.19,194.01,0.04,1939.90,68.00,0.23
271500,33.19,195.54,0.04,1962.10,68.00,0.23
272000,33.19,193.21,0.04,1930.70,68.00,0.23
272500,33.25,193.96,0.04,1939.30,68.00,0.23
273000,33.25,195.26,0.04,1952.70,78.00,0.24
273500,33.25,193.02,0.03,1928.70,68.00,0.23
274000,33.31,194.38,0.03,1946.50,68.00,0.23
274500,33.31,194.16,0.03,1936.30,68.00,0.23
275000,33.38,194.53,0.04,1945.10,68.00,0.23
275500,33.38,194.31,0.04,1941.10,68.00,0.23
276000,33.38,192.27,0.04,1921.30,68.00,0.23
276500,33.38,199.79,0.04,1997.60,78.00,0.24
277000,33.38,196.04,0.04,1953.80,68.00,0.23
277500,33.44,193.42,0.04,1932.40,68.00,0.23
278000,33.44,200.50,0.04,2004.70,78.00,0.24
278500,33.44,200.54,0.04,2005.50,78.00,0.24
279000,33.44,200.40,0.04,2004.40,78.00,0.24
279500,33.50,200.26,0.04,2002.70,72.00,0.24
280000,33.50,196.89,0.04,1968.10,78.00,0.24
280500,33.50,196.20,0.04,1962.20,78.00,0.23
281000,33.50,196.38,0.04,1963.30,78.00,0.23
281500,33.50,196.58,0.04,1966.20,72.00,0.23
282000,33.50,195.52,0.04,1954.90,68.00,0.23
282500,33.50,195.45,0.04,1954.20,68.00,0.23
283000,33.44,196.25,0.04,1963.40,72.00,0.23
283500,33.50,196.54,0.04,1965.80,72.00,0.23
284000,33.50,196.55,0.04,1966.10,72.00,0.23
284500,33.56,196.31,0.04,1963.10,72.00,0.24
285000,33.56,196.64,0.04,1966.60,72.00,0.23
285500,33.63,196.78,0.04,1967.80,78.00,0.23
286000,33.63,196.33,0.04,1963.60,72.00,0.24
286500,33.63,196.45,0.04,1964.70,72.00,0.23
287000,33.69,196.00,0.04,1960.50,72.00,0.24
287500,33.69,195.93,0.04,1959.60,72.00,0.23
288000,33.69,196.44,0.04,1964.00,72.00,0.23
288500,33.75,196.87,0.04,1969.10,72.00,0.23
289000,33.75,197.00,0.04,1969.60,72.00,0.24
289500,33.75,197.05,0.04,1970.80,72.00,0.24
290000,33.75,196.97,0.04,1970.00,72.00,0.23
290500,33.75,197.08,0.04,1970.80,72.00,0.24
291000,33.81,197.31,0.04,1972.80,78.00,0.23
291500,33.81,197.22,0.04,1972.20,72.00,0.23
292000,33.88,197.17,0.04,1971.90,72.00,0.23
292500,33.88,197.16,0.04,1972.00,72.00,0.23
293000,33.88,197.05,0.04,1970.40,72.00,0.23
293500,33.88,197.77,0.04,1977.70,72.00,0.23
294000,33.88,198.05,0.04,1980.10,78.00,0.23
294500,33.94,198.03,0.04,1980.60,72.00,0.24
295000,33.94,198.10,0.04,1981.10,78.00,0.24
295500,33.94,195.65,0.04,1956.20,68.00,0.23
296000,33.94,193.52,0.04,1972.00,72.00,0.23
296500,34.00,193.08,0.04,1961.60,72.00,0.23
297000,34.00,196.43,0.04,1964.30,72.00,0.23
297500,34.00,196.75,0.04,1967.40,72.00,0.23
298000,34.00,197.09,0.04,1971.10,72.00,0.23
298500,34.00,196.22,0.04,1970.70,72.00,0.23
299000,34.00,196.68,0.04,1967.10,72.00,0.23
299500,34.00,196.33,0.04,1963.00,72.00,0.23
300000,34.00,196.15,0.04,1961.90,72.00,0.24
300500,34.00,196.07,0.04,1961.10,72.00,0.23
301000,34.00,196.41,0.04,1964.00,62.00,0.24
301500,34.06,196.58,0.04,1965.90,78.00,0.24
302000,34.06,196.62,0.04,1966.10,78.00,0.23
302500,34.06,196.32,0.04,1963.10,72.00,0.23
303000,34.06,196.25,0.04,1961.90,78.00,0.24
303500,34.06,196.40,0.04,1964.30,72.00,0.23
304000,34.06,196.41,0.04,1963.80,72.00,0.23
304500,34.06,194.07,0.04,1943.30,62.00,0.23
305000,34.06,195.87,0.04,1957.10,72.00,0.23
305500,34.06,195.44,0.04,1952.30,68.00,0.23
306000,34.13,196.63,0.04,1966.10,72.00,0.24
306500,34.13,196.60,0.04,1966.10,72.00,0.23
307000,34.13,196.19,0.04,1961.60,72.00,0.24
307500,34.19,196.64,0.03,1966.20,72.00,0.23
308000,34.19,195.90,0.04,1958.30,72.00,0.23
308500,34.25,198.82,0.04,1964.80,78.00,0.23
309000,34.25,196.14,0.04,1961.20,72.00,0.23
309500,34.31,197.00,0.04,1970.10,72.00,0.24
310000,34.31,196.67,0.04,1966.70,72.00,0.23
310500,34.31,196.70,0.04,1983.00,78.00,0.24
311000,34.31,197.15,0.04,1971.50,72.00,0.23
311500,34.38,195.97,0.04,1958.20,72.00,0.23
312000,34.38,196.46,0.04,1963.90,72.00,0.24
312500,34.38,196.74,0.04,1967.10,72.00,0.24
313000,34.38,197.35,0.04,1973.40,72.00,0.23
313500,34.44,197.04,0.04,1971.20,78.00,0.24
314000,34.44,197.39,0.04,1973.90,72.00,0.23
314500,34.44,197.89,0.04,1978.40,78.00,0.23
315000,34.50,197.70,0.04,1977.10,78.00,0.23
315500,34.50,197.73,0.04,1977.10,78.00,0.23
316000,34.50,197.20,0.04,1975.00,72.00,0.23
316500,34.56,195.38,0.04,1955.30,68.00,0.23
317000,34.56,197.41,0.04,1973.50,78.00,0.23
317500,34.56,195.59,0.04,1954.70,68.00,0.24
318000,34.56,197.94,0.04,1979.60,78.00,0.24
318500,34.63,198.13,0.04,1981.60,78.00,0.23
319000,34.63,198.29,0.04,1983.30,78.00,0.23
319500,34.63,196.86,0.04,1968.90,72.00,0.23
320000,34.63,196.60,0.04,1966.50,78.00,0.23
320500,34.69,197.07,0.04,1970.90,78.00,0.23
321000,34.69,196.57,0.04,1956.40,72.00,0.23
321500,34.69,198.21,0.04,1981.90,78.00,0.23
322000,34.69,197.26,0.04,1972.80,72.00,0.23
322500,34.69,197.15,0.04,1971.10,72.00,0.24
323000,34.75,197.56,0.04,1975.20,72.00,0.24
323500,34.75,198.58,0.04,1985.50,72.00,0.23
324000,34.81,197.87,0.04,1979.70,78.00,0.23
324500,34.81,198.85,0.04,1989.30,78.00,0.23
325000,34.81,197.27,0.04,1976.90,72.00,0.24
325500,34.81,198.05,0.04,1980.70,72.00,0.24
326000,34.81,199.27,0.04,1993.10,78.00,0.24
326500,34.88,199.56,0.04,1996.30,78.00,0.24
327000,34.88,199.70,0.04,1997.10,78.00,0.24
327500,34.88,199.42,0.04,1991.60,78.00,0.24
328000,34.88,198.39,0.04,1984.00,78.00,0.24
328500,34.94,199.94,0.04,1999.80,78.00,0.24
329000,34.94,198.40,0.04,1984.10,78.00,0.24
329500,34.94,198.98,0.04,1989.80,72.00,0.23
330000,34.94,198.84,0.04,1988.60,72.00,0.24
330500,34.94,198.53,0.04,1985.00,72.00,0.24
331000,34.94,198.69,0.04,1986.70,72.00,0.24
331500,35.00,198.80,0.04,1988.00,72.00,0.24
332000,35.00,198.70,0.04,1994.80,72.00,0.24
332500,35.00,199.45,0.04,1994.70,72.00,0.24
333000,35.00,199.89,0.04,1998.40,72.00,0.24
333500,35.00,197.65,0.03,1985.00,78.00,0.23
334000,35.06,199.94,0.04,1999.30,72.00,0.24
334500,35.06,199.90,0.04,1999.10,78.00,0.24
335000,35.06,200.35,0.04,2003.40,78.00,0.24
335500,35.13,200.24,0.04,2002.70,72.00,0.24
336000,35.13,200.10,0.04,2003.20,78.00,0.24
336500,35.19,200.18,0.04,2002.70,72.00,0.24
337000,35.19,200.71,0.04,2006.80,78.00,0.24
337500,35.19,200.72,0.04,2007.00,78.00,0.24
338000,35.25,200.52,0.04,2005.30,78.00,0.24
338500,35.25,200.64,0.04,2006.20,78.00,0.24
339000,35.25,200.53,0.04,2005.40,78.00,0.24
339500,35.31,200.67,0.04,2006.00,72.00,0.24
340000,35.31,199.91,0.04,1998.10,78.00,0.24
340500,35.31,200.67,0.04,2006.60,78.00,0.24
341000,35.31,200.33,0.04,2007.40,82.00,0.24
341500,35.31,200.77,0.04,2007.70,72.00,0.24
342000,35.38,200.84,0.04,2008.20,82.00,0.24
342500,35.38,200.74,0.04,2007.40,82.00,0.24
343000,35.38,200.82,0.04,2008.40,82.00,0.24
343500,35.44,200.85,0.04,2008.80,82.00,0.24
344000,35.44,200.84,0.04,2008.00,82.00,0.24
344500,35.44,200.82,0.04,2008.40,82.00,0.24
345000,35.50,200.85,0.04,2008.40,88.00,0.24
345500,35.50,200.94,0.04,2009.10,82.00,0.24
346000,35.50,200.94,0.04,2009.60,82.00,0.24
346500,35.50,200.91,0.04,2009.60,82.00,0.24
347000,35.50,201.01,0.04,2009.80,82.00,0.24
347500,35.56,201.01,0.04,2009.90,82.00,0.24
348000,35.56,200.98,0.04,2009.80,72.00,0.24
348500,35.56,201.01,0.04,2009.90,82.00,0.24
349000,35.56,201.03,0.04,2010.20,72.00,0.24
349500,35.56,201.07,0.04,2010.30,82.00,0.24
350000,35.56,201.10,0.04,2010.80,82.00,0.24
350500,35.56,201.10,0.04,2010.80,82.00,0.24
351000,35.56,201.13,0.04,2011.30,82.00,0.24
351500,35.63,201.20,0.04,2012.10,82.00,0.24
352000,35.56,201.14,0.04,2012.60,82.00,0.24
352500,35.63,201.17,0.04,2012.10,82.00,0.24
353000,35.63,201.14,0.04,2012.40,82.00,0.24
353500,35.63,201.26,0.04,2013.10,82.00,0.24
354000,35.63,201.24,0.04,2012.40,82.00,0.24
354500,35.63,201.22,0.04,2012.40,82.00,0.24
355000,35.63,201.26,0.04,2012.50,82.00,0.24
355500,35.63,198.71,0.04,1987.90,78.00,0.23
356000,35.69,201.28,0.04,2012.90,72.00,0.24
356500,35.69,201.25,0.04,2011.70,82.00,0.24
357000,35.69,200.70,0.04,2006.90,78.00,0.24
357500,35.69,201.24,0.04,2011.90,82.00,0.24
358000,35.69,201.43,0.04,2013.80,82.00,0.24
358500,35.69,201.37,0.04,2013.30,82.00,0.24
359000,35.75,201.26,0.04,2012.70,82.00,0.24
359500,35.75,201.31,0.04,2013.80,72.00,0.24
360000,35.75,201.34,0.04,2013.40,72.00,0.24
360500,35.75,201.34,0.04,2013.30,82.00,0.24
361000,35.81,201.41,0.04,2014.30,88.00,0.24
361500,35.81,201.57,0.04,2015.30,82.00,0.24
362000,35.81,201.49,0.04,2015.20,82.00,0.24
362500,35.81,200.88,0.04,2015.20,82.00,0.24
363000,35.81,201.56,0.04,2015.40,82.00,0.25
363500,35.88,201.59,0.04,2016.20,82.00,0.24
364000,35.88,201.64,0.04,2016.90,82.00,0.24
364500,35.88,201.82,0.04,2017.40,82.00,0.24
365000,35.88,201.83,0.04,2018.00,82.00,0.24
365500,35.88,201.88,0.04,2018.60,82.00,0.24
366000,35.94,201.94,0.04,2019.70,72.00,0.24
366500,35.94,201.29,0.04,2013.60,82.00,0.24
367000,35.94,202.01,0.04,2020.10,82.00,0.24
367500,36.00,202.03,0.04,2019.80,72.00,0.24
368000,36.00,202.12,0.04,2021.20,82.00,0.24
368500,36.00,201.93,0.04,2018.70,82.00,0.24
369000,36.00,201.47,0.04,2014.50,82.00,0.24
369500,36.06,201.30,0.04,2011.90,82.00,0.24
370000,36.06,201.07,0.04,2011.20,82.00,0.24
370500,36.13,201.98,0.04,2019.10,82.00,0.24
371000,36.13,202.04,0.04,2020.00,82.00,0.24
371500,36.13,202.13,0.04,2021.10,82.00,0.24
372000,36.19,202.21,0.04,2022.20,82.00,0.24
372500,36.19,201.43,0.04,2014.80,88.00,0.24
373000,36.19,201.30,0.04,2013.80,88.00,0.24
373500,36.19,202.08,0.04,2020.50,82.00,0.24
374000,36.19,202.03,0.04,2020.30,82.00,0.24
374500,36.25,202.21,0.04,2021.60,82.00,0.25
375000,36.25,202.16,0.04,2021.80,82.00,0.24
375500,36.25,201.63,0.04,2015.80,82.00,0.24
376000,36.25,201.52,0.04,2014.70,82.00,0.24
376500,36.31,201.54,0.04,2015.60,82.00,0.24
377000,36.31,201.12,0.04,2011.10,82.00,0.24
377500,36.31,202.12,0.04,2022.10,82.00,0.24
378000,36.38,202.21,0.04,2022.00,72.00,0.24
378500,36.38,202.18,0.04,2021.70,82.00,0.24
379000,36.38,202.21,0.04,2022.50,82.00,0.25
379500,36.44,202.23,0.04,2022.10,82.00,0.24
380000,36.44,202.33,0.04,2023.30,82.00,0.24
380500,36.44,202.38,0.04,2023.80,82.00,0.25
381000,36.50,202.46,0.04,2024.20,82.00,0.24
381500,36.56,202.40,0.04,2024.30,72.00,0.24
382000,36.50,202.34,0.04,2023.30,82.00,0.24
382500,36.56,202.40,0.04,2024.70,82.00,0.24
383000,36.56,202.63,0.04,2025.90,82.00,0.24
383500,36.63,202.67,0.04,2026.60,82.00,0.24
384000,36.63,202.64,0.04,2026.20,88.00,0.24
384500,36.63,202.77,0.04,2027.90,82.00,0.24
385000,36.69,202.72,0.04,2027.60,82.00,0.24
385500,36.69,202.77,0.04,2027.70,82.00,0.24
386000,36.69,202.64,0.04,2027.20,82.00,0.24
386500,36.69,202.84,0.04,2029.00,82.00,0.24
387000,36.69,202.91,0.04,2028.70,82.00,0.24
387500,36.69,203.00,0.04,2029.20,82.00,0.24
388000,36.69,202.88,0.04,2028.60,82.00,0.25
388500,36.69,202.72,0.04,2027.30,82.00,0.24
389000,36.75,203.06,0.04,2030.60,82.00,0.24
389500,36.75,203.17,0.04,2032.30,82.00,0.24
390000,36.75,203.06,0.04,2031.00,82.00,0.24
390500,36.81,203.09,0.04,2031.20,82.00,0.25
391000,36.81,202.25,0.04,2022.50,82.00,0.24
391500,36.81,201.89,0.04,2021.20,82.00,0.24
392000,36.81,202.81,0.04,2024.70,82.00,0.24
392500,36.81,202.14,0.04,2020.60,72.00,0.24
393000,36.88,202.15,0.04,2021.50,82.00,0.24
393500,36.88,206.30,0.04,2063.00,92.00,0.25
394000,36.88,206.46,0.04,2064.60,82.00,0.25
394500,36.88,206.59,0.04,2065.80,82.00,0.25
395000,36.88,206.70,0.04,2067.10,82.00,0.25
395500,36.88,206.78,0.04,2067.80,92.00,0.25
396000,36.88,206.86,0.04,2068.20,82.00,0.25
396500,36.88,206.88,0.04,2068.30,92.00,0.25
397000,36.88,206.92,0.04,2069.20,82.00,0.25
397500,36.94,206.95,0.04,2069.30,92.00,0.25
398000,36.94,206.95,0.04,2069.50,92.00,0.25
398500,37.00,206.95,0.04,2069.80,92.00,0.25
399000,36.94,206.97,0.04,2069.70,82.00,0.25
399500,37.00,207.03,0.04,2070.10,82.00,0.25
400000,37.00,206.99,0.04,2070.20,92.00,0.25
400500,37.00,207.05,0.04,2070.40,92.00,0.25
401000,37.00,207.08,0.04,2070.90,82.00,0.25
401500,37.06,207.11,0.04,2071.30,82.00,0.25
402000,37.06,207.18,0.04,2071.30,92.00,0.25
402500,37.06,207.17,0.04,2072.00,82.00,0.25
403000,37.06,207.21,0.04,2071.90,82.00,0.25
403500,37.06,207.21,0.04,2072.40,92.00,0.25
404000,37.06,207.24,0.04,2072.40,92.00,0.25
404500,37.06,207.23,0.04,2072.30,92.00,0.25
405000,37.06,207.26,0.04,2072.30,82.00,0.25
405500,37.06,207.28,0.04,2073.10,92.00,0.25
406000,37.13,207.32,0.04,2073.40,92.00,0.25
406500,37.13,207.34,0.04,2073.70,92.00,0.25
407000,37.13,207.41,0.04,2074.00,82.00,0.25
407500,37.19,207.48,0.04,2074.70,92.00,0.25
408000,37.19,207.49,0.04,2074.90,82.00,0.25
408500,37.19,207.53,0.04,2075.60,82.00,0.25
409000,37.19,207.61,0.04,2075.70,92.00,0.25
409500,37.19,207.58,0.04,2076.30,92.00,0.25
410000,37.19,207.64,0.04,2076.60,92.00,0.25
410500,37.25,207.70,0.04,2076.70,82.00,0.25
411000,37.25,207.72,0.04,2077.30,82.00,0.25
411500,37.25,207.81,0.04,2078.10,92.00,0.25
412000,37.31,207.87,0.04,2078.60,82.00,0.25
412500,37.31,207.88,0.04,2079.20,92.00,0.25
413000,37.31,207.96,0.04,2080.10,82.00,0.25
413500,37.31,208.03,0.04,2080.70,92.00,0.25
414000,37.31,208.13,0.04,2081.10,92.00,0.25
414500,37.38,208.21,0.04,2082.10,82.00,0.25
415000,37.38,208.23,0.04,2082.50,92.00,0.25
415500,37.38,208.31,0.04,2083.20,92.00,0.25
416000,37.38,208.38,0.04,2083.10,92.00,0.25
416500,37.38,208.39,0.04,2083.80,92.00,0.25
417000,37.38,208.43,0.04,2084.50,92.00,0.25
417500,37.38,208.48,0.04,2085.10,92.00,0.25
418000,37.44,208.52,0.04,2085.20,92.00,0.25
418500,37.44,208.57,0.04,2086.10,92.00,0.25
419000,37.44,208.61,0.04,2086.60,92.00,0.25
419500,37.50,208.68,0.04,2086.60,92.00,0.25
420000,37.50,208.70,0.04,2087.00,82.00,0.25
420500,37.50,208.77,0.04,2087.40,92.00,0.25
421000,37.50,208.82,0.04,2088.00,92.00,0.25
421500,37.50,208.86,0.04,2088.30,92.00,0.25
422000,37.56,208.89,0.04,2088.90,82.00,0.25
422500,37.56,208.89,0.04,2089.40,92.00,0.25
423000,37.56,208.95,0.04,2089.40,92.00,0.25
423500,37.56,209.01,0.04,2090.10,92.00,0.25
424000,37.56,209.05,0.04,2090.80,102.00,0.25
424500,37.63,209.11,0.04,2091.30,92.00,0.25
425000,37.63,209.15,0.04,2091.70,92.00,0.25
425500,37.63,209.19,0.04,2092.30,86.00,0.25
426000,37.63,209.24,0.04,2092.60,92.00,0.25
426500,37.63,209.30,0.04,2093.10,86.00,0.25
427000,37.63,209.37,0.04,2093.60,92.00,0.25
427500,37.69,209.41,0.04,2094.10,92.00,0.25
428000,37.69,209.48,0.04,2094.60,92.00,0.25
428500,37.69,209.51,0.04,2095.30,92.00,0.25
429000,37.69,209.58,0.04,2095.60,92.00,0.25
429500,37.69,209.61,0.04,2096.30,92.00,0.25
430000,37.69,209.67,0.04,2097.00,92.00,0.25
430500,37.69,209.70,0.04,2097.20,92.00,0.25
431000,37.69,209.76,0.04,2097.50,92.00,0.25
431500,37.69,209.77,0.04,2098.10,86.00,0.25
432000,37.69,209.79,0.04,2097.70,92.00,0.25
432500,37.75,209.83,0.04,2098.40,92.00,0.25
433000,37.69,209.83,0.04,2098.50,92.00,0.25
433500,37.69,209.87,0.04,2098.40,92.00,0.25
434000,37.69,209.89,0.04,2098.70,92.00,0.25
434500,37.69,209.94,0.04,2099.00,92.00,0.25
435000,37.75,209.96,0.04,2099.50,102.00,0.25
435500,37.75,209.96,0.04,2099.70,92.00,0.25
436000,37.75,210.00,0.04,2100.10,92.00,0.25
436500,37.81,210.02,0.04,2100.80,92.00,0.25
437000,37.81,210.03,0.04,2100.50,92.00,0.25
437500,37.81,210.08,0.04,2100.90,92.00,0.25
438000,37.88,210.15,0.04,2101.70,92.00,0.25
438500,37.88,210.19,0.04,2101.40,92.00,0.25
439000,37.88,210.18,0.04,2101.50,92.00,0.25
439500,37.94,210.21,0.04,2101.90,92.00,0.25
440000,37.94,210.27,0.04,2102.30,92.00,0.25
440500,37.94,210.26,0.04,2102.40,92.00,0.25
441000,37.94,210.31,0.04,2103.10,92.00,0.25
441500,37.94,210.33,0.04,2103.30,86.00,0.25
442000,38.00,210.37,0.04,2103.50,92.00,0.25
442500,38.00,210.37,0.04,2103.70,92.00,0.25
443000,38.06,210.40,0.04,2104.20,92.00,0.25
443500,38.06,210.45,0.04,2104.60,102.00,0.25
444000,38.06,210.49,0.04,2105.10,92.00,0.25
444500,38.06,210.52,0.04,2105.20,92.00,0.25
445000,38.06,210.53,0.04,2105.70,92.00,0.25
445500,38.13,210.62,0.04,2105.70,92.00,0.25
446000,38.13,210.62,0.04,2105.70,92.00,0.25
446500,38.13,210.62,0.04,2106.00,92.00,0.25
447000,38.13,210.67,0.04,2106.20,92.00,0.25
447500,38.19,210.67,0.04,2106.80,86.00,0.25
448000,38.13,210.69,0.04,2107.20,92.00,0.25
448500,38.19,210.73,0.04,2107.20,92.00,0.25
449000,38.19,210.77,0.04,2107.60,92.00,0.25
449500,38.19,210.79,0.04,2108.00,92.00,0.25
450000,38.25,210.83,0.04,2108.30,92.00,0.25
450500,38.25,210.87,0.04,2108.70,86.00,0.25
451000,38.25,210.87,0.04,2108.90,92.00,0.25
451500,38.31,210.94,0.04,2109.20,92.00,0.25
452000,38.31,210.94,0.04,2109.30,92.00,0.25
452500,38.31,210.99,0.04,2109.50,92.00,0.25
453000,38.38,211.00,0.04,2110.10,92.00,0.25
453500,38.38,211.01,0.04,2109.90,92.00,0.26
454000,38.38,211.05,0.04,2110.50,92.00,0.26
454500,38.44,211.01,0.05,2110.50,92.00,0.26
455000,38.44,211.09,0.04,2110.50,86.00,0.26
455500,38.44,211.11,0.04,2111.00,92.00,0.26
456000,38.44,211.13,0.04,2111.70,92.00,0.26
456500,38.50,211.15,0.04,2111.50,92.00,0.26
457000,38.50,211.18,0.04,2111.90,92.00,0.26
457500,38.50,211.18,0.04,2111.90,92.00,0.26
458000,38.56,211.22,0.04,2112.10,92.00,0.26
458500,38.56,211.23,0.04,2112.40,92.00,0.26
459000,38.56,211.25,0.04,2112.50,92.00,0.26
459500,38.56,211.28,0.04,2112.90,92.00,0.26
460000,38.56,211.30,0.04,2113.00,92.00,0.26
460500,38.63,211.29,0.04,2113.20,92.00,0.26
461000,38.63,211.33,0.04,2113.20,102.00,0.26
461500,38.63,211.35,0.05,2114.10,92.00,0.26
462000,38.69,211.42,0.04,2113.70,86.00,0.25
462500,38.69,211.39,0.04,2113.90,92.00,0.26
463000,38.69,211.46,0.04,2114.50,102.00,0.26
463500,38.69,211.50,0.04,2114.50,92.00,0.25
464000,38.69,211.51,0.04,2114.70,92.00,0.26
464500,38.75,211.52,0.04,2115.40,92.00,0.26
465000,38.75,211.51,0.05,2114.90,92.00,0.26
465500,38.75,211.55,0.04,2115.50,92.00,0.26
466000,38.75,211.61,0.04,2115.60,92.00,0.26
466500,38.81,211.65,0.04,2116.20,92.00,0.26
467000,38.81,211.66,0.04,2116.30,102.00,0.26
467500,38.88,211.66,0.04,2116.20,92.00,0.26
468000,38.88,211.65,0.04,2116.70,92.00,0.26
468500,38.88,211.67,0.04,2117.00,102.00,0.26
469000,38.94,211.73,0.04,2117.40,86.00,0.26
469500,38.94,211.75,0.04,2117.20,92.00,0.26
470000,38.94,211.80,0.04,2117.80,92.00,0.26
470500,38.88,211.85,0.04,2118.10,102.00,0.26
471000,38.88,211.83,0.04,2118.20,86.00,0.26
471500,38.88,211.86,0.04,2118.20,92.00,0.25
472000,38.94,211.90,0.04,2118.50,92.00,0.26
472500,38.94,211.91,0.04,2118.60,102.00,0.26
473000,38.94,211.87,0.04,2119.30,92.00,0.26
473500,38.94,211.88,0.04,2118.90,92.00,0.26
474000,38.94,211.95,0.04,2119.20,102.00,0.26
474500,38.94,211.92,0.04,2119.50,92.00,0.26
475000,38.94,211.88,0.05,2119.30,92.00,0.26
475500,38.94,211.92,0.04,2119.70,92.00,0.26
476000,39.00,211.96,0.04,2119.20,92.00,0.26
476500,39.00,211.95,0.04,2119.70,92.00,0.26
477000,39.06,211.95,0.04,2119.80,92.00,0.26
477500,39.06,211.98,0.04,2120.10,92.00,0.26
478000,39.13,211.97,0.05,2119.70,92.00,0.26
478500,39.13,212.02,0.04,2120.30,92.00,0.26
479000,39.13,212.03,0.04,2120.10,102.00,0.26
479500,39.13,212.06,0.04,2120.80,102.00,0.26
480000,39.13,212.09,0.04,2120.40,86.00,0.26
480500,39.13,212.07,0.05,2120.90,92.00,0.26
481000,39.13,212.15,0.04,2121.10,92.00,0.26
481500,39.13,212.12,0.04,2121.50,92.00,0.26
482000,39.13,212.18,0.05,2121.80,102.00,0.26
482500,39.13,212.20,0.04,2122.00,92.00,0.26
483000,39.13,212.23,0.04,2122.50,96.00,0.26
483500,39.13,212.25,0.04,2122.60,96.00,0.26
484000,39.19,212.28,0.04,2123.10,96.00,0.26
484500,39.19,212.30,0.05,2123.80,102.00,0.26
485000,39.19,212.36,0.04,2123.80,96.00,0.26
485500,39.19,212.40,0.04,2124.20,96.00,0.26
486000,39.25,212.43,0.05,2124.10,102.00,0.26
486500,39.25,212.46,0.04,2124.80,96.00,0.26
487000,39.25,212.47,0.05,2124.60,96.00,0.26
487500,39.19,212.48,0.05,2125.30,96.00,0.26
488000,39.19,212.55,0.04,2125.30,96.00,0.26
488500,39.19,212.60,0.04,2125.90,96.00,0.26
489000,39.25,212.63,0.04,2126.40,86.00,0.26
489500,39.25,212.68,0.04,2126.30,102.00,0.26
490000,39.25,212.74,0.05,2127.20,96.00,0.26
490500,39.25,212.77,0.04,2127.70,96.00,0.26
491000,39.25,212.82,0.04,2128.30,96.00,0.26
491500,39.31,212.88,0.05,2128.60,96.00,0.26
492000,39.25,212.86,0.04,2128.70,96.00,0.26
492500,39.31,212.90,0.04,2129.10,96.00,0.26
493000,39.31,212.91,0.04,2129.70,96.00,0.26
493500,39.31,212.96,0.04,2129.40,96.00,0.26
494000,39.31,212.97,0.04,2130.30,86.00,0.26
494500,39.31,212.99,0.04,2130.10,102.00,0.26
495000,39.31,213.00,0.04,2130.20,102.00,0.26
495500,39.31,213.07,0.04,2130.00,96.00,0.26
496000,39.31,213.04,0.04,2130.30,96.00,0.26
496500,39.38,213.10,0.04,2131.00,96.00,0.26
497000,39.38,213.07,0.05,2131.00,96.00,0.26
497500,39.38,213.15,0.04,2131.10,96.00,0.26
498000,39.38,213.14,0.04,2131.40,96.00,0.26
498500,39.38,213.18,0.04,2131.60,96.00,0.26
499000,39.44,213.22,0.04,2131.90,96.00,0.26
499500,39.44,213.19,0.04,2132.30,96.00,0.26
500000,39.44,213.22,0.04,2132.50,102.00,0.26
500500,39.44,213.25,0.04,2132.90,96.00,0.26
501000,39.44,213.27,0.05,2132.80,102.00,0.26
501500,39.50,213.28,0.04,2132.80,96.00,0.26
502000,39.50,213.29,0.04,2133.10,96.00,0.26
502500,39.50,213.35,0.04,2133.20,96.00,0.26
503000,39.50,213.35,0.04,2134.00,96.00,0.26
503500,39.50,213.40,0.04,2134.00,102.00,0.26
504000,39.56,213.38,0.04,2134.10,102.00,0.26
504500,39.56,213.46,0.05,2134.20,96.00,0.26
505000,39.56,213.43,0.04,2134.70,96.00,0.26
505500,39.56,213.46,0.05,2134.70,102.00,0.26
506000,39.56,213.51,0.05,2135.10,96.00,0.26
506500,39.63,213.51,0.04,2135.60,96.00,0.26
507000,39.63,213.58,0.04,2135.90,102.00,0.26
507500,39.69,213.57,0.04,2135.70,102.00,0.26
508000,39.69,213.61,0.04,2135.60,96.00,0.26
508500,39.69,213.65,0.04,2136.30,96.00,0.26
509000,39.75,213.68,0.04,2136.30,96.00,0.26
509500,39.75,213.69,0.05,2136.60,96.00,0.26
510000,39.75,213.71,0.04,2137.10,96.00,0.26
510500,39.75,213.73,0.05,2137.40,96.00,0.26
511000,39.75,213.78,0.04,2137.60,102.00,0.26
511500,39.81,213.79,0.04,2138.00,96.00,0.26
512000,39.81,213.81,0.05,2138.40,102.00,0.26
512500,39.81,213.90,0.04,2138.50,102.00,0.26
513000,39.81,213.86,0.05,2138.90,96.00,0.26
513500,39.81,213.94,0.05,2139.30,96.00,0.26
514000,39.81,213.97,0.04,2139.70,102.00,0.26
514500,39.81,213.99,0.04,2139.90,96.00,0.26
515000,39.88,214.04,0.04,2140.20,96.00,0.26
515500,39.88,214.04,0.04,2140.50,102.00,0.26
516000,39.88,214.06,0.05,2140.60,96.00,0.26
516500,39.88,214.14,0.04,2140.80,96.00,0.26
517000,39.88,214.16,0.04,2141.60,96.00,0.26
517500,39.94,214.14,0.05,2141.90,96.00,0.26
518000,39.88,214.19,0.04,2142.20,96.00,0.26
518500,39.94,214.20,0.04,2142.20,102.00,0.26
519000,39.94,214.19,0.04,2142.50,96.00,0.26
519500,39.94,214.21,0.04,2142.40,102.00,0.26
520000,40.00,214.24,0.04,2142.70,102.00,0.26
520500,40.00,214.26,0.04,2142.40,102.00,0.26
521000,40.00,214.25,0.04,2142.80,102.00,0.26
521500,40.00,214.29,0.04,2143.10,96.00,0.26
522000,40.00,214.31,0.05,2142.80,96.00,0.26
522500,40.00,214.34,0.04,2143.10,96.00,0.26
523000,40.06,214.32,0.04,2142.50,102.00,0.26
523500,40.06,214.31,0.04,2143.30,96.00,0.26
524000,40.13,214.30,0.04,2143.60,102.00,0.26
524500,40.13,214.33,0.04,2143.30,102.00,0.26
525000,40.13,214.36,0.04,2144.20,96.00,0.26
525500,40.19,214.31,0.05,2143.80,96.00,0.26
526000,40.19,214.37,0.04,2143.70,102.00,0.26
526500,40.19,214.41,0.04,2143.50,102.00,0.26
527000,40.19,214.40,0.05,2144.20,96.00,0.26
527500,40.19,214.40,0.04,2144.20,96.00,0.26
528000,40.19,214.42,0.05,2143.90,102.00,0.26
528500,40.19,214.42,0.05,2144.20,102.00,0.26
529000,40.19,214.44,0.05,2144.50,102.00,0.26
529500,40.19,214.45,0.05,2144.50,96.00,0.26
530000,40.25,214.46,0.05,2144.40,102.00,0.26
530500,40.25,214.44,0.04,2144.60,102.00,0.26
531000,40.25,214.45,0.04,2144.80,102.00,0.26
531500,40.31,214.46,0.04,2144.60,96.00,0.26
532000,40.31,214.47,0.04,2144.60,96.00,0.26
532500,40.31,214.47,0.05,2144.60,102.00,0.26
533000,40.31,214.52,0.04,2144.90,96.00,0.26
533500,40.38,214.48,0.05,2144.70,102.00,0.26
534000,40.38,214.48,0.04,2145.00,96.00,0.26
534500,40.38,214.50,0.04,2144.80,96.00,0.26
535000,40.44,214.46,0.04,2144.60,102.00,0.26
535500,40.44,214.50,0.05,2145.00,96.00,0.26
536000,40.44,214.49,0.05,2145.00,102.00,0.26
536500,40.50,214.51,0.04,2145.40,102.00,0.26
537000,40.50,214.52,0.04,2145.30,102.00,0.26
537500,40.56,214.54,0.05,2145.50,96.00,0.26
538000,40.56,214.52,0.05,2145.20,96.00,0.26
538500,40.56,214.54,0.04,2144.90,102.00,0.26
539000,40.56,214.49,0.04,2145.00,96.00,0.26
539500,40.56,214.54,0.04,2145.10,102.00,0.26
540000,40.63,214.54,0.05,2145.30,102.00,0.26
540500,40.63,214.52,0.04,2145.40,102.00,0.26
541000,40.63,214.57,0.04,2145.30,102.00,0.26
541500,40.63,214.56,0.05,2145.50,96.00,0.26
542000,40.63,214.60,0.04,2146.00,96.00,0.26
542500,40.63,214.62,0.04,2146.60,102.00,0.26
543000,40.69,214.67,0.04,2146.50,96.00,0.26
543500,40.69,214.65,0.04,2146.90,96.00,0.26
544000,40.69,214.68,0.04,2146.60,96.00,0.26
544500,40.69,214.68,0.05,2146.80,102.00,0.26
545000,40.75,214.71,0.04,2146.80,96.00,0.26
545500,40.75,214.72,0.04,2147.30,102.00,0.26
546000,40.75,214.73,0.04,2147.40,102.00,0.26
546500,40.81,214.75,0.05,2146.90,102.00,0.26
547000,40.81,214.69,0.04,2147.50,96.00,0.26
547500,40.81,214.76,0.04,2147.70,102.00,0.26
548000,40.88,214.78,0.05,2147.80,96.00,0.26
548500,40.88,214.80,0.05,2148.30,96.00,0.26
549000,40.88,214.80,0.04,2148.10,96.00,0.26
549500,40.88,214.83,0.04,2148.50,102.00,0.26
550000,40.88,214.81,0.04,2148.50,96.00,0.26
550500,40.88,214.85,0.05,2148.90,96.00,0.26
551000,40.88,214.90,0.05,2149.10,102.00,0.26
551500,40.88,214.90,0.04,2149.10,102.00,0.26
552000,40.94,214.91,0.05,2149.10,102.00,0.26
552500,40.94,214.95,0.04,2149.30,102.00,0.26
553000,40.94,215.01,0.05,2149.50,102.00,0.26
553500,41.00,215.00,0.05,2149.70,102.00,0.26
554000,41.00,215.04,0.05,2150.20,102.00,0.26
554500,41.00,215.06,0.05,2150.50,96.00,0.26
555000,41.06,215.11,0.04,2151.20,104.00,0.26
555500,41.00,215.14,0.04,2151.30,96.00,0.26
556000,41.06,215.14,0.05,2151.90,96.00,0.26
556500,41.06,215.21,0.04,2152.00,104.00,0.26
557000,41.06,215.26,0.04,2151.80,104.00,0.26
557500,41.06,215.28,0.05,2152.20,104.00,0.26
558000,41.13,215.29,0.05,2152.40,104.00,0.26
558500,41.13,215.29,0.05,2153.10,104.00,0.26
559000,41.13,215.31,0.04,2152.60,104.00,0.26
559500,41.19,215.36,0.04,2153.70,96.00,0.26
560000,41.19,215.38,0.05,2153.40,96.00,0.26
560500,41.19,215.40,0.04,2154.10,96.00,0.26
561000,41.25,215.41,0.04,2153.90,104.00,0.26
561500,41.25,215.43,0.05,2154.20,104.00,0.26
562000,41.31,215.45,0.04,2154.80,104.00,0.26
562500,41.25,215.49,0.05,2154.50,96.00,0.26
563000,41.31,215.51,0.05,2154.80,96.00,0.26
563500,41.31,215.54,0.05,2155.20,96.00,0.26
564000,41.31,215.56,0.05,2155.00,96.00,0.26
564500,41.31,215.58,0.04,2155.80,96.00,0.26
565000,41.31,215.59,0.04,2155.80,96.00,0.26
565500,41.38,215.57,0.05,2155.90,104.00,0.26
566000,41.38,215.60,0.05,2156.40,96.00,0.26
566500,41.38,215.64,0.05,2156.70,104.00,0.26
567000,41.38,215.65,0.05,2156.90,104.00,0.26
567500,41.38,215.64,0.05,2156.80,104.00,0.26
568000,41.44,215.67,0.04,2156.90,104.00,0.26
568500,41.38,215.72,0.04,2156.90,96.00,0.26
569000,41.38,215.74,0.05,2157.20,104.00,0.26
569500,41.38,215.74,0.05,2157.40,96.00,0.26
570000,41.38,215.78,0.05,2157.60,96.00,0.26
570500,41.38,215.80,0.04,2157.50,104.00,0.26
571000,41.31,215.76,0.05,2157.90,104.00,0.26
571500,41.31,215.81,0.04,2158.00,96.00,0.26
572000,41.38,215.85,0.04,2158.80,104.00,0.26
572500,41.31,215.84,0.04,2158.40,96.00,0.26
573000,41.38,215.86,0.04,2158.60,96.00,0.26
573500,41.38,215.88,0.05,2159.20,104.00,0.26
574000,41.38,215.93,0.05,2159.20,96.00,0.26
574500,41.38,215.93,0.05,2159.40,96.00,0.26
575000,41.38,215.94,0.04,2159.60,104.00,0.26
575500,41.44,216.00,0.05,2159.60,104.00,0.26
576000,41.44,215.99,0.05,2159.80,104.00,0.26
576500,41.50,216.00,0.04,2159.90,96.00,0.26
577000,41.50,216.01,0.05,2160.00,104.00,0.26
577500,41.50,216.00,0.05,2160.00,104.00,0.26
578000,41.50,215.99,0.05,2159.90,104.00,0.26
578500,41.50,216.00,0.05,2160.20,96.00,0.26
579000,41.50,216.00,0.04,2160.00,104.00,0.26
579500,41.50,215.95,0.04,2160.00,96.00,0.26
580000,41.50,216.04,0.04,2160.20,104.00,0.26
580500,41.50,216.05,0.04,2160.60,104.00,0.26
581000,41.50,216.05,0.04,2160.90,104.00,0.26
581500,41.50,216.13,0.04,2161.00,104.00,0.26
582000,41.50,216.10,0.04,2161.10,96.00,0.26
582500,41.44,216.14,0.05,2161.50,104.00,0.26
583000,41.50,216.16,0.05,2161.50,104.00,0.26
583500,41.50,216.16,0.05,2161.50,112.00,0.26
584000,41.50,216.20,0.05,2161.70,96.00,0.26
584500,41.56,216.20,0.05,2161.60,104.00,0.26
585000,41.56,216.20,0.05,2161.80,104.00,0.26
585500,41.63,216.19,0.04,2162.30,96.00,0.26
586000,41.63,216.22,0.04,2162.30,104.00,0.26
586500,41.63,216.23,0.05,2162.20,104.00,0.26
587000,41.69,216.29,0.05,2162.90,96.00,0.26
587500,41.69,216.28,0.05,2163.00,104.00,0.26
588000,41.69,216.31,0.05,2163.20,104.00,0.26
588500,41.63,216.32,0.05,2163.10,104.00,0.26
589000,41.63,216.36,0.04,2163.60,104.00,0.26
589500,41.63,216.38,0.05,2163.70,96.00,0.26
590000,41.63,216.37,0.04,2163.70,96.00,0.26
590500,41.63,216.41,0.04,2163.90,104.00,0.26
591000,41.63,216.39,0.05,2163.80,104.00,0.26
591500,41.69,216.43,0.05,2164.30,96.00,0.26
592000,41.69,216.45,0.04,2164.60,104.00,0.26
592500,41.69,216.45,0.04,2164.60,104.00,0.26
593000,41.75,216.45,0.04,2164.90,104.00,0.26
593500,41.69,216.51,0.05,2165.30,104.00,0.26
594000,41.75,216.50,0.05,2164.90,104.00,0.26
594500,41.75,216.49,0.05,2165.20,104.00,0.26
595000,41.81,216.52,0.05,2165.10,96.00,0.26
595500,41.81,216.50,0.05,2165.20,96.00,0.26
596000,41.81,216.55,0.04,2165.50,104.00,0.26
596500,41.81,216.56,0.04,2165.20,104.00,0.26
597000,41.81,216.60,0.05,2165.80,104.00,0.26
597500,41.88,216.56,0.05,2165.60,96.00,0.26
598000,41.88,216.57,0.04,2166.30,96.00,0.26
598500,41.88,216.62,0.05,2166.60,104.00,0.26
599000,41.94,216.62,0.05,2166.30,104.00,0.26
599500,41.94,216.66,0.04,2166.70,104.00,0.26
600000,42.00,216.67,0.05,2167.10,104.00,0.26
600500,42.00,216.72,0.04,2167.40,96.00,0.26
601000,42.06,216.73,0.04,2167.90,104.00,0.26
601500,42.06,-0.02,3.98,-0.10,0.00,3.98
602000,42.13,-0.02,3.98,-0.30,0.00,3.98
602500,42.13,-0.02,3.98,-0.10,4.00,3.98
603000,42.13,0.00,3.98,-0.10,0.00,3.98
603500,42.13,-0.02,3.98,-0.30,0.00,3.98
604000,42.13,-0.01,3.98,-0.20,0.00,3.98
604500,42.13,-0.02,3.98,-0.20,0.00,3.98
605000,42.13,0.00,3.98,0.00,0.00,3.98
605500,42.19,0.00,3.98,0.00,0.00,3.98
606000,42.19,-0.02,3.98,-0.10,0.00,3.98
606500,42.19,-0.01,3.98,-0.10,0.00,3.98
607000,42.19,-0.05,3.98,-0.20,0.00,3.98
607500,42.19,-0.01,3.98,-0.10,0.00,3.98
608000,42.19,-0.02,3.98,-0.30,0.00,3.98
608500,42.19,-0.02,3.98,-0.50,0.00,3.98
609000,42.25,-0.02,3.98,-0.20,0.00,3.98
609500,42.19,-0.02,3.98,-0.20,0.00,3.98
610000,42.25,-0.03,3.98,-0.40,0.00,3.98
610500,42.25,-0.04,3.98,-0.40,0.00,3.98
611000,42.25,-0.02,3.98,-0.10,0.00,3.98
611500,42.25,-0.01,3.98,-0.30,0.00,3.98
612000,42.25,-0.01,3.98,-0.30,0.00,3.98
612500,42.31,-0.02,3.98,0.10,0.00,3.98
613000,42.25,-0.03,3.98,-0.40,0.00,3.98
613500,42.25,-0.01,3.98,-0.40,4.00,3.98
614000,42.25,-0.01,3.98,-0.10,0.00,3.98
614500,42.25,-0.07,3.98,-0.20,0.00,3.98
615000,42.25,-0.02,3.98,-0.20,0.00,3.98
615500,42.25,-0.01,3.98,-0.20,0.00,3.98
616000,42.25,-0.03,3.98,0.00,0.00,3.98
616500,42.25,0.00,3.98,-0.10,0.00,3.98
617000,42.31,-0.05,3.98,-0.20,0.00,3.98
617500,42.31,-0.01,3.98,-0.10,4.00,3.98
618000,42.31,-0.01,3.98,-0.40,0.00,3.98
618500,42.38,-0.02,3.98,-0.10,0.00,3.98
619000,42.38,-0.04,3.98,-0.30,0.00,3.98
619500,42.38,-0.01,3.98,-0.10,0.00,3.98
620000,42.38,-0.01,3.98,-0.30,0.00,3.98
620500,42.44,0.00,3.98,-0.30,0.00,3.98
621000,42.44,-0.01,3.98,-0.30,0.00,3.98
621500,42.44,-0.05,3.98,0.00,0.00,3.98
622000,42.44,0.00,3.98,-0.10,0.00,3.98
622500,42.44,-0.03,3.98,-0.20,0.00,3.98
623000,42.44,-0.02,3.98,-0.20,0.00,3.98
623500,42.50,-0.01,3.98,-0.30,0.00,3.98
624000,42.44,-0.02,3.98,0.00,0.00,3.98
624500,42.44,0.00,3.98,-0.40,0.00,3.98
625000,42.44,-0.01,3.98,-0.30,0.00,3.98
625500,42.50,-0.02,3.98,-0.10,0.00,3.98
626000,42.50,-0.02,3.98,-0.30,0.00,3.98
626500,42.44,-0.01,3.98,-0.20,0.00,3.98
627000,42.44,0.00,3.98,-0.10,0.00,3.98
627500,42.44,-0.02,3.98,-0.20,0.00,3.98
628000,42.44,-0.02,3.98,-0.10,0.00,3.98
628500,42.50,-0.01,3.98,0.00,0.00,3.98
629000,42.44,-0.03,3.98,-0.20,0.00,3.98
629500,42.38,0.01,3.98,-0.10,0.00,3.98
630000,42.38,-0.01,3.98,-0.40,0.00,3.98
630500,42.38,-0.01,3.98,0.00,0.00,3.98
631000,42.44,-0.02,3.98,-0.30,0.00,3.98
631500,42.44,-0.01,3.98,0.00,0.00,3.98
632000,42.44,0.00,3.98,-0.20,0.00,3.98
632500,42.44,-0.02,3.98,-0.10,0.00,3.98
633000,42.44,-0.03,3.98,-0.20,0.00,3.98
633500,42.50,-0.03,3.98,-0.30,0.00,3.98
634000,42.44,-0.02,3.98,-0.20,0.00,3.98
634500,42.44,0.00,3.98,-0.30,0.00,3.98
635000,42.38,-0.02,3.98,-0.20,0.00,3.98
635500,42.38,-0.02,3.98,-0.30,0.00,3.98
636000,42.38,-0.04,3.98,-0.30,0.00,3.98
636500,42.38,-0.02,3.98,-0.20,0.00,3.98
637000,42.38,-0.02,3.98,-0.20,0.00,3.98
637500,42.38,-0.05,3.98,-0.20,0.00,3.98
638000,42.38,-0.02,3.98,-0.20,0.00,3.98
638500,42.38,-0.02,3.98,-0.10,0.00,3.98
639000,42.38,-0.03,3.98,-0.10,0.00,3.98
639500,42.38,-0.04,3.98,0.00,0.00,3.98
640000,42.38,-0.01,3.98,-0.30,0.00,3.98
640500,42.38,0.00,3.98,-0.30,0.00,3.98
641000,42.44,-0.02,3.98,-0.40,0.00,3.98
641500,42.44,-0.03,3.98,-0.10,0.00,3.98
642000,42.44,-0.03,3.98,-0.40,0.00,3.98
642500,42.38,-0.03,3.98,-0.20,0.00,3.98
643000,42.38,-0.01,3.98,-0.30,0.00,3.98
643500,42.44,-0.01,3.98,-0.20,0.00,3.98
644000,42.44,-0.03,3.98,0.00,0.00,3.98
644500,42.44,-0.01,3.98,-0.30,0.00,3.98
645000,42.44,0.00,3.98,-0.20,0.00,3.98
645500,42.44,-0.04,3.98,-0.10,0.00,3.98
646000,42.44,-0.03,3.98,-0.30,0.00,3.98
646500,42.38,-0.02,3.98,-0.20,0.00,3.98
647000,42.31,-0.01,3.98,-0.40,0.00,3.98
647500,42.31,-0.04,3.98,-0.30,0.00,3.98
648000,42.31,-0.03,3.98,0.10,0.00,3.98
648500,42.38,-0.03,3.98,-0.20,0.00,3.98
649000,42.38,-0.02,3.98,-0.10,0.00,3.98
649500,42.31,-0.02,3.98,-0.10,0.00,3.98
650000,42.31,0.01,3.98,-0.10,0.00,3.98
650500,42.31,-0.04,3.98,-0.50,4.00,3.98
651000,42.38,-0.05,3.98,-0.10,0.00,3.98
651500,42.31,-0.01,3.98,-0.30,0.00,3.98
652000,42.31,-0.01,3.98,-0.40,0.00,3.98
652500,42.31,-0.03,3.98,-0.20,0.00,3.98
653000,42.31,-0.01,3.98,-0.20,0.00,3.98
653500,42.38,-0.03,3.98,-0.30,0.00,3.98
654000,42.38,-0.02,3.98,-0.30,0.00,3.98
654500,42.38,0.00,3.98,-0.10,0.00,3.98
655000,42.38,0.00,3.98,0.00,0.00,3.98
655500,42.38,-0.03,3.98,-0.20,0.00,3.98
656000,42.38,0.00,3.98,-0.20,0.00,3.98
656500,42.38,-0.03,3.98,-0.30,0.00,3.98
657000,42.38,-0.03,3.98,-0.20,0.00,3.98
657500,42.38,-0.03,3.98,-0.30,0.00,3.98
658000,42.38,0.00,3.98,-0.10,0.00,3.98
658500,42.44,-0.02,3.98,-0.20,0.00,3.98
659000,42.44,-0.02,3.98,-0.20,0.00,3.98
659500,42.38,-0.02,3.98,-0.20,0.00,3.98
660000,42.38,-0.02,3.98,0.10,0.00,3.98
660500,42.38,-0.04,3.98,-0.30,0.00,3.98
661000,42.44,-0.01,3.98,-0.10,0.00,3.98
661500,42.38,-0.01,3.98,-0.20,0.00,3.98
662000,42.38,-0.02,3.98,-0.20,0.00,3.98
662500,42.38,-0.03,3.98,-0.20,0.00,3.98
663000,42.38,-0.02,3.98,-0.10,0.00,3.98
663500,42.44,-0.01,3.98,-0.20,0.00,3.98
664000,42.44,-0.02,3.98,-0.20,0.00,3.98
664500,42.44,-0.01,3.98,0.00,0.00,3.98
665000,42.44,-0.04,3.98,-0.50,0.00,3.98
665500,42.44,-0.02,3.98,-0.40,0.00,3.98
666000,42.50,-0.02,3.98,-0.30,0.00,3.98
666500,42.44,-0.01,3.98,-0.10,0.00,3.98
667000,42.44,-0.02,3.98,-0.10,0.00,3.98
667500,42.44,-0.02,3.98,-0.20,0.00,3.98
668000,42.44,0.00,3.98,-0.10,0.00,3.98
668500,42.44,-0.02,3.98,-0.30,0.00,3.98
669000,42.44,-0.03,3.98,-0.10,0.00,3.98
669500,42.44,-0.04,3.98,-0.10,0.00,3.98
670000,42.44,-0.02,3.98,-0.40,0.00,3.98
670500,42.44,0.00,3.98,0.00,0.00,3.98
671000,42.44,-0.01,3.98,-0.10,0.00,3.98
671500,42.44,-0.02,3.98,-0.20,0.00,3.98
672000,42.44,-0.02,3.98,-0.30,0.00,3.98
672500,42.44,-0.04,3.98,-0.10,0.00,3.98
673000,42.38,-0.02,3.98,-0.10,0.00,3.98
673500,42.38,-0.01,3.98,-0.50,0.00,3.98
674000,42.38,-0.02,3.98,0.00,0.00,3.98
674500,42.38,-0.02,3.98,-0.20,0.00,3.98
675000,42.38,-0.02,3.98,-0.30,0.00,3.98
675500,42.38,-0.03,3.98,-0.30,0.00,3.98
676000,42.44,0.00,3.98,-0.20,0.00,3.98
676500,42.38,0.01,3.98,-0.10,0.00,3.98
677000,42.38,-0.03,3.98,-0.30,0.00,3.98
677500,42.38,-0.03,3.98,-0.40,0.00,3.98
678000,42.38,0.01,3.98,-0.20,0.00,3.98
678500,42.38,0.00,3.98,0.00,0.00,3.98
679000,42.38,-0.04,3.98,-0.30,0.00,3.98
679500,42.31,-0.01,3.98,-0.30,0.00,3.98
680000,42.31,0.00,3.98,-0.20,0.00,3.98
680500,42.31,-0.01,3.98,-0.20,0.00,3.98
681000,42.38,-0.01,3.98,-0.30,0.00,3.98
681500,42.31,-0.01,3.98,-0.20,0.00,3.98
682000,42.31,-0.02,3.98,-0.10,0.00,3.98
682500,42.31,-0.02,3.98,-0.10,0.00,3.98
683000,42.25,-0.01,3.98,-0.30,0.00,3.98
683500,42.25,-0.04,3.98,-0.10,0.00,3.98
684000,42.19,-0.02,3.98,-0.30,0.00,3.98
684500,42.19,-0.02,3.98,-0.30,0.00,3.98
685000,42.19,-0.02,3.98,-0.30,0.00,3.98
685500,42.13,0.02,3.98,-0.20,0.00,3.98
686000,42.13,-0.03,3.98,-0.30,0.00,3.98
686500,42.06,-0.01,3.98,-0.30,0.00,3.98
687000,42.13,-0.02,3.98,-0.20,0.00,3.98
687500,42.13,-0.04,3.98,-0.20,0.00,3.98
688000,42.13,0.00,3.98,0.00,0.00,3.98
688500,42.19,-0.02,3.98,-0.30,0.00,3.98
689000,42.13,-0.01,3.98,-0.10,0.00,3.98
689500,42.13,-0.02,3.98,-0.20,0.00,3.98
690000,42.13,-0.01,3.98,-0.10,0.00,3.98
690500,42.13,0.02,3.98,-0.10,0.00,3.98
691000,42.13,-0.03,3.98,-0.30,0.00,3.98
691500,42.06,-0.02,3.98,-0.30,0.00,3.98
692000,42.00,-0.02,3.98,-0.20,0.00,3.98
692500,41.94,-0.01,3.98,-0.20,0.00,3.98
693000,41.94,-0.02,3.98,-0.40,0.00,3.98
693500,41.88,0.00,3.98,-0.50,4.00,3.98
694000,41.88,-0.01,3.98,-0.10,0.00,3.98
694500,41.88,-0.02,3.98,0.10,0.00,3.98
695000,41.81,-0.02,3.98,-0.30,0.00,3.98
695500,41.81,-0.03,3.98,-0.30,0.00,3.98
696000,41.75,-0.04,3.98,0.10,0.00,3.98
696500,41.81,-0.02,3.98,-0.30,0.00,3.98
697000,41.75,-0.03,3.98,-0.10,0.00,3.98
697500,41.75,-0.03,3.98,-0.30,0.00,3.98
698000,41.75,-0.05,3.98,-0.20,0.00,3.98
698500,41.69,-0.03,3.98,-0.40,0.00,3.98
699000,41.69,-0.02,3.98,-0.20,0.00,3.98
699500,41.69,-0.02,3.98,-0.20,0.00,3.98
700000,41.69,-0.02,3.98,-0.20,0.00,3.98
700500,41.69,0.00,3.98,-0.10,4.00,3.98
701000,41.69,-0.03,3.98,-0.20,0.00,3.98
701500,41.69,-0.01,3.98,-0.10,0.00,3.98
702000,41.69,0.00,3.98,-0.20,0.00,3.98
702500,41.69,-0.01,3.98,-0.30,0.00,3.98
703000,41.69,-0.02,3.98,-0.10,0.00,3.98
703500,41.69,0.00,3.98,-0.20,0.00,3.98
704000,41.69,-0.04,3.98,0.00,0.00,3.98
704500,41.69,-0.03,3.98,-0.20,0.00,3.98
705000,41.69,-0.02,3.98,-0.30,0.00,3.98
705500,41.69,-0.02,3.98,-0.30,0.00,3.98
706000,41.69,0.00,3.98,-0.20,0.00,3.98
706500,41.69,0.00,3.98,-0.30,0.00,3.98
707000,41.69,-0.03,3.98,-0.40,0.00,3.98
707500,41.69,-0.02,3.98,-0.30,0.00,3.98
708000,41.69,-0.02,3.98,-0.10,0.00,3.98
708500,41.69,-0.01,3.98,-0.20,0.00,3.98
709000,41.69,-0.03,3.98,-0.30,0.00,3.98
709500,41.69,-0.04,3.98,-0.30,0.00,3.98
710000,41.69,-0.04,3.98,-0.20,0.00,3.98
710500,41.69,-0.01,3.98,-0.30,0.00,3.98
711000,41.69,0.01,3.98,-0.20,0.00,3.98
711500,41.69,-0.02,3.98,-0.30,0.00,3.98
712000,41.63,-0.02,3.98,-0.30,0.00,3.98
712500,41.63,0.00,3.98,-0.40,0.00,3.98
713000,41.56,-0.01,3.98,-0.10,0.00,3.98
713500,41.50,-0.03,3.98,-0.10,0.00,3.98
714000,41.56,-0.05,3.98,-0.10,0.00,3.98
714500,41.50,-0.03,3.98,-0.10,0.00,3.98
715000,41.50,-0.03,3.98,-0.10,0.00,3.98
715500,41.50,-0.04,3.98,-0.30,0.00,3.98
716000,41.44,-0.02,3.98,-0.10,0.00,3.98
716500,41.50,-0.04,3.98,-0.20,0.00,3.98
717000,41.44,-0.01,3.98,-0.30,0.00,3.98
717500,41.44,-0.01,3.98,-0.10,0.00,3.98
718000,41.38,-0.04,3.98,-0.30,0.00,3.98
718500,41.31,-0.02,3.98,-0.20,0.00,3.98
719000,41.31,-0.04,3.98,-0.30,0.00,3.98
719500,41.31,-0.02,3.98,0.00,0.00,3.98
720000,41.31,-0.01,3.98,-0.30,0.00,3.98
720500,41.38,0.01,3.98,-0.30,0.00,3.98
721000,41.31,-0.02,3.98,-0.30,0.00,3.98
721500,41.31,-0.03,3.98,-0.20,0.00,3.98
722000,41.31,-0.03,3.98,-0.20,0.00,3.98
722500,41.31,-0.03,3.98,0.00,0.00,3.98
723000,41.25,-0.01,3.98,-0.20,0.00,3.98
723500,41.25,-0.03,3.98,-0.30,0.00,3.98
724000,41.19,-0.03,3.98,-0.10,0.00,3.98
724500,41.19,-0.02,3.98,-0.30,0.00,3.98
725000,41.13,-0.01,3.98,-0.20,0.00,3.98
725500,41.13,-0.03,3.98,-0.30,0.00,3.98
726000,41.06,-0.02,3.98,-0.30,0.00,3.98
726500,41.06,-0.02,3.98,-0.10,0.00,3.98
727000,41.06,-0.01,3.98,-0.10,0.00,3.98
727500,41.06,-0.01,3.98,-0.30,0.00,3.98
728000,41.06,-0.03,3.98,0.10,0.00,3.98
728500,41.06,-0.01,3.98,-0.20,0.00,3.98
729000,41.06,-0.02,3.98,-0.30,4.00,3.98
729500,41.13,-0.02,3.98,-0.20,0.00,3.98
730000,41.13,-0.01,3.98,-0.10,0.00,3.98
730500,41.06,-0.01,3.98,0.00,0.00,3.98
731000,41.06,-0.04,3.98,-0.20,0.00,3.98
731500,41.06,-0.01,3.98,-0.30,0.00,3.98
732000,41.06,-0.01,3.98,-0.40,0.00,3.98
732500,41.06,-0.02,3.98,-0.40,0.00,3.98
733000,41.06,-0.02,3.98,0.00,0.00,3.98
733500,41.06,-0.02,3.98,-0.30,0.00,3.98
734000,41.00,-0.03,3.98,0.00,0.00,3.98
734500,41.00,-0.04,3.98,0.10,0.00,3.98
735000,41.00,-0.03,3.98,-0.20,0.00,3.98
735500,41.06,-0.02,3.98,-0.20,0.00,3.98
736000,41.06,-0.01,3.98,-0.50,4.00,3.98
736500,41.06,-0.02,3.98,0.10,0.00,3.98
737000,41.06,-0.02,3.98,-0.10,0.00,3.98
737500,41.06,-0.04,3.98,-0.30,0.00,3.98
738000,41.06,-0.01,3.98,-0.20,0.00,3.98
738500,41.06,-0.01,3.98,-0.50,4.00,3.98
739000,41.00,-0.05,3.98,-0.30,0.00,3.98
739500,41.00,-0.02,3.98,0.00,0.00,3.98
740000,41.00,-0.01,3.98,0.00,0.00,3.98
740500,41.00,-0.03,3.98,0.10,0.00,3.98
741000,41.06,-0.03,3.98,0.00,0.00,3.98
741500,41.06,0.00,3.98,-0.40,0.00,3.98
742000,41.00,-0.02,3.98,-0.20,0.00,3.98
742500,41.00,-0.01,3.98,-0.30,0.00,3.98
743000,41.00,-0.02,3.98,0.00,0.00,3.98
743500,41.00,-0.03,3.98,-0.10,0.00,3.98
744000,41.00,-0.02,3.98,-0.30,0.00,3.98
744500,41.00,-0.01,3.98,-0.10,0.00,3.98
745000,41.00,-0.01,3.98,-0.10,0.00,3.98
745500,41.00,-0.04,3.98,-0.10,0.00,3.98
746000,41.00,-0.01,3.98,-0.10,0.00,3.98
746500,41.00,-0.01,3.98,-0.10,0.00,3.98
747000,41.00,-0.02,3.98,0.00,0.00,3.98
747500,41.00,0.00,3.98,0.00,0.00,3.98
748000,41.00,-0.02,3.98,-0.10,0.00,3.98
748500,41.00,-0.02,3.98,-0.30,0.00,3.98
749000,41.00,-0.01,3.98,-0.30,0.00,3.98
749500,41.00,-0.02,3.98,-0.20,0.00,3.98
750000,41.06,-0.01,3.98,-0.10,0.00,3.98
750500,41.00,-0.02,3.98,-0.10,0.00,3.98
751000,41.06,0.00,3.98,-0.20,0.00,3.98
751500,41.00,-0.01,3.98,-0.40,0.00,3.98
752000,41.00,0.00,3.98,-0.20,0.00,3.98
752500,41.00,-0.02,3.98,0.00,4.00,3.98
753000,41.00,-0.01,3.98,-0.30,0.00,3.98
753500,40.94,-0.04,3.98,-0.20,0.00,3.98
754000,40.94,-0.03,3.98,-0.10,0.00,3.98
754500,40.94,-0.04,3.98,-0.30,0.00,3.98
755000,40.94,-0.03,3.98,-0.30,0.00,3.98
755500,40.94,-0.05,3.98,-0.30,0.00,3.98
756000,40.88,-0.03,3.98,0.10,0.00,3.98
756500,40.88,-0.02,3.98,-0.30,0.00,3.98
757000,40.88,-0.01,3.98,-0.30,0.00,3.98
757500,40.88,-0.03,3.98,0.00,0.00,3.98
758000,40.88,-0.01,3.98,-0.40,0.00,3.98
758500,40.81,-0.02,3.98,-0.20,0.00,3.98
759000,40.81,-0.02,3.98,-0.20,0.00,3.98
759500,40.81,-0.01,3.98,-0.30,0.00,3.98
760000,40.81,-0.03,3.98,-0.30,0.00,3.98
760500,40.75,-0.01,3.98,-0.30,0.00,3.98
761000,40.81,0.00,3.98,-0.20,0.00,3.98
761500,40.81,-0.03,3.98,-0.30,0.00,3.98
762000,40.81,-0.01,3.98,-0.10,0.00,3.98
762500,40.81,0.00,3.98,-0.30,0.00,3.98
763000,40.81,-0.01,3.98,-0.30,0.00,3.98
763500,40.81,0.00,3.98,-0.20,0.00,3.98
764000,40.81,-0.03,3.98,-0.30,0.00,3.98
764500,40.81,0.00,3.98,-0.10,0.00,3.98
765000,40.75,-0.02,3.98,-0.40,0.00,3.98
765500,40.75,-0.01,3.98,0.10,0.00,3.98
766000,40.75,-0.01,3.98,-0.20,0.00,3.98
766500,40.75,-0.02,3.98,-0.30,0.00,3.98
767000,40.69,-0.02,3.98,-0.30,0.00,3.98
767500,40.69,-0.03,3.98,-0.40,0.00,3.98
768000,40.69,0.00,3.98,-0.40,0.00,3.98
768500,40.69,-0.01,3.98,0.20,0.00,3.98
769000,40.69,-0.01,3.98,-0.20,0.00,3.98
769500,40.69,-0.03,3.98,-0.30,0.00,3.98
770000,40.75,-0.02,3.98,-0.30,0.00,3.98
770500,40.69,-0.04,3.98,-0.10,0.00,3.98
771000,40.69,-0.04,3.98,-0.60,0.00,3.98
771500,40.69,-0.02,3.98,0.10,0.00,3.98
772000,40.63,-0.02,3.98,-0.10,0.00,3.98
772500,40.63,-0.02,3.98,-0.20,0.00,3.98
773000,40.63,-0.01,3.98,-0.30,0.00,3.98
773500,40.56,-0.02,3.98,-0.30,0.00,3.98
774000,40.63,0.00,3.98,-0.10,0.00,3.98
774500,40.56,-0.01,3.98,-0.20,0.00,3.98
775000,40.56,-0.03,3.98,-0.20,0.00,3.98
775500,40.50,0.00,3.98,-0.30,0.00,3.98
776000,40.50,0.00,3.98,-0.30,0.00,3.98
776500,40.44,-0.02,3.98,-0.30,0.00,3.98
777000,40.44,0.00,3.98,-0.20,0.00,3.98
777500,40.38,-0.02,3.98,-0.40,0.00,3.98
778000,40.38,-0.02,3.98,-0.20,0.00,3.98
778500,40.38,-0.02,3.98,-0.50,4.00,3.98
779000,40.31,-0.01,3.98,-0.10,0.00,3.98
779500,40.31,0.00,3.98,-0.30,0.00,3.98
780000,40.31,-0.03,3.98,-0.20,0.00,3.98
780500,40.25,-0.01,3.98,-0.20,0.00,3.98
781000,40.25,-0.02,3.98,0.00,0.00,3.98
781500,40.25,-0.01,3.98,-0.20,0.00,3.98
782000,40.25,0.00,3.98,-0.10,0.00,3.98
782500,40.25,-0.01,3.98,-0.30,0.00,3.98
783000,40.19,-0.02,3.98,-0.20,0.00,3.98
783500,40.13,-0.02,3.98,-0.20,0.00,3.98
784000,40.13,-0.01,3.98,-0.30,0.00,3.98
784500,40.13,-0.01,3.98,-0.30,0.00,3.98
785000,40.13,0.00,3.98,0.00,0.00,3.98
785500,40.13,-0.02,3.98,-0.30,0.00,3.98
786000,40.13,-0.01,3.98,0.00,0.00,3.98
786500,40.13,0.00,3.98,0.10,0.00,3.98
787000,40.06,-0.02,3.98,-0.40,0.00,3.98
787500,40.06,-0.04,3.98,0.00,0.00,3.98
788000,40.06,-0.01,3.98,-0.10,0.00,3.98
788500,40.00,-0.03,3.98,-0.30,0.00,3.98
789000,40.00,-0.02,3.98,-0.30,0.00,3.98
789500,40.00,-0.01,3.98,-0.20,0.00,3.98
790000,40.00,-0.02,3.98,-0.30,0.00,3.98
790500,39.94,-0.03,3.98,-0.10,0.00,3.98
791000,39.94,-0.02,3.98,-0.20,0.00,3.98
791500,39.94,-0.01,3.98,-0.20,0.00,3.98
792000,39.88,-0.01,3.98,-0.40,0.00,3.98
792500,39.94,-0.02,3.98,-0.20,0.00,3.98
793000,39.94,-0.02,3.98,-0.20,0.00,3.98
793500,39.88,-0.05,3.98,-0.20,0.00,3.98
794000,39.94,-0.03,3.98,-0.10,0.00,3.98
794500,39.94,-0.06,3.98,-0.10,0.00,3.98
795000,39.94,-0.02,3.98,-0.40,0.00,3.98
795500,39.94,-0.02,3.98,-0.30,0.00,3.98
796000,39.94,-0.04,3.98,-0.20,4.00,3.98
796500,39.94,-0.05,3.98,-0.30,0.00,3.98
797000,39.94,-0.04,3.98,-0.20,0.00,3.98
797500,39.94,-0.03,3.98,-0.10,0.00,3.98
798000,39.94,-0.02,3.98,-0.20,0.00,3.98
798500,39.94,-0.01,3.98,-0.20,0.00,3.98
799000,39.94,-0.04,3.98,-0.20,0.00,3.98
799500,39.94,-0.02,3.98,0.10,0.00,3.98
800000,39.94,-0.02,3.98,-0.20,0.00,3.98
800500,39.94,-0.01,3.98,-0.30,0.00,3.98
801000,39.94,-0.03,3.98,0.00,0.00,3.98
801500,39.88,-0.01,3.98,0.00,0.00,3.98
802000,39.88,-0.04,3.98,-0.30,0.00,3.98
802500,39.88,-0.01,3.98,-0.30,0.00,3.98
803000,39.88,-0.02,3.98,-0.20,0.00,3.98
803500,39.88,-0.03,3.98,-0.10,0.00,3.98
804000,39.88,-0.02,3.98,-0.30,0.00,3.98
804500,39.88,-0.02,3.98,0.00,0.00,3.98
805000,39.88,-0.04,3.98,-0.10,0.00,3.98
805500,39.88,-0.03,3.98,-0.10,0.00,3.98
806000,39.88,-0.01,3.98,-0.40,0.00,3.98
806500,39.81,-0.02,3.98,-0.50,0.00,3.98
807000,39.81,-0.01,3.98,-0.30,0.00,3.98
807500,39.81,-0.02,3.98,-0.20,0.00,3.98
808000,39.75,-0.04,3.98,-0.20,0.00,3.98
808500,39.75,-0.03,3.98,-0.20,0.00,3.98
809000,39.75,0.00,3.98,0.00,0.00,3.98
809500,39.75,-0.02,3.98,-0.30,0.00,3.98
810000,39.75,0.01,3.98,-0.30,4.00,3.98
810500,39.75,0.00,3.98,-0.20,0.00,3.98
811000,39.75,-0.02,3.98,-0.30,0.00,3.98
811500,39.75,-0.03,3.98,-0.10,0.00,3.98
812000,39.69,-0.01,3.98,-0.20,0.00,3.98
812500,39.69,-0.01,3.98,-0.20,0.00,3.98
813000,39.69,0.00,3.98,-0.40,0.00,3.98
813500,39.69,0.00,3.98,-0.20,0.00,3.98
814000,39.63,0.00,3.98,-0.20,0.00,3.98
814500,39.69,-0.01,3.98,-0.30,0.00,3.98
815000,39.63,-0.02,3.98,-0.10,0.00,3.98
815500,39.63,-0.01,3.98,-0.20,0.00,3.98
816000,39.63,-0.01,3.98,-0.20,0.00,3.98
816500,39.63,-0.02,3.98,-0.20,0.00,3.98
817000,39.63,-0.04,3.98,-0.20,0.00,3.98
817500,39.56,-0.03,3.98,-0.20,0.00,3.98
818000,39.50,-0.04,3.98,-0.10,0.00,3.98
818500,39.50,-0.03,3.98,-0.10,0.00,3.98
819000,39.50,-0.01,3.98,-0.20,0.00,3.98
819500,39.50,-0.03,3.98,-0.30,0.00,3.98
820000,39.44,-0.03,3.98,-0.30,0.00,3.98
820500,39.44,-0.04,3.98,-0.20,0.00,3.98
821000,39.44,-0.02,3.98,-0.20,0.00,3.98
821500,39.44,-0.01,3.98,-0.30,0.00,3.98
822000,39.44,-0.01,3.98,-0.10,0.00,3.98
822500,39.44,-0.02,3.98,-0.10,0.00,3.98
823000,39.44,-0.02,3.98,-0.10,0.00,3.98
823500,39.44,-0.01,3.98,-0.30,0.00,3.98
824000,39.44,-0.03,3.98,0.00,0.00,3.98
824500,39.44,-0.03,3.98,0.10,0.00,3.98
825000,39.44,-0.01,3.98,-0.20,0.00,3.98
825500,39.38,-0.02,3.98,-0.20,0.00,3.98
826000,39.38,-0.06,3.98,-0.40,0.00,3.98
826500,39.38,-0.01,3.98,0.10,0.00,3.98
827000,39.38,-0.01,3.98,-0.20,0.00,3.98
827500,39.38,-0.03,3.98,-0.30,0.00,3.98
828000,39.38,-0.04,3.98,-0.20,0.00,3.98
828500,39.38,-0.01,3.98,-0.30,0.00,3.98
829000,39.38,-0.02,3.98,-0.10,0.00,3.98
829500,39.31,-0.01,3.98,-0.40,0.00,3.98
830000,39.31,-0.01,3.98,-0.20,0.00,3.98
830500,39.31,-0.01,3.98,0.10,0.00,3.98
831000,39.31,0.00,3.98,-0.20,0.00,3.98
831500,39.25,-0.01,3.98,-0.20,0.00,3.98
832000,39.19,-0.01,3.98,-0.30,0.00,3.98
832500,39.19,0.01,3.98,0.00,0.00,3.98
833000,39.19,-0.01,3.98,-0.10,0.00,3.98
833500,39.13,-0.04,3.98,-0.20,4.00,3.98
834000,39.13,-0.01,3.98,-0.40,0.00,3.98
834500,39.06,0.00,3.98,-0.30,0.00,3.98
835000,39.06,-0.02,3.98,-0.40,0.00,3.98
835500,39.06,-0.01,3.98,-0.10,0.00,3.98
836000,39.06,-0.03,3.98,-0.30,0.00,3.98
836500,39.06,-0.03,3.98,-0.20,0.00,3.98
837000,39.06,-0.03,3.98,-0.20,0.00,3.98
837500,39.00,-0.04,3.98,-0.20,0.00,3.98
838000,39.00,-0.02,3.98,-0.10,0.00,3.98
838500,38.94,-0.02,3.98,-0.40,0.00,3.98
839000,38.94,-0.03,3.98,-0.40,0.00,3.98
839500,38.94,-0.02,3.98,-0.20,0.00,3.98
840000,38.88,-0.05,3.98,-0.20,0.00,3.98
840500,38.88,-0.02,3.98,0.00,0.00,3.98
841000,38.88,0.00,3.98,-0.20,0.00,3.98
841500,38.88,-0.02,3.98,-0.10,0.00,3.98
842000,38.88,0.01,3.98,-0.30,0.00,3.98
842500,38.88,0.00,3.98,-0.10,0.00,3.98
843000,38.88,-0.05,3.98,-0.30,0.00,3.98
843500,38.81,-0.01,3.98,0.00,0.00,3.98
844000,38.81,-0.01,3.98,-0.10,0.00,3.98
844500,38.81,-0.02,3.98,-0.20,0.00,3.98
845000,38.75,0.00,3.98,-0.10,0.00,3.98
845500,38.75,0.00,3.98,-0.30,0.00,3.98
846000,38.75,-0.02,3.98,-0.10,0.00,3.98
846500,38.75,-0.01,3.98,-0.30,0.00,3.98
847000,38.75,-0.04,3.97,-0.30,0.00,3.97
847500,38.75,-0.02,3.98,-0.20,0.00,3.98
848000,38.75,-0.03,3.98,-0.20,0.00,3.98
848500,38.75,-0.01,3.98,-0.30,0.00,3.98
849000,38.75,0.00,3.98,-0.20,0.00,3.98
849500,38.75,-0.02,3.98,-0.30,0.00,3.98
850000,38.75,-0.02,3.98,-0.30,0.00,3.98
850500,38.75,-0.04,3.98,-0.30,0.00,3.98
851000,38.75,-0.03,3.98,-0.30,0.00,3.98
851500,38.75,0.00,3.98,-0.20,0.00,3.98
852000,38.69,-0.02,3.98,-0.30,0.00,3.98
852500,38.75,-0.03,3.98,-0.20,0.00,3.98
853000,38.75,-0.01,3.98,-0.20,0.00,3.98
853500,38.69,-0.02,3.98,-0.40,0.00,3.98
854000,38.69,-0.03,3.98,-0.30,0.00,3.98
854500,38.69,-0.03,3.98,0.00,0.00,3.98
855000,38.69,-0.03,3.98,-0.20,0.00,3.98
855500,38.69,-0.01,3.98,-0.20,0.00,3.98
856000,38.69,-0.02,3.98,-0.10,0.00,3.98
856500,38.69,-0.02,3.98,-0.10,0.00,3.98
857000,38.69,-0.01,3.98,-0.10,0.00,3.98
857500,38.63,0.01,3.98,-0.30,0.00,3.98
858000,38.63,-0.02,3.98,-0.10,0.00,3.98
858500,38.63,-0.02,3.98,0.00,0.00,3.98
859000,38.63,-0.04,3.98,0.00,0.00,3.98
859500,38.63,-0.01,3.98,-0.20,0.00,3.98
860000,38.63,-0.04,3.98,-0.20,0.00,3.98
860500,38.69,-0.03,3.98,-0.20,4.00,3.98
861000,38.63,-0.01,3.98,-0.10,0.00,3.98
861500,38.63,-0.02,3.98,-0.30,0.00,3.98
862000,38.63,0.00,3.98,-0.10,0.00,3.98
862500,38.69,-0.02,3.98,-0.10,0.00,3.98
863000,38.69,-0.02,3.98,-0.20,0.00,3.98
863500,38.69,-0.02,3.98,-0.30,0.00,3.98
864000,38.69,-0.03,3.98,-0.20,0.00,3.98
864500,38.69,-0.02,3.98,-0.20,0.00,3.98
865000,38.69,0.00,3.98,-0.60,4.00,3.98
865500,38.69,-0.02,3.98,-0.40,0.00,3.98
866000,38.69,-0.03,3.98,-0.30,0.00,3.98
866500,38.69,-0.04,3.98,-0.10,0.00,3.98
867000,38.63,0.00,3.98,-0.10,0.00,3.98
867500,38.69,-0.03,3.98,-0.20,0.00,3.98
868000,38.63,-0.04,3.98,-0.10,0.00,3.98
868500,38.63,-0.03,3.98,-0.20,0.00,3.98
869000,38.63,-0.03,3.98,-0.30,0.00,3.98
869500,38.63,-0.01,3.98,-0.40,0.00,3.98
870000,38.63,-0.03,3.98,-0.10,0.00,3.98
870500,38.63,-0.02,3.98,-0.20,0.00,3.98
871000,38.63,-0.01,3.98,-0.10,0.00,3.98
871500,38.63,-0.03,3.98,-0.20,0.00,3.98
872000,38.63,-0.01,3.98,-0.10,0.00,3.98
872500,38.63,-0.02,3.98,-0.20,0.00,3.98
873000,38.56,-0.01,3.98,-0.20,0.00,3.98
873500,38.56,-0.02,3.98,0.00,0.00,3.98
874000,38.56,-0.02,3.98,-0.40,0.00,3.98
874500,38.56,-0.01,3.98,-0.10,0.00,3.98
875000,38.63,-0.03,3.98,-0.20,0.00,3.98
875500,38.56,-0.05,3.98,-0.20,0.00,3.98
876000,38.56,-0.02,3.98,-0.10,0.00,3.98
876500,38.63,-0.01,3.98,-0.10,0.00,3.98
877000,38.56,-0.01,3.98,-0.20,0.00,3.98
877500,38.56,-0.03,3.98,-0.10,0.00,3.98
878000,38.56,-0.04,3.98,-0.10,0.00,3.98
878500,38.63,0.00,3.98,-0.20,0.00,3.98
879000,38.56,-0.02,3.98,-0.10,0.00,3.98
879500,38.56,-0.01,3.98,-0.40,0.00,3.98
880000,38.56,0.00,3.98,-0.30,0.00,3.98
880500,38.50,-0.04,3.98,-0.20,0.00,3.98
881000,38.50,-0.03,3.98,0.00,0.00,3.98
881500,38.50,-0.03,3.98,-0.30,0.00,3.98
882000,38.56,-0.01,3.98,-0.30,0.00,3.98
882500,38.50,0.01,3.98,-0.20,0.00,3.98
883000,38.50,-0.01,3.98,-0.20,0.00,3.98
883500,38.44,0.00,3.98,-0.30,0.00,3.98
884000,38.44,-0.04,3.98,-0.20,0.00,3.98
884500,38.38,-0.03,3.98,-0.10,0.00,3.98
885000,38.38,0.00,3.98,-0.20,0.00,3.98
885500,38.38,-0.03,3.98,-0.20,0.00,3.98
886000,38.38,0.00,3.98,-0.40,0.00,3.98
886500,38.38,-0.03,3.98,-0.20,0.00,3.98
887000,38.38,-0.02,3.98,-0.30,0.00,3.98
887500,38.31,-0.01,3.98,0.10,0.00,3.98
888000,38.31,-0.02,3.98,-0.10,0.00,3.98
888500,38.31,-0.01,3.98,-0.20,0.00,3.98
889000,38.31,-0.01,3.98,0.00,0.00,3.98
889500,38.31,-0.02,3.98,-0.10,0.00,3.98
890000,38.31,-0.04,3.98,-0.30,0.00,3.98
890500,38.25,-0.02,3.98,-0.30,0.00,3.98
891000,38.25,-0.02,3.98,-0.20,0.00,3.98
891500,38.25,-0.01,3.98,-0.20,0.00,3.98
892000,38.19,-0.03,3.98,-0.40,0.00,3.98
892500,38.19,-0.02,3.98,-0.20,0.00,3.98
893000,38.13,-0.01,3.98,-0.40,0.00,3.98
893500,38.19,-0.04,3.98,-0.30,0.00,3.98
894000,38.19,-0.01,3.98,-0.20,0.00,3.98
894500,38.13,-0.03,3.98,-0.20,0.00,3.98
895000,38.13,-0.02,3.98,-0.10,0.00,3.98
895500,38.13,-0.02,3.98,-0.10,0.00,3.98
896000,38.06,-0.02,3.98,-0.10,0.00,3.98
896500,38.06,-0.03,3.98,-0.40,0.00,3.98
897000,38.06,-0.01,3.98,-0.40,0.00,3.98
897500,38.06,-0.01,3.98,-0.10,0.00,3.98
898000,38.00,0.00,3.98,0.00,0.00,3.98
898500,38.00,-0.01,3.98,-0.10,0.00,3.98
899000,38.00,-0.04,3.98,-0.30,0.00,3.98
899500,38.00,-0.02,3.98,-0.50,4.00,3.98
900000,38.00,-0.01,3.98,-0.10,0.00,3.98
900500,38.00,-0.01,3.98,-0.10,0.00,3.98
901000,38.00,-0.03,3.98,-0.20,0.00,3.98
901500,37.94,-0.02,3.98,-0.40,0.00,3.98
902000,37.94,177.57,0.03,1775.00,56.00,0.21
902500,37.94,177.32,0.03,1768.80,56.00,0.21
903000,37.94,173.42,0.03,1732.60,56.00,0.20
903500,37.94,176.52,0.03,1764.10,56.00,0.21
904000,37.94,182.41,0.03,1822.80,66.00,0.21
904500,37.88,180.25,0.03,1801.80,58.00,0.21
905000,37.88,177.85,0.03,1778.70,56.00,0.21
905500,37.81,174.01,0.03,1736.60,50.00,0.20
906000,37.81,175.46,0.03,1750.20,56.00,0.21
906500,37.81,173.84,0.03,1735.70,50.00,0.20
907000,37.75,177.70,0.03,1777.80,56.00,0.21
907500,37.75,178.68,0.03,1785.60,56.00,0.21
908000,37.75,183.74,0.04,1836.50,58.00,0.22
908500,37.75,183.61,0.04,1831.80,58.00,0.22
909000,37.75,185.01,0.04,1847.90,66.00,0.22
909500,37.75,187.95,0.04,1880.00,76.00,0.22
910000,37.75,187.77,0.04,1878.00,68.00,0.22
910500,37.75,188.95,0.04,1890.00,68.00,0.22
911000,37.81,189.63,0.04,1895.80,68.00,0.23
911500,37.81,190.43,0.04,1904.60,68.00,0.23
912000,37.81,191.22,0.04,1912.20,68.00,0.23
912500,37.81,191.30,0.04,1912.90,76.00,0.23
913000,37.81,190.79,0.04,1908.40,76.00,0.23
913500,37.75,192.01,0.04,1920.00,68.00,0.23
914000,37.81,192.39,0.04,1923.90,68.00,0.23
914500,37.81,193.84,0.04,1938.10,68.00,0.23
915000,37.81,193.35,0.04,1933.10,68.00,0.23
915500,37.81,193.90,0.04,1938.60,68.00,0.23
916000,37.81,193.98,0.04,1939.70,78.00,0.23
916500,37.81,193.46,0.04,1934.10,68.00,0.23
917000,37.81,193.88,0.04,1939.00,68.00,0.23
917500,37.88,194.49,0.04,1945.10,68.00,0.23
918000,37.81,194.83,0.04,1948.60,68.00,0.23
918500,37.81,194.46,0.03,1944.50,68.00,0.23
919000,37.81,194.02,0.04,1940.30,68.00,0.23
919500,37.81,193.60,0.03,1935.40,68.00,0.23
920000,37.75,192.36,0.04,1923.40,68.00,0.23
920500,37.81,194.91,0.04,1948.60,68.00,0.23
921000,37.81,194.65,0.04,1946.60,68.00,0.23
921500,37.81,194.17,0.04,1942.50,68.00,0.23
922000,37.81,194.32,0.04,1942.90,78.00,0.23
922500,37.81,194.62,0.04,1946.10,68.00,0.23
923000,37.81,194.82,0.04,1946.80,68.00,0.23
923500,37.81,194.14,0.04,1941.40,68.00,0.23
924000,37.81,195.26,0.04,1953.00,68.00,0.23
924500,37.75,195.32,0.04,1953.90,68.00,0.23
925000,37.75,196.54,0.04,1966.00,72.00,0.24
925500,37.75,196.52,0.04,1965.20,72.00,0.23
926000,37.75,197.23,0.04,1972.60,78.00,0.23
926500,37.69,197.08,0.04,1970.20,78.00,0.23
927000,37.69,197.40,0.04,1973.90,72.00,0.24
927500,37.69,197.60,0.04,1975.80,78.00,0.23
928000,37.75,197.58,0.04,1976.10,72.00,0.23
928500,37.75,197.94,0.04,1979.40,78.00,0.23
929000,37.75,198.36,0.04,1983.70,72.00,0.23
929500,37.69,198.32,0.04,1983.80,78.00,0.23
930000,37.75,198.57,0.04,1985.10,72.00,0.24
930500,37.75,198.31,0.04,1984.50,78.00,0.24
931000,37.75,198.76,0.04,1986.90,72.00,0.23
931500,37.75,198.87,0.04,1989.20,72.00,0.24
932000,37.75,199.21,0.04,1992.50,72.00,0.24
932500,37.75,199.25,0.04,1993.50,78.00,0.24
933000,37.75,199.51,0.04,1996.10,72.00,0.24
933500,37.81,199.86,0.04,1998.30,78.00,0.24
934000,37.81,199.98,0.04,2000.00,72.00,0.24
934500,37.81,200.18,0.04,2001.40,78.00,0.24
935000,37.81,200.34,0.04,2003.70,72.00,0.24
935500,37.81,200.45,0.04,2005.00,78.00,0.24
936000,37.81,200.66,0.04,2006.20,72.00,0.24
936500,37.81,200.71,0.04,2007.10,72.00,0.24
937000,37.81,200.90,0.04,2009.30,82.00,0.24
937500,37.88,201.17,0.04,2011.70,82.00,0.24
938000,37.88,201.24,0.04,2011.80,72.00,0.24
938500,37.88,201.13,0.04,2013.20,82.00,0.24
939000,37.88,201.12,0.04,2010.80,72.00,0.24
939500,37.88,201.35,0.04,2012.70,72.00,0.24
940000,37.81,201.58,0.04,2016.20,82.00,0.24
940500,37.81,201.49,0.04,2015.00,82.00,0.24
941000,37.81,201.34,0.04,2012.90,72.00,0.24
941500,37.81,201.48,0.04,2014.80,82.00,0.24
942000,37.81,201.41,0.04,2014.00,82.00,0.25
942500,37.81,201.19,0.04,2011.50,82.00,0.24
943000,37.88,201.97,0.04,2020.30,82.00,0.24
943500,37.88,202.14,0.04,2022.50,82.00,0.24
944000,37.88,202.56,0.04,2026.00,82.00,0.24
944500,37.88,202.12,0.04,2021.10,82.00,0.24
945000,37.88,202.14,0.04,2022.60,82.00,0.24
945500,37.88,202.37,0.04,2024.40,82.00,0.24
946000,37.88,202.56,0.04,2025.60,72.00,0.24
946500,37.88,202.62,0.04,2025.80,82.00,0.24
947000,37.94,202.84,0.04,2027.70,82.00,0.24
947500,37.94,202.83,0.04,2028.40,82.00,0.24
948000,37.94,203.13,0.04,2030.70,82.00,0.24
948500,37.94,203.08,0.04,2030.60,82.00,0.24
949000,37.94,203.01,0.04,2030.30,82.00,0.24
949500,37.94,202.97,0.04,2029.70,82.00,0.24
950000,37.94,203.21,0.04,2032.30,82.00,0.24
950500,38.00,203.03,0.04,2030.30,82.00,0.24
951000,38.00,203.21,0.04,2032.10,82.00,0.24
951500,38.00,203.23,0.04,2032.90,82.00,0.24
952000,38.00,203.16,0.04,2032.20,88.00,0.24
952500,38.00,203.22,0.04,2032.10,82.00,0.25
953000,38.00,203.42,0.04,2033.90,82.00,0.24
953500,38.00,203.46,0.04,2034.40,72.00,0.24
954000,38.06,203.32,0.04,2033.30,82.00,0.24
954500,38.00,203.44,0.04,2034.40,82.00,0.24
955000,38.00,203.43,0.04,2034.00,82.00,0.24
955500,38.00,203.38,0.04,2033.90,82.00,0.24
956000,38.00,203.53,0.04,2035.40,72.00,0.24
956500,38.06,203.48,0.04,2035.10,82.00,0.24
957000,38.06,203.48,0.04,2034.70,82.00,0.24
957500,38.13,203.54,0.04,2035.00,82.00,0.25
958000,38.13,203.69,0.04,2036.70,72.00,0.24
958500,38.13,203.70,0.04,2037.10,72.00,0.24
959000,38.13,203.69,0.04,2037.10,82.00,0.24
959500,38.13,203.83,0.04,2037.80,82.00,0.24
960000,38.13,203.73,0.04,2037.00,82.00,0.24
960500,38.13,203.73,0.04,2036.70,82.00,0.24
961000,38.13,203.77,0.04,2037.80,82.00,0.25
961500,38.13,203.66,0.04,2037.00,82.00,0.24
962000,38.19,203.93,0.04,2038.70,82.00,0.24
962500,38.19,203.80,0.04,2038.00,82.00,0.24
963000,38.19,203.90,0.04,2039.10,82.00,0.24
963500,38.19,203.89,0.04,2038.90,82.00,0.24
964000,38.19,204.02,0.04,2040.00,88.00,0.24
964500,38.19,204.08,0.04,2041.10,82.00,0.24
965000,38.25,204.02,0.04,2040.40,88.00,0.24
965500,38.25,204.11,0.04,2040.70,82.00,0.25
966000,38.25,204.20,0.04,2042.50,72.00,0.24
966500,38.25,204.33,0.04,2042.90,88.00,0.24
967000,38.25,204.44,0.04,2044.30,82.00,0.24
967500,38.25,204.31,0.04,2043.00,82.00,0.24
968000,38.25,204.54,0.04,2044.80,82.00,0.24
968500,38.25,204.45,0.04,2044.60,82.00,0.24
969000,38.25,204.51,0.04,2045.30,82.00,0.24
969500,38.25,204.67,0.04,2046.70,82.00,0.24
970000,38.25,204.67,0.04,2046.70,82.00,0.24
970500,38.25,204.67,0.04,2046.50,82.00,0.24
971000,38.25,204.73,0.04,2047.30,82.00,0.24
971500,38.25,204.83,0.04,2048.30,82.00,0.24
972000,38.25,204.79,0.04,2047.70,82.00,0.24
972500,38.25,204.82,0.04,2047.90,82.00,0.24
973000,38.25,204.75,0.04,2047.60,82.00,0.24
973500,38.25,204.79,0.04,2048.40,82.00,0.24
974000,38.25,204.93,0.04,2049.50,82.00,0.24
974500,38.31,204.82,0.04,2048.30,82.00,0.25
975000,38.31,204.94,0.04,2048.80,82.00,0.24
975500,38.31,204.94,0.04,2049.10,82.00,0.24
976000,38.38,205.00,0.04,2049.30,82.00,0.24
976500,38.38,205.06,0.04,2050.30,82.00,0.25
977000,38.38,205.09,0.04,2050.70,82.00,0.25
977500,38.38,205.16,0.04,2051.70,82.00,0.25
978000,38.38,205.25,0.04,2052.70,82.00,0.25
978500,38.38,205.22,0.04,2051.70,92.00,0.25
979000,38.38,205.30,0.04,2053.60,82.00,0.25
979500,38.44,205.43,0.04,2054.30,92.00,0.25
980000,38.44,205.53,0.04,2055.50,76.00,0.25
980500,38.44,205.63,0.04,2055.90,82.00,0.25
981000,38.44,205.66,0.04,2056.00,82.00,0.25
981500,38.44,205.67,0.04,2056.70,82.00,0.25
982000,38.44,205.59,0.04,2055.70,82.00,0.25
982500,38.50,205.56,0.04,2054.80,82.00,0.25
983000,38.50,205.49,0.04,2055.00,76.00,0.25
983500,38.50,205.63,0.04,2056.10,82.00,0.25
984000,38.50,205.70,0.04,2057.20,82.00,0.25
984500,38.50,205.85,0.04,2058.00,82.00,0.25
985000,38.50,205.69,0.04,2057.20,82.00,0.25
985500,38.50,205.67,0.04,2057.10,82.00,0.25
986000,38.50,205.77,0.04,2058.20,82.00,0.25
986500,38.50,205.86,0.04,2058.30,82.00,0.25
987000,38.56,205.95,0.04,2059.20,92.00,0.25
987500,38.56,205.94,0.04,2059.50,82.00,0.25
988000,38.56,205.89,0.04,2058.90,82.00,0.25
988500,38.56,205.84,0.04,2059.00,82.00,0.25
989000,38.56,205.76,0.04,2058.00,82.00,0.25
989500,38.63,205.90,0.04,2059.60,82.00,0.25
990000,38.63,206.01,0.04,2060.40,82.00,0.25
990500,38.63,206.16,0.04,2061.70,82.00,0.25
991000,38.63,206.10,0.04,2060.60,92.00,0.25
991500,38.63,206.13,0.04,2060.90,82.00,0.25
992000,38.63,206.10,0.04,2061.00,82.00,0.25
992500,38.69,206.06,0.04,2060.50,82.00,0.25
993000,38.69,206.29,0.04,2063.10,76.00,0.25
993500,38.69,206.31,0.04,2063.40,82.00,0.25
994000,38.75,206.30,0.04,2062.70,82.00,0.25
994500,38.75,206.36,0.04,2063.50,92.00,0.25
995000,38.75,206.43,0.04,2064.10,82.00,0.25
995500,38.75,206.45,0.04,2064.50,82.00,0.25
996000,38.81,206.43,0.04,2064.50,82.00,0.25
996500,38.81,206.42,0.04,2064.80,82.00,0.25
997000,38.81,206.50,0.04,2064.80,82.00,0.25
997500,38.81,206.42,0.04,2064.40,82.00,0.25
998000,38.88,206.57,0.04,2065.60,82.00,0.25
998500,38.88,206.57,0.04,2066.00,82.00,0.25
999000,38.88,206.51,0.04,2065.00,82.00,0.25
999500,38.88,206.61,0.04,2065.80,82.00,0.25
1000000,38.88,206.65,0.04,2066.60,82.00,0.25
1000500,38.94,206.64,0.04,2065.70,92.00,0.25
1001000,38.88,206.55,0.04,2065.40,82.00,0.25
1001500,38.88,206.68,0.04,2066.80,82.00,0.25
1002000,38.88,206.59,0.04,2065.80,82.00,0.25
1002500,38.94,206.86,0.04,2068.40,82.00,0.25
1003000,39.00,206.82,0.04,2068.30,82.00,0.25
1003500,39.00,206.72,0.04,2067.10,82.00,0.25
1004000,39.00,206.72,0.04,2067.60,82.00,0.25
1004500,38.94,206.73,0.04,2067.20,92.00,0.25
1005000,38.94,206.82,0.04,2068.10,76.00,0.25
1005500,38.94,206.67,0.04,2066.90,82.00,0.25
1006000,38.94,206.79,0.04,2067.40,82.00,0.25
1006500,39.00,206.88,0.04,2068.60,82.00,0.25
1007000,39.00,206.63,0.04,2066.90,92.00,0.25
1007500,39.06,206.59,0.04,2066.50,92.00,0.25
1008000,39.06,206.78,0.04,2067.50,82.00,0.25
1008500,39.13,206.62,0.04,2066.80,92.00,0.25
1009000,39.13,206.69,0.04,2066.40,82.00,0.25
1009500,39.13,206.65,0.04,2066.50,92.00,0.25
1010000,39.19,206.84,0.04,2068.70,82.00,0.25
1010500,39.19,206.83,0.04,2068.10,82.00,0.25
1011000,39.19,206.96,0.04,2069.50,82.00,0.25
1011500,39.19,206.96,0.04,2069.70,82.00,0.25
1012000,39.19,207.09,0.04,2070.40,92.00,0.25
1012500,39.19,207.09,0.04,2070.80,82.00,0.25
1013000,39.25,207.16,0.04,2071.90,82.00,0.25
1013500,39.25,207.06,0.04,2070.30,92.00,0.24
1014000,39.31,207.09,0.04,2070.60,82.00,0.25
1014500,39.31,207.21,0.04,2072.00,82.00,0.25
1015000,39.31,207.19,0.04,2072.00,82.00,0.25
1015500,39.31,207.22,0.04,2072.30,92.00,0.25
1016000,39.38,207.05,0.04,2069.90,82.00,0.25
1016500,39.31,206.90,0.04,2069.30,82.00,0.25
1017000,39.38,206.97,0.04,2069.60,82.00,0.25
1017500,39.38,206.88,0.04,2069.30,82.00,0.25
1018000,39.38,207.05,0.04,2070.20,82.00,0.25
1018500,39.44,207.40,0.04,2074.10,82.00,0.25
1019000,39.44,207.28,0.04,2073.80,82.00,0.25
1019500,39.44,207.33,0.04,2072.40,82.00,0.25
1020000,39.44,206.94,0.04,2069.80,92.00,0.25
1020500,39.44,207.08,0.04,2071.30,82.00,0.25
1021000,39.44,206.76,0.04,2068.60,82.00,0.25
1021500,39.44,207.34,0.04,2073.90,92.00,0.25
1022000,39.50,207.33,0.04,2073.70,82.00,0.25
1022500,39.50,207.32,0.04,2073.80,92.00,0.25
1023000,39.50,207.42,0.04,2074.00,82.00,0.25
1023500,39.50,207.34,0.04,2074.90,82.00,0.25
1024000,39.50,207.36,0.04,2073.80,82.00,0.25
1024500,39.50,207.43,0.04,2074.30,92.00,0.25
1025000,39.50,207.42,0.04,2074.70,82.00,0.25
1025500,39.50,207.47,0.04,2074.50,82.00,0.25
1026000,39.50,207.45,0.04,2073.10,82.00,0.25
1026500,39.50,207.64,0.04,2076.00,82.00,0.25
1027000,39.56,207.55,0.04,2075.10,82.00,0.25
1027500,39.56,207.44,0.04,2073.70,82.00,0.25
1028000,39.56,207.28,0.04,2073.20,82.00,0.25
1028500,39.56,207.45,0.04,2074.50,82.00,0.25
1029000,39.63,207.40,0.04,2074.30,82.00,0.25
1029500,39.63,207.50,0.04,2074.90,82.00,0.25
1030000,39.63,207.37,0.04,2073.90,82.00,0.25
1030500,39.69,207.54,0.04,2074.70,82.00,0.25
1031000,39.69,207.59,0.04,2075.50,92.00,0.25
1031500,39.69,207.52,0.04,2074.60,82.00,0.25
1032000,39.69,207.65,0.04,2076.50,82.00,0.25
1032500,39.69,207.73,0.04,2077.10,82.00,0.25
1033000,39.75,207.79,0.04,2077.30,82.00,0.25
1033500,39.81,208.01,0.04,2080.10,82.00,0.25
1034000,39.81,208.03,0.04,2080.50,92.00,0.25
1034500,39.81,208.09,0.04,2080.80,92.00,0.25
1035000,39.81,208.09,0.04,2080.70,82.00,0.25
1035500,39.88,208.07,0.04,2080.70,92.00,0.25
1036000,39.88,208.16,0.04,2081.60,82.00,0.25
1036500,39.88,208.24,0.04,2081.70,82.00,0.25
1037000,39.94,208.36,0.04,2083.80,92.00,0.25
1037500,39.94,208.25,0.04,2082.50,92.00,0.25
1038000,39.94,208.30,0.04,2083.10,82.00,0.25
1038500,40.00,208.24,0.04,2081.70,82.00,0.25
1039000,40.00,208.27,0.04,2082.70,82.00,0.25
1039500,40.00,208.38,0.04,2084.90,82.00,0.25
1040000,40.00,208.34,0.04,2084.10,82.00,0.25
1040500,40.06,208.51,0.04,2083.60,82.00,0.25
1041000,40.06,208.60,0.04,2085.40,92.00,0.25
1041500,40.13,208.53,0.04,2084.90,82.00,0.25
1042000,40.13,208.51,0.04,2085.00,82.00,0.25
1042500,40.13,208.72,0.04,2085.30,82.00,0.25
1043000,40.13,208.57,0.04,2086.20,82.00,0.25
1043500,40.19,208.79,0.04,2088.80,82.00,0.25
1044000,40.19,208.72,0.04,2087.00,92.00,0.25
1044500,40.19,208.69,0.04,2087.20,82.00,0.25
1045000,40.19,208.78,0.04,2087.70,92.00,0.25
1045500,40.19,208.75,0.04,2087.60,82.00,0.25
1046000,40.19,208.69,0.04,2087.80,92.00,0.25
1046500,40.19,208.81,0.04,2087.70,92.00,0.25
1047000,40.19,208.76,0.04,2088.10,92.00,0.25
1047500,40.19,208.78,0.04,2087.90,82.00,0.25
1048000,40.19,208.67,0.04,2086.70,82.00,0.25
1048500,40.25,208.69,0.04,2086.40,82.00,0.25
1049000,40.25,208.81,0.04,2086.80,82.00,0.25
1049500,40.25,208.77,0.04,2087.70,92.00,0.25
1050000,40.31,208.83,0.04,2088.50,82.00,0.25
1050500,40.31,208.82,0.04,2088.30,82.00,0.25
1051000,40.25,208.85,0.04,2088.70,82.00,0.25
1051500,40.31,208.86,0.04,2088.50,82.00,0.25
1052000,40.31,208.90,0.04,2089.00,92.00,0.25
1052500,40.31,208.87,0.04,2089.10,92.00,0.25
1053000,40.31,209.00,0.04,2090.30,92.00,0.25
1053500,40.31,208.96,0.04,2089.50,92.00,0.25
1054000,40.31,209.01,0.04,2089.80,92.00,0.25
1054500,40.31,208.98,0.04,2089.90,92.00,0.25
1055000,40.38,208.91,0.04,2089.20,92.00,0.25
1055500,40.44,208.87,0.04,2088.80,82.00,0.25
1056000,40.44,208.92,0.04,2090.10,86.00,0.25
1056500,40.44,209.04,0.04,2090.50,86.00,0.25
1057000,40.44,209.03,0.04,2090.60,92.00,0.25
1057500,40.44,208.74,0.04,2087.30,92.00,0.25
1058000,40.50,208.73,0.04,2087.10,92.00,0.25
1058500,40.50,208.80,0.04,2089.00,92.00,0.25
1059000,40.50,208.93,0.04,2089.20,92.00,0.25
1059500,40.50,208.86,0.04,2090.10,82.00,0.25
1060000,40.50,208.97,0.04,2089.80,86.00,0.25
1060500,40.50,209.07,0.04,2091.20,92.00,0.25
1061000,40.56,209.10,0.04,2091.30,92.00,0.25
1061500,40.56,209.24,0.04,2091.70,92.00,0.25
1062000,40.56,209.24,0.04,2093.30,86.00,0.25
1062500,40.63,209.29,0.04,2092.70,92.00,0.25
1063000,40.63,209.15,0.04,2091.70,86.00,0.25
1063500,40.63,209.19,0.04,2092.10,86.00,0.25
1064000,40.63,209.04,0.04,2092.20,92.00,0.25
1064500,40.69,209.20,0.04,2092.50,86.00,0.25
1065000,40.63,209.26,0.04,2092.20,92.00,0.25
1065500,40.63,209.29,0.04,2092.80,92.00,0.25
1066000,40.69,209.92,0.04,2099.10,86.00,0.25
1066500,40.69,209.52,0.04,2095.90,86.00,0.25
1067000,40.69,209.28,0.04,2094.10,92.00,0.25
1067500,40.75,209.43,0.04,2093.80,86.00,0.25
1068000,40.75,209.53,0.04,2094.50,86.00,0.25
1068500,40.75,209.40,0.04,2094.20,92.00,0.25
1069000,40.81,209.94,0.04,2099.00,92.00,0.25
1069500,40.81,209.86,0.04,2098.90,86.00,0.25
1070000,40.81,209.58,0.04,2096.00,92.00,0.25
1070500,40.81,209.79,0.04,2097.40,92.00,0.25
1071000,40.88,209.79,0.04,2097.50,86.00,0.25
1071500,40.88,209.73,0.04,2097.50,92.00,0.25
1072000,40.88,209.75,0.04,2098.10,86.00,0.25
1072500,40.88,209.86,0.04,2098.40,92.00,0.25
1073000,40.94,209.72,0.04,2098.30,86.00,0.25
1073500,40.94,209.66,0.04,2097.40,92.00,0.25
1074000,40.94,209.75,0.04,2097.80,92.00,0.25
1074500,40.94,209.83,0.04,2098.30,92.00,0.25
1075000,41.00,209.79,0.04,2097.50,86.00,0.25
1075500,41.00,209.86,0.04,2099.90,92.00,0.25
1076000,41.00,210.19,0.04,2099.20,92.00,0.25
1076500,41.00,210.44,0.04,2104.30,92.00,0.25
1077000,41.06,210.36,0.04,2103.40,92.00,0.25
1077500,41.06,210.27,0.04,2102.40,86.00,0.25
1078000,41.06,210.35,0.04,2103.60,92.00,0.25
1078500,41.06,210.35,0.04,2103.30,86.00,0.25
1079000,41.13,210.19,0.05,2104.50,92.00,0.26
1079500,41.13,210.35,0.04,2104.40,92.00,0.25
1080000,41.13,210.70,0.04,2104.40,86.00,0.25
1080500,41.13,210.43,0.04,2104.30,92.00,0.25
1081000,41.19,210.65,0.04,2106.40,92.00,0.25
1081500,41.19,210.59,0.04,2106.10,92.00,0.25
1082000,41.19,210.59,0.05,2105.60,92.00,0.26
1082500,41.19,210.41,0.04,2103.60,92.00,0.25
1083000,41.25,210.21,0.04,2101.70,92.00,0.25
1083500,41.13,210.28,0.04,2101.80,86.00,0.25
1084000,41.19,210.20,0.04,2102.40,92.00,0.25
1084500,41.19,210.62,0.04,2106.00,92.00,0.25
1085000,41.25,210.58,0.04,2107.60,92.00,0.25
1085500,41.19,210.81,0.04,2108.00,92.00,0.25
1086000,41.25,210.70,0.04,2107.00,92.00,0.25
1086500,41.25,210.81,0.04,2108.20,86.00,0.25
1087000,41.31,210.77,0.04,2107.70,92.00,0.25
1087500,41.25,210.80,0.04,2107.90,92.00,0.25
1088000,41.31,210.71,0.04,2107.10,92.00,0.25
1088500,41.25,210.76,0.04,2107.70,92.00,0.25
1089000,41.31,210.84,0.04,2108.00,92.00,0.25
1089500,41.25,210.79,0.04,2107.40,86.00,0.25
1090000,41.31,210.89,0.04,2108.60,92.00,0.25
1090500,41.31,210.84,0.04,2108.90,92.00,0.25
1091000,41.31,210.93,0.04,2108.50,92.00,0.25
1091500,41.38,210.79,0.04,2105.90,92.00,0.25
1092000,41.31,210.62,0.04,2106.40,92.00,0.25
1092500,41.38,210.81,0.04,2107.90,92.00,0.25
1093000,41.38,210.87,0.04,2107.80,92.00,0.25
1093500,41.31,210.76,0.04,2109.00,92.00,0.25
1094000,41.38,210.91,0.04,2108.80,92.00,0.25
1094500,41.38,210.92,0.04,2109.30,92.00,0.25
1095000,41.44,210.88,0.04,2108.70,92.00,0.25
1095500,41.44,210.88,0.04,2108.60,92.00,0.25
1096000,41.44,210.87,0.04,2109.20,92.00,0.25
1096500,41.44,210.86,0.04,2109.20,92.00,0.25
1097000,41.44,210.89,0.04,2109.60,92.00,0.25
1097500,41.50,210.98,0.04,2108.90,92.00,0.25
1098000,41.50,210.86,0.04,2108.50,86.00,0.25
1098500,41.50,210.91,0.04,2110.20,92.00,0.25
1099000,41.50,210.93,0.04,2108.00,92.00,0.25
1099500,41.56,210.76,0.04,2107.10,92.00,0.25
1100000,41.56,210.76,0.04,2107.90,92.00,0.25
1100500,41.56,210.79,0.04,2107.60,92.00,0.25
1101000,41.56,210.86,0.04,2107.30,92.00,0.25
1101500,41.56,210.75,0.04,2107.30,86.00,0.25
1102000,41.56,210.86,0.05,2108.80,92.00,0.26
1102500,41.63,210.83,0.04,2108.10,86.00,0.25
1103000,41.63,210.92,0.04,2110.00,92.00,0.25
1103500,41.63,211.05,0.04,2110.60,92.00,0.26
1104000,41.63,210.74,0.04,2106.90,92.00,0.25
1104500,41.63,211.06,0.04,2110.50,92.00,0.25
1105000,41.69,210.91,0.05,2110.30,92.00,0.26
1105500,41.69,210.88,0.04,2112.40,86.00,0.25
1106000,41.69,211.28,0.04,2111.40,86.00,0.26
1106500,41.69,211.20,0.04,2111.70,86.00,0.26
1107000,41.69,211.10,0.04,2112.00,92.00,0.25
1107500,41.75,211.20,0.04,2112.20,92.00,0.26
1108000,41.75,211.36,0.04,2113.00,92.00,0.26
1108500,41.75,211.27,0.04,2112.60,92.00,0.26
1109000,41.75,211.29,0.04,2113.20,92.00,0.25
1109500,41.75,211.26,0.04,2112.30,92.00,0.26
1110000,41.81,211.32,0.04,2113.40,92.00,0.25
1110500,41.81,211.34,0.04,2113.20,86.00,0.26
1111000,41.81,211.36,0.04,2113.20,102.00,0.26
1111500,41.81,211.48,0.04,2115.00,92.00,0.26
1112000,41.88,211.53,0.04,2115.00,92.00,0.26
1112500,41.88,211.66,0.04,2116.60,92.00,0.25
1113000,41.88,211.82,0.04,2116.70,92.00,0.26
1113500,41.94,211.65,0.04,2116.30,92.00,0.26
1114000,41.94,211.68,0.04,2117.90,92.00,0.26
1114500,41.94,211.81,0.04,2118.10,92.00,0.26
1115000,41.94,211.78,0.04,2118.20,102.00,0.26
1115500,41.94,211.79,0.04,2117.30,92.00,0.26
1116000,41.94,211.70,0.04,2116.10,92.00,0.26
1116500,42.00,211.76,0.04,2117.70,92.00,0.26
1117000,41.94,211.62,0.04,2116.20,92.00,0.26
1117500,41.94,211.76,0.04,2117.80,102.00,0.26
1118000,41.94,211.89,0.04,2118.40,92.00,0.26
1118500,42.00,211.84,0.04,2118.20,92.00,0.26
1119000,42.00,211.88,0.04,2119.00,92.00,0.26
1119500,42.00,211.91,0.04,2118.80,92.00,0.26
1120000,42.00,211.95,0.04,2119.50,102.00,0.26
1120500,42.00,211.96,0.04,2119.80,92.00,0.26
1121000,42.06,211.88,0.04,2118.80,92.00,0.26
1121500,42.06,-0.01,3.98,-0.30,0.00,3.98
1122000,42.13,-0.01,3.98,-0.20,0.00,3.98
1122500,42.13,-0.02,3.98,0.00,0.00,3.98
1123000,42.13,0.01,3.98,-0.10,0.00,3.98
1123500,42.19,-0.01,3.98,-0.10,0.00,3.98
1124000,42.13,-0.01,3.98,-0.20,0.00,3.98
1124500,42.19,-0.01,3.98,0.00,0.00,3.98
1125000,42.19,0.00,3.98,-0.30,0.00,3.98
1125500,42.19,-0.04,3.98,-0.40,0.00,3.98
1126000,42.19,-0.04,3.98,-0.10,0.00,3.98
1126500,42.25,-0.02,3.98,-0.30,0.00,3.98
1127000,42.25,-0.03,3.98,-0.20,0.00,3.98
1127500,42.25,-0.02,3.98,-0.10,0.00,3.98
1128000,42.25,0.01,3.98,-0.30,0.00,3.98
1128500,42.31,-0.01,3.98,-0.20,0.00,3.98
1129000,42.31,-0.02,3.98,-0.20,0.00,3.98
1129500,42.31,0.00,3.98,-0.30,0.00,3.98
1130000,42.31,-0.02,3.98,-0.40,0.00,3.98
1130500,42.31,-0.03,3.98,-0.10,0.00,3.98
1131000,42.38,-0.03,3.98,-0.10,0.00,3.98
1131500,42.38,-0.01,3.98,-0.20,0.00,3.98
1132000,42.38,-0.01,3.98,0.00,0.00,3.98
1132500,42.44,-0.01,3.98,-0.30,0.00,3.98
1133000,42.38,-0.02,3.98,-0.30,0.00,3.98
1133500,42.44,-0.01,3.98,-0.30,0.00,3.98
1134000,42.44,-0.01,3.98,-0.20,0.00,3.98
1134500,42.44,-0.05,3.98,-0.10,0.00,3.98
1135000,42.44,-0.01,3.98,-0.10,0.00,3.98
1135500,42.44,0.00,3.98,-0.10,0.00,3.98
1136000,42.44,-0.02,3.98,-0.30,0.00,3.98
1136500,42.44,-0.03,3.98,-0.30,0.00,3.98
1137000,42.44,-0.01,3.98,-0.10,0.00,3.98
1137500,42.44,-0.03,3.98,-0.20,0.00,3.98
1138000,42.44,-0.03,3.98,-0.20,0.00,3.98
1138500,42.50,0.02,3.98,-0.20,0.00,3.98
1139000,42.50,-0.02,3.98,0.00,0.00,3.98
1139500,42.50,-0.01,3.98,0.00,0.00,3.98
1140000,42.50,-0.01,3.98,-0.20,0.00,3.98
1140500,42.56,-0.04,3.98,-0.30,0.00,3.98
1141000,42.56,0.00,3.98,-0.10,0.00,3.98
1141500,42.56,-0.01,3.98,-0.10,0.00,3.98
1142000,42.56,-0.03,3.98,-0.10,0.00,3.98
1142500,42.56,-0.03,3.98,-0.30,0.00,3.98
1143000,42.56,0.00,3.98,-0.20,0.00,3.98
1143500,42.63,-0.01,3.98,-0.20,0.00,3.98
1144000,42.56,-0.02,3.98,-0.40,0.00,3.98
1144500,42.56,-0.01,3.98,-0.20,0.00,3.98
1145000,42.56,0.00,3.98,-0.30,0.00,3.98
1145500,42.56,-0.01,3.98,-0.30,0.00,3.98
1146000,42.63,-0.03,3.98,-0.10,0.00,3.98
1146500,42.63,0.00,3.98,-0.10,0.00,3.98
1147000,42.56,-0.03,3.98,-0.20,0.00,3.98
1147500,42.56,-0.04,3.98,-0.20,0.00,3.98
1148000,42.50,-0.02,3.98,-0.20,4.00,3.98
1148500,42.44,-0.02,3.98,-0.20,0.00,3.98
1149000,42.44,-0.03,3.98,-0.20,0.00,3.98
1149500,42.31,0.00,3.98,-0.20,0.00,3.98
1150000,42.25,-0.01,3.98,-0.20,0.00,3.98
1150500,42.25,-0.02,3.98,-0.30,0.00,3.98
1151000,42.25,-0.01,3.98,-0.10,0.00,3.98
1151500,42.19,-0.01,3.98,-0.10,0.00,3.98
1152000,42.19,0.01,3.98,-0.10,0.00,3.98
1152500,42.19,-0.02,3.98,-0.10,0.00,3.98
1153000,42.13,-0.03,3.98,-0.40,0.00,3.98
1153500,42.13,0.00,3.98,-0.10,0.00,3.98
1154000,42.13,-0.05,3.98,-0.10,0.00,3.98
1154500,42.19,-0.03,3.98,-0.30,0.00,3.98
1155000,42.19,-0.02,3.98,-0.20,4.00,3.98
1155500,42.19,-0.01,3.98,-0.10,0.00,3.98
1156000,42.19,-0.02,3.98,-0.30,0.00,3.98
1156500,42.19,-0.02,3.98,-0.20,0.00,3.98
1157000,42.19,-0.01,3.98,0.00,4.00,3.98
1157500,42.19,-0.02,3.98,-0.30,0.00,3.98
1158000,42.19,0.01,3.98,-0.10,0.00,3.98
1158500,42.19,-0.03,3.98,-0.20,0.00,3.98
1159000,42.19,-0.02,3.98,-0.20,0.00,3.98
1159500,42.19,-0.03,3.98,-0.20,0.00,3.98
1160000,42.25,-0.01,3.98,-0.30,0.00,3.98
1160500,42.25,-0.02,3.98,0.10,0.00,3.98
1161000,42.31,-0.02,3.98,-0.30,0.00,3.98
1161500,42.31,-0.02,3.98,-0.20,0.00,3.98
1162000,42.31,-0.02,3.98,0.00,0.00,3.98
1162500,42.31,-0.02,3.98,-0.20,0.00,3.98
1163000,42.31,-0.01,3.98,-0.10,0.00,3.98
1163500,42.31,-0.03,3.98,-0.40,0.00,3.98
1164000,42.31,-0.04,3.98,-0.20,0.00,3.98
1164500,42.31,-0.02,3.98,-0.10,0.00,3.98
1165000,42.31,-0.04,3.98,-0.20,4.00,3.98
1165500,42.31,-0.04,3.98,-0.10,0.00,3.98
1166000,42.31,-0.01,3.98,-0.10,0.00,3.98
1166500,42.31,-0.04,3.98,0.00,0.00,3.98
1167000,42.31,-0.03,3.98,-0.10,0.00,3.98
1167500,42.31,-0.05,3.98,-0.30,0.00,3.98
1168000,42.31,-0.02,3.98,-0.10,0.00,3.98
1168500,42.31,-0.02,3.98,-0.20,0.00,3.98
1169000,42.31,-0.03,3.98,-0.40,0.00,3.98
1169500,42.25,-0.03,3.98,-0.20,0.00,3.98
1170000,42.25,-0.02,3.98,-0.30,0.00,3.98
1170500,42.25,-0.03,3.98,-0.40,0.00,3.98
1171000,42.25,-0.01,3.98,-0.40,0.00,3.98
1171500,42.25,-0.03,3.98,-0.40,0.00,3.98
1172000,42.25,-0.04,3.98,-0.20,0.00,3.98
1172500,42.25,-0.03,3.98,-0.10,0.00,3.98
1173000,42.19,-0.03,3.98,-0.20,0.00,3.98
1173500,42.25,-0.02,3.98,-0.30,0.00,3.98
1174000,42.25,0.00,3.98,-0.20,0.00,3.98
1174500,42.19,-0.01,3.98,-0.10,0.00,3.98
1175000,42.19,0.00,3.98,-0.10,0.00,3.98
1175500,42.19,-0.01,3.98,-0.20,0.00,3.98
1176000,42.13,-0.03,3.98,-0.20,0.00,3.98
1176500,42.13,0.00,3.98,-0.10,0.00,3.98
1177000,42.06,-0.03,3.98,-0.10,0.00,3.98
1177500,42.06,-0.01,3.98,-0.40,0.00,3.98
1178000,42.00,-0.02,3.98,-0.30,0.00,3.98
1178500,42.00,0.01,3.98,-0.20,0.00,3.98
1179000,41.94,-0.02,3.98,0.10,0.00,3.98
1179500,41.94,-0.07,3.98,-0.30,0.00,3.98
1180000,41.94,-0.03,3.98,-0.30,0.00,3.98
1180500,41.94,-0.02,3.98,-0.40,0.00,3.98
1181000,41.94,-0.04,3.98,-0.10,0.00,3.98
1181500,41.94,-0.03,3.98,-0.30,0.00,3.98
1182000,41.94,-0.02,3.98,-0.30,0.00,3.98
1182500,41.88,-0.03,3.98,-0.20,0.00,3.98
1183000,41.88,-0.02,3.98,-0.30,0.00,3.98
1183500,41.94,-0.02,3.98,-0.40,0.00,3.98
1184000,41.94,-0.02,3.98,-0.30,0.00,3.98
1184500,41.88,-0.03,3.98,-0.10,0.00,3.98
1185000,41.94,-0.02,3.98,-0.10,0.00,3.98
1185500,41.94,-0.01,3.98,-0.20,0.00,3.98
1186000,41.94,0.00,3.98,-0.10,0.00,3.98
1186500,41.94,0.00,3.98,-0.10,0.00,3.98
1187000,41.94,-0.04,3.98,-0.40,0.00,3.98
1187500,41.88,-0.02,3.98,-0.50,0.00,3.98
1188000,41.88,-0.02,3.98,-0.30,0.00,3.98
1188500,41.88,-0.02,3.98,-0.20,0.00,3.98
1189000,41.88,-0.01,3.98,-0.40,0.00,3.98
1189500,41.88,-0.02,3.98,-0.10,0.00,3.98
1190000,41.94,0.00,3.98,-0.10,0.00,3.98
1190500,41.94,-0.02,3.98,-0.30,0.00,3.98
1191000,41.94,-0.03,3.98,-0.20,0.00,3.98
1191500,41.94,-0.03,3.98,-0.10,0.00,3.98
1192000,41.94,-0.05,3.98,-0.20,0.00,3.98
1192500,41.94,-0.03,3.98,0.00,0.00,3.98
1193000,41.94,-0.04,3.98,0.00,0.00,3.98
1193500,41.94,0.00,3.98,-0.40,0.00,3.98
1194000,41.94,-0.03,3.98,-0.30,0.00,3.98
1194500,41.94,-0.03,3.98,-0.20,0.00,3.98
1195000,41.94,-0.02,3.98,-0.20,0.00,3.98
1195500,41.94,-0.01,3.98,-0.20,4.00,3.98
1196000,41.94,0.00,3.98,-0.40,0.00,3.98
1196500,41.94,-0.01,3.98,-0.20,0.00,3.98
1197000,42.00,-0.04,3.98,-0.20,0.00,3.98
1197500,41.94,-0.05,3.98,0.10,0.00,3.98
1198000,42.00,-0.02,3.98,-0.20,0.00,3.98
1198500,42.00,-0.03,3.98,-0.20,0.00,3.98
1199000,42.00,-0.01,3.98,-0.10,0.00,3.98
1199500,41.94,-0.01,3.98,0.00,0.00,3.98
1200000,42.00,-0.03,3.98,0.00,0.00,3.98
1200500,42.00,0.00,3.98,-0.10,0.00,3.98
1201000,41.94,-0.03,3.98,-0.30,0.00,3.98
1201500,41.94,-0.04,3.98,-0.20,0.00,3.98
1202000,42.00,-0.03,3.98,0.00,0.00,3.98
1202500,41.94,-0.02,3.98,-0.40,0.00,3.98
1203000,41.88,-0.04,3.98,-0.20,0.00,3.98
1203500,41.94,-0.02,3.98,-0.30,0.00,3.98
1204000,41.88,0.00,3.98,-0.30,0.00,3.98
1204500,41.88,-0.02,3.98,-0.40,0.00,3.98
1205000,41.88,-0.02,3.98,-0.30,0.00,3.98
1205500,41.81,-0.02,3.98,-0.30,0.00,3.98
1206000,41.81,-0.01,3.98,-0.40,0.00,3.98
1206500,41.81,-0.02,3.98,-0.10,0.00,3.98
1207000,41.81,-0.03,3.98,-0.20,0.00,3.98
1207500,41.75,-0.05,3.98,-0.20,0.00,3.98
1208000,41.81,-0.03,3.98,-0.20,0.00,3.98
1208500,41.81,-0.01,3.98,-0.40,0.00,3.98
1209000,41.75,-0.02,3.98,-0.10,0.00,3.98
1209500,41.75,-0.02,3.98,-0.20,0.00,3.98
1210000,41.75,0.00,3.98,-0.50,4.00,3.98
1210500,41.75,-0.05,3.98,-0.10,0.00,3.98
1211000,41.75,-0.03,3.98,-0.20,0.00,3.98
1211500,41.69,-0.02,3.98,0.00,0.00,3.98
1212000,41.69,-0.02,3.98,-0.20,0.00,3.98
1212500,41.63,-0.04,3.98,-0.40,0.00,3.98
1213000,41.56,0.00,3.98,0.00,0.00,3.98
1213500,41.56,0.00,3.98,-0.20,0.00,3.98
1214000,41.56,-0.04,3.98,-0.60,0.00,3.98
1214500,41.50,0.00,3.98,-0.30,0.00,3.98
1215000,41.50,-0.01,3.98,-0.20,0.00,3.98
1215500,41.50,-0.02,3.98,-0.50,0.00,3.98
1216000,41.50,-0.01,3.98,-0.30,0.00,3.98
1216500,41.44,-0.03,3.98,0.00,0.00,3.98
1217000,41.50,-0.01,3.98,-0.10,0.00,3.98
1217500,41.50,-0.02,3.98,0.00,0.00,3.98
1218000,41.44,-0.01,3.98,-0.10,0.00,3.98
1218500,41.50,-0.02,3.98,0.00,0.00,3.98
1219000,41.38,-0.03,3.98,-0.30,0.00,3.98
1219500,41.44,-0.03,3.98,-0.20,0.00,3.98
1220000,41.44,0.01,3.98,-0.30,0.00,3.98
1220500,41.44,-0.01,3.98,-0.40,0.00,3.98
1221000,41.44,-0.02,3.98,-0.20,0.00,3.98
1221500,41.38,-0.03,3.98,-0.10,0.00,3.98
1222000,41.38,-0.02,3.98,-0.30,0.00,3.98
1222500,41.44,-0.01,3.98,-0.30,0.00,3.98
1223000,41.38,-0.03,3.98,-0.20,0.00,3.98
1223500,41.38,-0.02,3.98,-0.20,0.00,3.98
1224000,41.31,-0.02,3.98,-0.10,0.00,3.98
1224500,41.31,-0.01,3.98,-0.20,0.00,3.98
1225000,41.31,-0.01,3.98,-0.10,0.00,3.98
1225500,41.31,-0.01,3.98,-0.10,0.00,3.98
1226000,41.31,-0.02,3.98,-0.20,0.00,3.98
1226500,41.31,-0.02,3.98,-0.10,0.00,3.98
1227000,41.25,0.00,3.98,-0.10,0.00,3.98
1227500,41.31,-0.02,3.98,-0.10,0.00,3.98
1228000,41.31,-0.02,3.98,0.00,0.00,3.98
1228500,41.31,-0.03,3.98,0.00,0.00,3.98
1229000,41.31,-0.02,3.98,-0.30,0.00,3.98
1229500,41.31,0.00,3.98,0.00,0.00,3.98
1230000,41.31,-0.01,3.98,-0.10,0.00,3.98
1230500,41.31,-0.04,3.98,-0.30,0.00,3.98
1231000,41.31,-0.03,3.98,-0.30,0.00,3.98
1231500,41.31,-0.03,3.98,-0.40,0.00,3.98
1232000,41.31,-0.02,3.98,0.00,0.00,3.98
1232500,41.31,-0.02,3.98,-0.20,0.00,3.98
1233000,41.31,-0.02,3.98,-0.10,0.00,3.98
1233500,41.31,0.01,3.98,-0.20,0.00,3.98
1234000,41.31,-0.05,3.98,-0.10,0.00,3.98
1234500,41.25,-0.02,3.98,0.00,0.00,3.98
1235000,41.31,-0.03,3.98,-0.10,0.00,3.98
1235500,41.19,-0.01,3.98,-0.10,0.00,3.98
1236000,41.25,0.00,3.98,-0.40,0.00,3.98
1236500,41.19,-0.04,3.98,-0.50,0.00,3.98
1237000,41.25,-0.01,3.98,-0.10,0.00,3.98
1237500,41.19,-0.01,3.98,-0.20,0.00,3.98
1238000,41.19,-0.03,3.98,0.00,0.00,3.98
1238500,41.19,-0.02,3.98,-0.40,0.00,3.98
1239000,41.19,-0.02,3.98,-0.20,0.00,3.98
1239500,41.19,0.00,3.98,-0.10,0.00,3.98
1240000,41.13,-0.02,3.98,-0.10,0.00,3.98
1240500,41.13,-0.03,3.98,-0.10,0.00,3.98
1241000,41.13,0.00,3.98,-0.20,0.00,3.98
1241500,41.06,-0.02,3.98,-0.10,0.00,3.98
1242000,41.06,0.00,3.98,-0.10,0.00,3.98
1242500,41.06,-0.02,3.98,-0.20,0.00,3.98
1243000,41.06,-0.01,3.98,-0.10,0.00,3.98
1243500,41.00,-0.01,3.98,-0.10,0.00,3.98
1244000,41.00,-0.02,3.98,-0.40,0.00,3.98
1244500,41.00,-0.02,3.98,-0.10,0.00,3.98
1245000,41.00,0.00,3.98,-0.30,0.00,3.98
1245500,40.94,-0.02,3.98,0.00,0.00,3.98
1246000,40.94,-0.03,3.98,-0.10,0.00,3.98
1246500,40.94,-0.03,3.98,0.00,0.00,3.98
1247000,40.94,-0.01,3.98,-0.20,0.00,3.98
1247500,40.94,-0.03,3.98,-0.40,0.00,3.98
1248000,41.00,-0.01,3.98,0.00,0.00,3.98
1248500,40.94,-0.02,3.98,-0.30,0.00,3.98
1249000,40.94,-0.02,3.98,-0.20,0.00,3.98
1249500,40.94,-0.03,3.98,-0.10,0.00,3.98
1250000,40.88,-0.02,3.98,-0.20,0.00,3.98
1250500,40.88,-0.02,3.98,-0.20,0.00,3.98
1251000,40.88,-0.02,3.98,-0.20,0.00,3.98
1251500,40.81,-0.03,3.98,-0.20,0.00,3.98
1252000,40.81,-0.03,3.98,-0.30,0.00,3.98
1252500,40.81,-0.02,3.98,-0.30,0.00,3.98
1253000,40.75,-0.02,3.98,-0.20,0.00,3.98
1253500,40.81,-0.02,3.98,-0.30,0.00,3.98
1254000,40.81,-0.01,3.98,-0.20,0.00,3.98
1254500,40.81,-0.02,3.98,-0.30,0.00,3.98
1255000,40.81,-0.05,3.98,-0.10,0.00,3.98
1255500,40.75,-0.03,3.98,-0.30,0.00,3.98
1256000,40.81,-0.03,3.98,-0.10,0.00,3.98
1256500,40.81,-0.04,3.98,-0.10,0.00,3.98
1257000,40.81,-0.01,3.98,-0.10,0.00,3.98
1257500,40.81,0.00,3.97,-0.20,0.00,3.97
1258000,40.81,0.00,3.98,-0.30,0.00,3.98
1258500,40.81,-0.02,3.98,-0.30,0.00,3.98
1259000,40.81,0.00,3.98,-0.20,0.00,3.98
1259500,40.81,-0.04,3.98,-0.10,0.00,3.98
1260000,40.81,-0.01,3.98,-0.10,0.00,3.98
1260500,40.88,-0.02,3.98,-0.10,0.00,3.98
1261000,40.81,-0.02,3.98,-0.30,0.00,3.98
1261500,40.81,-0.02,3.98,-0.10,0.00,3.98
1262000,40.81,0.00,3.98,-0.40,0.00,3.98
1262500,40.88,-0.02,3.98,0.00,0.00,3.98
1263000,40.88,-0.04,3.98,-0.30,0.00,3.98
1263500,40.88,-0.01,3.98,-0.10,0.00,3.98
1264000,40.88,-0.01,3.98,-0.10,0.00,3.98
1264500,40.81,-0.03,3.98,-0.30,0.00,3.98
1265000,40.88,-0.03,3.98,-0.20,0.00,3.98
1265500,40.88,-0.03,3.98,-0.20,0.00,3.98
1266000,40.81,-0.04,3.98,-0.40,0.00,3.98
1266500,40.81,-0.04,3.98,-0.30,0.00,3.98
1267000,40.81,-0.02,3.98,-0.40,0.00,3.98
1267500,40.81,-0.01,3.98,-0.30,0.00,3.98
1268000,40.81,-0.02,3.98,-0.20,0.00,3.98
1268500,40.81,-0.05,3.98,-0.20,0.00,3.98
1269000,40.81,-0.02,3.98,-0.10,0.00,3.98
1269500,40.81,-0.01,3.98,-0.10,0.00,3.98
1270000,40.81,-0.02,3.97,-0.10,0.00,3.97
1270500,40.81,-0.02,3.98,-0.20,0.00,3.98
1271000,40.81,0.00,3.98,-0.20,0.00,3.98
1271500,40.81,-0.02,3.98,-0.40,0.00,3.98
1272000,40.81,-0.03,3.98,-0.10,0.00,3.98
1272500,40.81,-0.03,3.98,-0.10,0.00,3.98
1273000,40.75,0.01,3.98,-0.10,0.00,3.98
1273500,40.75,0.00,3.98,-0.30,0.00,3.98
1274000,40.69,-0.04,3.98,-0.40,0.00,3.98
1274500,40.69,-0.02,3.98,-0.50,4.00,3.98
1275000,40.69,-0.03,3.98,-0.40,0.00,3.98
1275500,40.69,-0.01,3.98,-0.40,0.00,3.98
1276000,40.63,-0.02,3.98,-0.20,0.00,3.98
1276500,40.63,-0.02,3.98,-0.40,0.00,3.98
1277000,40.63,-0.03,3.98,-0.10,0.00,3.98
1277500,40.63,-0.03,3.98,0.00,0.00,3.98
1278000,40.63,-0.02,3.98,-0.20,0.00,3.98
1278500,40.63,-0.03,3.98,-0.30,0.00,3.98
1279000,40.63,-0.03,3.98,-0.30,0.00,3.98
1279500,40.56,-0.03,3.98,0.00,0.00,3.98
1280000,40.63,-0.02,3.98,0.00,0.00,3.98
1280500,40.63,-0.03,3.98,-0.20,0.00,3.98
1281000,40.63,-0.03,3.98,-0.20,0.00,3.98
1281500,40.63,-0.04,3.98,-0.10,0.00,3.98
1282000,40.63,-0.02,3.98,-0.20,0.00,3.98
1282500,40.63,-0.01,3.98,-0.30,0.00,3.98
1283000,40.63,-0.01,3.98,-0.40,0.00,3.98
1283500,40.63,0.00,3.98,0.10,0.00,3.98
1284000,40.63,-0.01,3.98,-0.50,0.00,3.98
1284500,40.56,-0.02,3.98,-0.20,0.00,3.98
1285000,40.56,0.00,3.98,-0.10,0.00,3.98
1285500,40.56,-0.03,3.98,-0.30,0.00,3.98
1286000,40.56,0.00,3.98,-0.20,0.00,3.98
1286500,40.56,-0.02,3.98,-0.20,0.00,3.98
1287000,40.56,0.01,3.98,-0.20,0.00,3.98
1287500,40.56,-0.03,3.98,0.00,0.00,3.98
1288000,40.50,-0.02,3.98,-0.10,0.00,3.98
1288500,40.50,-0.02,3.98,-0.10,0.00,3.98
1289000,40.50,-0.02,3.98,-0.40,0.00,3.98
1289500,40.44,-0.01,3.98,-0.20,0.00,3.98
1290000,40.44,-0.01,3.98,-0.40,0.00,3.98
1290500,40.38,-0.03,3.98,0.00,0.00,3.98
1291000,40.38,-0.02,3.98,-0.40,0.00,3.98
1291500,40.38,-0.01,3.98,-0.10,0.00,3.98
1292000,40.38,-0.02,3.98,-0.20,0.00,3.98
1292500,40.31,-0.03,3.98,-0.10,0.00,3.98
1293000,40.31,0.00,3.98,-0.30,0.00,3.98
1293500,40.31,-0.02,3.98,-0.30,0.00,3.98
1294000,40.31,-0.01,3.98,-0.40,0.00,3.98
1294500,40.25,0.01,3.98,-0.50,0.00,3.98
1295000,40.31,-0.02,3.98,-0.20,0.00,3.98
1295500,40.25,-0.01,3.98,-0.20,0.00,3.98
1296000,40.25,-0.04,3.98,-0.30,0.00,3.98
1296500,40.25,0.00,3.98,-0.30,0.00,3.98
1297000,40.19,-0.04,3.98,-0.30,0.00,3.98
1297500,40.19,-0.01,3.98,0.10,0.00,3.98
1298000,40.25,-0.02,3.98,0.00,0.00,3.98
1298500,40.25,-0.03,3.98,-0.30,0.00,3.98
1299000,40.19,-0.04,3.98,-0.20,0.00,3.98
1299500,40.19,-0.03,3.98,-0.30,0.00,3.98
1300000,40.19,-0.03,3.98,-0.30,0.00,3.98
1300500,40.19,-0.04,3.98,-0.20,0.00,3.98
1301000,40.19,-0.01,3.98,0.00,0.00,3.98
1301500,40.19,-0.03,3.98,-0.10,0.00,3.98
1302000,40.13,-0.05,3.98,-0.20,0.00,3.98
1302500,40.06,-0.03,3.98,0.10,0.00,3.98
1303000,40.06,-0.04,3.98,-0.30,0.00,3.98
1303500,40.06,-0.03,3.98,-0.10,0.00,3.98
1304000,40.06,-0.02,3.98,-0.20,0.00,3.98
1304500,40.00,-0.04,3.98,-0.40,0.00,3.98
1305000,40.00,-0.02,3.98,-0.40,0.00,3.98
1305500,40.00,-0.03,3.98,-0.20,0.00,3.98
1306000,40.00,-0.01,3.98,0.00,0.00,3.98
1306500,39.94,0.00,3.98,-0.20,0.00,3.98
1307000,39.94,-0.03,3.98,-0.10,0.00,3.98
1307500,39.88,-0.01,3.98,0.00,0.00,3.98
1308000,39.88,-0.02,3.98,-0.30,4.00,3.98
1308500,39.88,-0.05,3.98,-0.20,0.00,3.98
1309000,39.88,-0.04,3.98,-0.10,0.00,3.98
1309500,39.88,0.00,3.98,-0.20,0.00,3.98
1310000,39.81,0.00,3.98,-0.30,0.00,3.98
1310500,39.81,-0.02,3.98,-0.10,0.00,3.98
1311000,39.75,-0.02,3.98,-0.10,0.00,3.98
1311500,39.75,-0.02,3.98,-0.40,0.00,3.98
1312000,39.75,0.00,3.98,-0.30,0.00,3.98
1312500,39.75,-0.02,3.98,-0.20,0.00,3.98
1313000,39.75,0.00,3.98,-0.20,0.00,3.98
1313500,39.75,-0.01,3.98,-0.10,0.00,3.98
1314000,39.69,-0.03,3.98,-0.30,0.00,3.98
1314500,39.69,-0.02,3.98,-0.30,0.00,3.98
1315000,39.69,-0.01,3.98,-0.30,0.00,3.98
1315500,39.69,-0.02,3.98,-0.30,0.00,3.98
1316000,39.75,-0.01,3.98,-0.10,0.00,3.98
1316500,39.75,-0.03,3.98,-0.10,0.00,3.98
1317000,39.69,-0.03,3.98,-0.20,0.00,3.98
1317500,39.69,-0.01,3.98,0.00,0.00,3.98
1318000,39.63,-0.05,3.98,0.10,0.00,3.98
1318500,39.63,-0.01,3.98,-0.40,0.00,3.98
1319000,39.63,-0.01,3.98,-0.40,4.00,3.98
1319500,39.56,-0.01,3.98,0.00,0.00,3.98
1320000,39.63,-0.04,3.98,-0.20,0.00,3.98
1320500,39.63,-0.03,3.98,-0.30,0.00,3.98
1321000,39.63,-0.01,3.98,-0.10,0.00,3.98
1321500,39.63,-0.03,3.98,0.00,0.00,3.98
1322000,39.63,-0.02,3.98,-0.20,0.00,3.98
1322500,39.69,-0.03,3.98,0.10,4.00,3.98
1323000,39.63,0.02,3.98,-0.20,0.00,3.98
1323500,39.69,-0.02,3.98,-0.30,0.00,3.98
1324000,39.69,-0.04,3.98,-0.20,0.00,3.98
1324500,39.69,0.02,3.98,0.10,0.00,3.98
1325000,39.69,-0.03,3.98,-0.30,0.00,3.98
1325500,39.69,-0.01,3.98,-0.10,0.00,3.98
1326000,39.69,-0.03,3.98,-0.10,0.00,3.98
1326500,39.69,-0.01,3.98,-0.30,0.00,3.98
1327000,39.69,-0.02,3.98,0.00,0.00,3.98
1327500,39.69,-0.03,3.98,-0.30,0.00,3.98
1328000,39.63,0.02,3.98,-0.10,0.00,3.98
1328500,39.63,0.00,3.98,-0.30,0.00,3.98
1329000,39.56,-0.02,3.98,0.00,0.00,3.98
1329500,39.56,-0.01,3.98,-0.20,0.00,3.98
1330000,39.56,-0.02,3.98,-0.40,0.00,3.98
1330500,39.50,-0.01,3.98,-0.40,0.00,3.98
1331000,39.50,-0.01,3.98,0.00,0.00,3.98
1331500,39.50,-0.03,3.98,0.20,0.00,3.98
1332000,39.56,-0.02,3.98,-0.20,0.00,3.98
1332500,39.56,-0.01,3.98,0.00,0.00,3.98
1333000,39.50,-0.04,3.98,-0.40,0.00,3.98
1333500,39.50,-0.01,3.98,-0.30,0.00,3.98
1334000,39.50,-0.06,3.98,-0.10,0.00,3.98
1334500,39.50,-0.03,3.98,-0.20,0.00,3.98
1335000,39.50,-0.02,3.98,-0.20,0.00,3.98
1335500,39.50,0.00,3.98,-0.40,0.00,3.98
1336000,39.50,-0.01,3.98,-0.10,0.00,3.98
1336500,39.50,-0.04,3.98,-0.10,0.00,3.98
1337000,39.44,-0.02,3.98,-0.10,0.00,3.98
1337500,39.44,-0.01,3.98,-0.20,0.00,3.98
1338000,39.38,0.00,3.98,-0.10,0.00,3.98
1338500,39.44,-0.01,3.98,-0.10,0.00,3.98
1339000,39.44,-0.01,3.98,-0.30,0.00,3.98
1339500,39.44,0.00,3.98,-0.40,0.00,3.98
1340000,39.44,-0.01,3.98,-0.10,0.00,3.98
1340500,39.38,-0.01,3.98,-0.10,0.00,3.98
1341000,39.44,0.00,3.98,-0.10,0.00,3.98
1341500,39.44,-0.01,3.98,0.00,0.00,3.98
1342000,39.38,-0.06,3.98,-0.10,0.00,3.98
1342500,39.38,-0.03,3.98,-0.30,0.00,3.98
1343000,39.31,-0.03,3.98,-0.40,0.00,3.98
1343500,39.31,-0.03,3.98,0.10,0.00,3.98
1344000,39.31,-0.02,3.98,-0.10,0.00,3.98
1344500,39.31,-0.03,3.98,-0.10,0.00,3.98
1345000,39.31,-0.02,3.98,-0.20,0.00,3.98
1345500,39.31,0.00,3.98,-0.10,0.00,3.98
1346000,39.31,-0.01,3.98,0.00,0.00,3.98
1346500,39.31,-0.01,3.98,0.00,0.00,3.98
1347000,39.31,0.00,3.98,-0.20,0.00,3.98
1347500,39.31,-0.03,3.98,0.00,0.00,3.98
1348000,39.31,-0.03,3.98,-0.50,4.00,3.98
1348500,39.31,-0.01,3.98,-0.30,0.00,3.98
1349000,39.31,-0.02,3.98,-0.10,0.00,3.98
1349500,39.25,-0.03,3.98,-0.40,0.00,3.98
1350000,39.31,-0.06,3.98,-0.10,0.00,3.98
1350500,39.25,-0.01,3.98,-0.20,0.00,3.98
1351000,39.25,-0.05,3.98,-0.30,0.00,3.98
1351500,39.25,-0.01,3.98,-0.10,0.00,3.98
1352000,39.25,-0.03,3.98,-0.10,0.00,3.98
1352500,39.25,-0.05,3.98,0.00,0.00,3.98
1353000,39.25,0.00,3.98,-0.30,0.00,3.98
1353500,39.25,-0.02,3.98,0.00,0.00,3.98
1354000,39.25,-0.02,3.97,-0.10,0.00,3.97
1354500,39.25,-0.03,3.98,-0.30,0.00,3.98
1355000,39.25,-0.02,3.98,-0.10,0.00,3.98
1355500,39.25,-0.02,3.98,-0.30,0.00,3.98
1356000,39.19,0.00,3.98,-0.10,0.00,3.98
1356500,39.19,-0.03,3.98,-0.20,0.00,3.98
1357000,39.25,-0.04,3.98,-0.20,0.00,3.98
1357500,39.19,-0.02,3.98,-0.20,0.00,3.98
1358000,39.19,-0.03,3.98,-0.40,0.00,3.98
1358500,39.19,0.00,3.98,-0.30,0.00,3.98
1359000,39.19,0.01,3.98,0.00,0.00,3.98
1359500,39.19,-0.02,3.98,-0.10,0.00,3.98
1360000,39.19,0.01,3.98,0.00,0.00,3.98
1360500,39.19,-0.04,3.98,-0.10,0.00,3.98
1361000,39.19,-0.02,3.98,-0.30,0.00,3.98
1361500,39.19,-0.03,3.98,-0.10,0.00,3.98
1362000,39.25,-0.01,3.98,-0.20,0.00,3.98
1362500,39.19,-0.02,3.98,-0.20,0.00,3.98
1363000,39.19,-0.02,3.98,-0.20,0.00,3.98
1363500,39.19,-0.01,3.98,-0.30,0.00,3.98
1364000,39.19,-0.02,3.98,0.00,0.00,3.98
1364500,39.19,-0.03,3.98,-0.30,0.00,3.98
1365000,39.19,-0.03,3.98,-0.10,0.00,3.98
1365500,39.19,0.00,3.98,-0.40,0.00,3.98
1366000,39.19,-0.02,3.98,0.10,0.00,3.98
1366500,39.13,-0.03,3.98,-0.10,0.00,3.98
1367000,39.13,-0.02,3.98,-0.20,0.00,3.98
1367500,39.13,-0.02,3.98,0.00,0.00,3.98
1368000,39.13,-0.02,3.98,-0.40,0.00,3.98
1368500,39.13,-0.01,3.98,-0.20,0.00,3.98
1369000,39.13,-0.01,3.98,-0.30,0.00,3.98
1369500,39.06,-0.03,3.98,0.10,0.00,3.98
1370000,39.00,-0.02,3.98,-0.30,0.00,3.98
1370500,38.94,-0.02,3.98,-0.20,0.00,3.98
1371000,38.94,-0.01,3.98,-0.10,0.00,3.98
1371500,38.94,-0.02,3.98,-0.10,0.00,3.98
1372000,38.94,-0.02,3.98,-0.30,0.00,3.98
1372500,38.94,-0.03,3.98,-0.20,0.00,3.98
1373000,38.94,-0.04,3.98,-0.40,0.00,3.98
1373500,38.94,-0.01,3.98,-0.30,0.00,3.98
1374000,38.94,-0.01,3.98,-0.10,0.00,3.98
1374500,38.88,-0.01,3.98,0.00,0.00,3.98
1375000,38.88,-0.02,3.98,-0.30,0.00,3.98
1375500,38.88,-0.03,3.98,-0.40,0.00,3.98
1376000,38.81,-0.02,3.98,-0.10,0.00,3.98
1376500,38.81,-0.02,3.98,-0.30,0.00,3.98
1377000,38.75,0.00,3.98,-0.40,0.00,3.98
1377500,38.75,-0.02,3.98,-0.20,0.00,3.98
1378000,38.75,-0.04,3.98,-0.20,0.00,3.98
1378500,38.75,-0.01,3.98,0.00,0.00,3.98
1379000,38.75,-0.02,3.98,-0.10,0.00,3.98
1379500,38.69,0.01,3.98,-0.20,0.00,3.98
1380000,38.69,-0.03,3.98,-0.10,0.00,3.98
1380500,38.69,-0.01,3.98,-0.30,0.00,3.98
1381000,38.69,0.01,3.98,-0.20,0.00,3.98
1381500,38.69,-0.02,3.98,-0.30,0.00,3.98
1382000,38.63,-0.02,3.98,0.00,0.00,3.98
1382500,38.63,-0.02,3.98,-0.10,0.00,3.98
1383000,38.63,-0.01,3.98,-0.30,0.00,3.98
1383500,38.56,-0.01,3.98,-0.20,0.00,3.98
1384000,38.56,-0.01,3.98,-0.30,0.00,3.98
1384500,38.56,-0.03,3.98,0.00,0.00,3.98
1385000,38.56,-0.02,3.98,-0.10,0.00,3.98
1385500,38.56,-0.01,3.98,-0.40,0.00,3.98
1386000,38.56,-0.02,3.98,-0.20,0.00,3.98
1386500,38.50,-0.03,3.98,-0.30,0.00,3.98
1387000,38.44,-0.02,3.98,-0.20,0.00,3.98
1387500,38.38,-0.02,3.98,-0.40,0.00,3.98
1388000,38.38,-0.03,3.98,-0.40,0.00,3.98
1388500,38.31,-0.02,3.98,-0.10,0.00,3.98
1389000,38.31,-0.01,3.98,-0.30,0.00,3.98
1389500,38.31,-0.02,3.98,-0.20,0.00,3.98
1390000,38.25,-0.03,3.98,-0.20,0.00,3.98
1390500,38.25,-0.02,3.98,-0.10,0.00,3.98
1391000,38.19,-0.02,3.98,0.00,0.00,3.98
1391500,38.19,-0.02,3.98,-0.10,0.00,3.98
1392000,38.19,-0.02,3.98,-0.10,0.00,3.98
1392500,38.19,0.01,3.98,-0.10,0.00,3.98
1393000,38.19,-0.01,3.98,-0.20,0.00,3.98
1393500,38.19,-0.02,3.98,-0.40,0.00,3.98
1394000,38.19,-0.03,3.98,-0.10,0.00,3.98
1394500,38.19,-0.03,3.98,-0.20,0.00,3.98
1395000,38.19,-0.04,3.98,-0.20,0.00,3.98
1395500,38.13,-0.02,3.98,-0.10,0.00,3.98
1396000,38.13,-0.03,3.98,-0.30,0.00,3.98
1396500,38.13,0.02,3.98,-0.10,0.00,3.98
1397000,38.13,-0.02,3.98,-0.20,0.00,3.98
1397500,38.13,0.00,3.98,-0.30,0.00,3.98
1398000,38.13,-0.03,3.98,-0.30,0.00,3.98
1398500,38.13,-0.02,3.98,-0.10,0.00,3.98
1399000,38.13,-0.03,3.98,-0.20,0.00,3.98
1399500,38.13,0.00,3.98,-0.20,0.00,3.98
1400000,38.13,-0.02,3.98,-0.20,0.00,3.98
1400500,38.13,-0.01,3.98,-0.30,0.00,3.98
1401000,38.06,-0.03,3.98,-0.40,0.00,3.98
1401500,38.06,-0.03,3.98,-0.10,0.00,3.98
1402000,38.06,-0.02,3.98,-0.20,0.00,3.98
1402500,38.06,-0.02,3.98,0.00,0.00,3.98
1403000,38.06,-0.01,3.98,-0.30,0.00,3.98
1403500,38.06,0.00,3.98,-0.30,0.00,3.98
1404000,38.06,-0.03,3.98,-0.30,0.00,3.98
1404500,38.06,-0.03,3.98,-0.10,0.00,3.98
1405000,38.00,-0.03,3.98,-0.10,0.00,3.98
1405500,38.00,-0.01,3.98,-0.50,4.00,3.98
1406000,38.00,-0.03,3.98,-0.10,0.00,3.98
1406500,38.00,0.00,3.98,-0.20,0.00,3.98
1407000,38.00,-0.04,3.98,-0.20,0.00,3.98
1407500,38.00,-0.02,3.98,-0.10,0.00,3.98
1408000,38.00,0.00,3.98,-0.10,4.00,3.98
1408500,38.00,-0.02,3.98,-0.20,0.00,3.98
1409000,37.94,-0.01,3.98,-0.20,0.00,3.98
1409500,37.94,174.91,0.03,1747.60,50.00,0.20
1410000,38.00,178.19,0.03,1782.50,50.00,0.21
1410500,38.00,179.79,0.03,1798.10,50.00,0.21
1411000,38.00,178.43,0.03,1783.90,50.00,0.21
1411500,38.00,180.55,0.03,1805.40,50.00,0.21
1412000,37.94,177.51,0.03,1774.10,42.00,0.21
1412500,37.94,178.81,0.03,1788.00,56.00,0.21
1413000,37.94,181.21,0.03,1808.00,58.00,0.21
1413500,37.94,180.74,0.03,1808.60,50.00,0.21
1414000,37.94,181.67,0.03,1815.60,58.00,0.21
1414500,37.94,181.88,0.03,1814.20,58.00,0.21
1415000,37.94,183.05,0.03,1830.50,58.00,0.21
1415500,37.94,179.67,0.03,1803.30,50.00,0.21
1416000,37.94,177.60,0.03,1781.80,50.00,0.21
1416500,37.94,179.50,0.03,1792.80,50.00,0.21
1417000,37.88,178.84,0.03,1788.50,50.00,0.21
1417500,37.94,181.67,0.03,1816.70,52.00,0.21
1418000,37.94,180.29,0.03,1800.60,50.00,0.21
1418500,37.94,181.26,0.03,1809.80,52.00,0.21
1419000,37.94,181.40,0.03,1811.90,50.00,0.21
1419500,37.94,182.59,0.03,1824.10,52.00,0.21
1420000,37.94,182.98,0.03,1829.60,52.00,0.21
1420500,37.94,183.00,0.03,1827.60,52.00,0.21
1421000,37.94,183.00,0.03,1820.60,58.00,0.21
1421500,37.94,185.29,0.03,1852.50,52.00,0.22
1422000,37.94,185.93,0.03,1859.80,52.00,0.22
1422500,38.00,186.41,0.03,1860.00,58.00,0.22
1423000,37.94,185.70,0.03,1856.30,58.00,0.22
1423500,38.00,184.38,0.03,1843.10,52.00,0.21
1424000,37.94,184.58,0.03,1845.60,52.00,0.22
1424500,37.88,182.27,0.03,1820.90,52.00,0.21
1425000,37.88,182.15,0.03,1822.10,52.00,0.21
1425500,37.88,182.18,0.03,1826.80,52.00,0.21
1426000,37.88,181.46,0.02,1813.20,50.00,0.21
1426500,37.88,184.55,0.03,1841.70,58.00,0.21
1427000,37.88,186.13,0.03,1847.20,52.00,0.21
1427500,37.88,182.30,0.03,1820.80,52.00,0.21
1428000,37.81,181.94,0.03,1815.40,58.00,0.21
1428500,37.81,181.78,0.03,1819.70,52.00,0.21
1429000,37.88,179.40,0.03,1799.30,58.00,0.21
1429500,37.88,178.28,0.02,1779.30,50.00,0.20
1430000,37.88,180.97,0.03,1820.80,52.00,0.21
1430500,37.88,178.19,0.03,1784.40,50.00,0.21
1431000,37.88,180.27,0.02,1802.10,50.00,0.20
1431500,37.88,180.60,0.03,1801.50,50.00,0.21
1432000,37.88,181.82,0.03,1817.30,52.00,0.21
1432500,37.88,178.45,0.03,1782.90,42.00,0.21
1433000,37.88,177.68,0.03,1785.90,50.00,0.21
1433500,37.88,182.62,0.03,1822.50,52.00,0.21
1434000,37.94,182.49,0.03,1823.40,52.00,0.21
1434500,37.88,184.68,0.03,1858.10,58.00,0.21
1435000,37.88,184.28,0.03,1843.50,52.00,0.21
1435500,37.81,183.45,0.03,1833.80,58.00,0.21
1436000,37.88,184.75,0.03,1847.10,52.00,0.22
1436500,37.88,187.80,0.03,1878.20,58.00,0.22
1437000,37.88,186.72,0.03,1868.70,58.00,0.22
1437500,37.88,185.58,0.03,1855.20,52.00,0.21
1438000,37.88,190.57,0.03,1905.50,52.00,0.22
1438500,37.88,190.75,0.03,1908.90,52.00,0.22
1439000,37.88,190.05,0.03,1899.80,62.00,0.22
1439500,37.81,189.23,0.03,1892.70,58.00,0.22
1440000,37.81,190.24,0.03,1902.40,62.00,0.22
1440500,37.75,190.29,0.03,1903.30,68.00,0.22
1441000,37.75,190.34,0.03,1902.90,62.00,0.22
1441500,37.81,189.78,0.03,1897.00,62.00,0.22
1442000,37.75,190.11,0.03,1902.90,62.00,0.22
1442500,37.81,190.08,0.03,1902.30,62.00,0.22
1443000,37.81,190.28,0.04,1902.00,62.00,0.23
1443500,37.81,190.45,0.03,1903.50,62.00,0.22
1444000,37.81,189.95,0.03,1899.00,62.00,0.22
1444500,37.88,190.17,0.03,1902.80,68.00,0.22
1445000,37.81,190.12,0.03,1903.80,62.00,0.22
1445500,37.88,189.87,0.03,1899.60,62.00,0.22
1446000,37.88,190.44,0.03,1905.10,62.00,0.22
1446500,37.88,190.14,0.03,1899.30,62.00,0.22
1447000,37.88,189.93,0.03,1898.60,62.00,0.22
1447500,37.94,189.95,0.03,1898.60,62.00,0.22
1448000,37.94,189.99,0.03,1900.00,68.00,0.22
1448500,37.94,190.59,0.03,1905.40,68.00,0.22
1449000,38.00,190.20,0.03,1902.40,52.00,0.22
1449500,38.00,190.64,0.03,1906.50,52.00,0.22
1450000,38.00,189.85,0.03,1898.10,62.00,0.22
1450500,38.00,189.45,0.03,1894.40,62.00,0.22
1451000,38.00,189.74,0.03,1897.10,68.00,0.22
1451500,37.94,189.58,0.03,1896.50,62.00,0.22
1452000,38.00,190.44,0.04,1908.40,62.00,0.23
1452500,38.00,190.20,0.04,1900.20,62.00,0.23
1453000,38.00,189.58,0.03,1888.80,58.00,0.22
1453500,38.06,188.33,0.03,1881.20,52.00,0.22
1454000,38.06,187.52,0.03,1881.80,58.00,0.22
1454500,38.06,189.77,0.03,1899.70,62.00,0.22
1455000,38.06,188.13,0.03,1885.90,58.00,0.22
1455500,38.13,187.81,0.03,1879.80,58.00,0.22
1456000,38.13,193.90,0.03,1938.50,62.00,0.23
1456500,38.13,193.67,0.04,1936.50,68.00,0.23
1457000,38.13,193.36,0.04,1928.40,62.00,0.23
1457500,38.13,191.97,0.04,1921.40,62.00,0.23
1458000,38.13,191.27,0.04,1912.80,62.00,0.23
1458500,38.19,188.30,0.03,1892.80,58.00,0.22
1459000,38.19,189.89,0.04,1895.60,62.00,0.23
1459500,38.19,188.85,0.03,1886.70,52.00,0.22
1460000,38.19,189.68,0.03,1908.40,62.00,0.22
1460500,38.13,190.25,0.03,1902.00,62.00,0.22
1461000,38.13,189.11,0.03,1905.40,58.00,0.22
1461500,38.19,190.22,0.03,1901.60,62.00,0.22
1462000,38.19,186.09,0.03,1871.90,58.00,0.21
1462500,38.19,189.33,0.03,1888.20,52.00,0.22
1463000,38.19,188.16,0.03,1881.80,52.00,0.22
1463500,38.19,187.11,0.03,1872.60,58.00,0.22
1464000,38.25,188.55,0.03,1885.00,58.00,0.22
1464500,38.25,188.94,0.03,1889.20,52.00,0.22
1465000,38.25,188.19,0.03,1879.80,58.00,0.22
1465500,38.25,187.05,0.03,1876.80,58.00,0.22
1466000,38.25,188.21,0.03,1892.70,62.00,0.22
1466500,38.25,190.01,0.03,1897.90,62.00,0.22
1467000,38.25,185.05,0.03,1851.20,52.00,0.21
1467500,38.25,190.27,0.03,1903.00,52.00,0.22
1468000,38.25,188.55,0.03,1883.90,58.00,0.22
1468500,38.25,186.70,0.03,1852.90,58.00,0.21
1469000,38.25,187.25,0.03,1870.60,58.00,0.22
1469500,38.25,192.78,0.03,1932.20,62.00,0.22
1470000,38.25,189.67,0.03,1897.70,62.00,0.22
1470500,38.25,192.06,0.04,1924.40,68.00,0.23
1471000,38.25,191.90,0.03,1913.80,62.00,0.22
1471500,38.25,191.92,0.03,1918.70,62.00,0.22
1472000,38.19,192.13,0.04,1920.70,62.00,0.23
1472500,38.25,190.55,0.03,1910.80,62.00,0.22
1473000,38.25,193.12,0.04,1927.70,62.00,0.23
1473500,38.25,192.98,0.03,1929.80,62.00,0.22
1474000,38.25,191.86,0.04,1918.80,62.00,0.23
1474500,38.25,191.14,0.04,1911.80,68.00,0.23
1475000,38.25,191.09,0.04,1909.40,62.00,0.23
1475500,38.25,192.39,0.03,1923.90,68.00,0.22
1476000,38.25,189.53,0.03,1895.40,62.00,0.22
1476500,38.25,192.92,0.03,1924.90,62.00,0.22
1477000,38.31,193.50,0.04,1931.90,62.00,0.23
1477500,38.31,192.08,0.03,1931.70,62.00,0.22
1478000,38.31,192.49,0.03,1923.70,62.00,0.22
1478500,38.38,192.67,0.03,1920.90,62.00,0.22
1479000,38.38,190.74,0.03,1909.10,62.00,0.22
1479500,38.38,189.98,0.03,1891.10,52.00,0.22
1480000,38.44,189.08,0.03,1890.20,58.00,0.22
1480500,38.44,190.23,0.04,1903.00,62.00,0.23
1481000,38.44,191.15,0.03,1932.90,62.00,0.22
1481500,38.44,194.04,0.03,1942.10,62.00,0.23
1482000,38.44,190.91,0.04,1908.90,62.00,0.23
1482500,38.50,189.78,0.03,1893.40,68.00,0.22
1483000,38.50,188.37,0.03,1882.20,58.00,0.22
1483500,38.50,190.94,0.03,1909.40,62.00,0.22
1484000,38.50,189.47,0.03,1894.80,62.00,0.22
1484500,38.56,192.13,0.04,1922.90,62.00,0.23
1485000,38.56,189.07,0.03,1888.60,62.00,0.22
1485500,38.56,190.66,0.03,1903.00,62.00,0.22
1486000,38.63,192.91,0.03,1930.50,62.00,0.22
1486500,38.63,192.49,0.03,1924.70,62.00,0.22
1487000,38.63,194.52,0.04,1946.70,68.00,0.23
1487500,38.69,192.09,0.03,1920.00,62.00,0.22
1488000,38.69,194.74,0.03,1947.60,68.00,0.23
1488500,38.69,192.87,0.04,1927.30,62.00,0.23
1489000,38.69,195.64,0.03,1955.60,72.00,0.23
1489500,38.75,192.61,0.03,1929.10,62.00,0.22
1490000,38.75,194.70,0.04,1946.50,62.00,0.23
1490500,38.75,193.81,0.03,1937.50,68.00,0.23
1491000,38.75,193.30,0.04,1932.80,68.00,0.23
1491500,38.75,193.89,0.03,1937.60,62.00,0.23
1492000,38.75,193.78,0.03,1937.40,68.00,0.23
1492500,38.81,193.40,0.04,1933.90,62.00,0.23
1493000,38.81,192.45,0.03,1923.80,68.00,0.22
1493500,38.81,192.67,0.04,1927.10,62.00,0.23
1494000,38.81,191.76,0.03,1916.50,62.00,0.22
1494500,38.81,192.88,0.03,1928.80,62.00,0.22
1495000,38.81,192.92,0.04,1930.60,68.00,0.23
1495500,38.81,193.02,0.04,1929.80,62.00,0.23
1496000,38.81,193.15,0.04,1932.70,78.00,0.23
1496500,38.81,194.90,0.04,1948.60,68.00,0.23
1497000,38.88,193.19,0.04,1931.80,62.00,0.23
1497500,38.88,196.32,0.04,1962.40,72.00,0.23
1498000,38.88,192.89,0.04,1928.70,68.00,0.23
1498500,38.88,192.95,0.04,1929.30,62.00,0.23
1499000,38.88,194.03,0.03,1938.50,68.00,0.23
1499500,38.88,192.64,0.04,1926.00,52.00,0.23
1500000,38.88,192.02,0.04,1919.20,62.00,0.23
1500500,38.88,191.32,0.03,1909.60,62.00,0.22
1501000,38.94,193.45,0.03,1934.70,62.00,0.23
1501500,38.94,194.12,0.03,1940.60,68.00,0.23
1502000,38.94,193.32,0.04,1933.80,68.00,0.23
1502500,38.94,193.11,0.03,1931.80,62.00,0.23
1503000,38.94,191.74,0.04,1917.50,68.00,0.23
1503500,39.00,191.38,0.04,1913.50,68.00,0.23
1504000,39.00,191.42,0.04,1913.90,62.00,0.23
1504500,39.00,192.61,0.04,1926.80,62.00,0.23
1505000,39.00,191.91,0.03,1920.70,62.00,0.22
1505500,39.00,192.82,0.03,1928.30,68.00,0.22
1506000,39.06,192.79,0.04,1928.10,68.00,0.23
1506500,39.06,192.11,0.03,1920.70,68.00,0.22
1507000,39.06,191.87,0.03,1918.90,62.00,0.22
1507500,39.06,192.40,0.04,1924.50,68.00,0.23
1508000,39.13,192.07,0.03,1921.20,62.00,0.22
1508500,39.13,191.75,0.03,1917.80,68.00,0.22
1509000,39.13,193.17,0.03,1931.60,62.00,0.23
1509500,39.13,192.88,0.04,1929.70,68.00,0.23
1510000,39.13,191.79,0.03,1922.00,62.00,0.22
1510500,39.13,192.86,0.04,1928.50,68.00,0.23
1511000,39.19,192.13,0.03,1921.80,68.00,0.22
1511500,39.19,192.82,0.04,1928.70,68.00,0.23
1512000,39.19,192.53,0.04,1928.00,62.00,0.23
1512500,39.19,192.47,0.04,1924.70,68.00,0.23
1513000,39.25,192.92,0.04,1928.90,68.00,0.23
1513500,39.19,192.91,0.03,1928.80,62.00,0.22
1514000,39.19,192.84,0.04,1928.00,62.00,0.23
1514500,39.19,192.75,0.04,1927.60,68.00,0.23
1515000,39.19,193.51,0.04,1935.20,62.00,0.23
1515500,39.19,195.81,0.04,1959.60,62.00,0.23
1516000,39.25,192.85,0.04,1948.60,62.00,0.23
1516500,39.25,193.13,0.04,1931.40,68.00,0.23
1517000,39.25,193.45,0.03,1934.30,62.00,0.23
1517500,39.31,193.93,0.04,1939.40,62.00,0.23
1518000,39.25,194.01,0.04,1939.90,68.00,0.23
1518500,39.31,196.54,0.04,1966.00,72.00,0.23
1519000,39.31,192.92,0.03,1931.50,68.00,0.22
1519500,39.31,193.31,0.04,1933.70,68.00,0.23
1520000,39.31,196.32,0.04,1935.90,68.00,0.23
1520500,39.31,196.23,0.04,1961.00,72.00,0.23
1521000,39.31,195.33,0.04,1947.30,68.00,0.23
1521500,39.31,193.09,0.03,1930.30,68.00,0.23
1522000,39.31,193.17,0.04,1950.50,68.00,0.23
1522500,39.31,193.37,0.04,1933.10,62.00,0.23
1523000,39.31,196.22,0.04,1962.40,62.00,0.23
1523500,39.31,195.98,0.04,1944.20,68.00,0.23
1524000,39.31,194.09,0.04,1941.20,68.00,0.23
1524500,39.31,193.13,0.04,1931.10,68.00,0.23
1525000,39.31,193.12,0.04,1929.40,68.00,0.23
1525500,39.31,192.46,0.04,1925.00,62.00,0.23
1526000,39.31,195.65,0.04,1956.20,68.00,0.23
1526500,39.31,193.50,0.03,1936.70,68.00,0.23
1527000,39.31,190.21,0.03,1901.10,68.00,0.22
1527500,39.38,191.52,0.04,1921.10,68.00,0.23
1528000,39.38,192.19,0.03,1924.40,62.00,0.22
1528500,39.38,188.51,0.03,1883.30,62.00,0.22
1529000,39.44,189.98,0.03,1899.80,68.00,0.22
1529500,39.44,191.87,0.04,1911.30,68.00,0.23
1530000,39.44,190.24,0.04,1906.80,62.00,0.23
1530500,39.44,190.38,0.04,1904.30,68.00,0.23
1531000,39.44,190.11,0.04,1900.70,62.00,0.23
1531500,39.50,192.37,0.03,1908.30,68.00,0.22
1532000,39.50,191.09,0.03,1907.80,62.00,0.22
1532500,39.50,188.37,0.03,1883.80,58.00,0.22
1533000,39.50,191.90,0.03,1931.20,62.00,0.22
1533500,39.50,191.25,0.03,1904.80,62.00,0.22
1534000,39.56,191.19,0.04,1927.10,62.00,0.23
1534500,39.56,190.64,0.03,1905.90,62.00,0.22
1535000,39.56,191.93,0.03,1919.40,62.00,0.22
1535500,39.56,190.74,0.03,1916.80,68.00,0.22
1536000,39.56,193.59,0.04,1935.50,68.00,0.23
1536500,39.56,193.34,0.03,1934.20,68.00,0.23
1537000,39.56,190.39,0.03,1905.60,62.00,0.22
1537500,39.63,189.67,0.03,1896.80,62.00,0.22
1538000,39.63,192.41,0.04,1924.20,62.00,0.23
1538500,39.63,190.72,0.03,1919.20,62.00,0.22
1539000,39.63,192.12,0.04,1921.30,62.00,0.23
1539500,39.63,190.48,0.03,1904.00,62.00,0.22
1540000,39.63,190.93,0.03,1907.90,52.00,0.22
1540500,39.63,189.91,0.04,1899.10,52.00,0.23
1541000,39.56,191.36,0.03,1913.40,62.00,0.22
1541500,39.56,192.96,0.03,1913.40,68.00,0.22
1542000,39.50,192.82,0.03,1914.30,62.00,0.22
1542500,39.50,191.46,0.04,1913.30,62.00,0.23
1543000,39.50,192.43,0.03,1907.50,62.00,0.22
1543500,39.50,189.56,0.03,1897.80,62.00,0.22
1544000,39.50,190.00,0.03,1899.80,68.00,0.22
1544500,39.50,195.11,0.03,1945.70,68.00,0.23
1545000,39.50,193.24,0.04,1931.60,62.00,0.23
1545500,39.50,190.91,0.03,1907.80,62.00,0.22
1546000,39.50,192.07,0.03,1917.30,62.00,0.22
1546500,39.50,188.42,0.03,1916.50,62.00,0.22
1547000,39.50,191.49,0.03,1914.60,68.00,0.22
1547500,39.56,190.77,0.03,1909.50,62.00,0.22
1548000,39.56,189.66,0.03,1897.20,68.00,0.22
1548500,39.63,192.40,0.04,1922.70,68.00,0.23
1549000,39.63,194.18,0.03,1922.40,62.00,0.23
1549500,39.63,195.86,0.03,1956.70,68.00,0.23
1550000,39.63,193.21,0.04,1948.00,68.00,0.23
1550500,39.69,194.64,0.04,1949.00,68.00,0.23
1551000,39.69,195.10,0.04,1949.80,68.00,0.23
1551500,39.75,192.97,0.03,1927.80,68.00,0.22
1552000,39.75,194.34,0.03,1925.30,68.00,0.23
1552500,39.75,192.38,0.04,1923.30,62.00,0.23
1553000,39.75,192.48,0.03,1924.70,68.00,0.22
1553500,39.69,192.21,0.04,1922.30,62.00,0.23
1554000,39.75,191.53,0.03,1915.90,62.00,0.22
1554500,39.75,191.27,0.03,1912.30,68.00,0.22
1555000,39.75,192.10,0.04,1916.10,68.00,0.23
1555500,39.69,191.65,0.03,1913.90,62.00,0.22
1556000,39.69,192.78,0.03,1927.20,62.00,0.22
1556500,39.69,190.28,0.03,1902.60,62.00,0.22
1557000,39.69,193.24,0.03,1932.80,68.00,0.23
1557500,39.63,192.63,0.04,1931.70,68.00,0.23
1558000,39.69,192.61,0.03,1922.40,68.00,0.22
1558500,39.69,192.33,0.04,1922.90,76.00,0.23
1559000,39.81,192.43,0.03,1922.90,68.00,0.22
1559500,39.81,191.03,0.03,1914.50,62.00,0.22
1560000,39.88,190.79,0.04,1908.20,68.00,0.23
1560500,39.88,190.76,0.03,1892.20,58.00,0.22
1561000,39.88,195.16,0.04,1954.40,68.00,0.23
1561500,39.94,194.51,0.04,1945.80,68.00,0.23
1562000,39.88,193.95,0.03,1925.40,68.00,0.23
1562500,39.94,191.39,0.03,1914.90,68.00,0.22
1563000,39.94,193.00,0.04,1931.30,68.00,0.23
1563500,39.94,194.44,0.03,1943.50,62.00,0.23
1564000,39.94,193.04,0.03,1933.00,68.00,0.23
1564500,40.00,191.82,0.04,1919.00,62.00,0.23
1565000,40.00,193.55,0.04,1939.90,68.00,0.23
1565500,40.06,195.29,0.04,1951.70,68.00,0.23
1566000,40.06,192.99,0.04,1929.60,68.00,0.23
1566500,40.13,191.79,0.03,1916.40,68.00,0.22
1567000,40.13,194.62,0.04,1927.20,62.00,0.23
1567500,40.13,191.76,0.04,1915.40,62.00,0.23
1568000,40.19,190.50,0.03,1908.10,52.00,0.22
1568500,40.19,190.95,0.03,1910.70,68.00,0.22
1569000,40.19,192.74,0.04,1927.10,62.00,0.23
1569500,40.25,190.92,0.03,1908.20,68.00,0.22
1570000,40.25,190.40,0.03,1906.10,62.00,0.22
1570500,40.25,193.02,0.04,1930.60,68.00,0.23
1571000,40.31,190.71,0.03,1906.50,62.00,0.22
1571500,40.31,191.62,0.03,1914.10,62.00,0.22
1572000,40.31,191.76,0.03,1916.80,62.00,0.22
1572500,40.38,190.28,0.04,1902.80,62.00,0.23
1573000,40.38,189.33,0.03,1909.00,68.00,0.22
1573500,40.38,194.12,0.04,1941.80,62.00,0.23
1574000,40.44,191.95,0.03,1907.40,68.00,0.22
1574500,40.44,192.55,0.04,1926.00,62.00,0.23
1575000,40.50,191.35,0.04,1901.70,68.00,0.23
1575500,40.50,190.74,0.03,1913.30,62.00,0.22
1576000,40.50,194.90,0.04,1948.70,72.00,0.23
1576500,40.56,190.62,0.04,1903.90,52.00,0.23
1577000,40.56,190.09,0.03,1902.10,52.00,0.22
1577500,40.56,193.53,0.04,1939.70,62.00,0.23
1578000,40.63,192.38,0.03,1921.40,68.00,0.22
1578500,40.63,193.33,0.04,1932.20,62.00,0.23
1579000,40.63,193.20,0.04,1929.50,68.00,0.23
1579500,40.63,193.55,0.04,1934.80,62.00,0.23
1580000,40.69,192.81,0.04,1938.40,68.00,0.23
1580500,40.69,193.18,0.03,1937.60,68.00,0.23
1581000,40.69,194.73,0.03,1946.90,68.00,0.23
1581500,40.69,193.96,0.03,1943.90,68.00,0.23
1582000,40.75,195.11,0.04,1948.20,68.00,0.23
1582500,40.75,195.78,0.04,1960.60,62.00,0.23
1583000,40.75,192.40,0.04,1923.60,62.00,0.23
1583500,40.75,193.91,0.04,1936.80,68.00,0.23
1584000,40.75,192.80,0.03,1928.00,62.00,0.22
1584500,40.75,193.30,0.04,1932.70,68.00,0.23
1585000,40.81,194.02,0.04,1936.40,62.00,0.23
1585500,40.81,195.77,0.04,1953.30,68.00,0.23
1586000,40.81,193.98,0.04,1941.60,62.00,0.23
1586500,40.81,193.40,0.03,1943.10,68.00,0.23
1587000,40.81,193.67,0.04,1936.90,62.00,0.23
1587500,40.88,193.38,0.04,1941.10,62.00,0.23
1588000,40.88,194.73,0.04,1946.20,68.00,0.23
1588500,40.88,195.42,0.03,1932.30,62.00,0.23
1589000,40.88,193.49,0.04,1934.80,62.00,0.23
1589500,40.88,196.71,0.04,1967.00,72.00,0.23
1590000,40.88,193.16,0.03,1927.30,68.00,0.23
1590500,40.94,195.82,0.04,1961.30,68.00,0.23
1591000,40.94,196.07,0.04,1961.60,62.00,0.23
1591500,40.94,196.66,0.03,1965.60,62.00,0.23
1592000,40.94,194.58,0.04,1946.30,68.00,0.23
1592500,40.94,191.93,0.04,1910.30,62.00,0.23
1593000,40.94,193.54,0.03,1934.80,62.00,0.23
1593500,41.00,194.72,0.04,1949.00,62.00,0.23
1594000,41.00,193.60,0.04,1948.60,68.00,0.23
1594500,41.00,193.52,0.04,1973.80,72.00,0.23
1595000,41.00,193.32,0.04,1932.50,68.00,0.23
1595500,41.00,191.50,0.03,1913.00,62.00,0.22
1596000,41.06,191.60,0.03,1924.20,68.00,0.22
1596500,41.06,190.42,0.04,1906.90,68.00,0.23
1597000,41.06,191.50,0.03,1917.20,68.00,0.22
1597500,41.06,193.97,0.04,1943.10,68.00,0.23
1598000,41.06,194.59,0.03,1945.30,68.00,0.23
1598500,41.06,192.58,0.03,1924.00,62.00,0.22
1599000,41.06,192.91,0.04,1931.20,68.00,0.23
1599500,41.06,194.01,0.03,1966.00,72.00,0.23
1600000,41.13,193.33,0.04,1935.10,62.00,0.23
1600500,41.13,193.40,0.03,1933.70,78.00,0.23
1601000,41.13,194.65,0.03,1943.50,68.00,0.23
1601500,41.13,192.50,0.03,1925.10,68.00,0.22
1602000,41.13,194.14,0.04,1941.80,68.00,0.23
1602500,41.13,195.47,0.04,1954.70,68.00,0.23
1603000,41.13,195.35,0.04,1953.30,62.00,0.23
1603500,41.13,197.91,0.04,1959.00,78.00,0.24
1604000,41.13,199.18,0.04,1991.40,72.00,0.24
1604500,41.13,201.49,0.04,2016.30,72.00,0.24
1605000,41.19,198.33,0.04,1999.90,72.00,0.23
1605500,41.19,199.15,0.04,1991.00,72.00,0.24
1606000,41.19,198.00,0.04,1981.00,72.00,0.24
1606500,41.25,201.15,0.04,2011.40,72.00,0.24
1607000,41.31,201.92,0.04,2014.10,82.00,0.24
1607500,41.25,201.37,0.04,2008.10,72.00,0.24
1608000,41.31,201.92,0.04,2016.70,82.00,0.24
1608500,41.31,201.60,0.04,2013.90,72.00,0.24
1609000,41.25,200.70,0.04,2014.60,82.00,0.24
1609500,41.31,201.53,0.04,2011.80,82.00,0.24
1610000,41.31,199.83,0.04,2009.00,78.00,0.24
1610500,41.31,198.50,0.04,1985.40,72.00,0.24
1611000,41.31,201.09,0.04,2008.40,72.00,0.24
1611500,41.38,197.92,0.04,1979.50,72.00,0.23
1612000,41.38,197.22,0.04,1973.00,72.00,0.23
1612500,41.31,197.58,0.04,1973.50,62.00,0.23
1613000,41.38,199.25,0.04,1985.70,72.00,0.24
1613500,41.38,197.87,0.04,1979.40,72.00,0.23
1614000,41.44,197.12,0.04,1972.00,72.00,0.23
1614500,41.38,197.60,0.04,1975.80,72.00,0.23
1615000,41.31,197.73,0.04,1977.90,78.00,0.23
1615500,41.38,198.76,0.04,1986.80,72.00,0.23
1616000,41.38,198.70,0.04,1986.50,78.00,0.23
1616500,41.38,198.43,0.04,1984.70,62.00,0.23
1617000,41.38,198.08,0.04,1980.90,72.00,0.23
1617500,41.31,198.01,0.04,1980.80,72.00,0.23
1618000,41.38,198.33,0.04,1982.90,72.00,0.24
1618500,41.31,200.73,0.04,1999.90,72.00,0.24
1619000,41.38,199.64,0.04,2017.60,82.00,0.24
1619500,41.38,197.69,0.04,1976.50,78.00,0.24
1620000,41.31,197.74,0.04,1977.50,72.00,0.23
1620500,41.38,197.09,0.04,1970.90,72.00,0.23
1621000,41.38,198.56,0.04,1986.10,78.00,0.23
1621500,41.44,196.89,0.04,1969.20,72.00,0.23
1622000,41.38,196.67,0.04,1967.50,72.00,0.23
1622500,41.38,197.09,0.04,1971.50,72.00,0.24
1623000,41.44,195.71,0.04,1966.00,68.00,0.23
1623500,41.38,197.28,0.04,1972.30,72.00,0.23
1624000,41.50,197.24,0.04,1972.90,72.00,0.24
1624500,41.44,196.77,0.04,1970.20,72.00,0.23
1625000,41.50,193.75,0.04,1937.80,62.00,0.23
1625500,41.50,194.11,0.04,1938.70,62.00,0.23
1626000,41.50,196.63,0.04,1962.60,78.00,0.23
1626500,41.50,197.11,0.04,1971.40,72.00,0.23
1627000,41.50,198.48,0.04,1984.70,72.00,0.23
1627500,41.50,197.34,0.04,1973.30,72.00,0.23
1628000,41.50,197.27,0.04,1971.50,72.00,0.23
1628500,41.50,199.16,0.04,1991.60,78.00,0.24
1629000,41.56,200.47,0.04,2003.90,72.00,0.24
1629500,41.56,200.21,0.04,2000.30,72.00,0.24
1630000,41.56,200.87,0.04,2008.90,82.00,0.24
1630500,41.56,200.75,0.04,2007.50,82.00,0.24
1631000,41.56,200.59,0.04,2005.50,72.00,0.24
1631500,41.56,200.36,0.04,2004.40,78.00,0.24
1632000,41.63,197.91,0.04,1978.90,72.00,0.23
1632500,41.63,199.82,0.04,1997.20,72.00,0.24
1633000,41.63,199.85,0.04,1997.20,72.00,0.24
1633500,41.63,199.94,0.04,2002.40,72.00,0.24
1634000,41.63,200.30,0.04,2002.80,78.00,0.24
1634500,41.63,200.37,0.04,2008.20,82.00,0.24
1635000,41.63,200.31,0.04,2004.70,72.00,0.24
1635500,41.69,200.16,0.04,2002.70,78.00,0.24
1636000,41.69,199.76,0.04,1993.40,72.00,0.24
1636500,41.75,198.95,0.04,1996.00,72.00,0.23
1637000,41.75,198.49,0.04,1984.40,72.00,0.23
1637500,41.75,201.17,0.04,2007.10,72.00,0.24
1638000,41.75,199.19,0.04,1991.50,72.00,0.24
1638500,41.75,199.56,0.04,1996.60,72.00,0.24
1639000,41.75,198.85,0.04,1988.80,72.00,0.23
1639500,41.75,198.46,0.04,1982.00,72.00,0.24
1640000,41.81,200.27,0.04,2002.20,78.00,0.24
1640500,41.88,198.32,0.04,1983.40,72.00,0.23
1641000,41.81,197.19,0.04,1974.00,62.00,0.23
1641500,41.88,199.52,0.04,1996.80,72.00,0.24
1642000,41.88,202.34,0.04,2024.30,72.00,0.24
1642500,41.88,200.30,0.04,2002.30,72.00,0.24
1643000,41.88,198.01,0.04,1970.20,72.00,0.23
1643500,41.88,199.72,0.04,1997.20,72.00,0.24
1644000,41.94,195.95,0.04,1957.90,72.00,0.23
1644500,41.94,201.23,0.04,2025.10,82.00,0.24
1645000,41.94,200.37,0.04,1995.40,78.00,0.24
1645500,42.00,197.15,0.04,1985.20,78.00,0.23
1646000,42.00,195.86,0.04,1963.10,72.00,0.23
1646500,42.00,200.63,0.04,1999.00,78.00,0.24
1647000,42.00,199.80,0.04,1998.00,78.00,0.24
1647500,42.06,197.09,0.04,1972.50,72.00,0.23
1648000,42.00,-0.01,3.98,-0.30,0.00,3.98
1648500,42.00,-0.04,3.98,-0.10,0.00,3.98
1649000,42.06,0.00,3.98,-0.20,0.00,3.98
1649500,42.06,-0.02,3.98,0.00,0.00,3.98
1650000,42.06,-0.02,3.98,-0.10,0.00,3.98
1650500,42.06,-0.04,3.98,-0.10,0.00,3.98
1651000,42.13,-0.03,3.98,-0.20,0.00,3.98
1651500,42.13,0.01,3.98,-0.20,0.00,3.98
1652000,42.13,-0.03,3.98,-0.10,0.00,3.98
1652500,42.19,-0.01,3.98,-0.20,0.00,3.98
1653000,42.19,-0.03,3.98,-0.30,0.00,3.98
1653500,42.19,-0.01,3.98,-0.30,0.00,3.98
