"Time (s)","Acceleration x (m/s^2)","Acceleration y (m/s^2)","Acceleration z (m/s^2)","Absolute acceleration (m/s^2)"
2.727875020E-3,-4.100123749E0,7.247179413E0,5.283263397E0,9.861313113E0
1.267841668E-2,-3.516936493E0,6.799161072E0,5.427713013E0,9.383895893E0
2.263141668E-2,-3.415746918E0,7.316934357E0,5.139262848E0,9.571670596E0
3.258441668E-2,-3.793411560E0,7.926466827E0,4.528981934E0,9.885875024E0
4.253641667E-2,-3.742816772E0,8.055498505E0,4.769980774E0,1.008228397E1
5.248941667E-2,-3.878584442E0,8.091573486E0,5.094505920E0,1.031847708E1
6.244241667E-2,-4.366270294E0,8.255632324E0,5.014871521E0,1.060041121E1
7.239441667E-2,-4.565505981E0,8.099806366E0,4.904251556E0,1.051201177E1
8.234741667E-2,-4.461771698E0,7.615114288E0,4.793930969E0,1.004386113E1
9.229941666E-2,-4.358187103E0,7.263196106E0,4.694986725E0,9.684560540E0
1.022524167E-1,-4.379891968E0,7.219337311E0,4.695735168E0,9.661894929E0
1.122054167E-1,-4.156855774E0,7.136110382E0,5.129832458E0,9.722072946E0
1.221574167E-1,-3.865112457E0,7.114106140E0,5.989045715E0,1.007066378E1
1.321104167E-1,-3.512296143E0,7.250622253E0,6.343209229E0,1.025397731E1
1.420634167E-1,-3.182980957E0,7.115603027E0,6.217919769E0,9.971243677E0
1.520154167E-1,-2.984942780E0,6.799161072E0,6.206244049E0,9.677599903E0
1.619684167E-1,-2.845881958E0,6.440656586E0,6.018384705E0,9.262939913E0
1.719214167E-1,-3.271596680E0,4.589905243E0,6.311774597E0,8.462214458E0
1.818734166E-1,-1.130299530E0,5.442083130E0,7.514673157E0,9.346879612E0
1.918264166E-1,3.370989990E-1,7.733069000E0,6.215674438E0,9.927164783E0
2.017784166E-1,-5.307962036E-1,4.479135590E0,5.632786560E0,7.216140566E0
2.117314166E-1,6.906637573E-1,5.015919342E0,6.887327728E0,8.548201361E0
2.216844166E-1,1.128203888E0,6.002667389E0,6.590345306E0,8.985405447E0
2.316364166E-1,1.471889191E0,4.319268036E0,6.783294067E0,8.175305044E0
2.415894166E-1,2.605631561E0,3.157533875E0,6.299649811E0,7.512983678E0
2.515424166E-1,2.162552948E0,3.388802948E0,7.657176819E0,8.648293329E0
2.614944166E-1,2.424957275E-2,5.473068695E0,6.418502655E0,8.435179033E0
2.714474166E-1,-2.927612000E0,5.120851135E0,6.624773712E0,8.870268040E0
2.814004166E-1,-3.216960297E0,4.361929321E0,7.275769958E0,9.072601030E0
2.913524166E-1,-2.510728912E0,4.252955933E0,7.714357910E0,9.159842346E0
3.013054166E-1,-2.043251038E0,4.928052063E0,8.831634521E0,1.031786510E1
3.112574167E-1,-1.092128906E0,6.283782806E0,9.530680847E0,1.146789210E1
3.212104167E-1,2.737806702E-1,7.065157928E0,1.041070084E1,1.258467736E1
3.311634167E-1,1.982178040E0,8.186925201E0,1.096215408E1,1.382474579E1
3.411154167E-1,3.366199951E0,1.088596252E1,1.129311584E1,1.604275374E1
3.510684167E-1,3.417692871E0,1.299687286E1,1.156659714E1,1.773091927E1
3.610214167E-1,2.857557678E0,1.377899643E1,1.000145187E1,1.726428157E1
3.709734167E-1,1.549727325E0,1.402343811E1,8.994196472E0,1.673182720E1
3.809264167E-1,2.062710571E-1,1.382195709E1,9.151519318E0,1.657827951E1
3.908794167E-1,3.508703613E-1,1.277189072E1,1.027732819E1,1.639718809E1
4.008314167E-1,1.332379303E0,1.052386551E1,1.200308945E1,1.601877449E1
4.107844167E-1,1.258283386E0,8.766519928E0,1.299941757E1,1.572959014E1
4.207364167E-1,3.570075989E-1,7.533833313E0,1.319790482E1,1.520101281E1
4.306894167E-1,-7.777825928E-1,5.918692017E0,1.283281403E1,1.415333801E1
4.406424167E-1,-2.291734314E0,4.425696716E0,1.235171448E1,1.331929758E1
4.505944167E-1,-3.613934784E0,3.038681030E0,1.157737473E1,1.250318810E1
4.605474167E-1,-4.498744812E0,1.609902191E0,1.035157379E1,1.140112143E1
4.705004167E-1,-5.082381134E0,5.041516113E-1,8.284372559E0,9.732193768E0
4.804524167E-1,-5.804329834E0,-4.186793518E-1,5.829776917E0,8.237222597E0
4.904054167E-1,-6.978787537E0,-9.993218994E-1,4.010310516E0,8.110777409E0
5.003584167E-1,-8.100405121E0,-1.467248840E0,2.606080627E0,8.634873393E0
5.103104167E-1,-8.571475525E0,-1.732197876E0,1.244961090E0,8.832928748E0
5.202634167E-1,-8.489446106E0,-1.712738342E0,5.224136353E-2,8.660652226E0
5.302154167E-1,-8.546477509E0,-1.148860931E0,-3.848497009E-1,8.631933071E0
5.401684167E-1,-8.688831482E0,-1.835183716E-1,-8.337661743E-2,8.691169264E0
5.501214167E-1,-8.615783386E0,7.572752380E-1,2.511776733E-1,8.652645802E0
5.600734167E-1,-8.159083099E0,1.563049622E0,3.941304016E-1,8.316796253E0
5.700264167E-1,-8.055348816E0,2.467768250E0,8.842112732E-1,8.471148343E0
5.799794167E-1,-8.291707306E0,3.332370300E0,1.534010010E0,9.066988948E0
5.899314167E-1,-7.725584564E0,3.665727081E0,2.091151428E0,8.803131613E0
5.998844167E-1,-7.464677124E0,4.077221375E0,3.065924377E0,9.041295869E0
6.098374167E-1,-7.565717010E0,4.563260651E0,4.342619476E0,9.844885249E0
6.197894167E-1,-7.367978210E0,4.853058014E0,5.223537598E0,1.025302980E1
6.297424167E-1,-6.822811890E0,4.946014709E0,5.968089294E0,1.032627297E1
6.396944167E-1,-6.250701599E0,4.814438324E0,6.508016510E0,1.022762757E1
6.496474167E-1,-5.848488007E0,4.684658203E0,6.607110443E0,9.990232372E0
6.596004167E-1,-5.583688660E0,4.713697815E0,6.610553284E0,9.853727257E0
6.695524167E-1,-5.487588501E0,4.666545868E0,6.626270599E0,9.787631989E0
6.795054167E-1,-5.189707947E0,4.488416290E0,6.627617798E0,9.539615665E0
6.894584167E-1,-5.021457825E0,4.684658203E0,6.709946594E0,9.601273065E0
6.994104167E-1,-4.686155090E0,5.280718689E0,6.702462158E0,9.734939054E0
7.093634167E-1,-4.109105072E0,6.065686340E0,6.857539673E0,1.003509570E1
7.193164167E-1,-3.578308868E0,6.799909515E0,6.762936401E0,1.023622843E1
7.292684166E-1,-3.098556519E0,7.392227783E0,6.141129456E0,1.009750242E1
7.392214166E-1,-3.272943878E0,7.762258301E0,5.303770752E0,9.954637098E0
7.491734166E-1,-3.510050812E0,7.665260010E0,4.437821503E0,9.527377782E0
7.591264166E-1,-3.020419006E0,7.527696075E0,4.370162201E0,9.213438926E0
7.690794166E-1,-2.554438019E0,7.669900360E0,4.823868713E0,9.413938309E0
7.790314166E-1,-2.496807861E0,8.331225128E0,4.872517548E0,9.969191988E0
7.889844166E-1,-2.340981903E0,8.795559540E0,4.760849762E0,1.027169676E1
7.989374166E-1,-2.343825989E0,8.652756500E0,4.120331726E0,9.866146606E0
8.088894166E-1,-2.467618561E0,8.373287659E0,2.937341766E0,9.210269498E0
8.188424166E-1,-2.568957825E0,8.081244965E0,1.972747650E0,8.706193070E0
8.287954166E-1,-2.113155670E0,7.794740753E0,1.456321564E0,8.206356243E0
8.387474166E-1,-1.836530914E0,7.713908844E0,1.530567169E0,8.075882076E0
8.487004166E-1,-1.787283325E0,7.870782623E0,1.985770569E0,8.311852112E0
8.586534166E-1,-1.544787598E0,7.776179352E0,2.532882843E0,8.322909920E0
8.686054167E-1,-1.278940430E0,7.465724945E0,3.090473328E0,8.180694528E0
8.785584166E-1,-8.931925964E-1,7.298372955E0,2.974913635E0,7.931844171E0
8.885104167E-1,-1.126108246E0,7.249275055E0,2.131417694E0,7.639571322E0
8.984634167E-1,-2.222877502E0,7.306456146E0,8.979826355E-1,7.689724223E0
9.084164167E-1,-3.180885315E0,7.151977386E0,-6.469546509E-1,7.854130267E0
9.183684167E-1,-3.645369415E0,6.833888855E0,-1.955383759E0,7.988384111E0
9.283214167E-1,-3.827989655E0,6.543492737E0,-2.819985809E0,8.088456092E0
9.382744167E-1,-3.439098358E0,6.042035522E0,-3.052302704E0,7.592769097E0
9.482264167E-1,-2.996319122E0,5.219046936E0,-1.954485626E0,6.327431807E0
9.581794167E-1,-2.404300232E0,4.828359375E0,-3.152444458E-1,5.403063290E0
9.681314167E-1,-1.798060913E0,4.797074432E0,1.718576202E0,5.403559042E0
9.780844167E-1,-1.297202454E0,6.249055023E0,3.689228210E0,7.371826617E0
9.880374167E-1,-4.962181091E-1,8.670719147E0,4.287983093E0,9.685783497E0
9.979894167E-1,-1.058299255E-1,1.038675064E1,3.064726868E0,1.082997413E1
1.007942417E0,-7.119195557E-1,1.488923767E1,2.705024872E0,1.514969925E1
1.017895042E0,1.026116180E0,1.622056915E1,2.278412018E0,1.641191456E1
1.027847042E0,1.107696533E0,1.806862610E1,1.512005768E0,1.816558290E1
1.037800042E0,1.405876465E0,1.779424667E1,2.374212799E0,1.800690395E1
1.047753042E0,1.639690247E0,1.646695679E1,3.906127167E0,1.700314910E1
1.057705042E0,1.245559845E0,1.477951584E1,3.091820526E0,1.515073800E1
1.067658042E0,3.348536682E-1,1.230710724E1,7.140151978E-1,1.233234906E1
1.077610042E0,-9.970765686E-1,1.234647537E1,-1.009201355E0,1.242771512E1
1.087563042E0,-9.535171509E-1,1.262190262E1,-3.168311462E0,1.304836458E1
1.097516042E0,-3.936813354E-1,1.355311615E1,-2.607727203E0,1.380732355E1
1.107468042E0,-1.352587280E0,1.395742538E1,-3.966751099E-1,1.402841997E1
1.117421042E0,-3.989354095E0,1.317021240E1,1.554966431E0,1.384873140E1
1.127374042E0,-6.415808258E0,1.190204956E1,2.518063660E0,1.375361858E1
1.137326042E0,-6.837182007E0,1.071606583E1,2.644251251E0,1.298357383E1
1.147279042E0,-5.577401733E0,9.965975647E0,1.719624023E0,1.154925052E1
1.157232042E0,-3.735631714E0,1.054078033E1,-7.363188171E-1,1.120737078E1
1.167184042E0,-1.572779388E0,1.126108246E1,-1.343905334E0,1.144952814E1
1.177137042E0,7.878117371E-1,1.073836945E1,1.261426849E0,1.084086820E1
1.187089042E0,3.549269257E0,9.788145447E0,7.917335815E0,1.308011124E1
1.197042042E0,5.137316895E0,7.311395874E0,7.369026031E0,1.158236069E1
1.206995042E0,4.674329681E0,4.199217682E0,6.298901367E0,8.897131310E0
1.216947042E0,4.935835876E0,1.315614166E0,2.916984100E0,5.882356048E0
1.226900042E0,4.716092834E0,2.017504578E0,1.326092377E0,5.298148482E0
1.236853042E0,4.073479156E0,4.801265717E0,1.461560669E0,6.463864518E0
1.246805042E0,3.935017090E0,6.654412079E0,1.030606842E0,7.799212145E0
1.256758042E0,2.661166077E0,7.943830719E0,-1.549577637E0,8.519826420E0
1.266710042E0,1.801952820E0,8.810977478E0,-2.164199524E0,9.250087441E0
1.276663042E0,1.626218262E0,4.615352325E0,7.858657837E-2,4.894102448E0
1.286616042E0,-6.086343384E-1,1.154818542E1,3.990551605E0,1.223337748E1
1.296568042E0,8.659492493E-1,1.340417587E1,-1.246008911E0,1.348978640E1
1.306521042E0,-1.911974030E0,1.401894745E1,-2.338886261E0,1.434074340E1
1.316474042E0,-2.513423309E0,1.507859390E1,1.969903564E-1,1.528790686E1
1.326426042E0,-9.562115479E-1,1.388213196E1,1.950593719E0,1.405107626E1
1.336379042E0,8.854087830E-1,1.067699707E1,2.450254669E0,1.099026674E1
1.346332042E0,-4.445755005E-1,1.004950195E1,2.153571625E0,1.028727406E1
1.356284042E0,-3.296145630E0,1.049033524E1,1.662293243E0,1.112092299E1
1.366237042E0,-6.154451752E0,1.029544052E1,3.844006348E0,1.259562451E1
1.376189042E0,-7.378306732E0,7.880213013E0,1.334968918E1,1.716832457E1
1.386142042E0,-7.568561096E0,6.977739716E0,1.416713928E1,1.751227581E1
1.396095042E0,-8.931925964E0,8.445587311E0,2.424807587E0,1.252944286E1
1.406047042E0,-8.062683563E0,6.567742310E0,2.364033966E0,1.066446257E1
1.416000042E0,-6.220165100E0,6.987319794E0,5.487887878E0,1.084573673E1
1.425953042E0,-6.386319580E0,7.348967743E0,4.376748505E0,1.067465841E1
1.435905042E0,-3.850143585E0,8.697064362E0,2.344125366E0,9.795787762E0
1.445858042E0,-2.902763672E0,8.910221100E0,5.759273529E0,1.099942310E1
1.455811042E0,-2.405647430E0,8.063731384E0,7.762108612E0,1.144819783E1
1.465763042E0,-2.070644073E0,7.695048065E0,6.172264709E0,1.007959241E1
1.475716042E0,-3.626957703E-1,8.060138855E0,2.592608643E0,8.474609499E0
1.485668042E0,3.384461975E-1,7.859555969E0,3.415896606E-1,7.874252305E0
1.495621042E0,2.576741638E0,7.941735077E0,-2.000290375E0,8.585564343E0
1.505574042E0,5.214556274E0,9.752220154E0,-7.398365021E0,1.330538237E1
1.515526042E0,-2.402503967E-1,7.069498901E0,1.637594604E-1,7.075475400E0
1.525479042E0,3.954776001E-1,3.801345062E0,7.539970551E0,8.453270534E0
1.535432042E0,8.377478943E0,5.648054810E0,-6.971003723E-1,1.012761697E1
1.545384042E0,5.207820282E0,9.517807617E0,-3.651656342E0,1.144747343E1
1.555337042E0,5.169050903E0,1.286963745E1,-5.382656708E0,1.487681581E1
1.565290042E0,6.312822418E0,1.375504623E1,-7.347770233E0,1.682387444E1
1.575242042E0,5.678591309E0,1.412792084E1,-6.017636261E0,1.637243087E1
1.585195042E0,5.443430328E0,1.362586487E1,-3.697311401E0,1.513159736E1
1.595147042E0,4.978347473E0,1.305764648E1,-1.986069946E0,1.411490521E1
1.605100042E0,4.841382294E0,1.284164566E1,-1.610351257E0,1.381810685E1
1.615053042E0,5.538183289E0,1.236294113E1,-2.424508209E0,1.376197761E1
1.625005042E0,6.372847595E0,1.162572418E1,-2.678080902E0,1.352563368E1
1.634958042E0,3.408711548E0,1.157318344E1,-4.549189911E0,1.289391400E1
1.644911042E0,1.194815369E0,1.064735870E1,-1.992506561E0,1.089788574E1
1.654863042E0,1.749861145E0,9.410331116E0,-9.653425598E-1,9.620199166E0
1.664816042E0,2.876268768E0,8.455317078E0,-2.890040131E0,9.387099705E0
1.674768042E0,2.559826813E0,7.887248383E0,-2.438878326E0,8.643467351E0
1.684721042E0,-1.372645569E-1,7.353308716E0,-2.439177704E0,7.748521052E0
1.694674042E0,-1.003812561E0,7.054979095E0,-1.091979218E0,7.209215513E0
1.704626042E0,-1.276246033E0,7.446265411E0,-5.533992004E-1,7.575085688E0
1.714579042E0,-1.035845947E0,7.732769623E0,-6.710545349E-1,7.830646018E0
1.724532042E0,-2.773731995E-1,7.713759155E0,-1.206491089E-1,7.719687326E0
1.734484042E0,8.313711548E-1,8.121361542E0,1.169068909E-1,8.164640746E0
1.744437042E0,2.134112091E0,8.619226227E0,7.800279236E-1,8.913693888E0
1.754390042E0,3.793710938E0,9.325008545E0,-1.242416382E-2,1.006718339E1
1.764342042E0,4.866979065E0,9.820478210E0,-1.024469604E0,1.100812498E1
1.774295042E0,4.973108368E0,1.004291565E1,-1.989812164E0,1.138206106E1
1.784247042E0,4.360133057E0,1.006896149E1,-2.419269104E0,1.123599611E1
1.794200042E0,3.728746033E0,1.011611343E1,-2.691552887E0,1.111232446E1
1.804153042E0,3.220253448E0,1.011761032E1,-2.438429260E0,1.089412723E1
1.814105042E0,2.881956940E0,1.014650024E1,-2.102078705E0,1.075527210E1
1.824058042E0,2.469414825E0,1.010563522E1,-1.530567169E0,1.051496594E1
1.834011042E0,2.075583801E0,1.001432510E1,-1.042581940E0,1.028016209E1
1.843963042E0,1.738185425E0,9.756561127E0,-8.970845032E-1,9.950705211E0
1.853916042E0,1.285077667E0,9.386979675E0,-1.303339691E0,9.563760055E0
1.863868042E0,8.044271851E-1,9.048084412E0,-1.606908417E0,9.224808360E0
1.873821042E0,3.124003601E-1,8.775052185E0,-1.505718842E0,8.908777922E0
1.883774042E0,-9.535171509E-2,8.724158020E0,-1.135239258E0,8.798226712E0
1.893726042E0,1.363664246E-1,9.077872467E0,-9.271719360E-1,9.126117035E0
1.903679042E0,8.219407654E-1,9.723180542E0,-8.672964478E-1,9.796327353E0
1.913632042E0,1.279090118E0,1.045770309E1,-1.012793884E0,1.058420413E1
1.923584042E0,1.386117554E0,1.095481934E1,-8.476872253E-1,1.107465404E1
1.933537042E0,1.325792999E0,1.093820389E1,-1.135688324E0,1.107663394E1
1.943490042E0,1.473236389E0,1.035082535E1,-1.045575714E0,1.050729458E1
1.953442042E0,1.854343872E0,9.394164734E0,-1.053958282E0,9.633262703E0
1.963395042E0,1.928439789E0,9.028175812E0,-1.173709259E0,9.306150221E0
1.973347042E0,1.497036896E0,9.117240601E0,-1.566941528E0,9.371259328E0
1.983300042E0,1.005010071E0,9.388626251E0,-1.706451416E0,9.595224050E0
1.993253042E0,8.652008057E-1,9.581425323E0,-1.564097443E0,9.746726860E0
2.003205042E0,9.964778137E-1,9.714498596E0,-1.205143890E0,9.839553994E0
2.013158042E0,1.551523590E0,9.149573364E0,-5.533992004E-1,9.296675152E0
2.023111250E0,2.168839874E0,8.825646973E0,-7.747888184E-1,9.121195569E0
2.033063250E0,1.797462158E0,9.354347534E0,-1.606159973E0,9.659939848E0
2.043016250E0,9.406439209E-1,9.499844971E0,-1.501527557E0,9.663666512E0
2.052968250E0,6.526428223E-2,9.883347473E0,-1.269510040E0,9.964761535E0
2.062921250E0,-1.556762695E-1,1.004216721E1,-1.396146698E0,1.013994985E1
2.072874250E0,6.529421997E-1,1.022164398E1,-1.141526184E0,1.030589255E1
2.082826250E0,1.379082184E0,1.078462326E1,-3.888912964E-1,1.087939350E1
2.092779250E0,1.195114746E0,1.064840652E1,-7.607180786E-1,1.074223221E1
2.102732250E0,1.042881317E0,1.029873367E1,-1.449435883E0,1.045238638E1
2.112684250E0,1.152902527E0,1.008273285E1,-1.839824066E0,1.031385663E1
2.122637250E0,1.462907867E0,9.491312714E0,-2.754122772E0,9.990510933E0
2.132589250E0,1.648671570E0,9.164691925E0,-2.224524078E0,9.573829088E0
2.142542250E0,1.329535217E0,9.263636169E0,-1.141825562E0,9.427957604E0
2.152495250E0,1.119372253E0,9.610015869E0,-4.254153442E-1,9.684336707E0
2.162447250E0,1.435365143E0,9.678872681E0,1.260379028E-1,9.785537033E0
2.172400250E0,1.873803406E0,9.914931793E0,-1.472487946E0,1.019731496E1
2.182353250E0,1.851499786E0,1.123593475E1,-1.380579071E0,1.147084477E1
2.192305250E0,1.729353790E0,1.107187592E1,-2.372566223E-1,1.120863023E1
2.202258250E0,1.663640442E0,1.012928604E1,-8.129594421E-1,1.029713738E1
2.212211250E0,1.560804291E0,9.660610657E0,-8.879534912E-1,9.826086184E0
2.222163250E0,1.038690033E0,9.481882324E0,-1.519639893E0,9.658896148E0
2.232116250E0,2.222877502E-1,9.594747620E0,-1.978735199E0,9.799182962E0
2.242068250E0,-4.899311829E-1,9.628577271E0,-2.118843842E0,9.871121114E0
2.252021250E0,-9.074130249E-1,9.696535950E0,-2.127974854E0,9.968675178E0
2.261974250E0,-7.795788574E-1,9.537716217E0,-1.735790405E0,9.725674381E0
2.271926250E0,-5.194198608E-1,9.583071899E0,-1.552122345E0,9.721838704E0
2.281879250E0,-2.727328491E-1,9.665999451E0,-1.651815033E0,9.809914449E0
2.291832250E0,1.661544800E-2,9.821825409E0,-1.833986206E0,9.991598263E0
2.301784250E0,5.993536377E-1,9.662556610E0,-1.467697906E0,9.791749699E0
2.311737250E0,1.086889801E0,9.522747345E0,-1.214424591E0,9.661204559E0
2.321689250E0,1.389710083E0,9.607620850E0,-1.822460175E0,9.877197659E0
2.331642250E0,1.726210327E0,9.385632477E0,-1.932780762E0,9.736813676E0
2.341595250E0,1.918710022E0,9.472601624E0,-1.402733002E0,9.766232106E0
2.351547250E0,1.909579010E0,9.725425873E0,-9.406439209E-1,9.955662278E0
2.361500250E0,1.744322662E0,9.848320312E0,-8.533753967E-1,1.003794422E1
2.371453250E0,1.791324921E0,9.751022644E0,-9.699829102E-1,9.961533738E0
2.381405250E0,2.070494385E0,9.555379486E0,-1.249900818E0,9.856697022E0
2.391358250E0,2.216291199E0,9.777966614E0,-5.849835205E-1,1.004304652E1
2.401310250E0,2.099533997E0,9.898466034E0,-3.897894287E-1,1.012618431E1
2.411263250E0,1.901944885E0,9.976453857E0,-4.141886902E-1,1.016457467E1
2.421216250E0,1.696422272E0,9.762099609E0,-6.649172974E-1,9.930687404E0
2.431168250E0,1.184935913E0,9.745484161E0,-5.685177612E-1,9.833704648E0
2.441121250E0,8.509803772E-1,9.360634460E0,-9.518705750E-1,9.447311930E0
2.451074250E0,1.740879822E0,7.806117096E0,-3.315754852E0,8.657964940E0
2.461026250E0,2.218386841E0,9.012009430E0,-4.487667847E-1,9.291875256E0
2.470979250E0,3.239712982E0,8.400231628E0,2.821632385E-1,9.007732662E0
2.480932250E0,3.812721405E0,9.119635620E0,1.565893707E0,1.000782801E1
2.490884250E0,3.755690002E0,8.538843384E0,1.670675812E0,9.476719443E0
2.500837250E0,3.159030762E0,9.071136475E0,1.453028412E0,9.714745692E0
2.510789250E0,3.391946411E0,7.775730286E0,-8.297245789E-1,8.523832753E0
2.520742250E0,3.120560760E0,8.869056702E0,-3.879781952E0,1.017107537E1
2.530695250E0,3.084336090E0,1.023676254E1,-5.251080322E0,1.191126698E1
2.540647250E0,2.800825653E0,1.034319122E1,-5.175487518E0,1.190007983E1
2.550600250E0,1.711540833E0,1.090422455E1,-5.626349945E0,1.238899910E1
2.560553250E0,5.665718079E-1,1.076231964E1,-5.609135742E0,1.214952392E1
2.570505250E0,-2.642005920E-1,1.041309586E1,-4.622986450E0,1.139624372E1
2.580458250E0,-4.514611816E-1,9.527238007E0,-3.112926636E0,1.003306501E1
2.590410250E0,-1.922003174E-1,9.634714508E0,-3.382216644E0,1.021293562E1
2.600363250E0,-8.831634521E-3,9.372609558E0,-2.704276428E0,9.754947408E0
2.610316250E0,-1.252894592E-1,9.761800232E0,-1.799857178E0,9.927130858E0
2.620268250E0,-6.526428223E-2,9.576635284E0,-1.952090607E0,9.773784351E0
2.630221250E0,3.094065857E-1,9.312135315E0,-1.450783081E0,9.429547609E0
2.640174250E0,7.036866760E-1,8.704997864E0,-8.544232178E-1,8.775089845E0
2.650126250E0,1.162332916E0,8.648265839E0,1.932481384E-1,8.728165023E0
2.660079250E0,1.494941254E0,9.197174377E0,1.260379028E0,9.402734771E0
2.670031250E0,1.582958221E0,1.084734283E1,2.626737671E0,1.127254870E1
2.679984250E0,1.799707489E0,1.071651489E1,1.532363434E0,1.097409569E1
2.689937250E0,-2.086660767E-1,1.320479050E1,1.364113312E0,1.327670286E1
2.699889250E0,-1.340462494E0,1.191103088E1,1.510658569E0,1.208104241E1
2.709842250E0,-3.382965088E-1,9.646988983E0,-2.110610962E-1,9.655225930E0
2.719795250E0,4.858895874E-1,9.151818695E0,-9.663903809E-1,9.215518677E0
2.729747250E0,6.328839111E-1,8.518336029E0,-5.926176453E-1,8.562347016E0
2.739700250E0,6.851252747E-1,8.300239563E0,7.679031372E-2,8.328821657E0
2.749652250E0,2.556683350E-1,8.642727356E0,5.430706787E-1,8.663545937E0
2.759605250E0,-7.150630188E-1,9.295220490E0,1.597627716E0,9.458586226E0
2.769558250E0,-2.280058594E0,9.621092834E0,2.647245026E0,1.023581950E1
2.779510250E0,-2.775677948E0,1.379067215E1,2.203867035E0,1.423882215E1
2.789463250E0,-1.350940704E0,1.185370010E1,-3.818858643E0,1.252672855E1
2.799416250E0,1.207538910E0,9.144034882E0,-7.617209930E0,1.196216583E1
2.809368250E0,3.857777710E0,9.101972351E0,2.364782410E0,1.016467144E1
2.819321250E0,3.829336853E0,8.033943329E0,1.064286804E-1,8.900527693E0
2.829273250E0,3.812122650E0,9.258995819E0,-5.504054260E-1,1.002817176E1
2.839226250E0,3.798500977E0,9.540859680E0,-1.131646729E0,1.033137152E1
2.849179250E0,3.297492828E0,9.602830811E0,-2.215842133E0,1.039219779E1
2.859131250E0,2.773432617E0,9.313033447E0,-2.411485291E0,1.001198191E1
2.869084250E0,2.303559723E0,9.070687408E0,-1.882185974E0,9.546013906E0
2.879037250E0,1.771116943E0,9.015901337E0,-1.965263214E0,9.396041275E0
2.888989250E0,1.828298035E0,9.446256409E0,-1.805994415E0,9.789588841E0
2.898942250E0,2.009870453E0,9.954000549E0,-1.584754486E0,1.027779903E1
2.908895250E0,1.880539398E0,1.068702621E1,-1.346000977E0,1.093438047E1
2.918847250E0,2.048041077E0,1.124461670E1,-1.248254242E0,1.149756564E1
2.928800250E0,2.505938873E0,1.117336487E1,-1.329834595E0,1.152789105E1
2.938752250E0,2.790048065E0,1.080782501E1,-1.340911560E0,1.124239714E1
2.948705250E0,2.952909393E0,1.046473846E1,-1.414408722E0,1.096498869E1
2.958658250E0,2.689157867E0,1.004366409E1,-1.529669037E0,1.050935991E1
2.968610250E0,2.181713104E0,9.654473419E0,-1.483415222E0,1.000845891E1
2.978563250E0,1.812880096E0,9.173822937E0,-1.100212097E0,9.415733014E0
2.988516250E0,1.799707489E0,8.789122925E0,-1.024319916E0,9.029776305E0
2.998468250E0,1.858684845E0,8.461005249E0,-8.967851257E-1,8.709049474E0
3.008421250E0,1.833237762E0,8.388705597E0,-5.477110291E-1,8.604134451E0
3.018373625E0,1.644330597E0,8.657696228E0,-3.650907898E-1,8.820023717E0
3.028326625E0,1.428479462E0,9.199719086E0,-4.840933228E-1,9.322538880E0
3.038279625E0,1.305285645E0,9.745933228E0,-7.556286621E-1,9.861945029E0
3.048231625E0,1.326691132E0,1.024200165E1,-8.783734131E-1,1.036485634E1
3.058184625E0,1.459465027E0,1.047686325E1,-1.302591248E0,1.065792877E1
3.068137625E0,1.683399353E0,1.039154068E1,-1.550475769E0,1.064057922E1
3.078089625E0,1.969155121E0,1.030112869E1,-1.251248016E0,1.056202849E1
3.088042625E0,2.048190765E0,1.007225464E1,-9.072633362E-1,1.031835867E1
3.097994625E0,2.037562866E0,9.759704590E0,-7.369175720E-1,9.997326824E0
3.107947625E0,1.957329712E0,9.318122864E0,-7.304809570E-1,9.549458400E0
3.117900625E0,1.733245697E0,8.978628845E0,-7.505392456E-1,9.175141729E0
3.127852625E0,1.621577911E0,8.853040009E0,-8.753796387E-1,9.042793917E0
3.137805625E0,1.538201294E0,8.893006897E0,-5.918692017E-1,9.044442716E0
3.147758625E0,1.458267517E0,8.983418884E0,-3.653901672E-1,9.108340627E0
3.157710625E0,1.206042023E0,9.072783051E0,-3.207829285E-1,9.158211142E0
3.167663625E0,1.054557037E0,9.042396240E0,-4.180805969E-1,9.113276672E0
3.177615625E0,9.430389404E-1,9.149273987E0,-4.532574463E-1,9.208907603E0
3.187568625E0,8.646020508E-1,9.088949432E0,-6.295907593E-1,9.151662309E0
3.197521625E0,7.403604126E-1,8.959169312E0,-5.770500183E-1,9.008209312E0
3.207473625E0,7.864645386E-1,8.720715179E0,-4.939727783E-1,8.770029009E0
3.217426625E0,8.569679260E-1,8.542735291E0,-5.255570984E-1,8.601681843E0
3.227379625E0,7.366181946E-1,8.448281708E0,-5.219645691E-1,8.496382594E0
3.237331625E0,9.541159058E-1,8.434210968E0,-7.188052368E-1,8.518387922E0
3.247284625E0,1.266965332E0,8.727750549E0,-7.740403748E-1,8.853133304E0
3.257236625E0,1.295106812E0,9.079069977E0,-3.606001282E-1,9.178063290E0
3.267189625E0,1.388213196E0,9.332343292E0,-9.580078125E-3,9.435033597E0
3.277142625E0,1.453627167E0,9.263187103E0,1.351689148E-1,9.377523014E0
3.287094625E0,1.162482605E0,9.316476288E0,3.716770935E-1,9.396075781E0
3.297047625E0,7.503895569E-1,8.959468689E0,-4.195774841E-1,9.000622697E0
3.307000625E0,5.806425476E-1,8.477321320E0,-1.111438751E0,8.569563502E0
3.316952625E0,4.942721558E-1,8.190817108E0,-7.807763672E-1,8.242778755E0
3.326905625E0,8.003855896E-1,8.066725159E0,2.923420715E-1,8.111605005E0
3.336857625E0,9.122030640E-1,8.233777771E0,9.665400696E-1,8.340348345E0
3.346810625E0,1.083297272E0,8.394393768E0,1.077160034E0,8.532271295E0
3.356763625E0,1.520088959E0,8.580307159E0,6.626719666E-1,8.739077499E0
3.366715625E0,1.865271149E0,8.788673859E0,2.059716797E-1,8.986793031E0
3.376668625E0,2.046095123E0,9.048084412E0,-4.191284180E-2,9.276642359E0
3.386621625E0,2.055226135E0,9.367669830E0,5.044509888E-2,9.590606718E0
3.396573625E0,2.112556915E0,9.491761780E0,1.633103943E-1,9.725384758E0
3.406526625E0,2.154469757E0,9.444011078E0,1.766326904E-2,9.686660785E0
3.416478625E0,2.169288940E0,9.167386322E0,-3.787124634E-1,9.428160458E0
3.426431625E0,2.153272247E0,8.840166779E0,-2.698887634E-1,9.102635332E0
3.436384625E0,1.881886597E0,8.883277130E0,6.849755859E-1,9.106223217E0
3.446336625E0,1.508263550E0,9.372908936E0,1.545985107E0,9.618542031E0
3.456289625E0,1.153800659E0,1.010009674E1,1.347348175E0,1.025468465E1
3.466242625E0,1.230141907E0,1.102352646E1,-3.043171692E-1,1.109612516E1
3.476194625E0,1.747166748E0,1.168589905E1,-2.601140900E0,1.209870911E1
3.486147625E0,2.578238525E0,1.193647797E1,-4.103566589E0,1.288278226E1
3.496099625E0,3.185974731E0,1.120988892E1,-3.274291077E0,1.210508267E1
3.506052625E0,3.281326447E0,9.733509064E0,8.178991699E-1,1.030423510E1
3.516005625E0,3.293600922E0,8.899742889E0,4.603975983E0,1.054750328E1
3.525957625E0,3.391796722E0,9.006321259E0,4.346212006E0,1.055971905E1
3.535910625E0,2.974015503E0,9.469607849E0,2.246079254E0,1.017659634E1
3.545863625E0,2.262994080E0,1.002600082E1,1.048868866E0,1.033160010E1
3.555815625E0,1.615141296E0,1.067969147E1,1.080752563E-1,1.080167448E1
3.565768625E0,1.114282837E0,1.130733627E1,-6.578819275E-1,1.138113740E1
3.575720625E0,8.141569519E-1,1.148322052E1,-7.442523193E-1,1.153607891E1
3.585673625E0,8.373587036E-1,1.088790848E1,4.760101318E-1,1.093043029E1
3.595626625E0,1.241218872E0,1.056068893E1,2.237696686E0,1.086628094E1
3.605578625E0,1.376238098E0,1.033750305E1,3.404819641E0,1.097045110E1
3.615531625E0,1.224753113E0,1.041309586E1,3.547772369E0,1.106884250E1
3.625484625E0,7.711962891E-1,1.049946625E1,2.773133240E0,1.088686379E1
3.635436625E0,3.582051086E-1,1.016910324E1,2.271526337E0,1.042587184E1
3.645389625E0,2.682421875E-1,9.385632477E0,2.404300232E0,9.692404782E0
3.655341625E0,5.324427795E-1,8.276588745E0,2.862647095E0,8.773834108E0
3.665294625E0,1.140478363E0,7.328161011E0,3.649710388E0,8.265774048E0
3.675247625E0,1.868863678E0,6.972201233E0,3.848347321E0,8.180098935E0
3.685199625E0,2.448757782E0,7.005132751E0,3.795956268E0,8.335321441E0
3.695152625E0,2.840343475E0,7.429500275E0,4.894072723E0,9.339002795E0
3.705105625E0,3.135679321E0,8.059091034E0,5.829477539E0,1.042900961E1
3.715057625E0,2.641856232E0,8.186176758E0,5.198389893E0,1.005067917E1
3.725010625E0,1.820514221E0,8.240962830E0,4.149221649E0,9.404455363E0
3.734962625E0,8.928932190E-1,8.854686584E0,5.420078888E0,1.042017217E1
3.744915625E0,3.573069763E-1,1.024230103E1,7.965086517E0,1.297979206E1
3.754868625E0,-5.584886169E-1,1.162437698E1,9.263785858E0,1.487466901E1
3.764820625E0,-2.575394440E0,1.226729004E1,6.038143616E0,1.391323973E1
3.774773625E0,-4.777914276E0,1.234527786E1,4.447102203E0,1.396463635E1
3.784725625E0,-6.025420074E0,1.250634293E1,5.594915314E0,1.496721009E1
3.794678625E0,-5.846092987E0,1.208287354E1,4.239633636E0,1.407647433E1
3.804631625E0,-3.840563507E0,1.080498093E1,4.723277893E0,1.240189078E1
3.814583625E0,-9.357041931E-1,8.648565216E0,5.314099274E0,1.019376642E1
3.824536625E0,1.428928528E0,6.220913544E0,7.253915405E0,9.662343958E0
3.834489625E0,1.966311035E0,4.720882874E0,7.927814026E0,9.434158649E0
3.844441625E0,1.576671295E0,3.311713257E0,7.931107178E0,8.738180482E0
3.854394625E0,9.262738037E-1,2.217039642E0,8.382867737E0,8.720419682E0
3.864346625E0,3.603007507E-1,1.532064056E0,8.021219788E0,8.174166856E0
3.874299625E0,-3.484753418E-1,9.999206543E-1,6.952142944E0,7.032323080E0
3.884252625E0,-9.876461792E-1,8.056246948E-1,5.672454071E0,5.813880917E0
3.894204625E0,-1.254990234E0,9.589059448E-1,4.921316071E0,5.168544569E0
3.904157625E0,-8.767268372E-1,1.728605347E0,5.395080872E0,5.732680351E0
3.914110625E0,-4.954696655E-1,2.833757172E0,5.739664307E0,6.420234906E0
3.924062625E0,-5.972579956E-2,4.203109589E0,5.917943573E0,7.258908562E0
3.934015625E0,-2.948867798E-2,5.542374573E0,4.939428406E0,7.424064821E0
3.943967625E0,-7.246430969E-1,6.466552734E0,4.545148315E0,7.937240395E0
3.953920625E0,-1.628463593E0,7.265740814E0,4.747826843E0,8.830897066E0
3.963873625E0,-2.323468323E0,7.904911652E0,4.709356842E0,9.490214704E0
3.973825625E0,-2.624492340E0,8.227041779E0,4.152963867E0,9.582238014E0
3.983778625E0,-2.360890503E0,7.982899475E0,3.678600311E0,9.101241028E0
3.993731625E0,-1.725312195E0,7.361691284E0,3.530258789E0,8.344694593E0
4.003683625E0,-6.957531738E-1,7.047794037E0,3.867357788E0,8.069196337E0
4.013636625E0,1.401086426E-1,7.225474548E0,3.400328979E0,7.986823527E0
4.023587875E0,5.526507568E-1,7.547005920E0,2.578837280E0,7.994568340E0
4.033540875E0,6.544390869E-1,7.519612885E0,1.634750519E0,7.723035524E0
4.043493875E0,8.328680420E-1,7.776927795E0,1.986219635E0,8.069655727E0
4.053445875E0,1.200952606E0,8.458310852E0,4.047133942E0,9.453285290E0
4.063398875E0,1.281634827E0,9.974358215E0,5.785618744E0,1.160188751E1
4.073351875E0,1.556163940E0,1.065439407E1,6.205495605E0,1.242762789E1
4.083303875E0,1.343306580E0,1.029499146E1,6.882238312E0,1.245618424E1
4.093256875E0,2.221380615E-1,1.032762360E1,7.020999756E0,1.249013979E1
4.103208875E0,-1.373693390E0,1.066337540E1,7.700137482E0,1.322447449E1
4.113161875E0,-4.160148926E0,1.341719879E1,8.830736389E0,1.659246720E1
4.123114875E0,-5.310656433E0,1.803479645E1,1.174801987E1,2.216918865E1
4.133066875E0,-1.886976013E0,7.732170868E0,1.022284149E1,1.295583394E1
4.143019875E0,-1.704355774E0,4.842130737E0,1.034199371E1,1.154590372E1
4.152971875E0,-2.600991211E0,7.121740265E0,1.019380188E1,1.270424876E1
4.162924875E0,-6.629713440E-1,6.520740051E0,9.167835388E0,1.126981755E1
4.172877875E0,5.209167480E-1,8.034841461E0,8.095764771E0,1.141803130E1
4.182829875E0,1.119222565E0,9.368567963E0,7.929310913E0,1.232463778E1
4.192782875E0,2.732717285E0,5.444627838E0,6.721622314E0,9.071489547E0
4.202735875E0,1.157393188E0,1.080049026E1,9.172026672E0,1.421675850E1
4.212687875E0,2.793191528E-1,1.129521149E1,7.570806427E0,1.360062247E1
4.222640875E0,-1.405577087E-1,1.040606049E1,7.475005646E0,1.281333527E1
4.232592875E0,-4.293072510E-1,9.640103302E0,7.747139740E0,1.237473517E1
4.242545875E0,-3.450325012E-1,9.365873566E0,8.413703613E0,1.259480224E1
4.252498875E0,3.933819580E-1,9.323661346E0,7.770191803E0,1.214336407E1
4.262450875E0,5.995033264E-1,9.612410889E0,7.444469147E0,1.217283731E1
4.272403875E0,1.078207855E0,1.160836029E1,9.278754730E0,1.490006209E1
4.282356875E0,1.246907043E0,9.641600189E0,9.292226715E0,1.344844633E1
4.292308875E0,3.688330078E-1,7.644902344E0,8.341104584E0,1.132053865E1
4.302261875E0,3.932322693E-1,7.444469147E0,8.444689178E0,1.126443642E1
4.312213875E0,3.797602844E-1,7.008276215E0,8.269852753E0,1.084668696E1
4.322166875E0,1.631607056E-2,7.313790894E0,7.922425232E0,1.078223655E1
4.332119875E0,2.755769348E-1,7.516319733E0,8.172704773E0,1.110693964E1
4.342071875E0,5.191204834E-1,7.327113190E0,8.436605988E0,1.118625918E1
4.352024875E0,4.959187317E-1,7.257058868E0,8.681197357E0,1.132581239E1
4.361977875E0,3.631448364E-1,7.141948242E0,8.783135376E0,1.132619821E1
4.371929875E0,1.821711731E-1,6.801107025E0,9.060957642E0,1.133089566E1
4.381882875E0,3.082090759E-1,6.776408386E0,9.185498657E0,1.141876040E1
4.391834875E0,5.858816528E-1,7.088060303E0,8.940009155E0,1.142399317E1
4.401787875E0,4.694238281E-1,7.140301666E0,8.211773529E0,1.089208387E1
4.411740875E0,5.388793945E-3,7.447013855E0,7.946076050E0,1.089027865E1
4.421692875E0,-5.390290833E-1,7.424560547E0,7.395670624E0,1.049335960E1
4.431645875E0,-6.722520447E-1,7.295379181E0,5.513933716E0,9.169402665E0
4.441597875E0,5.737568665E-1,8.017776947E0,5.092859344E0,9.515837347E0
4.451550875E0,1.766925659E0,8.176596680E0,6.185137939E0,1.040359029E1
4.461503875E0,2.218686218E0,7.887248383E0,7.011419678E0,1.078384261E1
4.471455875E0,2.269281006E0,8.275989990E0,6.704108734E0,1.088975301E1
4.481408875E0,2.282453613E0,8.304730225E0,5.982309723E0,1.048647549E1
4.491361875E0,2.435435486E0,8.486901398E0,5.680088196E0,1.049867817E1
4.501313875E0,2.370620270E0,8.242908783E0,5.966293030E0,1.044806385E1
4.511266875E0,1.916764069E0,8.077502747E0,6.167923737E0,1.034230721E1
4.521218875E0,1.907782745E0,9.800569611E0,5.066065063E0,1.119624111E1
4.531171875E0,1.730401611E0,9.022188263E0,4.270319824E0,1.013063681E1
4.541124875E0,1.291663971E0,7.780670013E0,4.231999512E0,8.950812340E0
4.551076875E0,8.466394043E-1,7.419920197E0,3.855831757E0,8.404727987E0
4.561029875E0,7.406597900E-1,7.701334991E0,4.247267761E0,8.826008215E0
4.570982875E0,1.507814484E0,7.970924377E0,4.875511322E0,9.464657976E0
4.580934875E0,2.386487274E0,7.615263977E0,5.557642822E0,9.724965845E0
4.590887875E0,2.712060242E0,7.274422760E0,5.532495117E0,9.533152651E0
4.600839875E0,2.889291687E0,7.083270264E0,5.054539032E0,9.168919724E0
4.610792875E0,2.462678833E0,7.021448822E0,4.856500854E0,8.885444904E0
4.620745875E0,1.707798615E0,7.102280731E0,5.246589661E0,8.993646133E0
4.630697875E0,9.705816650E-1,7.334597626E0,5.301974487E0,9.102158237E0
4.640650875E0,6.978488159E-1,7.403903503E0,4.919519806E0,8.916639231E0
4.650602875E0,1.152752838E0,7.356003113E0,4.840334473E0,8.880791559E0
4.660555875E0,1.913770294E0,7.394772491E0,5.009333038E0,9.134472860E0
4.670508875E0,2.440973969E0,7.450157318E0,5.252128143E0,9.436527328E0
4.680460875E0,2.597398682E0,7.729326782E0,5.159470825E0,9.649306276E0
4.690413875E0,2.241588593E0,8.005652161E0,5.183271332E0,9.797014220E0
4.700366875E0,1.754651184E0,8.238717499E0,5.214705963E0,9.906988699E0
4.710318875E0,1.281036072E0,8.300838318E0,4.957241364E0,9.752907881E0
4.720271875E0,6.021977234E-1,8.343050537E0,4.555027771E0,9.524568880E0
4.730223875E0,1.077758789E-1,8.151149597E0,4.396208038E0,9.261722330E0
4.740176875E0,-7.289840698E-2,8.036787415E0,4.726720734E0,9.324009600E0
4.750129875E0,7.155120850E-2,8.039332123E0,5.097350006E0,9.519399017E0
4.760081875E0,7.634124756E-1,7.786507874E0,5.120252380E0,9.350373678E0
4.770034875E0,1.518442383E0,7.675738220E0,5.067861328E0,9.322330338E0
4.779987875E0,2.145488434E0,7.214846649E0,4.369114380E0,8.703234643E0
4.789939875E0,2.434088287E0,6.788682861E0,3.597469025E0,8.059329015E0
4.799892875E0,2.212249603E0,6.709647217E0,3.691623230E0,7.971292000E0
4.809844875E0,1.509910126E0,6.651567993E0,4.640949097E0,8.249945083E0
4.819797875E0,6.102809143E-1,6.635551300E0,5.938151550E0,8.925504338E0
4.829750875E0,-4.584965515E-1,6.776558075E0,7.180717621E0,9.884061108E0
4.839702875E0,-1.412013702E0,7.005282440E0,6.852001190E0,9.900388127E0
4.849655875E0,-1.727707214E0,7.514673157E0,6.188131714E0,9.886771919E0
4.859607875E0,-1.520538025E0,7.766150208E0,6.333928528E0,1.013626043E1
4.869560875E0,-7.396119690E-1,7.915240173E0,6.698719940E0,1.039571555E1
4.879513875E0,1.941462708E-1,8.512797546E0,6.521039429E0,1.072517459E1
4.889465875E0,9.963281250E-1,9.089997253E0,5.453758850E0,1.064726281E1
4.899418875E0,1.470691681E0,8.987610168E0,4.561763763E0,1.018576257E1
4.909371875E0,1.327589264E0,8.774154053E0,4.566104736E0,9.979858970E0
4.919323875E0,9.864486694E-1,8.418044586E0,4.316873016E0,9.511674315E0
4.929276875E0,7.294331360E-1,7.378606110E0,4.129163361E0,8.486806872E0
4.939228875E0,3.131488037E-1,6.697672119E0,4.610113220E0,8.136953846E0
4.949181875E0,-1.474433899E-1,6.064638519E0,5.466332703E0,8.165927574E0
4.959134875E0,-4.327500916E-1,6.023474121E0,4.747228088E0,7.681515974E0
4.969086875E0,-3.594026184E-1,7.170538788E0,5.256469116E0,8.898104535E0
4.979039875E0,-4.596940613E-1,7.931406555E0,6.014343109E0,9.964479495E0
4.988991875E0,-9.145980835E-1,8.436755676E0,6.067632294E0,1.043223359E1
4.998944875E0,-1.313967590E0,8.538993073E0,5.449118500E0,1.021439210E1
5.008897875E0,-1.521885223E0,8.242759094E0,4.610711975E0,9.566497637E0
5.018850500E0,-1.182241516E0,7.968379669E0,4.395309906E0,9.176683427E0
5.028803500E0,-4.312532043E-1,8.185128937E0,4.693639526E0,9.445240444E0
5.038756500E0,3.597019958E-1,8.184829559E0,5.056335297E0,9.627426815E0
5.048708500E0,9.830058289E-1,8.042176208E0,5.213059387E0,9.634255903E0
5.058661500E0,1.334774323E0,7.880662079E0,5.103636932E0,9.483331020E0
5.068613500E0,1.391656036E0,7.398664398E0,5.300028534E0,9.206912830E0
5.078566500E0,1.323547668E0,6.958130493E0,5.527555389E0,8.984499261E0
5.088519500E0,1.290915527E0,6.776558075E0,5.628146210E0,8.903046220E0
5.098471500E0,1.406624908E0,6.764283600E0,5.445975037E0,8.797316088E0
5.108424500E0,1.727856903E0,7.288343811E0,5.564378815E0,9.331010480E0
5.118376500E0,2.021396484E0,7.467970276E0,5.405559082E0,9.438044966E0
5.128329500E0,2.233804779E0,7.677085419E0,4.838089142E0,9.345299934E0
5.138282500E0,2.559078369E0,7.683372345E0,4.456981659E0,9.243796742E0
5.148234500E0,2.862796783E0,7.757767639E0,3.744762726E0,9.077544384E0
5.158187500E0,3.121309204E0,7.618407440E0,3.240910492E0,8.847949135E0
5.168140500E0,3.489393768E0,7.597451019E0,3.773802338E0,9.172715789E0
5.178092500E0,3.497177582E0,7.603887634E0,4.822222137E0,9.659357356E0
5.188045500E0,3.455264740E0,8.004304962E0,5.698649597E0,1.041548653E1
5.197997500E0,3.449726257E0,8.212671661E0,6.553372192E0,1.105871937E1
5.207950500E0,3.098406830E0,8.294551392E0,6.932084656E0,1.124515475E1
5.217903500E0,2.760559387E0,8.239615631E0,6.965016174E0,1.113657956E1
5.227855500E0,2.500400391E0,8.406518555E0,6.747368774E0,1.106564692E1
5.237808500E0,1.994302826E0,8.397088165E0,5.878575439E0,1.044250844E1
5.247760500E0,1.900447998E0,8.177195435E0,5.309159546E0,9.933046001E0
5.257713500E0,1.686243439E0,7.861801300E0,4.868925018E0,9.399881247E0
5.267666500E0,2.119891663E0,7.277117157E0,4.914280701E0,9.033301145E0
5.277618500E0,2.744991760E0,6.831344147E0,5.536237335E0,9.211523568E0
5.287571500E0,2.933300171E0,6.602170715E0,6.115832062E0,9.465532730E0
5.297524500E0,2.967129822E0,6.793323212E0,6.284231873E0,9.718264756E0
5.307476500E0,2.696342926E0,7.225025482E0,5.944139099E0,9.736737032E0
5.317429500E0,2.692151642E0,7.633076935E0,5.794749756E0,9.954429601E0
5.327381500E0,2.572849731E0,7.837252350E0,4.487368469E0,9.390343759E0
5.337334500E0,2.375709686E0,7.632328491E0,2.752925262E0,8.454290757E0
5.347287500E0,3.306174774E0,8.072862396E0,2.396666107E0,9.046872793E0
5.357239500E0,4.469705200E0,8.826545105E0,3.147804108E0,1.038242909E1
5.367192500E0,5.656437378E0,8.718469849E0,6.034251709E0,1.201745372E1
5.377144500E0,5.287005615E0,7.254813538E0,8.964707794E0,1.268663603E1
5.387097500E0,4.251908112E0,6.659800873E0,8.694369965E0,1.174835049E1
5.397050500E0,3.646716614E0,7.295977936E0,7.934699707E0,1.137933634E1
5.407002500E0,2.707719269E0,7.491770782E0,8.355624390E0,1.154447193E1
5.416955500E0,2.143692169E0,7.876021729E0,8.496930542E0,1.178240056E1
5.426908500E0,2.318378906E0,8.113877106E0,8.552764435E0,1.201497657E1
5.436860500E0,2.645748138E0,7.961194611E0,8.107889557E0,1.166698230E1
5.446813500E0,3.298690338E0,7.798482971E0,7.300318909E0,1.117999780E1
5.456765500E0,3.555556183E0,7.823031921E0,7.001390533E0,1.108428065E1
5.466718500E0,3.331771545E0,7.920628967E0,6.666237488E0,1.087546721E1
5.476671500E0,3.074606323E0,7.784861298E0,6.251300354E0,1.044681892E1
5.486623500E0,2.865042114E0,7.525899811E0,6.383774872E0,1.027619657E1
5.496576500E0,2.983296204E0,7.147935791E0,6.327192535E0,1.000132030E1
5.506529500E0,3.398532715E0,6.898704071E0,5.649252319E0,9.542336938E0
5.516481500E0,3.837420044E0,6.919660492E0,5.483397217E0,9.626792766E0
5.526434500E0,3.938908997E0,6.793023834E0,5.638923798E0,9.667349093E0
5.536386500E0,3.840862885E0,6.690337372E0,5.732179871E0,9.610969145E0
5.546339500E0,3.882027283E0,6.731501770E0,5.942941589E0,9.782730020E0
5.556292500E0,4.094884644E0,6.847360840E0,6.635551300E0,1.037713697E1
5.566244500E0,4.321962433E0,7.245832214E0,6.685996399E0,1.076494271E1
5.576197500E0,4.327201538E0,7.618257751E0,6.194867706E0,1.073028006E1
5.586149500E0,3.973187714E0,8.007897491E0,6.057004395E0,1.079814545E1
5.596102500E0,3.581602020E0,8.474028168E0,5.980214081E0,1.097269278E1
5.606055500E0,3.597469025E0,8.597072296E0,4.844226379E0,1.050323591E1
5.616007500E0,3.469784546E0,8.455317078E0,4.844376068E0,1.034406937E1
5.625960500E0,2.587968292E0,8.418343964E0,6.261778564E0,1.080629288E1
5.635912500E0,2.440375214E0,8.350534973E0,6.674620056E0,1.096528241E1
5.645865500E0,3.143912201E0,8.137078857E0,7.023993530E0,1.119967506E1
5.655818500E0,3.157384186E0,8.043822784E0,7.237599335E0,1.127186781E1
5.665770500E0,2.310445404E0,8.040080566E0,6.951993256E0,1.087709813E1
5.675723500E0,2.923271027E0,8.602461090E0,6.159241791E0,1.097652539E1
5.685676500E0,2.509381714E0,8.178842010E0,5.732030182E0,1.029789412E1
5.695628500E0,1.418450317E0,7.703879700E0,5.992787933E0,9.862822666E0
5.705581500E0,8.425978088E-1,7.529642029E0,6.809040527E0,1.018668312E1
5.715533500E0,7.955955505E-1,7.524552612E0,7.331903229E0,1.053606517E1
5.725486500E0,1.204395447E0,7.684270477E0,7.428452454E0,1.075548637E1
5.735439500E0,2.177970886E0,7.997868347E0,6.993307343E0,1.084508197E1
5.745391500E0,3.316802673E0,8.587641907E0,6.384972382E0,1.120342117E1
5.755344500E0,3.810176697E0,9.048533478E0,6.109096069E0,1.156349685E1
5.765296500E0,3.343896332E0,9.227710876E0,6.319857788E0,1.167359812E1
5.775249500E0,2.191442871E0,9.343120880E0,6.465654602E0,1.157156079E1
5.785202500E0,9.666897583E-1,9.079519043E0,5.195845184E0,1.050566335E1
5.795154500E0,3.354524231E-1,8.653804321E0,4.508474579E0,9.763564953E0
5.805107500E0,6.521937561E-1,7.989485779E0,4.489763489E0,9.187775350E0
5.815060500E0,1.423839111E0,7.695347443E0,4.774022369E0,9.167168574E0
5.825012500E0,1.852697296E0,7.811954956E0,4.576732635E0,9.241515521E0
5.834965500E0,1.623523865E0,8.018824768E0,4.106410675E0,9.154233394E0
5.844917500E0,1.199306030E0,8.101752319E0,3.231031036E0,8.804333431E0
5.854870500E0,6.619235229E-1,7.615713043E0,2.592009888E0,8.071910751E0
5.864823500E0,1.302291870E-2,6.816075897E0,2.811154175E0,7.373035198E0
5.874775500E0,-2.498304749E-1,6.367159424E0,3.520379333E0,7.279849246E0
5.884728500E0,9.759704590E-2,6.424490204E0,3.930227051E0,7.531950892E0
5.894680500E0,9.009764099E-1,6.660100250E0,4.089196472E0,7.867033852E0
5.904633500E0,1.807640991E0,7.171885986E0,4.333638153E0,8.572277072E0
5.914586500E0,2.405198364E0,7.570656738E0,4.614753571E0,9.186717212E0
5.924538500E0,2.338437195E0,7.620503082E0,5.066963196E0,9.445341273E0
5.934491500E0,1.532812500E0,7.019353180E0,6.200555878E0,9.490401805E0
5.944443500E0,3.829037476E-1,6.429579620E0,7.355853424E0,9.777253652E0
5.954396500E0,-4.840933228E-1,6.515800323E0,6.735693054E0,9.384005601E0
5.964349500E0,-7.276368713E-1,6.812034302E0,5.319338379E0,8.673443811E0
5.974301500E0,-1.131946106E0,7.341932373E0,5.436694336E0,9.205591684E0
5.984254500E0,-1.611698456E0,8.009244690E0,5.942791901E0,1.010259115E1
5.994207500E0,-1.728605347E0,8.695417786E0,6.430028687E0,1.095187819E1
6.004159500E0,-1.409918060E0,9.078171844E0,6.747967529E0,1.139895341E1
6.014112500E0,-8.199948120E-1,9.012159119E0,6.341113586E0,1.104993778E1
6.024064042E0,-6.930587769E-2,8.799750824E0,5.694308624E0,1.048167776E1
6.034017042E0,4.698728943E-1,8.574768677E0,5.250032501E0,1.006530077E1
6.043970042E0,7.897576904E-1,8.182284851E0,4.851411438E0,9.545139891E0
6.053922042E0,8.107141113E-1,7.502847748E0,4.620292053E0,8.848563745E0
6.063875042E0,6.277944946E-1,6.860533447E0,4.291875000E0,8.116725702E0
6.073827042E0,4.475692749E-1,6.699468384E0,4.356241150E0,8.003751110E0
6.083780042E0,1.538800049E-1,6.596632233E0,4.600383453E0,8.043802819E0
6.093733042E0,-2.550695801E-1,6.461014252E0,3.778442688E0,7.489085044E0
6.103685042E0,-3.302133179E-1,7.270381165E0,4.071233826E0,8.339210273E0
6.113638042E0,-3.097059631E-1,7.686366119E0,4.748874664E0,9.040351347E0
6.123591042E0,-6.815327454E-1,7.648195496E0,4.471651154E0,8.885665156E0
6.133543042E0,-1.262624359E0,7.560627594E0,4.765490112E0,9.025918563E0
6.143496042E0,-1.769170990E0,7.582781525E0,5.140160980E0,9.330048046E0
6.153448042E0,-2.127825165E0,7.695946198E0,4.636009369E0,9.232974097E0
6.163401042E0,-2.268831940E0,7.909252625E0,4.752766571E0,9.502245289E0
6.173354042E0,-2.109413452E0,7.776778107E0,4.716841278E0,9.336835357E0
6.183306042E0,-1.486708374E0,7.633975067E0,3.760330353E0,8.638747680E0
6.193259042E0,-1.039288788E0,7.850574646E0,3.898493042E0,8.826658000E0
6.203211042E0,-8.334667969E-1,8.018675079E0,4.189936981E0,9.085669421E0
6.213164042E0,-3.224295044E-1,8.089328156E0,5.260810089E0,9.654911371E0
6.223117042E0,3.736230469E-1,8.249644775E0,6.141428833E0,1.029142270E1
6.233069042E0,7.331753540E-1,8.587192841E0,5.477858734E0,1.021197157E1
6.243022042E0,8.102650452E-1,8.875044250E0,5.217400360E0,1.032686818E1
6.252974042E0,9.345066833E-1,9.325158234E0,5.558241577E0,1.089614282E1
6.262927042E0,9.821076965E-1,9.528136139E0,5.374423828E0,1.098336676E1
6.272880042E0,1.360221405E0,9.182355194E0,5.349276123E0,1.071357103E1
6.282832042E0,1.969155121E0,8.415200500E0,5.680836639E0,1.034239219E1
6.292785042E0,2.401905212E0,8.279582520E0,6.182742920E0,1.060881451E1
6.302737042E0,2.124831390E0,8.934770050E0,6.670877838E0,1.135101914E1
6.312690042E0,1.257235565E0,9.353748779E0,7.405849457E0,1.199666052E1
6.322643042E0,8.159532166E-1,9.443711700E0,7.691006470E0,1.220659866E1
6.332595042E0,1.513951721E0,9.020841064E0,7.290888519E0,1.169720816E1
6.342548042E0,2.226170654E0,7.251221008E0,6.804250488E0,1.018989041E1
6.352501042E0,2.141746216E0,6.123017120E0,6.300697632E0,9.043075039E0
6.362453042E0,1.633553009E0,6.170618134E0,5.555846558E0,8.462414227E0
6.372406042E0,9.310638428E-1,7.139253845E0,5.392536163E0,8.995291636E0
6.382358042E0,3.915856934E-1,8.456813965E0,5.963598633E0,1.035545993E1
6.392311042E0,5.448669434E-2,8.968749390E0,6.453380127E0,1.104932349E1
6.402264042E0,1.380130005E-1,8.836424561E0,6.582411804E0,1.101950960E1
6.412216042E0,5.995033264E-1,8.194559326E0,6.703060913E0,1.060383102E1
6.422169042E0,8.017327881E-1,7.477400665E0,6.524781647E0,9.956257917E0
6.432121042E0,9.117539978E-1,7.047644348E0,5.673651581E0,9.093454155E0
6.442074042E0,1.517394562E0,7.311994629E0,5.424719238E0,9.230131663E0
6.452027042E0,2.473306732E0,7.512427826E0,5.730533295E0,9.766925303E0
6.461979042E0,3.257076874E0,7.524103546E0,5.849386139E0,1.007154418E1
6.471932042E0,3.336411896E0,7.274722137E0,5.678142242E0,9.812977420E0
6.481884042E0,3.061134338E0,7.415728912E0,5.519472198E0,9.737974743E0
6.491837042E0,2.584226074E0,7.789351959E0,5.799689484E0,1.004930975E1
6.501790042E0,1.921703796E0,7.921377411E0,6.141279144E0,1.020570797E1
6.511742042E0,1.363215179E0,8.079149323E0,6.137686615E0,1.023729488E1
6.521695042E0,1.325343933E0,8.094567261E0,6.181545410E0,1.027083538E1
6.531648042E0,1.622176666E0,7.681276703E0,5.999823303E0,9.880857685E0
6.541600042E0,1.756597137E0,7.145840149E0,5.781726837E0,9.358259996E0
6.551553042E0,2.041604462E0,6.863527222E0,5.244344330E0,8.875770510E0
6.561505042E0,2.528990936E0,7.292684784E0,4.878954163E0,9.131442396E0
6.571458042E0,3.466341705E0,8.115373993E0,4.372108154E0,9.848357710E0
6.581411042E0,4.459226990E0,8.736282806E0,3.260370026E0,1.033621572E1
6.591363042E0,4.586761780E0,8.774303741E0,3.669319611E0,1.055891548E1
6.601316042E0,3.519481201E0,8.096962280E0,7.244634705E0,1.142069517E1
6.611268042E0,2.269580383E0,7.744295654E0,1.063987427E1,1.335410179E1
6.621221042E0,1.740131378E0,7.946525116E0,1.143816422E1,1.403591533E1
6.631174042E0,1.123862915E0,7.954907684E0,1.035636383E1,1.310716964E1
6.641126042E0,5.816903687E-1,7.457192688E0,8.285570068E0,1.116238137E1
6.651079042E0,8.921447754E-1,7.477999420E0,8.231083374E0,1.115648382E1
6.661031042E0,1.188229065E0,7.166048126E0,8.697962494E0,1.133219686E1
6.670984042E0,1.586101685E0,7.490124207E0,7.387437744E0,1.063916893E1
6.680937042E0,1.757195892E0,7.736062775E0,6.092779999E0,1.000281824E1
6.690889042E0,1.516795807E0,7.406148834E0,5.814957733E0,9.537580590E0
6.700842042E0,1.332678680E0,7.053332520E0,6.291416931E0,9.545022740E0
6.710795042E0,1.104104004E0,6.638395386E0,6.570436707E0,9.405210123E0
6.720747042E0,8.412506104E-1,6.253695374E0,5.934559021E0,8.662297570E0
6.730700042E0,6.918612671E-1,6.414311371E0,5.476062469E0,8.462229171E0
6.740652042E0,8.378077698E-1,6.640940094E0,5.749693451E0,8.824000338E0
6.750605042E0,1.570384369E0,7.454647980E0,6.151907043E0,9.792029608E0
6.760558042E0,3.646267548E0,9.762997742E0,6.240672455E0,1.214732006E1
6.770510042E0,3.931424561E0,9.068292389E0,6.114484863E0,1.162226101E1
6.780463042E0,1.664239197E0,5.923482056E0,5.730233917E0,8.407907737E0
6.790415042E0,7.861651611E-1,5.503006439E0,4.751119995E0,7.312610802E0
6.800368042E0,2.262545013E0,7.280260620E0,4.011358337E0,8.614656136E0
6.810321042E0,2.781216431E0,7.358847198E0,4.243974609E0,8.938630623E0
6.820273042E0,1.981429596E0,6.540349274E0,5.371280365E0,8.692116234E0
6.830226042E0,1.479373627E0,6.464756470E0,6.378835144E0,9.201693341E0
6.840178042E0,1.283580780E0,6.329737244E0,6.707102509E0,9.311196338E0
6.850131042E0,1.235081635E0,6.267466736E0,7.162904663E0,9.597591841E0
6.860084042E0,2.151475983E0,6.543193359E0,7.467820587E0,1.015926043E1
6.870036042E0,2.823278961E0,6.999594269E0,6.816974030E0,1.017036671E1
6.879989042E0,3.958518219E0,9.014105072E0,6.332731018E0,1.170587198E1
6.889941042E0,4.106111298E0,9.649084625E0,6.350693665E0,1.225953890E1
6.899894042E0,3.269051971E0,9.319470062E0,5.959257660E0,1.153481577E1
6.909847042E0,2.480192413E0,9.289232941E0,5.621859283E0,1.113761666E1
6.919799042E0,2.111958160E0,8.868757324E0,6.025120697E0,1.092782243E1
6.929752042E0,2.032323761E0,8.552465057E0,6.132447510E0,1.071829795E1
6.939705042E0,2.222877502E0,8.256979523E0,5.752836914E0,1.030601901E1
6.949657042E0,2.331551514E0,7.775580597E0,5.326373749E0,9.709070161E0
6.959610042E0,2.154170380E0,7.459737396E0,5.071753235E0,9.274201471E0
6.969562042E0,2.029030609E0,7.510781250E0,5.308710480E0,9.418662705E0
6.979515042E0,1.887125702E0,7.644752655E0,5.003794556E0,9.329600556E0
6.989468042E0,1.711840210E0,8.073311462E0,4.971162415E0,9.634376504E0
6.999420042E0,1.437460785E0,8.324638824E0,5.398374023E0,1.002538514E1
7.009373042E0,1.413061523E0,9.028624878E0,5.972430267E0,1.091708447E1
7.019326000E0,1.561403046E0,9.470955048E0,5.809119873E0,1.121975235E1
7.029279000E0,1.623673553E0,9.259295197E0,4.725373535E0,1.052140762E1
7.039232000E0,1.775757294E0,8.918304291E0,3.933969269E0,9.907854440E0
7.049184000E0,1.969005432E0,8.472680969E0,3.684737549E0,9.446724088E0
7.059137000E0,1.901795197E0,7.951015778E0,3.484154663E0,8.886777289E0
7.069089000E0,1.672322388E0,7.632627869E0,3.285218353E0,8.476221445E0
7.079042000E0,1.454525299E0,7.641609192E0,3.812422028E0,8.662816898E0
7.088995000E0,1.336420898E0,7.588619385E0,4.324207764E0,8.835832602E0
7.098947000E0,9.235794067E-1,7.424111481E0,4.284240875E0,8.621203517E0
7.108900000E0,2.818638611E-1,7.363038483E0,5.193749542E0,9.014921921E0
7.118852000E0,-4.962181091E-1,7.658823395E0,6.852450256E0,1.028882319E1
7.128805000E0,-1.033450928E0,8.022417297E0,6.703360291E0,1.050534337E1
7.138758000E0,-1.177152100E0,8.202792206E0,5.637875977E0,1.002283057E1
7.148710000E0,-1.384321289E0,7.969427490E0,5.109624481E0,9.567464779E0
7.158663000E0,-1.348845062E0,7.678133240E0,5.154381409E0,9.345627895E0
7.168615000E0,-1.136137390E0,7.827971649E0,5.773194580E0,9.792738328E0
7.178568000E0,-9.539662170E-1,8.120014343E0,6.418203278E0,1.039413382E1
7.188521000E0,-7.235952759E-1,8.361462250E0,6.134094086E0,1.039541973E1
7.198473000E0,-2.942880249E-1,8.387059021E0,5.389692078E0,9.973873127E0
7.208426000E0,1.742376709E-1,8.554710388E0,5.159620514E0,9.991752221E0
7.218379000E0,4.299060059E-1,8.897647247E0,5.170398102E0,1.029980399E1
7.228331000E0,3.219804382E-1,8.696764984E0,4.984784088E0,1.002923053E1
7.238284000E0,1.297801208E-1,8.439749451E0,4.894372101E0,9.757104690E0
7.248236000E0,-5.777984619E-2,8.104596405E0,4.762646027E0,9.400564801E0
7.258189000E0,-2.094145203E-1,8.087831268E0,4.336182861E0,9.179289236E0
7.268142000E0,-1.407073975E-2,8.681796112E0,5.279670868E0,1.016113705E1
7.278094000E0,1.627116394E-1,8.656199341E0,5.252876587E0,1.012664676E1
7.288047000E0,1.454974365E-1,8.441246338E0,5.020110626E0,9.822286900E0
7.297999000E0,1.751358032E-1,8.173303528E0,5.061574402E0,9.615253431E0
7.307952000E0,1.520837402E-1,7.758366394E0,5.085674286E0,9.277901784E0
7.317905000E0,-5.074447632E-2,7.645052032E0,5.104684753E0,9.192779885E0
7.327857000E0,-2.127076721E-1,7.712561646E0,5.086273041E0,9.241159296E0
7.337810000E0,-2.176473999E-1,7.753726044E0,4.937781830E0,9.195070818E0
7.347762000E0,-2.465373230E-1,7.849975891E0,4.954846344E0,9.286194292E0
7.357715000E0,-3.156935120E-1,7.876620483E0,5.780828705E0,9.775417799E0
7.367668000E0,-3.308120728E-1,7.672445068E0,6.303691406E0,9.935410173E0
7.377620000E0,-3.948788452E-1,7.515571289E0,5.355563049E0,9.236979846E0
7.387573000E0,-2.372566223E-1,7.810158691E0,4.581522675E0,9.057881624E0
7.397525000E0,-1.008901978E-1,8.576714630E0,4.499044189E0,9.685639437E0
7.407478000E0,-8.517288208E-1,9.198072510E0,5.959257660E0,1.099284912E1
7.417431000E0,-1.422491913E0,8.373587036E0,7.826175385E0,1.154943567E1
7.427383000E0,-1.212628326E0,7.514523468E0,6.910230103E0,1.028055497E1
7.437336000E0,-8.137078857E-1,7.268584900E0,5.484295349E0,9.141769109E0
7.447288000E0,1.249900818E-1,7.221732330E0,4.880750427E0,8.717268213E0
7.457241000E0,1.135239258E0,7.241790619E0,4.914280701E0,8.825103645E0
7.467194000E0,2.112556915E0,7.404053192E0,5.004093933E0,9.182802213E0
7.477146000E0,2.917582855E0,7.500901794E0,5.059029694E0,9.506292594E0
7.487099000E0,3.218307495E0,7.681875458E0,5.295986938E0,9.869964100E0
7.497052000E0,3.331023102E0,7.636819153E0,5.908962250E0,1.021433094E1
7.507004000E0,2.979703674E0,7.942184143E0,6.858138428E0,1.090829893E1
7.516957000E0,2.166145477E0,8.126450958E0,7.597001953E0,1.133339446E1
7.526909000E0,1.072968750E0,7.753127289E0,7.955356750E0,1.116019470E1
7.536862000E0,7.012916565E-1,7.320227509E0,7.758965149E0,1.069013943E1
7.546815000E0,7.631130981E-1,7.171586609E0,7.115453339E0,1.013132135E1
7.556767000E0,8.397537231E-1,7.281009064E0,7.148833923E0,1.023836441E1
7.566720000E0,8.054750061E-1,7.134613495E0,7.321724396E0,1.025471344E1
7.576672000E0,8.994795227E-1,7.124584351E0,7.211553497E0,1.017719359E1
7.586625000E0,1.118174744E0,7.149432678E0,7.187004547E0,1.019890861E1
7.596578000E0,1.371597748E0,7.018754425E0,6.903194733E0,9.939732973E0
7.606530000E0,1.716330872E0,7.217990112E0,6.473588104E0,9.846446865E0
7.616483000E0,2.006277924E0,7.240742798E0,6.181096344E0,9.729309296E0
7.626435000E0,2.020797729E0,7.102729797E0,5.906866608E0,9.456398213E0
7.636388000E0,2.044448547E0,7.292984161E0,6.036646729E0,9.685478386E0
7.646341000E0,1.984423370E0,7.620802460E0,6.389612732E0,1.014109053E1
7.656293000E0,2.301913147E0,7.516469421E0,6.390061798E0,1.013059754E1
7.666246000E0,2.640209656E0,7.300318909E0,6.518644409E0,1.013696642E1
7.676198000E0,2.846929779E0,7.232958984E0,6.416706390E0,1.007942586E1
7.686151000E0,2.787353668E0,7.244485016E0,6.453679504E0,1.009464624E1
7.696104000E0,2.593955841E0,7.055877228E0,6.574927368E0,9.987175790E0
7.706056000E0,2.562970276E0,6.888824615E0,6.563551025E0,9.854183035E0
7.716009000E0,2.798131256E0,6.937473450E0,6.216123505E0,9.726164085E0
7.725961000E0,3.086880798E0,7.103927307E0,5.738317108E0,9.639652456E0
7.735914000E0,3.197800140E0,7.319479065E0,5.209466858E0,9.536207027E0
7.745867000E0,3.143463135E0,7.574548645E0,4.774471436E0,9.489506054E0
7.755819000E0,3.387306061E0,8.017776947E0,3.740571442E0,9.473672162E0
7.765772000E0,3.514391785E0,7.660769348E0,4.943769379E0,9.771345470E0
7.775724000E0,3.077749786E0,6.726711731E0,7.068002014E0,1.023121923E1
7.785677000E0,3.104544067E0,6.646777954E0,7.627538452E0,1.058287267E1
7.795630000E0,3.592978363E0,7.481741638E0,8.509504395E0,1.188686740E1
7.805582000E0,3.378025360E0,8.261021118E0,8.207133179E0,1.212487362E1
7.815535000E0,2.458038483E0,8.091573486E0,7.295379181E0,1.116861997E1
7.825487000E0,1.613644409E0,7.653135223E0,6.975344696E0,1.047996950E1
7.835440000E0,1.411564636E0,7.520061951E0,7.322173462E0,1.059047075E1
7.845393000E0,1.564696198E0,7.416627045E0,7.505242767E0,1.066692551E1
7.855345000E0,1.704804840E0,7.347321167E0,7.246580658E0,1.045956113E1
7.865298000E0,1.918260956E0,7.190447388E0,7.245383148E0,1.038642555E1
7.875251000E0,2.111060028E0,6.872957611E0,7.153773651E0,1.014251439E1
7.885203000E0,2.347268829E0,6.712940369E0,6.848558350E0,9.872993002E0
7.895156000E0,2.186952209E0,6.784491577E0,6.877298584E0,9.905014979E0
7.905108000E0,1.964514771E0,6.947053528E0,7.007378082E0,1.006102473E1
7.915061000E0,1.640289001E0,7.038363647E0,6.878945160E0,9.977424385E0
7.925014000E0,1.367855530E0,7.153174896E0,6.585106201E0,9.818480714E0
7.934966000E0,1.273252258E0,7.383695526E0,6.040239258E0,9.624168599E0
7.944919000E0,1.554068298E0,7.484585724E0,6.045777740E0,9.746054598E0
7.954871000E0,1.882036285E0,7.464527435E0,6.409072266E0,1.001685768E1
7.964824000E0,1.863923950E0,7.327711945E0,6.595734100E0,1.003360768E1
7.974777000E0,1.870659943E0,7.145989838E0,6.837182007E0,1.006536622E1
7.984729000E0,1.953737183E0,7.001540222E0,6.962621155E0,1.006562208E1
7.994682000E0,2.183359680E0,6.977440338E0,7.097490692E0,1.018950967E1
8.004634000E0,2.461631012E0,6.850504303E0,6.841672668E0,9.989870937E0
8.014587000E0,2.478246460E0,6.875951385E0,5.656886444E0,9.242336134E0
8.024539625E0,2.221679993E0,6.942263489E0,5.022056580E0,8.851662930E0
8.034491625E0,2.253114624E0,7.391778717E0,4.654720459E0,9.021160716E0
8.044444625E0,2.298170929E0,7.499105530E0,4.566104736E0,9.075653466E0
8.054396625E0,2.611619110E0,7.540718994E0,4.563709717E0,9.192956200E0
8.064349625E0,2.640958099E0,7.358248444E0,4.803361359E0,9.175552309E0
8.074302625E0,2.769241333E0,7.039112091E0,4.579427032E0,8.842451500E0
8.084254625E0,2.335443420E0,6.900500336E0,5.004243622E0,8.838192976E0
8.094207625E0,1.556014252E0,6.522087250E0,5.601800995E0,8.737217911E0
8.104159625E0,1.803300018E0,6.603068848E0,5.973178711E0,9.084672425E0
8.114112625E0,2.418071594E0,6.828350372E0,6.544690247E0,9.762500165E0
8.124065625E0,3.273243256E0,7.160060577E0,6.715335388E0,1.034776876E1
8.134017625E0,4.206402740E0,7.430248718E0,6.692582703E0,1.084864431E1
8.143970625E0,4.197720795E0,7.622299347E0,6.884783020E0,1.109596974E1
8.153922625E0,3.830833740E0,7.705675964E0,6.771917725E0,1.095041547E1
8.163875625E0,3.821553040E0,7.376211090E0,5.832770691E0,1.015056509E1
8.173828625E0,3.761827240E0,7.302863617E0,5.304219818E0,9.778441035E0
8.183780625E0,3.437601471E0,7.254065094E0,5.086273041E0,9.503090955E0
8.193733625E0,3.034789124E0,7.036417694E0,5.226082306E0,9.275400544E0
8.203685625E0,2.670446777E0,7.451803894E0,5.531297607E0,9.656910504E0
8.213638625E0,2.592458954E0,7.516020355E0,5.553451538E0,9.698052866E0
8.223591625E0,2.605332184E0,7.310647430E0,5.738915863E0,9.652381930E0
8.233543625E0,2.778671722E0,7.651788025E0,5.560337219E0,9.858408924E0
8.243496625E0,2.876568146E0,7.574997711E0,5.640121307E0,9.872497302E0
8.253448625E0,2.874771881E0,7.744445343E0,5.569917297E0,9.963168459E0
8.263401625E0,2.852168884E0,8.090375977E0,5.491480408E0,1.018554897E1
8.273354625E0,2.528691559E0,7.874375153E0,5.595065002E0,9.985229964E0
8.283306625E0,2.361040192E0,8.154742126E0,5.384003906E0,1.005295121E1
8.293259625E0,2.397414551E0,8.344697113E0,5.414390717E0,1.023216464E1
8.303212625E0,2.064955902E0,7.992778931E0,5.937403107E0,1.016864364E1
8.313164625E0,1.687291260E0,7.954757996E0,6.028563538E0,1.012268269E1
8.323117625E0,1.457668762E0,8.101452942E0,5.986051941E0,1.017797405E1
8.333069625E0,1.215472412E0,8.183781738E0,5.716013489E0,1.005606618E1
8.343022625E0,1.174308014E0,8.117469635E0,5.486690369E0,9.867932093E0
8.352975625E0,1.352138214E0,8.009394379E0,5.670358429E0,9.906141569E0
8.362927625E0,1.349294128E0,8.102650452E0,5.968987427E0,1.015393273E1
8.372880625E0,1.109193420E0,7.881859589E0,5.644611969E0,9.757851449E0
8.382832625E0,7.012916565E-1,7.405999146E0,5.430108032E0,9.210141507E0
8.392785625E0,2.481838989E-1,7.059020691E0,5.266049194E0,8.810371302E0
8.402738625E0,-2.160008240E-1,7.371720428E0,5.488336945E0,9.192973450E0
8.412690625E0,-3.405418396E-1,7.726183319E0,6.151907043E0,9.882096827E0
8.422643625E0,-3.784130859E-1,8.197104034E0,7.183861084E0,1.090612539E1
8.432595625E0,-3.106040955E-1,8.550668793E0,7.357200623E0,1.128445004E1
8.442548625E0,-6.271957397E-2,8.327931976E0,6.726262665E0,1.070518539E1
8.452501625E0,3.948788452E-1,8.022417297E0,6.644382935E0,1.042415144E1
8.462453625E0,7.524851990E-1,8.064928894E0,6.910379791E0,1.064719028E1
8.472406625E0,8.490344238E-1,8.221054230E0,6.727609863E0,1.065679720E1
8.482358625E0,8.720864868E-1,8.536298676E0,6.441704407E0,1.072960790E1
8.492311625E0,6.123765564E-1,8.625962219E0,6.235283661E0,1.066119091E1
8.502264625E0,5.896238708E-1,8.585396576E0,5.869893494E0,1.041692566E1
8.512216625E0,8.153544617E-1,8.578660583E0,5.832471313E0,1.040557264E1
8.522169625E0,8.782237244E-1,8.288414154E0,5.785918121E0,1.014622760E1
8.532121625E0,7.183561707E-1,8.209378510E0,5.899082794E0,1.013455026E1
8.542074625E0,4.349954224E-1,7.901468811E0,5.987848206E0,9.923545562E0
8.552027625E0,-6.541397095E-2,7.283553772E0,4.750670929E0,8.696166328E0
8.561979625E0,-4.486170959E-1,7.318281555E0,4.010460205E0,8.357170172E0
8.571932625E0,-2.381547546E-1,7.838599548E0,4.683460693E0,9.134285119E0
8.581884625E0,-1.992356873E-1,7.917036438E0,4.909939728E0,9.318082901E0
8.591837625E0,-2.288740540E-1,7.901019745E0,4.968468018E0,9.336175383E0
8.601790625E0,-2.811154175E-1,7.866142273E0,4.994663544E0,9.322118002E0
8.611742625E0,-3.227288818E-1,7.728728027E0,5.087620239E0,9.258578214E0
8.621695625E0,-5.712121582E-1,7.526797943E0,4.787045288E0,8.938387617E0
8.631647625E0,-8.469387817E-1,7.629634094E0,4.361929321E0,8.829215657E0
8.641600625E0,-9.907896423E-1,7.798932037E0,4.428391113E0,9.023062279E0
8.651553625E0,-8.698411560E-1,7.953410797E0,4.354444885E0,9.109037117E0
8.661505625E0,-7.209008789E-1,8.033643951E0,4.859943695E0,9.416909575E0
8.671458625E0,-6.831793213E-1,8.224796448E0,5.725743256E0,1.004480694E1
8.681410625E0,-6.682104492E-1,8.510402527E0,6.160139923E0,1.052714492E1
8.691363625E0,-5.902226257E-1,8.511899414E0,6.555467834E0,1.075987699E1
8.701316625E0,-5.454656982E-1,8.423283691E0,6.705755310E0,1.078037083E1
8.711268625E0,-4.906796265E-1,8.257278900E0,6.331084442E0,1.041662381E1
8.721221625E0,-3.085084534E-1,8.014932861E0,6.021827545E0,1.002979228E1
8.731173625E0,-3.098556519E-2,7.983498230E0,6.071224823E0,1.002980433E1
8.741126625E0,1.291813660E-1,8.214318237E0,6.535259857E0,1.049768228E1
8.751079625E0,1.625619507E-1,8.563841400E0,7.008725281E0,1.106743132E1
8.761031625E0,3.153941345E-1,8.634344788E0,6.716981964E0,1.094391292E1
8.770984625E0,7.728428650E-1,8.315208435E0,6.221512299E0,1.041379819E1
8.780936625E0,1.269360352E0,7.868237915E0,5.053042145E0,9.436825658E0
8.790889625E0,1.575773163E0,7.348967743E0,4.107308807E0,8.565067051E0
8.800842625E0,1.846410370E0,6.936725006E0,4.078418884E0,8.255960614E0
8.810794625E0,2.079625397E0,6.982080688E0,4.766088867E0,8.705739235E0
8.820747625E0,2.247127075E0,7.256460114E0,5.558840332E0,9.413102534E0
8.830700625E0,2.467768250E0,7.404352570E0,6.097719727E0,9.904367873E0
8.840652625E0,2.560275879E0,7.434889069E0,6.201154633E0,1.001433507E1
8.850605625E0,2.149080963E0,7.598798218E0,5.817801819E0,9.808521874E0
8.860557625E0,1.669627991E0,7.851622467E0,5.474415894E0,9.716216464E0
8.870510625E0,1.268162842E0,7.748187561E0,5.459896088E0,9.563112086E0
8.880463625E0,7.484436035E-1,7.487878876E0,5.727240143E0,9.456731864E0
8.890415625E0,6.051914978E-1,7.335495758E0,5.998775482E0,9.495317902E0
8.900368625E0,1.005758514E0,7.173981628E0,6.168672180E0,9.514729584E0
8.910320625E0,1.576072540E0,7.170389099E0,6.388115845E0,9.731726904E0
8.920273625E0,2.061063995E0,7.443571014E0,6.603966980E0,1.016204281E1
8.930226625E0,2.136207733E0,7.524402924E0,6.355932770E0,1.007858642E1
8.940178625E0,1.923050995E0,7.714806976E0,6.127807159E0,1.003824648E1
8.950131625E0,1.894909515E0,7.970475311E0,6.158343658E0,1.024911486E1
8.960083625E0,1.886077881E0,7.741750946E0,6.470594330E0,1.026453060E1
8.970036625E0,1.791773987E0,7.499554596E0,6.151607666E0,9.863876015E0
8.979989625E0,2.031575317E0,7.196884003E0,5.644162903E0,9.369045442E0
8.989941625E0,2.465373230E0,6.995702362E0,5.671855316E0,9.337443945E0
8.999894625E0,2.659369812E0,6.775360565E0,5.813311157E0,9.315167481E0
9.009846625E0,2.709365845E0,6.803202667E0,5.790558472E0,9.335673368E0
9.019799625E0,2.541115723E0,6.876400452E0,5.503605194E0,9.166887281E0
9.029752917E0,2.314786377E0,7.118896179E0,5.416336670E0,9.239784722E0
9.039704917E0,2.163750458E0,6.987619171E0,5.513634338E0,9.160174744E0
9.049657917E0,2.070793762E0,6.830745392E0,5.896687775E0,9.258412182E0
9.059609917E0,2.048789520E0,6.705306244E0,6.103557587E0,9.295810107E0
9.069562917E0,2.152673492E0,6.606661377E0,6.311924286E0,9.387351379E0
9.079515917E0,2.278412018E0,6.737639008E0,6.350693665E0,9.535106226E0
9.089467917E0,2.317780151E0,6.875801697E0,6.000571747E0,9.415711077E0
9.099420917E0,2.520308990E0,7.092251587E0,5.745801544E0,9.469225172E0
9.109372917E0,2.743494873E0,7.178172913E0,5.613327026E0,9.516426366E0
9.119325917E0,2.936743011E0,7.291187897E0,5.938750305E0,9.851631116E0
9.129278917E0,2.870580597E0,7.360942841E0,6.139782257E0,1.000603011E1
9.139230917E0,2.708617401E0,7.228468323E0,6.069877625E0,9.819917357E0
9.149183917E0,2.708767090E0,7.234455872E0,6.022575989E0,9.795212731E0
9.159136917E0,2.722837830E0,7.310946808E0,6.072122955E0,9.886074360E0
9.169088917E0,2.546654205E0,7.436086578E0,6.052663422E0,9.920461972E0
9.179041917E0,2.605332184E0,7.461833038E0,6.164181519E0,1.002316526E1
9.188993917E0,2.868634644E0,7.480394440E0,6.195017395E0,1.012736917E1
9.198946917E0,3.072061615E0,7.467820587E0,6.116730194E0,1.013016758E1
9.208899917E0,3.171005859E0,7.444469147E0,5.885311432E0,1.000561291E1
9.218851917E0,2.885998535E0,7.177873535E0,5.639821930E0,9.573841832E0
9.228804917E0,2.695295105E0,7.007827148E0,5.626499634E0,9.382523923E0
9.238756917E0,2.644700317E0,7.094496918E0,5.766608276E0,9.517357685E0
9.248709917E0,2.578088837E0,7.235952759E0,5.909710693E0,9.691761184E0
9.258662917E0,2.645897827E0,7.340136108E0,6.131250000E0,9.923235358E0
9.268614917E0,2.669249268E0,7.383396149E0,6.175258484E0,9.988655950E0
9.278567917E0,2.671195221E0,7.422913971E0,6.242019653E0,1.005970900E1
9.288519917E0,2.542911987E0,7.468868408E0,6.296506348E0,1.009437412E1
9.298472917E0,2.560724945E0,7.469018097E0,6.378386078E0,1.015023904E1
9.308425917E0,2.822829895E0,7.558831329E0,6.492598572E0,1.035655039E1
9.318377917E0,2.949616241E0,7.439529419E0,6.109096069E0,1.006816213E1
9.328330917E0,2.847977600E0,7.323520660E0,5.833369446E0,9.786374730E0
9.338283917E0,3.041076050E0,7.505991211E0,5.765111389E0,9.941054116E0
9.348235917E0,3.176694031E0,7.681127014E0,6.110742645E0,1.031660181E1
9.358188917E0,3.529360657E0,8.032596130E0,5.917045441E0,1.058255234E1
9.368140917E0,3.707789612E0,8.398585052E0,5.403463440E0,1.065276264E1
9.378093917E0,3.580254822E0,8.550668793E0,5.988746338E0,1.103617887E1
9.388046917E0,3.805686035E0,8.618926849E0,5.924679565E0,1.112973379E1
9.397998917E0,4.055366821E0,8.784183197E0,5.659281464E0,1.120871720E1
9.407951917E0,4.078568573E0,8.572972412E0,6.436914368E0,1.147015450E1
9.417903917E0,3.738026733E0,8.042475586E0,7.084617462E0,1.135103793E1
9.427856917E0,3.402274933E0,7.437134399E0,7.573800201E0,1.114669872E1
9.437809917E0,3.464695129E0,7.137158203E0,7.763605499E0,1.110030224E1
9.447761917E0,3.375929718E0,6.991211700E0,6.782695313E0,1.030916574E1
9.457714917E0,2.811303864E0,7.094945984E0,6.081703033E0,9.758524464E0
9.467666917E0,2.390528870E0,7.261100464E0,6.365363159E0,9.947665876E0
9.477619917E0,2.293231201E0,7.324867859E0,6.372697906E0,9.976165451E0
9.487572917E0,2.245031433E0,7.312892761E0,6.050418091E0,9.753262313E0
9.497524917E0,2.176473999E0,7.207960968E0,5.868246918E0,9.546101941E0
9.507477917E0,2.426753540E0,7.181166687E0,6.057902527E0,9.703425723E0
9.517430917E0,2.669698334E0,6.996151428E0,6.655310211E0,1.001831213E1
9.527382917E0,2.526146851E0,7.027735748E0,6.609655151E0,9.972864628E0
9.537335917E0,2.392774200E0,7.388036499E0,6.294410706E0,9.996402244E0
9.547287917E0,2.397564240E0,7.528145142E0,6.514004059E0,1.023980139E1
9.557240917E0,2.247127075E0,7.134314117E0,6.157295837E0,9.688153077E0
9.567193917E0,2.432591400E0,6.871909790E0,5.446873169E0,9.099949033E0
9.577145917E0,2.900368652E0,8.114326172E0,5.148393860E0,1.003794734E1
9.587098917E0,3.285218353E0,8.310418396E0,5.042264557E0,1.026061136E1
9.597050917E0,3.565285950E0,7.516918488E0,4.555027771E0,9.484914625E0
9.607003917E0,3.778592377E0,7.577991486E0,4.898413696E0,9.782544252E0
9.616956917E0,3.780089264E0,7.626490631E0,5.567821655E0,1.017118834E1
9.626908917E0,3.685336304E0,7.692054291E0,6.189329224E0,1.053836795E1
9.636861917E0,3.432062988E0,7.678432617E0,7.051536255E0,1.097549759E1
9.646813917E0,3.113076324E0,7.573650513E0,7.490124207E0,1.109744957E1
9.656766917E0,2.948418732E0,7.434140625E0,7.540120239E0,1.099149822E1
9.666719917E0,3.129991150E0,7.339986420E0,7.769293671E0,1.113706287E1
9.676671917E0,3.642076263E0,7.571704559E0,7.200925598E0,1.106565673E1
9.686624917E0,3.992048492E0,7.860603790E0,6.445296936E0,1.092096130E1
9.696577917E0,3.998784485E0,8.247848511E0,6.425538025E0,1.119396361E1
9.706529917E0,3.642675018E0,8.145910492E0,6.501879272E0,1.104080491E1
9.716482917E0,3.006647644E0,7.890391846E0,6.345753937E0,1.056251895E1
9.726434917E0,2.005529480E0,8.197702789E0,6.392606506E0,1.058725165E1
9.736387917E0,1.379680939E0,8.621022491E0,6.539600830E0,1.090834210E1
9.746340917E0,1.184337158E0,8.691974945E0,6.778803406E0,1.108626441E1
9.756292917E0,1.257684631E0,8.529562683E0,6.512207794E0,1.080481654E1
9.766245917E0,1.600920868E0,8.461903381E0,6.334676971E0,1.069087877E1
9.776197917E0,2.005679169E0,8.514144745E0,6.320306854E0,1.079164901E1
9.786150917E0,2.615061951E0,8.677155762E0,5.736969910E0,1.072587548E1
9.796103917E0,2.795137482E0,8.823102264E0,5.365741882E0,1.069818270E1
9.806055917E0,2.609972534E0,8.760382690E0,4.543801117E0,1.020795720E1
9.816008917E0,2.420915680E0,8.799900513E0,3.732039185E0,9.860385299E0
9.825961917E0,2.026785278E0,8.463100891E0,3.466641083E0,9.367472213E0
9.835913917E0,1.542691956E0,8.145611115E0,3.563938751E0,9.023997912E0
9.845866917E0,9.571096802E-1,7.669900360E0,4.327800293E0,8.858514878E0
9.855818917E0,5.706134033E-1,7.273075562E0,4.599635010E0,8.624376499E0
9.865771917E0,7.655081177E-1,7.533833313E0,3.883374481E0,8.510302252E0
9.875724917E0,9.972262573E-1,7.507338409E0,3.333418121E0,8.274434517E0
9.885676917E0,1.111139374E0,7.673941956E0,3.481310577E0,8.499619943E0
9.895629917E0,8.370593262E-1,7.758965149E0,3.898343353E0,8.723490666E0
9.905581917E0,1.645079041E-1,7.924969940E0,4.133204956E0,8.939552260E0
9.915534917E0,-6.155200195E-1,7.577542419E0,4.250261536E0,8.709921764E0
9.925487917E0,-7.264393616E-1,7.835755463E0,5.367687836E0,9.525694228E0
9.935439917E0,-1.114133148E0,6.620881805E0,5.970484314E0,8.984656448E0
9.945392917E0,-1.702409821E0,6.498436432E0,6.182443542E0,9.129648592E0
9.955345917E0,-1.670975189E0,6.661148071E0,5.764362946E0,8.966099034E0
9.965297917E0,-1.515149231E0,6.624474335E0,4.677772522E0,8.249902616E0
9.975250917E0,-1.319057007E0,8.001909943E0,4.067641296E0,9.072826452E0
9.985202917E0,-7.458988953E-1,7.601642303E0,4.213587799E0,8.723282238E0
9.995155917E0,-5.019062805E-1,7.546407166E0,4.663552094E0,8.885318742E0
1.000510892E1,-5.834866333E-1,7.442523193E0,5.212760010E0,9.105189457E0
1.001506092E1,-4.529580688E-1,7.675139465E0,5.854924622E0,9.664009476E0
1.002501375E1,-2.962339783E-1,8.304430847E0,6.817273407E0,1.074832745E1
1.003496575E1,-5.343887329E-2,8.850644989E0,6.974895630E0,1.126880391E1
1.004491875E1,1.589694214E-1,9.402397614E0,6.421795807E0,1.138726541E1
1.005487175E1,-3.206332397E-1,1.002195923E1,5.820047150E0,1.159376648E1
1.006482375E1,-7.701484680E-1,1.008827133E1,5.501060486E0,1.151642365E1
1.007477675E1,-1.009201355E0,9.925260315E0,5.563630371E0,1.142292706E1
1.008472975E1,-1.368005219E0,9.521400146E0,5.172643433E0,1.092175531E1
1.009468175E1,-1.457369385E0,9.161099396E0,4.682712250E0,1.039122041E1
1.010463475E1,-1.482367401E0,8.775351563E0,4.909191284E0,1.016387560E1
1.011458675E1,-1.440903625E0,8.436605988E0,4.984335022E0,9.904348513E0
1.012453975E1,-1.535656586E0,8.082292786E0,4.823569336E0,9.536693293E0
1.013449275E1,-1.902094574E0,7.585625610E0,4.339625702E0,8.943826413E0
1.014444475E1,-2.104922791E0,7.073690186E0,2.938688965E0,7.943782829E0
1.015439775E1,-1.849853210E0,7.144343262E0,2.102827148E0,7.673687481E0
1.016434975E1,-1.223256226E0,6.906787262E0,2.650089111E0,7.498202343E0
1.017430275E1,-1.124910736E0,6.058950348E0,2.540816345E0,6.665737107E0
1.018425575E1,-1.577419739E0,5.738616486E0,2.390379181E0,6.413570365E0
1.019420775E1,-2.036664734E0,5.889353027E0,3.284020844E0,7.043953096E0
1.020416075E1,-1.916913757E0,6.372099152E0,3.001857605E0,7.299955824E0
1.021411375E1,-1.549128571E0,6.827152863E0,3.009192352E0,7.620042923E0
1.022406575E1,-1.164428558E0,7.103178864E0,3.427123260E0,7.972215356E0
1.023401875E1,-3.782633972E-1,7.288792877E0,3.642974396E0,8.157257336E0
1.024397075E1,8.652008057E-2,7.176676025E0,4.196972351E0,8.314249299E0
1.025392375E1,4.818479919E-1,7.176676025E0,4.744683380E0,8.616778786E0
1.026387675E1,7.304809570E-1,6.984475708E0,5.252577209E0,8.769610635E0
1.027382875E1,6.551875305E-1,6.934180298E0,5.561085663E0,8.912788613E0
1.028378175E1,4.793032837E-1,7.266189880E0,5.229076080E0,8.964958654E0
1.029373375E1,1.613644409E-1,7.768994293E0,4.862189026E0,9.166471128E0
1.030368675E1,2.050735474E-2,8.314310303E0,4.860991516E0,9.631065096E0
1.031363975E1,3.453318787E-1,8.476123810E0,5.237458649E0,9.969699195E0
1.032359175E1,1.048868866E0,8.224796448E0,5.770500183E0,1.010178573E1
1.033354475E1,1.889371033E0,8.019124146E0,5.932463379E0,1.015234932E1
1.034349775E1,2.449955292E0,8.045319672E0,6.125711517E0,1.040450821E1
1.035344975E1,2.222578125E0,8.508456573E0,6.303392029E0,1.081972448E1
1.036340275E1,1.432521057E0,9.941127319E0,6.320755920E0,1.186718519E1
1.037335475E1,1.548529816E0,9.803862762E0,7.254663849E0,1.229405617E1
1.038330775E1,2.097288666E0,9.256750488E0,7.847580872E0,1.231546081E1
1.039326075E1,2.198029175E0,8.260122986E0,8.486751709E0,1.204516162E1
1.040321275E1,1.957030334E0,7.605085144E0,8.701105957E0,1.172077355E1
1.041316575E1,1.598825226E0,8.040080566E0,8.448880463E0,1.177211615E1
1.042311875E1,9.330097961E-1,7.646698608E0,8.285121002E0,1.131307814E1
1.043307075E1,3.483256531E-1,7.357649689E0,8.554261322E0,1.128856618E1
1.044302375E1,4.418811035E-1,7.529043274E0,8.754694519E0,1.155536359E1
1.045297575E1,8.795709229E-1,8.150550842E0,8.763526154E0,1.200018811E1
1.046292875E1,1.268911285E0,8.015232239E0,8.181237030E0,1.152331216E1
1.047288175E1,1.690285034E0,8.130642242E0,7.440277863E0,1.114998392E1
1.048283375E1,1.951192474E0,8.276588745E0,6.739285583E0,1.085020938E1
1.049278675E1,2.279310150E0,8.433612213E0,5.916446686E0,1.055108578E1
1.050273875E1,2.788401489E0,8.990005188E0,3.548520813E0,1.005919361E1
1.051269175E1,3.332220612E0,8.678802338E0,1.729503479E0,9.456029109E0
1.052264475E1,3.105142822E0,6.781497803E0,4.240980835E0,8.580008324E0
1.053259675E1,2.544558563E0,6.216572571E0,7.648794250E0,1.017961720E1
1.054254975E1,2.289938049E0,6.082152100E0,1.027388535E1,1.215685447E1
1.055250275E1,2.095492401E0,5.985153809E0,1.196626602E1,1.354269829E1
1.056245475E1,2.223476257E0,6.913373566E0,1.105765549E1,1.322914682E1
1.057240775E1,2.389481049E0,7.363337860E0,9.473649445E0,1.223431232E1
1.058235975E1,2.132315826E0,6.763235779E0,1.015248779E1,1.238390639E1
1.059231275E1,1.745071106E0,6.457721100E0,1.045470932E1,1.241162286E1
1.060226575E1,1.396446075E0,6.525829468E0,9.805209961E0,1.186080327E1
1.061221775E1,1.319356384E0,6.688391418E0,9.066196747E0,1.134333304E1
1.062217075E1,1.744172974E0,6.706503754E0,7.960745544E0,1.055427883E1
1.063212375E1,2.160157928E0,6.903194733E0,7.136709137E0,1.016134819E1
1.064207575E1,2.432741089E0,7.244634705E0,6.727759552E0,1.018163591E1
1.065202875E1,2.674338684E0,7.301067352E0,6.190526733E0,9.938827552E0
1.066198075E1,2.505040741E0,7.072342987E0,5.973178711E0,9.590210027E0
1.067193375E1,1.997296600E0,6.922504578E0,5.810916138E0,9.256187644E0
1.068188675E1,1.643282776E0,6.834936676E0,5.561235352E0,8.963485722E0
1.069183875E1,1.367556152E0,6.872059479E0,5.501509552E0,8.908536280E0
1.070179175E1,1.257385254E0,7.119644623E0,5.160368958E0,8.882553969E0
1.071174375E1,1.628912659E0,7.184310150E0,4.925806732E0,8.861785415E0
1.072169675E1,2.424807587E0,7.049889679E0,5.046306152E0,9.002546423E0
1.073164975E1,3.088677063E0,7.024442596E0,5.294340363E0,9.322701307E0
1.074160175E1,3.276386719E0,7.394622803E0,6.374943237E0,1.029830363E1
1.075155475E1,3.150199127E0,7.949668579E0,6.336622925E0,1.064301532E1
1.076150775E1,2.691253510E0,7.759264526E0,6.453679504E0,1.044504718E1
1.077145975E1,1.874851227E0,7.389982452E0,7.180118866E0,1.047287041E1
1.078141275E1,1.462309113E0,6.453380127E0,6.100264435E0,8.999871620E0
1.079136475E1,2.178869019E0,6.143973541E0,7.502099304E0,9.938680750E0
1.080131775E1,1.850302277E0,6.495442657E0,9.673633575E0,1.179803290E1
1.081127075E1,1.285676422E0,6.175408173E0,8.199199677E0,1.034482988E1
1.082122275E1,6.454577637E-1,6.418203278E0,6.584357758E0,9.217576477E0
1.083117575E1,1.040336609E-1,6.596931610E0,6.738836517E0,9.430919747E0
1.084112875E1,3.173400879E-2,7.569010162E0,8.807085571E0,1.161273775E1
1.085108075E1,5.559439087E-1,8.851543121E0,9.871671753E0,1.327059880E1
1.086103375E1,1.427731018E0,9.079219666E0,8.049061890E0,1.221712089E1
1.087098575E1,1.666185150E0,9.351503448E0,6.974296875E0,1.178421005E1
1.088093875E1,8.666976929E-1,1.008872040E1,6.674919434E0,1.212798391E1
1.089089175E1,4.340972900E-1,9.656269684E0,6.823560333E0,1.183186208E1
1.090084375E1,1.144220581E0,8.601562958E0,6.243666229E0,1.069015875E1
1.091079675E1,1.683998108E0,8.356971588E0,5.995182953E0,1.042195003E1
1.092074875E1,2.315085754E0,7.887398071E0,4.653373260E0,9.445874924E0
1.093070175E1,2.797083435E0,7.149582367E0,3.276835785E0,8.347326310E0
1.094065475E1,2.726430359E0,7.346722412E0,3.386258240E0,8.536656112E0
1.095060675E1,2.554138641E0,7.990533600E0,4.185296631E0,9.374911162E0
1.096055975E1,2.429747314E0,8.159831543E0,3.759132843E0,9.306857824E0
1.097051275E1,2.056423645E0,7.549251251E0,2.872676239E0,8.335006985E0
1.098046475E1,1.467997284E0,6.650669861E0,2.485281830E0,7.250038027E0
1.099041775E1,1.195713501E0,6.481222229E0,2.637664948E0,7.098820235E0
1.100036975E1,1.149160309E0,6.539451141E0,3.243754578E0,7.389650493E0
1.101032275E1,9.545649719E-1,6.580465851E0,4.411925354E0,7.979900402E0
1.102027575E1,7.946974182E-1,6.308930511E0,5.910758514E0,8.681659657E0
1.103022713E1,5.312452698E-1,5.903872833E0,6.830446014E0,9.043944312E0
1.104018013E1,1.751358032E-1,6.465055847E0,5.999224548E0,8.821468973E0
1.105013313E1,-1.347198486E-2,6.940766602E0,5.278473358E0,8.719902723E0
1.106008513E1,-2.653981018E-1,7.466772766E0,6.010151825E0,9.588798499E0
1.107003813E1,-5.421725464E-1,8.024662628E0,6.988666992E0,1.065507521E1
1.107999013E1,-2.939886475E-1,8.791368256E0,7.128775635E0,1.132228012E1
1.108994313E1,3.748205566E-1,9.316775665E0,6.552623749E0,1.139647653E1
1.109989613E1,1.005608826E0,9.421408081E0,5.884862366E0,1.115373410E1
1.110984813E1,1.072669373E0,9.420959015E0,5.340294800E0,1.088227168E1
1.111980113E1,8.738827515E-1,9.398206329E0,4.809199219E0,1.059331631E1
1.112975313E1,3.845503235E-1,9.055269470E0,4.796176300E0,1.025422309E1
1.113970613E1,-3.273692322E-1,8.501421204E0,5.548811188E0,1.015729485E1
1.114965913E1,-8.312214661E-1,7.675289154E0,6.118526459E0,9.850754222E0
1.115961113E1,-1.009650421E0,6.603517914E0,6.099815369E0,9.046192035E0
1.116956413E1,-1.009351044E0,6.021977234E0,5.128784637E0,7.974172759E0
1.117951713E1,-8.885522461E-1,6.367608490E0,4.677922211E0,7.951032586E0
1.118946913E1,-9.894424438E-1,6.686146088E0,4.335883484E0,8.030157622E0
1.119942213E1,-1.298100586E0,6.739435272E0,3.887865143E0,7.888000272E0
1.120937412E1,-1.302291870E0,6.707401886E0,3.793561249E0,7.815133468E0
1.121932712E1,-9.265731812E-1,6.230792999E0,3.412902832E0,7.164441709E0
1.122928013E1,-3.342549133E-1,6.230942688E0,3.531905365E0,7.170127519E0
1.123923212E1,4.878355408E-1,6.374793549E0,3.856580200E0,7.466537828E0
1.124918512E1,1.310674438E0,6.494544525E0,4.620292053E0,8.077380437E0
1.125913812E1,1.941612396E0,6.958130493E0,5.086722107E0,8.835167256E0
1.126909012E1,1.969753876E0,7.641459503E0,5.379213867E0,9.550276200E0
1.127904312E1,1.553020477E0,8.226592712E0,5.090913391E0,9.798270226E0
1.128899512E1,8.737330627E-1,9.503886566E0,4.839436340E0,1.070081368E1
1.129894812E1,6.762936401E-1,9.580078125E0,6.030958557E0,1.134053487E1
1.130890112E1,1.307530975E0,8.518036652E0,6.693780212E0,1.091207034E1
1.131885312E1,1.870210876E0,8.108638000E0,6.414311371E0,1.050671639E1
1.132880612E1,2.219584351E0,7.764054565E0,5.842500458E0,9.967041165E0
1.133875812E1,2.595003662E0,7.157366180E0,5.421575775E0,9.346412067E0
1.134871112E1,3.000809784E0,7.072642365E0,5.541775818E0,9.473035870E0
1.135866412E1,3.046165466E0,7.613467712E0,6.247109070E0,1.030875290E1
1.136861612E1,2.954555969E0,7.658823395E0,7.272626495E0,1.096713604E1
1.137856912E1,2.552042999E0,7.114405518E0,7.923023987E0,1.094997710E1
1.138852212E1,2.294428711E0,7.040758667E0,8.360863495E0,1.116873870E1
1.139847412E1,1.909728699E0,8.620872803E0,9.920320587E0,1.328078583E1
1.140842712E1,8.708889771E-1,8.612190857E0,9.086404724E0,1.254954301E1
1.141837912E1,-1.510359192E-1,6.459367676E0,7.525600433E0,9.918714861E0
1.142833212E1,1.938468933E-1,7.060517578E0,9.143585815E0,1.155394507E1
1.143828512E1,9.478289795E-1,7.245532837E0,8.172255707E0,1.096275007E1
1.144823713E1,1.431622925E0,7.653883667E0,7.253017273E0,1.064132224E1
1.145819013E1,2.106269989E0,8.123457184E0,7.115752716E0,1.100276632E1
1.146814313E1,2.487826538E0,8.249644775E0,7.240593109E0,1.125487043E1
1.147809513E1,2.487826538E0,8.182883606E0,7.045698395E0,1.108109791E1
1.148804813E1,2.292931824E0,8.272397461E0,5.874234467E0,1.040176556E1
1.149800013E1,2.555336151E0,8.402027893E0,3.645519104E0,9.508607947E0
1.150795313E1,3.275039520E0,8.501421204E0,2.909200287E0,9.563654775E0
1.151790613E1,2.683469696E0,6.944359131E0,7.475903778E0,1.055055784E1
1.152785813E1,9.207353210E-1,5.721252594E0,1.307695633E1,1.430340070E1
1.153781113E1,-1.076261902E-1,6.321354675E0,1.366418518E1,1.505593122E1
1.154776313E1,6.915618896E-2,6.698570251E0,1.150642227E1,1.331440496E1
1.155771613E1,1.496887207E-3,6.064488831E0,1.065813629E1,1.226270346E1
1.156766913E1,2.448907471E-1,6.202052765E0,9.901759186E0,1.168632812E1
1.157762113E1,8.919950867E-1,6.443051605E0,9.416618042E0,1.144470465E1
1.158757413E1,1.366358643E0,6.483766937E0,8.877888336E0,1.107804455E1
1.159752713E1,8.503816223E-1,6.721472626E0,8.498726807E0,1.086874880E1
1.160747913E1,1.047821045E-2,6.861281891E0,8.644523621E0,1.103653422E1
1.161743213E1,-9.131011963E-3,7.454647980E0,8.283474426E0,1.114395838E1
1.162738413E1,8.939410400E-1,7.758516083E0,7.583679657E0,1.088604150E1
1.163733713E1,1.759291534E0,7.768395538E0,6.878047028E0,1.052381142E1
1.164729013E1,2.116598511E0,7.334597626E0,6.888525238E0,1.028241662E1
1.165724213E1,1.987267456E0,7.077582092E0,7.268884277E0,1.033818547E1
1.166719513E1,1.625769196E0,7.173233185E0,7.477849731E0,1.048888156E1
1.167714813E1,1.372495880E0,7.495363312E0,7.559579773E0,1.073366025E1
1.168710013E1,1.055904236E0,7.902516632E0,7.117099915E0,1.068727346E1
1.169705313E1,1.045276337E0,8.724008331E0,6.578220520E0,1.097606073E1
1.170700513E1,1.584604797E0,9.222471771E0,6.067781982E0,1.115270981E1
1.171695813E1,2.194586334E0,8.900191956E0,5.632636871E0,1.075900665E1
1.172691113E1,2.510728912E0,7.943231964E0,6.323899384E0,1.045898643E1
1.173686312E1,2.495610352E0,7.462880859E0,7.460336151E0,1.084339786E1
1.174681612E1,2.846480713E0,7.757767639E0,6.921007690E0,1.077894979E1
1.175676913E1,3.123704224E0,8.167315979E0,6.759792938E0,1.105248293E1
1.176672112E1,2.417921906E0,8.342601471E0,7.983647919E0,1.179762602E1
1.177667412E1,1.007554779E0,8.360863495E0,7.150330811E0,1.104746286E1
1.178662612E1,-3.165916443E-1,8.951535187E0,5.709427185E0,1.062204176E1
1.179657912E1,-1.398691406E0,9.479038239E0,5.997727661E0,1.130403648E1
1.180653212E1,-2.143542480E0,9.690548401E0,6.116580505E0,1.165821855E1
1.181648412E1,-1.992506561E0,9.412127380E0,6.056555328E0,1.136838100E1
1.182643712E1,-1.256936188E0,8.762927399E0,6.289770355E0,1.085955783E1
1.183638912E1,-4.038601685E-1,8.088280334E0,6.522536316E0,1.039840670E1
1.184634212E1,8.523275757E-1,7.901019745E0,6.528523865E0,1.028465844E1
1.185629512E1,2.122286682E0,7.622449036E0,5.661377106E0,9.729183974E0
1.186624712E1,2.475701752E0,7.460934906E0,4.395010529E0,9.006151586E0
1.187620012E1,2.215692444E0,7.826325073E0,3.457360382E0,8.838212374E0
1.188615312E1,1.605112152E0,8.234526215E0,2.473905487E0,8.746657382E0
1.189610512E1,9.020242310E-1,8.228688354E0,1.794019318E0,8.470151419E0
1.190605812E1,4.128414917E-1,7.848628693E0,1.936672668E0,8.094572964E0
1.191601012E1,-1.086740112E-1,7.639962616E0,2.281106415E0,7.973975501E0
1.192596312E1,-6.462062073E-1,7.776628418E0,2.168989563E0,8.099262172E0
1.193591612E1,-1.174607391E0,7.775879974E0,1.978884888E0,8.109253807E0
1.194586812E1,-1.623074799E0,7.712711334E0,2.349214783E0,8.224299242E0
1.195582112E1,-1.403032379E0,7.562274170E0,2.714754639E0,8.156370714E0
1.196577313E1,-2.881507874E-1,7.628436584E0,3.344046021E0,8.334189786E0
1.197572613E1,7.656578064E-1,8.131091309E0,3.617078247E0,8.932196415E0
1.198567913E1,1.254541168E0,8.718918915E0,4.786895599E0,1.002535735E1
1.199563113E1,9.054670715E-1,9.261540527E0,6.060297546E0,1.110509837E1
1.200558413E1,2.140548706E-2,9.854307861E0,6.667285309E0,1.189792146E1
1.201553713E1,-1.469793549E0,9.816885681E0,6.521638184E0,1.187700729E1
1.202548937E1,-3.053200836E0,1.012180161E1,6.857689362E0,1.260161920E1
1.203544237E1,-3.761078796E0,1.070409073E1,7.418872375E0,1.355591898E1
1.204539437E1,-3.584296417E0,1.070409073E1,8.086484070E0,1.388581880E1
1.205534737E1,-2.798879700E0,1.026370651E1,8.506660309E0,1.362133138E1
1.206530037E1,-1.419049072E0,1.009231293E1,8.483907623E0,1.326066247E1
1.207525237E1,6.331832886E-2,1.007689499E1,8.243208160E0,1.301915138E1
1.208520537E1,1.024319916E0,1.002495300E1,7.698191528E0,1.268113034E1
1.209515837E1,1.497336273E0,9.775272217E0,7.014263763E0,1.212426736E1
1.210511037E1,1.976340179E0,9.667646027E0,6.740632782E0,1.195012261E1
1.211506337E1,2.646047516E0,1.011087433E1,6.864874420E0,1.250431317E1
1.212501537E1,3.428320770E0,1.077025314E1,6.441105652E0,1.300921128E1
1.213496837E1,4.232897644E0,1.090227859E1,6.849157104E0,1.355315661E1
1.214492137E1,4.808450775E0,1.057910065E1,7.065606995E0,1.360005042E1
1.215487337E1,5.316194916E0,1.001297791E1,5.895939331E0,1.277825323E1
1.216482637E1,5.404062195E0,9.519603882E0,5.743705902E0,1.236191343E1
1.217477837E1,4.951702881E0,9.451794891E0,5.996530151E0,1.223985956E1
1.218473137E1,3.592529297E0,9.369915161E0,6.881938934E0,1.216810011E1
1.219468437E1,1.364861755E0,9.126072235E0,8.445437622E0,1.250893515E1
1.220463637E1,-1.196611633E0,8.890911255E0,1.230546066E1,1.522841241E1
1.221458937E1,-4.324956207E0,8.818312225E0,1.648611694E1,1.919009975E1
1.222454237E1,-9.874366150E0,1.106618774E1,1.199051559E1,1.907186625E1
1.223449438E1,-1.003573059E1,1.653581360E1,7.866441650E0,2.088132956E1
1.224444738E1,-7.375762024E0,1.939217377E1,6.823710022E0,2.184081700E1
1.225439938E1,-4.971162415E0,1.912961975E1,6.203250275E0,2.071557679E1
1.226435238E1,-1.708547058E0,1.763827103E1,8.971294098E0,1.986232251E1
1.227430538E1,7.375163269E-1,1.404304733E1,9.073681183E0,1.673567444E1
1.228425738E1,1.878294067E0,1.083776276E1,8.195008392E0,1.371653210E1
1.229421038E1,1.963167572E0,9.039701843E0,7.223229218E0,1.173649337E1
1.230416338E1,2.087109833E0,7.638914795E0,6.538403320E0,1.026936048E1
1.231411538E1,2.298320618E0,6.733298035E0,5.674250336E0,9.100367957E0
1.232406838E1,2.159858551E0,7.062313843E0,5.588478699E0,9.261336833E0
1.233402038E1,1.582209778E0,7.716154175E0,4.560566254E0,9.101713442E0
1.234397338E1,1.394200745E0,7.847580872E0,3.901786194E0,8.874246827E0
1.235392638E1,1.660347290E0,7.820936279E0,3.080444183E0,8.568134790E0
1.236387838E1,2.171983337E0,7.859855347E0,2.928510132E0,8.664352791E0
1.237383138E1,2.500849457E0,8.220455475E0,3.221600647E0,9.176537852E0
1.238378338E1,2.706372070E0,8.805139618E0,2.659070435E0,9.587783323E0
1.239373638E1,2.975213013E0,8.997639313E0,2.266586609E0,9.744065914E0
1.240368938E1,2.972967682E0,9.125024414E0,1.728156281E0,9.751468173E0
1.241364138E1,2.783461761E0,9.706565094E0,8.424481201E-1,1.013285666E1
1.242359438E1,2.504741364E0,1.033555710E1,3.140469360E-1,1.063936536E1
1.243354738E1,2.017654266E0,1.002974304E1,7.259902954E-1,1.025639976E1
1.244349938E1,1.407672729E0,8.491841125E0,6.189628601E-1,8.629949202E0
1.245345238E1,8.634045410E-1,6.157445526E0,3.701802063E-1,6.228694582E0
1.246340438E1,5.044509888E-1,4.962031403E0,-4.569996643E-1,5.008500288E0
1.247335738E1,5.075944519E-1,5.559588776E0,-1.157093811E0,5.701363483E0
1.248331038E1,7.003935242E-1,6.763235779E0,-1.121318207E0,6.891245447E0
1.249326238E1,1.022373962E0,7.668403473E0,6.674620056E-1,7.764996193E0
1.250321538E1,2.026186523E0,8.578959961E0,2.173031158E0,9.078879350E0
1.251316738E1,3.410208435E0,9.166188812E0,1.999392242E0,9.982289730E0
1.252312038E1,3.692970428E0,9.042246552E0,3.604504395E0,1.041118174E1
1.253307338E1,3.021616516E0,8.333320770E0,4.831951904E0,1.009565058E1
1.254302537E1,1.958826599E0,7.610623627E0,3.798800354E0,8.728658417E0
1.255297837E1,1.001267853E0,7.304809570E0,4.455035706E0,8.614529779E0
1.256293137E1,5.460644531E-1,7.390132141E0,4.722080383E0,8.786938181E0
1.257288337E1,4.813989258E-1,7.717800751E0,4.382286987E0,8.888230003E0
1.258283637E1,5.908213806E-1,7.808212738E0,4.319717102E0,8.942997926E0
1.259278837E1,8.059240723E-1,8.020321655E0,2.950514374E0,8.583740917E0
1.260274137E1,1.167871399E0,8.121361542E0,2.457888794E0,8.565141810E0
1.261269437E1,2.110910339E0,7.224726105E0,2.056124268E0,7.802580134E0
1.262264637E1,3.021317139E0,5.536686401E0,1.712139587E0,6.535646527E0
1.263259937E1,3.715872803E0,4.059109039E0,3.610791321E0,6.581936709E0
1.264255237E1,4.381987610E0,3.871100006E0,5.565127258E0,8.072042621E0
1.265250437E1,4.919220428E0,5.037923584E0,5.896388397E0,9.184051382E0
1.266245737E1,4.997507629E0,6.467750244E0,5.650749207E0,9.936691719E0
1.267240937E1,4.750820618E0,7.048542480E0,6.126759338E0,1.047804503E1
1.268236237E1,4.483177185E0,7.438930664E0,6.600973206E0,1.090914361E1
1.269231537E1,4.212090912E0,7.930807800E0,7.630532227E0,1.178407588E1
1.270226737E1,4.246369629E0,8.323141937E0,7.991581421E0,1.229519094E1
1.271222037E1,4.109703827E0,7.851472778E0,7.066056061E0,1.133421539E1
1.272217237E1,3.311114502E0,7.216792603E0,7.063810730E0,1.062746427E1
1.273212537E1,2.657274170E0,7.091503143E0,8.851243744E0,1.164882134E1
1.274207837E1,1.977088623E0,6.709647217E0,1.000504440E1,1.220774994E1
1.275203038E1,9.756710815E-1,6.149212646E0,9.733059998E0,1.155409915E1
1.276198338E1,6.620732117E-1,5.673950958E0,1.015338593E1,1.165003460E1
1.277193638E1,-5.981561279E-1,4.518354034E0,1.039393570E1,1.134932656E1
1.278188838E1,-1.946552124E0,3.443888397E0,1.061487625E1,1.132806384E1
1.279184138E1,-2.408940582E0,3.379522247E0,1.091545120E1,1.167780974E1
1.280179338E1,-1.589993591E0,1.950444031E0,1.089674011E1,1.118352613E1
1.281174638E1,-1.643282776E0,2.117346954E0,8.818461914E0,9.216767705E0
1.282169938E1,-1.554517365E0,1.963466949E0,8.007298737E0,8.389789017E0
1.283165138E1,-1.650168457E0,1.751956787E0,7.624544678E0,7.995379295E0
1.284160438E1,-1.081501007E0,2.201172638E0,7.101831665E0,7.513375966E0
1.285155738E1,-1.366658020E-1,2.782114563E0,6.590494995E0,7.154960745E0
1.286150938E1,2.878514099E-1,3.552562408E0,5.521418152E0,6.571880744E0
1.287146238E1,1.055754547E0,4.638703766E0,4.812342682E0,6.766892372E0
1.288141438E1,2.184407501E0,5.660928040E0,4.668192444E0,7.655701346E0
1.289136738E1,3.356320496E0,5.919290771E0,4.620441742E0,8.225045434E0
1.290132038E1,3.991300049E0,5.058430939E0,3.946243744E0,7.555861257E0
1.291127238E1,4.318070526E0,4.290827179E0,6.162085876E0,8.661883935E0
1.292122538E1,3.359763336E0,3.334166565E0,1.110675339E1,1.207330308E1
1.293117838E1,2.086960144E0,1.924697571E0,1.215292786E1,1.248012495E1
1.294113038E1,1.858834534E0,1.122964783E0,9.818532257E0,1.005583867E1
1.295108338E1,3.093317413E0,1.126557312E0,6.469696198E0,7.259112403E0
1.296103538E1,4.724176025E0,1.271156616E0,4.516408081E0,6.658199473E0
1.297098838E1,4.622238007E0,1.040486298E0,6.337221680E0,7.912526432E0
1.298094138E1,3.104394379E0,1.674717407E0,9.866133270E0,1.047771581E1
1.299089338E1,1.570983124E0,2.764301605E0,1.136810989E1,1.180437520E1
1.300084638E1,3.365002441E-1,4.085753632E0,1.106079895E1,1.179609633E1
1.301079938E1,1.348695374E-1,5.541177063E0,9.812095642E0,1.126943006E1
1.302075138E1,1.120120697E0,6.027366028E0,7.432194672E0,9.634382660E0
1.303070475E1,3.025807800E0,6.058201904E0,4.305346985E0,8.024545832E0
1.304065675E1,5.892646179E0,8.863218842E0,2.506837006E0,1.093453973E1
1.305060975E1,1.087772964E1,1.446202606E1,3.045866089E0,1.835081743E1
1.306056275E1,8.145012360E0,1.383737503E1,4.842430115E-1,1.606389322E1
1.307051475E1,4.388873291E0,7.111711121E0,3.049757996E0,8.896047867E0
1.308046775E1,2.516566772E0,5.750591583E0,8.768016815E0,1.078334506E1
1.309041975E1,1.510359192E-1,4.999303894E0,1.082114731E1,1.192111909E1
1.310037275E1,-2.447560272E0,6.463558960E-1,1.085677322E1,1.114799767E1
1.311032575E1,-3.644171906E0,-3.883673859E0,1.000085312E1,1.133048872E1
1.312027775E1,-1.044827271E0,-5.080584869E0,8.572373657E0,1.001946090E1
1.313023075E1,2.633773041E0,-4.353097687E0,7.470964050E0,9.038889519E0
1.314018375E1,5.424120483E0,-2.163750458E0,5.849086761E0,8.265271623E0
1.315013575E1,6.577771454E0,6.243516541E-1,6.217770081E0,9.072902351E0
1.316008875E1,6.295608215E0,2.174977112E0,6.340215454E0,9.195843640E0
1.317004075E1,6.252198486E0,3.590733032E0,3.419189758E0,7.979612035E0
1.317999375E1,5.546266479E0,6.026617584E0,1.847757568E0,8.396153846E0
1.318994675E1,3.436553650E0,9.605974274E0,2.692600708E0,1.055152791E1
1.319989875E1,1.190175018E0,1.405442368E1,3.497776337E0,1.453195722E1
1.320985175E1,1.140628052E-1,1.490824814E1,3.170706482E0,1.524212100E1
1.321980375E1,-1.677112427E0,1.076935501E1,3.798351288E0,1.154206160E1
1.322975675E1,-2.417472839E0,5.933810577E0,6.299649811E0,8.985536747E0
1.323970975E1,5.269042969E-2,4.095333710E0,9.304650879E0,1.016617246E1
1.324966175E1,5.096900940E0,4.565206604E0,1.101155136E1,1.296432697E1
1.325961475E1,8.098159790E0,6.145769806E0,1.119282440E1,1.512051575E1
1.326956775E1,6.734794922E0,7.600444794E0,9.474547577E0,1.388853036E1
1.327951975E1,4.518503723E0,8.708590393E0,7.001240845E0,1.205295797E1
1.328947275E1,1.911225586E0,9.809700623E0,4.789739685E0,1.108262676E1
1.329942475E1,-6.259982300E-1,1.101125198E1,3.327430573E0,1.152004072E1
1.330937775E1,-1.643881531E0,1.086246140E1,3.137774963E0,1.142545604E1
1.331933075E1,-7.982899475E-1,9.713151398E0,3.103645935E0,1.022815697E1
1.332928275E1,8.419990540E-1,8.559201050E0,3.508254547E0,9.288527062E0
1.333923575E1,2.201472015E0,8.132288818E0,4.024081879E0,9.336692960E0
1.334918775E1,2.460732880E0,8.094267883E0,4.899012451E0,9.776129186E0
1.335914075E1,1.472937012E0,7.832462311E0,6.125112762E0,1.005156782E1
1.336909375E1,-1.131646729E-1,7.226073303E0,4.813689880E0,8.683349117E0
1.337904575E1,-1.975891113E0,6.799610138E0,2.758912811E0,7.599371265E0
1.338899875E1,-3.141816559E0,7.168293457E0,1.429377594E0,7.956039384E0
1.339895175E1,-3.364553375E0,8.345595245E0,2.390229492E0,9.310337074E0
1.340890375E1,-1.477577362E0,8.270451508E0,3.781436462E0,9.213189715E0
1.341885675E1,1.580563202E0,7.730224915E0,4.756059723E0,9.212744507E0
1.342880875E1,3.877237244E0,7.926317139E0,5.196743317E0,1.024039126E1
1.343876175E1,3.828588409E0,7.842491455E0,3.737278290E0,9.493682660E0
1.344871475E1,1.866768036E0,7.208859100E0,3.050207062E0,8.047125918E0
1.345866675E1,-9.684860229E-2,7.863896942E0,2.520159302E0,8.258417383E0
1.346861975E1,-1.397194519E0,9.882149963E0,1.646725616E0,1.011537175E1
1.347857275E1,-1.599124603E0,6.109096069E0,2.840792542E0,6.924475182E0
1.348852475E1,-1.780846710E0,5.120701447E0,2.019450531E0,5.785428139E0
1.349847775E1,-1.446741486E0,5.126090240E0,1.726060638E0,5.599030935E0
1.350842975E1,-1.009351044E0,6.230044556E0,1.960772552E0,6.608848137E0
1.351838275E1,-4.971162415E-1,6.841073914E0,2.483635254E0,7.294920214E0
1.352833575E1,-5.523513794E-1,7.122039642E0,2.710263977E0,7.640292634E0
1.353828775E1,-1.043180695E0,7.275320892E0,2.903961182E0,7.902626816E0
1.354824075E1,-1.346899109E0,6.914271698E0,3.217109985E0,7.744100140E0
1.355819275E1,-1.375339966E0,6.481671295E0,3.644321594E0,7.562056776E0
1.356814575E1,-1.124311981E0,6.713988190E0,4.691843262E0,8.267714801E0
1.357809875E1,-6.945556641E-1,7.348518677E0,5.569767609E0,9.246915460E0
1.358805075E1,-6.201603699E-1,7.830965424E0,5.275180206E0,9.462354071E0
1.359800375E1,-8.827143860E-1,8.697064362E0,4.519102478E0,9.840752024E0
1.360795675E1,-1.619033203E0,9.679770813E0,3.456462250E0,1.040511234E1
1.361790875E1,-2.650987244E0,1.049452652E1,2.348765717E0,1.107607876E1
1.362786175E1,-3.462749176E0,1.093356354E1,2.181713104E0,1.167447282E1
1.363781375E1,-3.940705261E0,1.100556381E1,3.146606598E0,1.210589633E1
1.364776675E1,-4.447700958E0,1.091649902E1,4.262985077E0,1.253495259E1
1.365771975E1,-4.984335022E0,1.055874298E1,4.947212219E0,1.268091313E1
1.366767175E1,-4.821773071E0,9.505982208E0,4.852010193E0,1.171132769E1
1.367762475E1,-4.061653748E0,8.288114777E0,4.116739197E0,1.010630592E1
1.368757775E1,-2.785707092E0,7.613467712E0,3.417992249E0,8.798166037E0
1.369752975E1,-1.645079041E0,7.261699219E0,3.006348267E0,8.029737884E0
1.370748275E1,-1.001417542E0,7.484436035E0,3.624562683E0,8.375982002E0
1.371743475E1,-1.063238983E0,7.961044922E0,3.488345947E0,8.756555877E0
1.372738775E1,-1.040186920E0,8.404422913E0,2.419718170E0,8.807459869E0
1.373734075E1,-4.788542175E-1,8.824748840E0,6.445596313E-1,8.861204804E0
1.374729275E1,6.518943787E-1,8.605155487E0,-1.634600830E0,8.783256065E0
1.375724575E1,1.657802582E0,7.756270752E0,-5.653742981E-1,7.951584337E0
1.376719775E1,2.030078430E0,6.962920532E0,2.322420502E0,7.615583875E0
1.377715075E1,1.903292084E0,6.596931610E0,3.233276367E0,7.589209675E0
1.378710375E1,1.556163940E0,6.797514496E0,3.645818481E0,7.868916185E0
1.379705575E1,1.078507233E0,7.744744720E0,4.508773956E0,9.026255659E0
1.380700875E1,7.412585449E-1,8.990005188E0,4.171225891E0,9.938248485E0
1.381696175E1,8.728349304E-1,1.024035507E1,3.597469025E0,1.088891621E1
1.382691375E1,1.291963348E0,1.114612152E1,4.013603668E0,1.191697146E1
1.383686675E1,1.988764343E0,1.166224823E1,4.534520416E0,1.266984975E1
1.384681875E1,2.629432068E0,1.160162430E1,4.842579803E0,1.284376029E1
1.385677175E1,2.949466553E0,1.247326172E1,5.226830750E0,1.384201468E1
1.386672475E1,2.789299622E0,1.440005493E1,3.490441589E0,1.507729939E1
1.387667675E1,2.358495483E0,1.688189392E1,1.577719116E0,1.711870442E1
1.388662975E1,2.131268005E0,1.846799561E1,-2.757266235E-1,1.859261117E1
1.389658175E1,1.680555267E0,1.788780212E1,-1.833836517E0,1.805991936E1
1.390653475E1,1.745819550E0,1.436772217E1,-2.762954407E0,1.473476309E1
1.391648775E1,2.569107513E0,9.895322571E0,-2.305805054E0,1.048019366E1
1.392643975E1,3.335513763E0,5.584287415E0,2.646496582E-1,6.509989050E0
1.393639275E1,3.665278015E0,1.797312469E0,4.287384338E0,5.919988134E0
1.394634575E1,3.354823608E0,-8.475375366E-1,7.470514984E0,8.232967597E0
1.395629775E1,2.919379120E0,-4.690346375E0,5.276826782E0,7.639831441E0
1.396625075E1,1.960323486E0,-1.145283371E1,6.864125977E0,1.349542491E1
1.397620275E1,9.994715881E-1,-1.742466522E1,1.110046646E1,2.068425143E1
1.398615575E1,9.943821716E-1,-1.938783279E1,9.633367310E0,2.167207009E1
1.399610875E1,3.041824493E0,-1.520493118E1,6.006708984E0,1.662898618E1
1.400606075E1,6.834936676E0,-6.271358643E0,2.852917328E0,9.704918128E0
1.401601375E1,6.676566010E0,1.120869141E0,3.677851868E-1,6.779981361E0
1.402596704E1,2.817441101E0,-2.655926971E0,6.256988525E-1,3.922170507E0
1.403591904E1,1.409618683E0,-5.371280365E0,2.335144043E-1,5.558075797E0
1.404587204E1,1.595382385E0,-4.144281921E0,5.730084229E-1,4.477572585E0
1.405582404E1,3.293151855E0,-3.695664825E0,-1.082399139E0,5.066988804E0
1.406577704E1,4.176015930E0,-1.434017944E0,-1.311273193E0,4.605969377E0
1.407573004E1,4.471800842E0,4.159849548E0,-4.074526978E-1,6.121059446E0
1.408568204E1,5.404660950E0,1.297127609E1,-3.897894287E0,1.458279614E1
1.409563504E1,8.184530182E0,2.545711166E1,-1.878892822E0,2.680636691E1
1.410558704E1,5.784870300E0,1.993105316E1,1.144714554E1,2.370123932E1
1.411554004E1,-7.349716187E-2,-6.698420563E0,3.501817932E0,7.558899966E0
1.412549304E1,-3.925137634E0,-8.158035278E-1,3.192111969E0,5.124628735E0
1.413544504E1,4.269721069E0,7.404651947E0,3.478765869E0,9.228282638E0
1.414539804E1,1.236548584E1,1.050545380E1,-4.067790985E0,1.672772319E1
1.415535104E1,2.355786118E1,1.933858521E1,-2.560844696E1,3.980887158E1
1.417401104E1,3.537683350E1,5.712106613E1,-6.381379852E0,6.749117389E1
1.418396404E1,1.961281494E1,1.906285858E0,-1.284883072E1,2.352421915E1
1.419391704E1,1.233420090E1,-3.675112564E1,4.011732559E1,5.578689416E1
1.420386904E1,1.217612961E1,-2.062830322E1,3.196288284E1,3.994259513E1
1.421382204E1,5.127886505E0,-9.811197510E0,-1.509476028E1,1.871915075E1
1.422377504E1,1.726060638E0,-1.102532272E1,-5.159889954E1,5.279188820E1
1.423372704E1,2.003927811E1,2.009720764E0,-2.933809113E1,3.558560433E1
1.424368004E1,1.987596771E1,7.533833313E0,-2.030692154E1,2.939700324E1
1.425363204E1,1.736389160E1,1.005129822E1,-1.995994308E1,2.830075362E1
1.426358504E1,2.118993530E1,1.396341293E1,-1.719668930E1,3.065479378E1
1.427353804E1,2.387654846E1,1.032462982E1,-1.141675873E1,2.840827216E1
1.428349004E1,1.939397003E1,4.839885406E0,-8.222401428E0,2.161384856E1
1.429344304E1,1.328652054E1,7.111711121E0,-8.619375916E0,1.736092464E1
1.430339604E1,1.633448227E1,1.424677368E1,-2.980092865E1,3.684943988E1
1.431334804E1,3.279934341E1,1.745774643E1,-3.437990662E1,5.062161414E1
1.432330104E1,3.226465530E1,2.532733154E-1,-2.062411194E0,3.233149655E1
1.433325304E1,1.654823776E1,-5.441184998E-1,8.057444458E0,1.841365388E1
1.434320604E1,3.218457184E0,6.111191711E0,-5.526058502E0,8.845476434E0
1.435315904E1,-1.288969574E0,1.309955933E1,-8.990304565E0,1.594005876E1
1.436311104E1,5.698649597E-1,1.254451355E1,-3.538491669E0,1.304647422E1
1.437306404E1,4.900808716E-1,1.191267746E1,-4.504432983E0,1.274527285E1
1.438301604E1,-1.247805176E0,6.085894318E0,-1.753079453E1,1.859902912E1
1.439296904E1,-8.073910217E0,-1.368005219E0,-8.755892029E0,1.198854077E1
1.440292204E1,-4.212689667E0,-2.704575806E0,9.051826630E0,1.034393783E1
1.441287404E1,2.460194000E1,1.365071320E1,-1.019395157E1,2.992514112E1
1.442282704E1,1.975277390E1,1.132380203E1,-4.943170624E0,2.329883055E1
1.443277904E1,1.389740021E1,8.829239502E0,6.380781097E0,1.765807379E1
1.444273204E1,1.399379974E1,1.613300125E1,-1.458731552E1,2.586290654E1
1.445268504E1,1.254645950E1,7.487878876E0,-1.604258926E1,2.169900105E1
1.446263704E1,1.275677216E1,6.957382050E0,-1.030008087E1,1.781100971E1
1.447259004E1,1.680944458E1,4.577780457E0,-1.379351624E1,2.222103938E1
1.448254304E1,1.624392059E1,3.404220886E0,-1.350521576E1,2.139730190E1
1.449249504E1,1.364577347E1,2.866239624E0,-1.255843460E1,1.876530689E1
1.450244804E1,1.320643707E1,4.493805084E0,-1.023376877E1,1.730127994E1
1.451240004E1,1.250035538E1,5.490282898E0,-1.004950195E1,1.695271602E1
1.452235304E1,6.158643036E0,6.540798340E0,-9.647737427E0,1.318293459E1
1.453230604E1,5.224136353E0,8.372988281E0,-9.479487305E0,1.368426881E1
1.454225804E1,2.963387604E0,4.895719299E0,-1.205667801E1,1.334590642E1
1.455221104E1,2.737806702E-1,7.389982452E0,-1.010997620E1,1.252590976E1
1.456216404E1,-5.216651917E-1,1.042222687E1,-1.385683456E1,1.734666572E1
1.457211604E1,5.087620239E0,6.073769531E0,-1.167212769E1,1.410720102E1
1.458206904E1,6.325096893E0,2.363285522E0,-1.066592010E1,1.262354233E1
1.459202104E1,8.301886139E0,2.544857941E0,-9.580527191E0,1.292996971E1
1.460197404E1,1.052596115E1,2.325114899E0,-8.605604553E0,1.379342043E1
1.461192704E1,1.126108246E1,-3.667373657E-2,-7.822133789E0,1.371127639E1
1.462187904E1,1.245978973E1,-1.630409546E0,-1.011686188E1,1.613243595E1
1.463183204E1,1.229378494E1,-1.613644409E0,-1.137619308E1,1.682732200E1
1.464178404E1,1.170910080E1,-2.477797394E0,-1.069421127E1,1.605019240E1
1.465173704E1,1.125719055E1,-3.018173676E0,-1.104687790E1,1.605824470E1
1.466169004E1,1.074435699E1,-1.909129944E0,-1.084614532E1,1.538586536E1
1.467164204E1,1.029080017E1,-4.885839844E-1,-1.111738129E1,1.515702640E1
1.468159504E1,1.067355423E1,5.066963196E-1,-9.969717865E0,1.461426616E1
1.469154804E1,1.049841843E1,1.595382385E0,-7.664810944E0,1.309623462E1
1.470150004E1,8.724607086E0,2.446961517E0,-8.129893799E0,1.217380642E1
1.471145304E1,8.504564667E0,2.174677734E0,-8.656049652E0,1.232818068E1
1.472140504E1,8.011340332E0,1.493144989E0,-9.231453094E0,1.231384514E1
1.473135804E1,7.193441162E0,1.477277985E0,-9.194779358E0,1.176740895E1
1.474131104E1,6.189029846E0,1.773661652E0,-9.469907227E0,1.145116190E1
1.475126304E1,5.645510101E0,1.191073151E0,-9.961035919E0,1.151141504E1
1.476121604E1,6.157595215E0,1.531465302E0,-8.275091858E0,1.042777589E1
1.477116904E1,6.178551636E0,1.478325806E0,-7.397915955E0,9.751364416E0
1.478112104E1,5.772895203E0,1.213975525E0,-6.796616364E0,8.999669416E0
1.479107404E1,5.987997894E0,1.841171265E0,-6.044879608E0,8.705549947E0
1.480102604E1,5.998476105E0,3.110681305E0,-5.785319366E0,8.895390600E0
1.481097904E1,5.247338104E0,4.142934723E0,-6.946454773E0,9.641146157E0
1.482093204E1,4.334236908E0,4.289929047E0,-6.631509705E0,9.009218710E0
1.483088404E1,5.611830139E0,4.177512817E0,-6.484814758E0,9.539238612E0
1.484083704E1,5.472469940E0,5.399272156E0,-6.557264099E0,1.010434459E1
1.485078904E1,4.899162140E0,6.461313629E0,-6.542744293E0,1.041911063E1
1.486074204E1,3.822750549E0,7.139104156E0,-6.952741699E0,1.067337093E1
1.487069504E1,2.117047577E0,6.892417145E0,-7.163353729E0,1.016370706E1
1.488064704E1,1.053509216E0,6.003266144E0,-7.317982178E0,9.523757096E0
1.489060004E1,1.800605621E0,6.082601166E0,-7.472460938E0,9.801932973E0
1.490055204E1,2.483635254E0,6.860383759E0,-8.105793915E0,1.090583350E1
1.491050504E1,3.012784882E0,7.035220184E0,-7.960745544E0,1.104285585E1
1.492045804E1,3.001857605E0,6.767576752E0,-7.242688751E0,1.035701620E1
1.493041004E1,2.923570404E0,6.964267731E0,-7.262896729E0,1.047845207E1
1.494036304E1,2.884052582E0,7.038064270E0,-7.267387390E0,1.051983971E1
1.495031604E1,2.924169159E0,7.059469757E0,-7.368127899E0,1.061490402E1
1.496026804E1,3.110531616E0,6.995852051E0,-7.603887634E0,1.079057274E1
1.497022104E1,3.269800415E0,6.882088623E0,-7.741750946E0,1.086229471E1
1.498017304E1,3.439697113E0,6.770121460E0,-7.332052917E0,1.055580697E1
1.499012604E1,3.191064148E0,6.657405853E0,-7.177274780E0,1.029646621E1
1.500007904E1,3.063379669E0,6.236630859E0,-6.981631622E0,9.850027390E0
1.501003104E1,3.547323303E0,6.165528717E0,-7.354206848E0,1.023140290E1
1.501998404E1,3.697311401E0,6.054609375E0,-7.679330750E0,1.045468924E1
1.502993604E1,3.404669952E0,5.738017731E0,-7.750432892E0,1.022672161E1
1.503988900E1,2.987038422E0,5.765261078E0,-7.494016113E0,9.915690159E0
1.504984200E1,2.564167786E0,5.769152985E0,-7.710915070E0,9.965756058E0
1.505979400E1,3.006797333E0,5.965394897E0,-7.732919312E0,1.021884571E1
1.506974700E1,3.310366058E0,6.269412689E0,-7.915988617E0,1.062670855E1
1.507970000E1,3.166515198E0,6.238127747E0,-7.895780640E0,1.054914253E1
1.508965200E1,3.197800140E0,5.851332092E0,-8.041727142E0,1.044669270E1
1.509960500E1,3.092568970E0,5.576653290E0,-7.873626709E0,1.013198116E1
1.510955700E1,2.937042389E0,5.714666290E0,-7.940986633E0,1.021483713E1
1.511951000E1,2.787653046E0,5.653144226E0,-8.111332397E0,1.027242729E1
1.512946300E1,2.614463196E0,5.477559357E0,-7.927364960E0,9.984096830E0
1.513941500E1,2.309397583E0,5.119354248E0,-8.050259399E0,9.815690577E0
1.514936800E1,2.081571350E0,4.765041046E0,-8.311615906E0,9.804158017E0
1.515932000E1,2.051633606E0,4.611161041E0,-8.148904266E0,9.585230688E0
1.516927300E1,2.182461548E0,4.520150299E0,-7.925269318E0,9.381086872E0
1.517922600E1,2.342927856E0,4.654271393E0,-7.680228882E0,9.281027358E0
1.518917800E1,2.172282715E0,4.971012726E0,-7.588170319E0,9.327920910E0
1.519913100E1,1.729653168E0,5.525010681E0,-7.494614868E0,9.470305968E0
1.520908400E1,1.220561829E0,6.260131989E0,-7.312593384E0,9.703249234E0
1.521903600E1,1.162332916E0,7.013515320E0,-7.034771118E0,1.000142088E1
1.522898900E1,1.083596649E0,7.503596191E0,-6.761140137E0,1.015830465E1
1.523894100E1,9.620494080E-1,7.778724060E0,-6.225404205E0,1.000948273E1
1.524889400E1,1.035546570E0,7.617509308E0,-5.842500458E0,9.655755608E0
1.525884700E1,1.374741211E0,7.381001129E0,-6.278992767E0,9.787483907E0
1.526879900E1,1.507515106E0,7.416028290E0,-6.679260406E0,1.009369095E1
1.527875200E1,1.260977783E0,7.576644287E0,-6.582711182E0,1.011571501E1
1.528870400E1,7.634124756E-1,7.454647980E0,-6.335575104E0,9.812955060E0
1.529865700E1,4.625381470E-1,7.156318359E0,-6.286177826E0,9.536396891E0
1.530861000E1,4.977149963E-1,6.963219910E0,-6.427783356E0,9.489496857E0
1.531856200E1,3.845503235E-1,7.080725555E0,-6.402485962E0,9.553867271E0
1.532851500E1,1.779798889E-1,7.069798279E0,-6.486161957E0,9.596041969E0
1.533846800E1,2.344125366E-1,7.162455597E0,-6.042334900E0,9.373661529E0
1.534842000E1,1.116677856E-1,7.282655640E0,-5.437891846E0,9.089566028E0
1.535837300E1,-1.462458801E-1,7.558232574E0,-5.238207092E0,9.197123520E0
1.536832500E1,-1.163081360E-1,7.703730011E0,-5.042863312E0,9.208227519E0
1.537827800E1,5.119354248E-2,7.949219513E0,-4.819228363E0,9.296110674E0
1.538823100E1,-2.365081787E-2,8.160130920E0,-4.990771637E0,9.565359247E0
1.539818300E1,2.634521484E-2,8.178392944E0,-5.019960938E0,9.596187422E0
1.540813600E1,1.675016785E-1,8.121062164E0,-5.186414795E0,9.637354716E0
1.541808800E1,1.993853760E-1,7.880961456E0,-5.151237946E0,9.417248026E0
1.542804100E1,6.077362061E-2,7.640561371E0,-5.033881989E0,9.149963900E0
1.543799400E1,1.273851013E-1,7.389982452E0,-4.956193542E0,8.898984326E0
1.544794600E1,3.529660034E-1,7.399412842E0,-5.091661835E0,8.988932953E0
1.545789900E1,4.854405212E-1,7.545059967E0,-5.013674011E0,9.071962825E0
1.546785200E1,3.101550293E-1,7.444618835E0,-5.012476501E0,8.980170735E0
1.547780400E1,4.113446045E-1,7.618856506E0,-4.915178833E0,9.076076344E0
1.548775700E1,5.186714172E-1,7.835306396E0,-4.979544983E0,9.298221045E0
1.549770900E1,5.680686951E-1,7.704927521E0,-5.104684753E0,9.259936100E0
1.550766200E1,5.800437927E-1,7.464976501E0,-4.882846069E0,8.938932302E0
1.551761500E1,4.296066284E-1,7.003486176E0,-4.528682556E0,8.351188308E0
1.552756700E1,4.689747620E-1,6.872358856E0,-4.213288422E0,8.074716893E0
1.553752000E1,6.174659729E-1,6.871161346E0,-4.103117523E0,8.026811066E0
1.554747200E1,5.888754272E-1,7.036417694E0,-3.911665649E0,8.072117218E0
1.555742500E1,4.861889648E-1,7.410190430E0,-3.908073120E0,8.391682634E0
1.556737800E1,1.727407837E-1,7.649093628E0,-4.213887177E0,8.734719105E0
1.557733000E1,-1.604663086E-1,8.048762512E0,-4.380191345E0,9.164846078E0
1.558728300E1,9.729766846E-3,8.186925201E0,-4.593048706E0,9.387328445E0
1.559723600E1,2.396516418E-1,8.188571777E0,-4.854255524E0,9.522286351E0
1.560718800E1,3.854484558E-1,8.351882172E0,-4.848567352E0,9.664942405E0
1.561714100E1,5.066963196E-1,8.160130920E0,-5.211113434E0,9.695369050E0
1.562709300E1,6.622229004E-1,7.419022064E0,-5.888903961E0,9.495241831E0
1.563704600E1,5.590873718E-1,6.919959869E0,-6.580615540E0,9.565716082E0
1.564699900E1,9.205856323E-2,6.523135071E0,-6.812932434E0,9.432699204E0
1.565695100E1,-1.919009399E-1,5.818250885E0,-6.875801697E0,9.009190769E0
1.566690400E1,-2.433938599E-1,5.342689819E0,-7.274572449E0,9.029007664E0
1.567685600E1,-2.938389587E-1,5.295986938E0,-7.533234558E0,9.213221038E0
1.568680900E1,-2.442919922E-1,5.658083954E0,-7.413782959E0,9.329403538E0
1.569676200E1,1.769320679E-1,6.355932770E0,-7.382647705E0,9.743339954E0
1.570671400E1,6.532415771E-1,6.921456757E0,-6.814579010E0,9.735079623E0
1.571666700E1,8.349636841E-1,7.367828522E0,-6.450086975E0,9.827801558E0
1.572662000E1,1.087937622E0,7.619155884E0,-6.246809692E0,9.912506040E0
1.573657200E1,9.936337280E-1,8.012388153E0,-6.174959106E0,1.016443761E1
1.574652500E1,5.545967102E-1,7.908204803E0,-5.632636871E0,9.724910223E0
1.575647700E1,-3.435356140E-1,7.527097321E0,-4.934638367E0,9.006989875E0
1.576643000E1,-1.042132874E0,7.757019196E0,-4.042942657E0,8.809243614E0
1.577638300E1,-1.746717682E0,8.162975006E0,-3.083887024E0,8.899187760E0
1.578633500E1,-2.186802521E0,8.353229370E0,-2.410138092E0,8.964781748E0
1.579628800E1,-2.249671783E0,8.231233063E0,-2.202220459E0,8.812717845E0
1.580624000E1,-2.490670624E0,8.257428589E0,-2.487527161E0,8.976433503E0
1.581619300E1,-2.981799316E0,8.844507751E0,-2.858605499E0,9.761560835E0
1.582614600E1,-3.047362976E0,9.396410065E0,-3.331771545E0,1.042495299E1
1.583609800E1,-2.369123383E0,9.629475403E0,-4.037853241E0,1.070718455E1
1.584605100E1,-1.320703583E0,9.750124512E0,-4.504882050E0,1.082142080E1
1.585600400E1,-3.037184143E-1,9.655670929E0,-4.772226105E0,1.077489526E1
1.586595600E1,2.023791504E-1,9.815538483E0,-4.773423615E0,1.091656201E1
1.587590900E1,2.185455322E-1,9.950557709E0,-4.725972290E0,1.101799324E1
1.588586100E1,5.972579956E-2,1.003198837E1,-4.704866180E0,1.108061928E1
1.589581400E1,-1.074765015E-1,9.575886841E0,-5.032684479E0,1.081836739E1
1.590576700E1,-2.201921082E-1,8.910221100E0,-5.280269623E0,1.035962219E1
1.591571900E1,-2.362088013E-1,8.212222595E0,-5.426814880E0,9.846152258E0
1.592567200E1,-2.323168945E-1,7.797135773E0,-5.637426910E0,9.624441780E0
1.593562400E1,-3.884422302E-1,7.810308380E0,-5.670358429E0,9.659439377E0
1.594557700E1,-1.863624573E-1,7.951015778E0,-5.550757141E0,9.698674533E0
1.595553000E1,2.505789185E-1,7.942633209E0,-5.447172546E0,9.634308529E0
1.596548200E1,6.442602539E-1,7.677983551E0,-5.515131226E0,9.475398415E0
1.597543500E1,1.125808868E0,7.318281555E0,-5.690716095E0,9.338572707E0
1.598538800E1,1.619781647E0,6.943610687E0,-5.760021973E0,9.165984676E0
1.599534000E1,1.594035187E0,6.818470917E0,-5.601651306E0,8.967217583E0
1.600529300E1,1.074465637E0,7.239844666E0,-5.099445648E0,8.920435702E0
1.601524500E1,6.927593994E-1,7.955656128E0,-5.377866669E0,9.627763495E0
1.602519800E1,3.658392334E-1,8.691974945E0,-5.048701172E0,1.005851134E1
1.603515004E1,4.272116089E-1,8.923992462E0,-4.693340149E0,1.009195685E1
1.604510204E1,9.654922485E-1,9.134305115E0,-4.383484497E0,1.017755577E1
1.605505504E1,2.312840424E0,9.480535126E0,-4.345014496E0,1.068217806E1
1.606500704E1,3.498075714E0,9.799970856E0,-4.628674622E0,1.138861674E1
1.607496004E1,4.202810211E0,1.012269974E1,-5.129084015E0,1.210124648E1
1.608491304E1,4.212090912E0,1.017164795E1,-5.956263885E0,1.251723657E1
1.609486504E1,3.916605377E0,9.843081207E0,-5.979765015E0,1.216485244E1
1.610481804E1,3.762725372E0,9.529333649E0,-5.930966492E0,1.183818675E1
1.611477104E1,3.673660583E0,9.325756989E0,-6.007457428E0,1.168567800E1
1.612472304E1,3.620072021E0,8.980874176E0,-5.844895477E0,1.131034153E1
1.613467604E1,3.695066071E0,8.643326111E0,-5.348078613E0,1.081492230E1
1.614462804E1,3.642076263E0,8.559051361E0,-4.563560028E0,1.036089571E1
1.615458104E1,3.435954895E0,8.655301208E0,-3.767066345E0,1.004543747E1
1.616453404E1,3.284469910E0,9.007967834E0,-2.779569855E0,9.982847072E0
1.617448604E1,3.173101501E0,9.613758087E0,-2.088007965E0,1.033695772E1
1.618443904E1,2.846780090E0,9.855804749E0,-1.984123993E0,1.044881774E1
1.619439204E1,2.182461548E0,9.888885956E0,-1.860181732E0,1.029628476E1
1.620434404E1,1.714534607E0,9.815538483E0,-1.951641541E0,1.015348853E1
1.621429704E1,1.495240631E0,9.511371002E0,-1.681303711E0,9.773878711E0
1.622424904E1,1.480720825E0,9.297765198E0,-1.566342773E0,9.544338716E0
1.623420204E1,1.808389435E0,9.181307373E0,-1.606159973E0,9.494547240E0
1.624415504E1,2.413131866E0,9.234596558E0,-1.535207520E0,9.667359573E0
1.625410704E1,2.939437408E0,9.325307922E0,-1.540147247E0,9.898167187E0
1.626406004E1,3.188070374E0,9.034163361E0,-1.686542816E0,9.727503637E0
1.627401204E1,3.293002167E0,8.974736938E0,-1.572929077E0,9.688336920E0
1.628396504E1,3.385210419E0,9.213191071E0,-1.573527832E0,9.940750933E0
1.629391804E1,3.273392944E0,9.587113495E0,-1.526375885E0,1.024488506E1
1.630387004E1,3.087479553E0,9.870773621E0,-1.823507996E0,1.050189903E1
1.631382304E1,3.104394379E0,1.024574387E1,-2.376458130E0,1.096631593E1
1.632377604E1,3.439996490E0,1.057490936E1,-2.783910828E0,1.146352666E1
1.633372804E1,3.682791595E0,1.042072998E1,-2.910846863E0,1.142924305E1
1.634368104E1,3.945794678E0,1.012838791E1,-2.796185303E0,1.122373331E1
1.635363304E1,4.021686859E0,9.772128754E0,-2.616109772E0,1.088634447E1
1.636358604E1,3.852089539E0,9.580676880E0,-2.439626770E0,1.061036013E1
1.637353904E1,3.793411560E0,9.764195251E0,-2.154619446E0,1.069447825E1
1.638349104E1,3.837869110E0,1.009246262E1,-1.815724182E0,1.094915044E1
1.639344404E1,3.879033508E0,1.031879196E1,-1.489103394E0,1.112392905E1
1.640339604E1,3.602857819E0,1.062340851E1,-1.209933929E0,1.128278923E1
1.641334904E1,3.269800415E0,1.061727127E1,-1.466949463E0,1.120580139E1
1.642330204E1,3.038830719E0,1.057101746E1,-1.420995026E0,1.109054232E1
1.643325404E1,2.697540436E0,1.032492920E1,-1.219813385E0,1.074098841E1
1.644320704E1,2.408192139E0,1.031235535E1,-9.848020935E-1,1.063550174E1
1.645316004E1,1.977537689E0,1.029274612E1,-6.346801758E-1,1.050019509E1
1.646311204E1,1.652563477E0,1.050739975E1,-3.101550293E-1,1.064108132E1
1.647306504E1,1.722767487E0,1.041638901E1,-3.751199341E-1,1.056455407E1
1.648301704E1,1.875449982E0,1.027553192E1,-3.457809448E-1,1.045100155E1
1.649297004E1,2.138153687E0,9.985435181E0,-2.640509033E-1,1.021520141E1
1.650292304E1,2.334694977E0,9.765243073E0,-2.881507874E-1,1.004459077E1
1.651287504E1,2.383493500E0,9.488169250E0,-2.757266235E-1,9.786849450E0
1.652282804E1,2.361638947E0,9.259295197E0,-2.728825378E-1,9.559620857E0
1.653278104E1,2.250719604E0,9.177415466E0,-3.376977539E-1,9.455407614E0
1.654273304E1,1.964215393E0,9.249266052E0,-5.800437927E-1,9.473305411E0
1.655268604E1,1.795965271E0,9.338480530E0,-1.101559296E0,9.573199191E0
1.656263804E1,1.541344757E0,9.318272552E0,-1.589694214E0,9.577738497E0
1.657259104E1,1.465452576E0,9.335935822E0,-1.645228729E0,9.592394200E0
1.658254404E1,1.532213745E0,9.194629669E0,-1.644330597E0,9.465342932E0
1.659249604E1,1.685794373E0,9.362730103E0,-1.603465576E0,9.647472182E0
1.660244904E1,1.801503754E0,9.516759796E0,-1.715732117E0,9.836557807E0
1.661240104E1,1.972448273E0,9.726324005E0,-1.773362274E0,1.008150508E1
1.662235404E1,2.073188782E0,9.839788055E0,-1.788630524E0,1.021365458E1
1.663230704E1,2.096390533E0,9.850415955E0,-1.780996399E0,1.022729172E1
1.664225904E1,2.224823456E0,9.927206268E0,-1.748513947E0,1.032262393E1
1.665221204E1,2.399061127E0,9.946366425E0,-1.671124878E0,1.036717694E1
1.666216504E1,2.564616852E0,9.800868988E0,-1.549577637E0,1.024868203E1
1.667211704E1,2.871029663E0,9.735305328E0,-1.561103668E0,1.026917844E1
1.668207004E1,2.897973633E0,9.509874115E0,-1.500180359E0,1.005417813E1
1.669202204E1,2.695295105E0,9.191635895E0,-1.398541718E0,9.680222366E0
1.670197504E1,2.470911713E0,9.069040833E0,-1.291065216E0,9.487874140E0
1.671192804E1,2.282004547E0,9.125473480E0,-1.238225098E0,9.487624170E0
1.672188004E1,2.074236603E0,9.058862000E0,-1.194515991E0,9.369754888E0
1.673183304E1,1.977537689E0,8.886719971E0,-1.154249725E0,9.176967886E0
1.674178504E1,1.930236053E0,8.574169922E0,-9.707313538E-1,8.842201108E0
1.675173804E1,1.959874420E0,8.310568085E0,-7.294331360E-1,8.569639568E0
1.676169104E1,1.981429596E0,8.118966522E0,-2.827619934E-1,8.362035337E0
1.677164304E1,1.939666443E0,8.088130646E0,7.963439941E-2,8.317842562E0
1.678159604E1,1.904339905E0,8.141868896E0,2.444416809E-1,8.365183282E0
1.679154904E1,1.828597412E0,8.412805481E0,5.257067871E-1,8.625278673E0
1.680150104E1,1.635648651E0,9.085207214E0,5.580395508E-1,9.248121149E0
1.681145404E1,1.568139038E0,9.276509399E0,3.680845642E-1,9.415315870E0
1.682140604E1,1.484762421E0,9.251511383E0,4.357438660E-1,9.380024255E0
1.683135904E1,1.357077942E0,9.113199005E0,6.839277649E-1,9.239037495E0
1.684131204E1,1.383722534E0,8.913963318E0,1.083147583E0,9.085518079E0
1.685126404E1,1.521436157E0,9.003926239E0,1.231040039E0,9.214169267E0
1.686121704E1,1.583706665E0,9.395511932E0,1.110839996E0,9.592587595E0
1.687117004E1,1.539548492E0,9.815538483E0,8.755293274E-1,9.974044158E0
1.688112204E1,1.415905609E0,1.022029678E1,6.059399414E-1,1.033568664E1
1.689107504E1,1.362317047E0,1.068642746E1,3.453318787E-1,1.077844579E1
1.690102704E1,1.234632568E0,1.076082275E1,2.383044434E-1,1.083403955E1
1.691098004E1,1.196312256E0,1.055934174E1,2.112107849E-1,1.062899200E1
1.692093304E1,1.233584747E0,1.058224411E1,1.248403931E-1,1.065463312E1
1.693088504E1,1.072369995E0,1.046907944E1,1.730401611E-1,1.052528121E1
1.694083804E1,8.529263306E-1,1.031579819E1,3.432362366E-1,1.035668802E1
1.695079004E1,7.220983887E-1,1.006252487E1,4.704716492E-1,1.009936515E1
1.696074304E1,8.452922058E-1,1.012793884E1,4.299060059E-1,1.017224082E1
1.697069604E1,9.505233765E-1,1.015383499E1,-3.592529297E-3,1.019822890E1
1.698064804E1,9.794132996E-1,9.906249847E0,-3.146456909E-1,9.959519987E0
1.699060104E1,1.125958557E0,9.586065674E0,-8.144563293E-1,9.686267438E0
1.700055404E1,1.019829254E0,9.238787842E0,-9.523196411E-1,9.343562768E0
1.701050604E1,5.393284607E-1,9.034462738E0,-3.243754578E-1,9.056357523E0
1.702045904E1,-4.370910645E-2,9.225764923E0,3.522175598E-1,9.232589350E0
1.703041104E1,-6.105802917E-1,9.742640076E0,9.569599915E-1,9.808548127E0
1.704036475E1,-6.270460510E-1,1.029409332E1,1.307381287E0,1.039571017E1
1.705031775E1,-1.923500061E-1,1.063104263E1,1.430275726E0,1.072854858E1
1.706026975E1,4.426295471E-1,1.050021469E1,1.336720276E0,1.059420835E1
1.707022275E1,9.068142700E-1,1.014260834E1,6.756948853E-1,1.020545832E1
1.708017475E1,1.100361786E0,9.470056915E0,-3.876937866E-2,9.533849018E0
1.709012775E1,9.951306152E-1,9.181906128E0,1.724414062E-1,9.237284294E0
1.710008075E1,8.125103760E-1,9.011111298E0,6.908134460E-1,9.074002598E0
1.711003275E1,5.993536377E-1,8.953331451E0,8.256829834E-1,9.011277448E0
1.711998575E1,5.011578369E-1,8.901090088E0,3.511697388E-1,8.922100880E0
1.712993875E1,3.978726196E-1,8.755293274E0,-1.493893433E-1,8.765602096E0
1.713989075E1,5.174739075E-1,8.799451447E0,-8.916957092E-1,8.859641429E0
1.714984375E1,7.526348877E-1,8.791967010E0,-1.735041962E0,8.993081441E0
1.715979575E1,8.729846191E-1,8.588390350E0,-1.541045380E0,8.769114654E0
1.716974875E1,4.260140991E-1,8.781937866E0,-1.365161133E0,8.897616850E0
1.717970175E1,-9.445358276E-2,8.558602295E0,-2.007774811E0,8.791459174E0
1.718965375E1,-7.776329041E-1,7.936346283E0,-2.766696625E0,8.440670321E0
1.719960675E1,-1.081650696E0,7.667655029E0,-3.203937378E0,8.380221751E0
1.720955975E1,-1.260528717E0,7.621850281E0,-2.692301331E0,8.181076995E0
1.721951175E1,-1.599274292E0,7.560627594E0,-2.971770172E0,8.279624740E0
1.722946475E1,-1.726958771E0,7.976313171E0,-2.594853973E0,8.563715639E0
1.723941675E1,-1.453776855E0,8.291108551E0,-1.544937286E0,8.558199540E0
1.724936975E1,-5.463638306E-1,8.338709564E0,-5.471122742E-1,8.374480430E0
1.725932275E1,4.427792358E-1,8.469687195E0,1.481918335E-2,8.481266075E0
1.726927475E1,8.556207275E-1,8.486602020E0,7.649093628E-2,8.529967851E0
1.727922775E1,8.792715454E-1,8.364605713E0,6.361770630E-2,8.410933028E0
1.728917975E1,1.636097717E-1,8.566086731E0,5.394781494E-1,8.584616865E0
1.729913275E1,-7.723937988E-1,8.731343079E0,9.101074219E-1,8.812561470E0
1.730908575E1,-1.001417542E0,9.077423401E0,1.106798401E0,9.199318203E0
1.731903775E1,-8.903485107E-1,9.369915161E0,2.561174011E-1,9.415605489E0
1.732899075E1,-6.117778015E-1,9.604477386E0,-6.944059753E-1,9.648961478E0
1.733894375E1,-3.686833191E-1,9.627679138E0,-1.137484589E0,9.701649559E0
1.734889575E1,-8.008346558E-2,9.793983307E0,-1.115929413E0,9.857678268E0
1.735884875E1,1.393601990E-1,9.908794556E0,-1.099613342E0,9.970595785E0
1.736880075E1,5.927673340E-2,1.003109024E1,-7.334747314E-1,1.005804505E1
1.737875375E1,-2.448907471E-1,1.003408401E1,4.355941772E-2,1.003716648E1
1.738870675E1,-5.682183838E-1,1.014994308E1,3.303630066E-1,1.017120231E1
1.739865875E1,-7.225474548E-1,1.043704605E1,9.340576172E-2,1.046244377E1
1.740861175E1,-8.834628296E-1,1.085168381E1,-7.408094788E-1,1.091276073E1
1.741856375E1,-5.819897461E-1,1.102592148E1,-1.756597137E0,1.118012925E1
1.742851675E1,-1.216969299E-1,1.098191299E1,-2.235451355E0,1.120778595E1
1.743846975E1,3.070115662E-1,1.095122681E1,-2.268083496E0,1.118784284E1
1.744842175E1,5.257067871E-1,1.092817474E1,-1.973945160E0,1.111745611E1
1.745837475E1,3.787124634E-1,1.111079498E1,-1.517843628E0,1.122038491E1
1.746832775E1,3.059637451E-1,1.133697464E1,-1.348545685E0,1.142099747E1
1.747827975E1,1.354682922E-1,1.137798935E1,-1.362616425E0,1.146009236E1
1.748823275E1,1.462458801E-1,1.145717468E1,-1.116528168E0,1.151237919E1
1.749818475E1,2.110610962E-1,1.140553207E1,-8.812174988E-1,1.144147075E1
1.750813775E1,2.709365845E-1,1.136781052E1,-6.382727051E-1,1.138893826E1
1.751809075E1,2.697390747E-1,1.126632156E1,-6.285429382E-1,1.128706459E1
1.752804275E1,3.656895447E-1,1.122096588E1,-7.949967957E-1,1.125503550E1
1.753799575E1,7.918533325E-2,1.107501938E1,-3.715274048E-1,1.108153226E1
1.754794875E1,-4.477189636E-1,1.098924774E1,-1.121168518E-1,1.099893578E1
1.755790075E1,-6.611750793E-1,1.094628708E1,-3.903881836E-1,1.097318350E1
1.756785375E1,-6.831793213E-1,1.066217789E1,-6.099815369E-1,1.070144143E1
1.757780575E1,-5.761518860E-1,1.050635193E1,-6.463558960E-1,1.054197125E1
1.758775875E1,-3.948788452E-1,1.050530411E1,-6.334826660E-1,1.053179206E1
1.759771175E1,-2.730322266E-1,1.039692947E1,-6.532415771E-1,1.042100828E1
1.760766375E1,-4.049079895E-1,1.021820114E1,-5.938151550E-1,1.024344676E1
1.761761675E1,-8.481362915E-1,9.915979614E0,-2.032772827E-1,9.954260823E0
1.762756875E1,-1.449735260E0,9.567953339E0,7.634124756E-2,9.677463066E0
1.763752175E1,-1.914668427E0,9.286089478E0,9.580078125E-3,9.481429467E0
1.764747475E1,-2.156116333E0,9.188342743E0,-1.589694214E-1,9.439266459E0
1.765742675E1,-2.111209717E0,9.196425934E0,1.556762695E-2,9.435661014E0
1.766737975E1,-2.004032593E0,8.982371063E0,3.495231628E-1,9.209848152E0
1.767733275E1,-1.435664520E0,8.989406433E0,6.526428223E-1,9.126691804E0
1.768728475E1,-8.925938416E-1,9.188642120E0,7.652087402E-1,9.263552893E0
1.769723775E1,-4.767585754E-1,9.397757263E0,6.086343384E-1,9.429505611E0
1.770718975E1,-3.468287659E-1,9.679770813E0,2.668949890E-1,9.689658721E0
1.771714275E1,-2.664459229E-1,9.935139771E0,-3.516188049E-1,9.944929938E0
1.772709575E1,-4.813989258E-1,9.940827942E0,-5.661227417E-1,9.968565597E0
1.773704775E1,-6.595285034E-1,9.980794830E0,-5.119354248E-1,1.001565381E1
1.774700075E1,-7.237449646E-1,1.009216324E1,-6.357279968E-1,1.013803313E1
1.775695375E1,-7.259902954E-1,1.013048355E1,-1.004710693E0,1.020603755E1
1.776690575E1,-6.773414612E-1,9.787247314E0,-1.328936462E0,9.900256238E0
1.777685875E1,-4.501139832E-1,9.253008270E0,-1.527423706E0,9.389024860E0
1.778681075E1,-1.872605896E-1,8.828191681E0,-1.508263550E0,8.958063062E0
1.779676375E1,2.851570129E-1,8.683592377E0,-1.447938995E0,8.808099592E0
1.780671675E1,4.044589233E-1,8.604856110E0,-1.345102844E0,8.718740583E0
1.781666875E1,2.354603577E-1,8.549321594E0,-1.334774323E0,8.656094026E0
1.782662175E1,-8.696914673E-2,8.406668243E0,-1.345252533E0,8.514067122E0
1.783657475E1,-2.862048340E-1,8.349038086E0,-1.112336884E0,8.427671298E0
1.784652675E1,-5.785469055E-1,8.618328094E0,-7.343728638E-1,8.668886847E0
1.785647975E1,-6.722520447E-1,8.669671326E0,-1.043779449E0,8.758116193E0
1.786643175E1,-2.942880249E-1,8.902137909E0,-2.054627380E0,9.140905779E0
1.787638475E1,2.285746765E-1,9.498647461E0,-2.883304138E0,9.929249353E0
1.788633775E1,4.314028931E-1,9.847272491E0,-3.805087280E0,1.056567902E1
1.789628975E1,6.165678406E-1,9.902657318E0,-4.317471771E0,1.082050555E1
1.790624275E1,6.730004883E-1,9.943672028E0,-4.267326050E0,1.084156883E1
1.791619575E1,5.692662048E-1,1.017688705E1,-3.952680359E0,1.093237285E1
1.792614775E1,5.565426636E-1,1.035726196E1,-4.534221039E0,1.131997242E1
1.793610075E1,7.310797119E-1,1.021760239E1,-4.942571869E0,1.137378093E1
1.794605275E1,6.084846497E-1,9.991572418E0,-5.022206268E0,1.119930037E1
1.795600575E1,3.899391174E-1,1.019694534E1,-4.682562561E0,1.122747251E1
1.796595875E1,-1.362167358E-2,9.711804199E0,-4.491410065E0,1.070009770E1
1.797591075E1,-2.805166626E-1,9.333540802E0,-4.456083527E0,1.034651409E1
1.798586375E1,-6.982978821E-1,9.295819244E0,-4.167184296E0,1.021103816E1
1.799581675E1,-8.659492493E-1,9.058412933E0,-4.009562073E0,9.943907732E0
1.800576875E1,-9.138496399E-1,8.936865692E0,-3.795507202E0,9.752361995E0
1.801572175E1,-8.644523621E-1,8.841214600E0,-3.626658325E0,9.595155241E0
1.802567375E1,-7.303312683E-1,8.967402191E0,-3.342998199E0,9.598089538E0
1.803562675E1,-4.122427368E-1,9.200168152E0,-3.103047180E0,9.718124299E0
1.804557938E1,-3.882925415E-1,9.105864258E0,-3.426524506E0,9.736971047E0
1.805553137E1,-2.854563904E-1,9.154513092E0,-3.444487152E0,9.785248441E0
1.806548437E1,-8.577163696E-2,9.442065125E0,-3.069367218E0,9.928794776E0
1.807543737E1,-1.664538574E-1,9.646240540E0,-2.664459229E0,1.000884641E1
1.808538937E1,-4.852908325E-1,9.744286652E0,-2.455942841E0,1.006072983E1
1.809534237E1,-5.222639465E-1,9.852810974E0,-2.438129883E0,1.016342074E1
1.810529437E1,-4.776567078E-1,1.006282425E1,-2.470163269E0,1.037257414E1
1.811524737E1,-6.697073364E-1,1.033974838E1,-2.466121674E0,1.065085258E1
1.812520037E1,-4.707710266E-1,1.064930466E1,-2.057471466E0,1.085644987E1
1.813515237E1,-5.562432861E-1,1.090587112E1,-1.904788971E0,1.108492907E1
1.814510537E1,-8.122109985E-1,1.088132217E1,-1.772763519E0,1.105466189E1
1.815505837E1,-7.536827087E-1,1.079450272E1,-1.838776245E0,1.097590199E1
1.816501037E1,-6.813830566E-1,1.093760513E1,-1.934577026E0,1.112825580E1
1.817496337E1,-8.327183533E-1,1.081231567E1,-2.248773651E0,1.107504280E1
1.818491537E1,-8.924441528E-1,1.026879593E1,-2.398013306E0,1.058277346E1
1.819486837E1,-6.997947693E-1,9.867630157E0,-2.442470856E0,1.018947994E1
1.820482137E1,-4.930746460E-1,9.607770538E0,-2.230212250E0,9.875536644E0
1.821477337E1,-2.607577515E-1,9.369017029E0,-1.916015625E0,9.566482664E0
1.822472637E1,-5.358856201E-2,9.472751312E0,-1.744771729E0,9.632243640E0
1.823467937E1,1.755848694E-1,9.473050690E0,-1.760039978E0,9.636766062E0
1.824463137E1,3.507206726E-1,9.387428741E0,-1.791025543E0,9.563189628E0
1.825458437E1,2.213896179E-1,9.365424500E0,-1.736239471E0,9.527576655E0
1.826453638E1,-8.442443848E-2,9.367520142E0,-1.781295776E0,9.535752500E0
1.827448938E1,-3.608995056E-1,9.246571655E0,-1.941762085E0,9.455145468E0
1.828444238E1,-1.401086426E-1,9.204958191E0,-1.732347565E0,9.367599149E0
1.829439438E1,-6.870712280E-2,9.363328857E0,-1.366059265E0,9.462703941E0
1.830434738E1,-5.005590820E-1,9.178912354E0,-1.803300018E0,9.367757594E0
1.831430038E1,-8.247848511E-1,8.868757324E0,-2.160606995E0,9.165334097E0
1.832425238E1,-4.574487305E-1,8.758287048E0,-1.810485077E0,8.955149780E0
1.833420538E1,-3.649411011E-1,8.793314209E0,-1.474284210E0,8.923512241E0
1.834415738E1,-6.518943787E-1,8.939111023E0,-1.238225098E0,9.047976213E0
1.835411038E1,-4.622387695E-1,9.209748230E0,-1.184187469E0,9.297065510E0
1.836406338E1,3.742218018E-3,9.438622284E0,-1.119521942E0,9.504784795E0
1.837401538E1,4.346960449E-1,9.585017853E0,-9.886940002E-1,9.645674871E0
1.838396838E1,9.626481628E-1,9.692194977E0,-8.292755127E-1,9.775123162E0
1.839392138E1,8.716374207E-1,9.921967163E0,-8.493338013E-1,9.996326930E0
1.840387338E1,5.980064392E-1,1.033465897E1,-6.744973755E-1,1.037389678E1
1.841382638E1,7.557783508E-1,1.047072601E1,-6.225553894E-1,1.051641000E1
1.842377938E1,7.846682739E-1,1.052087173E1,-5.084925842E-1,1.056233928E1
1.843373138E1,7.842192078E-1,1.043375290E1,-3.754193115E-1,1.046991590E1
1.844368438E1,9.683363342E-1,1.021146515E1,-3.394940186E-1,1.026289199E1
1.845363638E1,8.267308044E-1,9.866133270E0,-4.490661621E-1,9.910889463E0
1.846358938E1,5.757028198E-1,9.707612915E0,-1.754351807E-1,9.726251063E0
1.847354238E1,7.412585449E-1,9.543554077E0,4.715194702E-2,9.572414113E0
1.848349438E1,7.554789734E-1,9.378896484E0,2.844085693E-2,9.409317543E0
1.849344738E1,6.463558960E-1,9.303004303E0,8.816665649E-2,9.325847863E0
1.850340038E1,5.912704468E-1,9.140142975E0,1.999841309E-1,9.161430456E0
1.851335238E1,5.276527405E-1,9.184899902E0,4.284091187E-1,9.210012921E0
1.852330538E1,5.388793945E-1,9.177565155E0,3.278182983E-1,9.199215076E0
1.853325838E1,6.592291260E-1,9.203161926E0,3.309617615E-1,9.232676111E0
1.854321038E1,7.602690125E-1,9.254056091E0,3.640429688E-1,9.292367319E0
1.855316338E1,6.869215393E-1,9.110504608E0,1.170565796E-1,9.137114296E0
1.856311538E1,5.712121582E-1,8.846603394E0,-3.140469360E-1,8.870586250E0
1.857306838E1,6.360273743E-1,8.715476074E0,2.918930054E-2,8.738701622E0
1.858302138E1,9.342073059E-1,8.705297241E0,2.650987244E-1,8.759293389E0
1.859297337E1,1.573976898E0,8.666228485E0,4.411326599E-1,8.819042888E0
1.860292637E1,1.809586945E0,8.593180389E0,4.924758911E-1,8.795446925E0
1.861287937E1,1.910477142E0,8.471932526E0,5.218148804E-1,8.700336453E0
1.862283137E1,2.248174896E0,8.328979797E0,6.394702148E-1,8.650729275E0
1.863278437E1,2.624342651E0,8.444389801E0,1.021026764E0,8.901538581E0
1.864273737E1,2.862347717E0,8.565487976E0,1.099613342E0,9.097789194E0
1.865268937E1,2.946173401E0,8.578061829E0,1.396446075E0,9.176771986E0
1.866264237E1,3.120860138E0,8.815168762E0,1.972897339E0,9.557159213E0
1.867259437E1,2.802023163E0,9.046886902E0,1.710942078E0,9.624178885E0
1.868254737E1,2.464924164E0,9.060209198E0,1.329834595E0,9.483232671E0
1.869250037E1,2.210303650E0,9.114695892E0,1.446891174E0,9.489816516E0
1.870245237E1,2.125879211E0,8.906329193E0,1.732946320E0,9.319075333E0
1.871240537E1,2.155517578E0,9.075028381E0,1.754800873E0,9.491139144E0
1.872235837E1,2.215991821E0,9.167835388E0,1.727707214E0,9.588784995E0
1.873231037E1,2.249372406E0,9.287436676E0,1.605261841E0,9.689841165E0
1.874226337E1,2.223476257E0,9.408534851E0,1.576671295E0,9.795420720E0
1.875221637E1,2.276915131E0,9.548493805E0,1.436862030E0,9.920818966E0
1.876216837E1,2.413431244E0,9.617799683E0,1.252295837E0,9.994746919E0
1.877212137E1,2.489173737E0,9.532177734E0,1.165626068E0,9.920538412E0
1.878207337E1,2.460433502E0,9.357191620E0,1.058448944E0,9.732989376E0
1.879202637E1,2.340083771E0,8.965905304E0,9.096583557E-1,9.310796330E0
1.880197937E1,2.387684784E0,8.793613586E0,7.241940308E-1,9.140740426E0
1.881193138E1,2.591560822E0,8.593180389E0,7.767347717E-1,9.009009579E0
1.882188438E1,3.142415314E0,8.845405884E0,1.096020813E0,9.450779908E0
1.883183738E1,3.731889496E0,9.406888275E0,1.235979767E0,1.019530246E1
1.884178938E1,4.033063202E0,9.952204285E0,1.240021362E0,1.080970036E1
1.885174238E1,3.871549072E0,1.056038956E1,1.459914093E0,1.134204871E1
1.886169538E1,3.592080231E0,1.051802765E1,1.196761322E0,1.117873802E1
1.887164738E1,3.495381317E0,1.075423645E1,1.170865173E0,1.136847472E1
1.888160038E1,3.495231628E0,1.064975372E1,1.287622375E0,1.128236987E1
1.889155238E1,3.188818817E0,1.079555054E1,1.397044830E0,1.134302478E1
1.890150538E1,2.968027954E0,1.072774155E1,1.341360626E0,1.121128347E1
1.891145838E1,2.941083984E0,1.042851379E1,1.269659729E0,1.090944136E1
1.892141038E1,3.008443909E0,1.023915756E1,1.609153748E0,1.079261127E1
1.893136338E1,3.017275543E0,1.018691620E1,1.664089508E0,1.075390195E1
1.894131638E1,3.175346832E0,1.033750305E1,1.518143005E0,1.092023603E1
1.895126838E1,3.367397461E0,1.057176590E1,1.567091217E0,1.120523872E1
1.896122138E1,3.408561859E0,1.077309723E1,1.601819000E0,1.141243804E1
1.897117438E1,3.285667419E0,1.081321381E1,1.335073700E0,1.137996595E1
1.898112638E1,3.163521423E0,1.071486832E1,9.039701843E-1,1.120863207E1
1.899107938E1,3.059188385E0,1.057820251E1,6.491999817E-1,1.103079610E1
1.900103238E1,3.107238464E0,1.031519943E1,4.664300537E-1,1.078312697E1
1.901098438E1,3.221450958E0,1.009695328E1,4.076023865E-1,1.060624116E1
1.902093738E1,3.189866638E0,9.718989258E0,4.680766296E-1,1.023978013E1
1.903088938E1,3.301384735E0,9.817933502E0,8.373587036E-1,1.039192615E1
1.904084242E1,3.380719757E0,9.740245056E0,7.192543030E-1,1.033532615E1
1.905079542E1,3.187920685E0,9.449998627E0,2.670446777E-1,9.976804358E0
1.906074742E1,3.053500214E0,9.145831146E0,6.885681152E-3,9.642102381E0
1.907070042E1,2.968626709E0,8.985364838E0,-7.110214233E-2,9.463328237E0
1.908065342E1,3.022664337E0,8.983867950E0,5.059478760E-2,9.478868228E0
1.909060542E1,3.038082275E0,9.084758148E0,-1.163081360E-1,9.579994891E0
1.910055842E1,2.874023438E0,9.036708069E0,-1.627116394E-1,9.484122443E0
1.911051142E1,2.775228882E0,9.106313324E0,-1.939965820E-1,9.521789347E0
1.912046342E1,2.684816895E0,9.158554688E0,-7.110214233E-2,9.544234974E0
1.913041642E1,2.708168335E0,9.260642395E0,6.586303711E-3,9.648508521E0
1.914036842E1,2.781216431E0,9.314979401E0,-1.697470093E-1,9.722798986E0
1.915032142E1,2.761457520E0,9.203461304E0,-1.327738953E-1,9.609733425E0
1.916027442E1,2.771935730E0,9.213939514E0,4.326004028E-2,9.621963443E0
1.917022642E1,2.756517792E0,9.315278778E0,1.675016785E-1,9.716010800E0
1.918017942E1,2.713407440E0,9.467811584E0,1.893562317E-1,9.850781285E0
1.919013242E1,2.660567322E0,9.700427856E0,4.499642944E-1,1.006873313E1
1.920008442E1,2.674937439E0,9.815688171E0,6.466552734E-1,1.019417420E1
1.921003742E1,2.601739655E0,9.766141205E0,5.312452698E-1,1.012071069E1
1.921999042E1,2.510130157E0,9.721384277E0,3.655398560E-1,1.004687439E1
1.922994242E1,2.469863892E0,9.548344116E0,4.116439819E-2,9.862697274E0
1.923989542E1,2.385289764E0,9.260492706E0,-2.267784119E-1,9.565446193E0
1.924984842E1,2.253114624E0,9.016200714E0,-3.504212952E-1,9.300064296E0
1.925980042E1,2.175725555E0,8.965156860E0,-3.873944092E-1,9.233520112E0
1.926975342E1,2.219434662E0,9.075926514E0,-3.424877930E-1,9.349632623E0
1.927970542E1,2.351310425E0,9.461824036E0,-4.273612976E-1,9.758965748E0
1.928965842E1,2.438429260E0,9.808802490E0,-5.520520020E-1,1.012241596E1
1.929961142E1,2.408192139E0,9.952503662E0,-6.218069458E-1,1.025857507E1
1.930956342E1,2.332749023E0,9.935738525E0,-5.986051941E-1,1.022345080E1
1.931951642E1,2.386038208E0,9.800270233E0,-6.236032104E-1,1.010580803E1
1.932946942E1,2.652783508E0,9.602681122E0,-6.950047302E-1,9.986579827E0
1.933942142E1,2.955154724E0,9.416767731E0,-5.322930908E-1,9.883915716E0
1.934937442E1,3.160827026E0,9.346563721E0,-2.502795410E-1,9.869737622E0
1.935932742E1,3.343896332E0,9.609117737E0,-4.204756165E-1,1.018300477E1
1.936927942E1,3.469185791E0,9.833351440E0,-2.243833923E-1,1.042978420E1
1.937923242E1,3.309916992E0,1.003722748E1,-1.106199646E-1,1.056947126E1
1.938918542E1,2.967878265E0,1.034364029E1,-3.128494263E-1,1.076555018E1
1.939913742E1,3.008294220E0,1.044393173E1,-1.514849854E-1,1.086961323E1
1.940909042E1,3.231929169E0,1.048030609E1,-3.038681030E-2,1.096736547E1
1.941904342E1,3.590134277E0,1.028975235E1,-6.271957397E-1,1.091610929E1
1.942899542E1,3.653901672E0,9.988578644E0,-6.942562866E-1,1.065855021E1
1.943894842E1,3.569926300E0,9.816137238E0,-7.288343811E-1,1.047053598E1
1.944890142E1,3.321742401E0,9.954299927E0,-9.571096802E-1,1.053746262E1
1.945885342E1,3.101101227E0,1.005174728E1,-8.696914673E-1,1.055513219E1
1.946880642E1,2.979853363E0,9.949060822E0,-1.059646454E0,1.043964501E1
1.947875842E1,2.933599548E0,9.829160156E0,-1.323248291E0,1.034260034E1
1.948871142E1,2.976859589E0,9.616602173E0,-1.380279694E0,1.016099908E1
1.949866442E1,2.944377136E0,9.525142365E0,-1.178349609E0,1.003923312E1
1.950861642E1,2.987637177E0,9.487420807E0,-1.129700775E0,1.001066198E1
1.951856942E1,3.006348267E0,9.487121429E0,-9.946815491E-1,1.000164958E1
1.952852242E1,2.963088226E0,9.445657654E0,-7.923023987E-1,9.931167275E0
1.953847442E1,2.625989227E0,9.498348083E0,-8.599617004E-1,9.892116551E0
1.954842742E1,2.474953308E0,9.397457886E0,-9.159452820E-1,9.760971486E0
1.955838042E1,2.381098480E0,9.202263794E0,-9.641450500E-1,9.554101977E0
1.956833242E1,2.271077271E0,8.994645538E0,-8.813671875E-1,9.318704226E0
1.957828542E1,2.352208557E0,8.905431061E0,-7.390132141E-1,9.240439817E0
1.958823842E1,2.352507935E0,8.814120941E0,-7.174580383E-1,9.150834256E0
1.959819042E1,2.345173187E0,8.776100006E0,-5.536985779E-1,9.100898346E0
1.960814342E1,2.331850891E0,8.788973236E0,-4.867877197E-1,9.106071678E0
1.961809642E1,2.167792053E0,8.738827515E0,-6.045927429E-1,9.023965930E0
1.962804842E1,2.062411194E0,8.669521637E0,-3.526666260E-1,8.918437032E0
1.963800142E1,2.197280731E0,8.742120667E0,-1.869612122E-1,9.015967550E0
1.964795342E1,2.162702637E0,8.853938141E0,-6.283932495E-1,9.135884269E0
1.965790642E1,2.344125366E0,8.985514526E0,-4.596940613E-1,9.297618709E0
1.966785942E1,2.599943390E0,9.167086945E0,-2.887495422E-1,9.533024965E0
1.967781142E1,2.659669189E0,9.426347809E0,9.235794067E-2,9.794815118E0
1.968776442E1,2.681374054E0,9.807754669E0,5.608836365E-1,1.018314337E1
1.969771742E1,2.643053741E0,1.011835876E1,4.564009094E-1,1.046781825E1
1.970766942E1,2.442021790E0,1.006207581E1,-2.300715637E-1,1.035672597E1
1.971762242E1,2.237247620E0,9.820627899E0,-8.524772644E-1,1.010825043E1
1.972757542E1,2.123484192E0,9.611662445E0,-1.260678406E0,9.923837469E0
1.973752742E1,2.100731506E0,9.603579254E0,-1.123413849E0,9.894638246E0
1.974748042E1,2.193688202E0,9.838291168E0,-1.231040039E0,1.015478708E1
1.975743342E1,2.249522095E0,1.023421783E1,-1.199904785E0,1.054700601E1
1.976738542E1,2.293979645E0,1.056173676E1,-9.148974609E-1,1.084664295E1
1.977733842E1,2.344873810E0,1.079599960E1,-5.788462830E-1,1.106287050E1
1.978729142E1,2.300565948E0,1.091335556E1,-8.845106506E-1,1.118822114E1
1.979724342E1,2.296075287E0,1.081815353E1,-9.249266052E-1,1.109774287E1
1.980719642E1,2.112407227E0,1.059930862E1,-9.822573853E-1,1.085230101E1
1.981714942E1,1.962419128E0,1.042686722E1,-1.162033539E0,1.067337673E1
1.982710142E1,1.934876404E0,1.028032196E1,-8.470884705E-1,1.049506194E1
1.983705442E1,2.158661041E0,1.007120682E1,-7.834707642E-1,1.032970719E1
1.984700742E1,2.340832214E0,9.748777313E0,-4.710704041E-1,1.003693488E1
1.985695942E1,2.372266846E0,9.578132172E0,-3.676354980E-1,9.874382094E0
1.986691242E1,2.458637238E0,9.566905518E0,-2.369572449E-1,9.880623816E0
1.987686542E1,2.536026306E0,9.635912018E0,-1.431024170E-1,9.965074417E0
1.988681742E1,2.478246460E0,9.640851746E0,-2.779719543E-1,9.958162296E0
1.989677042E1,2.261497192E0,9.419462128E0,-6.617738342E-1,9.709715801E0
1.990672242E1,1.985920258E0,9.394015045E0,-1.590592346E0,9.732491045E0
1.991667542E1,1.592089233E0,9.258247375E0,-1.785037994E0,9.562230557E0
1.992662842E1,1.561702423E0,9.175768890E0,-1.317709808E0,9.400532343E0
1.993658042E1,1.798809357E0,9.369915161E0,-1.594633942E0,9.673359429E0
1.994653342E1,1.856439514E0,9.470505981E0,-1.500180359E0,9.766646933E0
1.995648642E1,1.849853210E0,9.456734619E0,-1.456321564E0,9.745391683E0
1.996643842E1,1.770667877E0,9.510772247E0,-1.462608490E0,9.784133946E0
1.997639142E1,1.702858887E0,9.771080933E0,-1.518891449E0,1.003398137E1
1.998634442E1,1.566941528E0,9.930050354E0,-1.393601990E0,1.014905573E1
1.999629642E1,1.556762695E0,1.008961853E1,-9.351054382E-1,1.025174787E1
2.000624942E1,1.476230164E0,1.034229309E1,-7.119195557E-1,1.047134716E1
2.001620242E1,1.219214630E0,1.031909134E1,-4.555027771E-1,1.040084675E1
2.002615442E1,1.009201355E0,1.014994308E1,-3.017724609E-1,1.020445484E1
2.003610742E1,8.912466431E-1,9.858499146E0,-1.826202393E-1,9.900387676E0
2.004606029E1,8.866062927E-1,9.532177734E0,4.296066284E-2,9.573417817E0
2.005601229E1,9.698332214E-1,9.255852356E0,1.904040527E-1,9.308471035E0
2.006596529E1,1.141975250E0,9.060508575E0,1.851649475E-1,9.134068599E0
2.007591829E1,1.301842804E0,9.013506317E0,4.385879517E-2,9.107140847E0
2.008587029E1,1.371448059E0,8.956325226E0,-1.142124939E-1,9.061438949E0
2.009582329E1,1.420995026E0,8.967551880E0,-5.963598633E-1,9.099003169E0
2.010577629E1,1.125359802E0,8.790919189E0,-8.056246948E-1,8.899198055E0
2.011572829E1,1.393901367E0,8.692873077E0,-3.905378723E-1,8.812577557E0
2.012568129E1,1.584604797E0,8.934021606E0,-7.929011536E-1,9.108040770E0
2.013563429E1,1.394500122E0,9.168733521E0,-7.469467163E-1,9.304205198E0
2.014558629E1,1.484013977E0,9.149573364E0,-3.375480652E-1,9.275285922E0
2.015553929E1,1.564845886E0,9.281748505E0,-5.662724304E-1,9.429754102E0
2.016549229E1,1.629361725E0,9.481433258E0,-1.063089294E0,9.678974900E0
2.017544429E1,1.822310486E0,9.325906677E0,-2.327659607E-1,9.505131817E0
2.018539729E1,2.028431854E0,9.498198395E0,7.798782349E-2,9.712692244E0
2.019535029E1,1.831142120E0,9.461524658E0,-1.679507446E-1,9.638554756E0
2.020530229E1,1.599124603E0,9.340875549E0,1.558259583E-1,9.478050288E0
2.021525529E1,1.588047638E0,9.566606140E0,2.028282166E-1,9.699638531E0
2.022520829E1,1.745669861E0,9.622589722E0,1.666035461E-1,9.781071156E0
2.023516029E1,1.829794922E0,9.745783539E0,2.085163879E-1,9.918262213E0
2.024511329E1,1.936822357E0,9.907147980E0,2.125579834E-1,1.009693235E1
2.025506629E1,1.925446014E0,9.937235413E0,3.028202820E-1,1.012658334E1
2.026501829E1,1.749861145E0,9.902208252E0,2.231858826E-1,1.005810888E1
2.027497129E1,1.633852386E0,9.799821167E0,1.197509766E-2,9.935094963E0
2.028492429E1,1.751807098E0,9.627379761E0,-2.457888794E-1,9.788548480E0
2.029487629E1,1.967358856E0,9.482780457E0,-2.957849121E-1,9.689226737E0
2.030482929E1,2.145937500E0,9.459728394E0,-3.460803223E-1,9.706249565E0
2.031478229E1,2.292033691E0,9.621392212E0,-3.365002441E-1,9.896354832E0
2.032473429E1,2.362237701E0,9.821076965E0,-5.099894714E-1,1.011404019E1
2.033468729E1,2.317331085E0,9.893975372E0,-7.671546936E-1,1.019064759E1
2.034464029E1,2.369572449E0,9.872120819E0,-8.146060181E-1,1.018514732E1
2.035459229E1,2.430795135E0,9.795929260E0,-8.470884705E-1,1.012850206E1
2.036454529E1,2.420466614E0,9.712552643E0,-5.589376831E-1,1.002520567E1
2.037449829E1,2.318827972E0,9.754166107E0,-1.987866211E-1,1.002797266E1
2.038445029E1,2.130070496E0,9.951006775E0,-3.128494263E-2,1.017647851E1
2.039440329E1,1.964365082E0,1.022344025E1,-8.232879639E-2,1.041077512E1
2.040435629E1,1.841470642E0,1.025996429E1,-2.540217590E-1,1.042700381E1
2.041430829E1,1.694925385E0,1.000833755E1,-4.339476013E-1,1.016011335E1
2.042426129E1,1.720222778E0,9.678124237E0,-4.477189636E-1,9.840005459E0
2.043421329E1,2.000889130E0,9.406888275E0,-3.603007507E-1,9.624080266E0
2.044416629E1,2.322121124E0,9.281000061E0,-1.859133911E-1,9.568896093E0
2.045411929E1,2.467019806E0,9.305549011E0,-8.397537231E-2,9.627381834E0
2.046407229E1,2.487826538E0,9.409882050E0,-3.891906738E-2,9.733276723E0
2.047402429E1,2.521955566E0,9.511071625E0,1.734892273E-1,9.841282530E0
2.048397729E1,2.459834747E0,9.782756653E0,2.421963501E-1,1.009018205E1
2.049393029E1,2.293829956E0,1.012704071E1,1.374142456E-1,1.038448324E1
2.050388229E1,2.086960144E0,1.038824753E1,-1.332229614E-2,1.059581365E1
2.051383529E1,1.947899323E0,1.054272629E1,-2.165995789E-1,1.072335324E1
2.052378729E1,1.916764069E0,1.061233154E1,-1.062789917E-1,1.078456585E1
2.053374029E1,1.922901306E0,1.054048096E1,-3.499722290E-1,1.072015713E1
2.054369329E1,1.992057495E0,1.030936157E1,-5.628295898E-1,1.051513225E1
2.055364529E1,2.221679993E0,1.026759842E1,-4.655319214E-1,1.051551992E1
2.056359829E1,2.244432678E0,1.032956955E1,-7.170089722E-2,1.057083848E1
2.057355129E1,2.323767700E0,1.037492523E1,7.768844604E-2,1.063226248E1
2.058350329E1,2.333647156E0,1.039947418E1,6.706054688E-2,1.065830519E1
2.059345629E1,2.560126190E0,1.038585251E1,-3.101550293E-1,1.070123239E1
2.060340929E1,2.714155884E0,1.031954041E1,-3.409909058E-1,1.067594638E1
2.061336129E1,2.875819702E0,1.009455826E1,-3.592529297E-1,1.050235726E1
2.062331429E1,3.082240448E0,9.979447632E0,-3.852987671E-1,1.045170017E1
2.063326729E1,3.162473602E0,9.947713623E0,-2.730322266E-1,1.044187685E1
2.064322029E1,3.037633209E0,9.888736267E0,-3.980223083E-1,1.035242688E1
2.065317229E1,2.881507874E0,9.755064240E0,-4.016148376E-1,1.017966897E1
2.066312529E1,2.779569855E0,9.617649994E0,-4.257147217E-1,1.002030104E1
2.067307729E1,2.791245575E0,9.423803101E0,-4.969665527E-1,9.841041230E0
2.068303029E1,2.885699158E0,9.196276245E0,-4.833448792E-1,9.650511835E0
2.069298329E1,2.938389587E0,9.106313324E0,-4.355941772E-1,9.578560331E0
2.070293529E1,3.013683014E0,9.118438110E0,-4.294569397E-1,9.613148919E0
2.071288829E1,3.148702240E0,9.160800018E0,-4.025129700E-1,9.695184344E0
2.072284129E1,3.335064697E0,9.275611267E0,-1.740879822E-1,9.858495196E0
2.073279429E1,3.475472717E0,9.398206329E0,-5.987548828E-2,1.002041805E1
2.074274629E1,3.514840851E0,9.411828003E0,8.382568359E-2,1.004707118E1
2.075269929E1,3.416794739E0,9.290580139E0,2.495310974E-1,9.902102372E0
2.076265229E1,3.294948120E0,9.165739746E0,4.285588074E-1,9.749416950E0
2.077260429E1,3.262465668E0,9.148076477E0,6.646179199E-1,9.735127243E0
2.078255729E1,3.208278351E0,9.190438385E0,8.017327881E-1,9.767291495E0
2.079250929E1,3.143313446E0,9.338181152E0,7.717950439E-1,9.883203643E0
2.080246229E1,3.059787140E0,9.488019562E0,7.981402588E-1,1.000109196E1
2.081241529E1,3.041225739E0,9.563163300E0,9.539662170E-1,1.008033719E1
2.082236829E1,3.056194611E0,9.628726959E0,9.840536499E-1,1.014992955E1
2.083232029E1,3.042123871E0,9.588610382E0,1.005608826E0,1.010975844E1
2.084227329E1,2.958597565E0,9.490264893E0,1.106798401E0,1.000217126E1
2.085222629E1,2.857407990E0,9.489815826E0,1.150956573E0,9.977278480E0
2.086217829E1,2.870131531E0,9.577683105E0,1.283281403E0,1.008049998E1
2.087213129E1,2.852767639E0,9.749675446E0,1.312021637E0,1.024284410E1
2.088208429E1,2.742297363E0,9.925410004E0,1.080303497E0,1.035379226E1
2.089203629E1,2.685715027E0,9.927805023E0,1.089733887E0,1.034223853E1
2.090198929E1,2.746488647E0,9.768985291E0,1.390009460E0,1.024248016E1
2.091194229E1,2.718796234E0,9.431287537E0,1.083896027E0,9.875012312E0
2.092189429E1,2.617456970E0,9.076076202E0,8.313711548E-1,9.482479540E0
2.093184729E1,2.589165802E0,8.821306000E0,9.274713135E-1,9.240098600E0
2.094180029E1,2.546354828E0,8.749754791E0,1.037642212E0,9.171631980E0
2.095175229E1,2.514620819E0,8.811725922E0,1.049018555E0,9.223354678E0
2.096170529E1,2.617756348E0,8.961115265E0,1.173709259E0,9.409135375E0
2.097165829E1,2.849025421E0,9.067693634E0,1.314266968E0,9.595171252E0
2.098161029E1,3.122207336E0,9.248367920E0,1.243314514E0,9.840036525E0
2.099156329E1,3.266656952E0,9.403146057E0,1.167721710E0,1.002266319E1
2.100151629E1,3.346590729E0,9.448651428E0,1.244212646E0,1.010073009E1
2.101146829E1,3.353326721E0,9.412277069E0,1.445693665E0,1.009583032E1
2.102142129E1,3.347339172E0,9.308842163E0,1.624571686E0,1.002489178E1
2.103137429E1,3.324885864E0,9.128317566E0,1.642833710E0,9.852915822E0
2.104132725E1,3.204236755E0,8.918453979E0,1.607207794E0,9.611923401E0
2.105128025E1,3.204685822E0,8.914412384E0,1.547332306E0,9.598489289E0
2.106123325E1,3.153492279E0,8.977431335E0,1.530417480E0,9.637477087E0
2.107118525E1,3.132984924E0,8.991651764E0,1.400787048E0,9.624323370E0
2.108113825E1,3.185226288E0,8.934620361E0,1.060245209E0,9.544486755E0
2.109109125E1,3.213667145E0,9.002429352E0,9.840536499E-1,9.609357540E0
2.110104325E1,3.203188934E0,9.117839355E0,1.008303223E0,9.716588354E0
2.111099625E1,2.960543518E0,9.059011688E0,1.095422058E0,9.593250762E0
2.112094925E1,2.824177094E0,8.930429077E0,1.136736145E0,9.435078634E0
2.113090125E1,2.753224640E0,8.926088104E0,1.347198486E0,9.437703032E0
2.114085425E1,2.541714478E0,8.898545380E0,1.358874207E0,9.353660325E0
2.115080725E1,2.512375488E0,8.966653748E0,1.457818451E0,9.425398912E0
2.116075925E1,2.670596466E0,9.217681732E0,1.811233521E0,9.766181898E0
2.117071225E1,2.869682465E0,9.561516724E0,2.079026642E0,1.019705993E1
2.118066525E1,3.046614532E0,9.806557159E0,1.918859711E0,1.044664760E1
2.119061725E1,3.136278076E0,9.812993774E0,1.759141846E0,1.045110841E1
2.120057025E1,3.110381927E0,9.792037354E0,2.077829132E0,1.048216796E1
2.121052325E1,3.194057922E0,9.960586853E0,2.269580383E0,1.070356443E1
2.122047525E1,3.273243256E0,1.010189301E1,2.498903503E0,1.090902757E1
2.123042825E1,3.281775513E0,1.023736130E1,2.731519775E0,1.109210607E1
2.124038125E1,3.496728516E0,1.058224411E1,2.623893585E0,1.144970822E1
2.125033325E1,3.606450348E0,1.116947296E1,2.469863892E0,1.199432524E1
2.126028625E1,3.587290192E0,1.165745819E1,2.289938049E0,1.241002815E1
2.127023925E1,3.345692596E0,1.198003738E1,2.481689301E0,1.268360108E1
2.128019125E1,3.177592163E0,1.257310410E1,2.237097931E0,1.315996374E1
2.129014425E1,2.823877716E0,1.292113037E1,2.029629364E0,1.338093012E1
2.130009725E1,2.500550079E0,1.324715240E1,2.132914581E0,1.364877731E1
2.131004925E1,2.318678284E0,1.342543167E1,2.303110657E0,1.381748180E1
2.132000225E1,2.038311310E0,1.336331085E1,2.122286682E0,1.368345317E1
2.132995525E1,1.715732117E0,1.335163513E1,1.329984283E0,1.352696402E1
2.133990725E1,1.673819275E0,1.335417984E1,7.138655090E-1,1.347758859E1
2.134986025E1,1.855092316E0,1.351329895E1,1.986369324E-1,1.364148352E1
2.135981325E1,2.008822632E0,1.343052109E1,9.565109253E-2,1.358025825E1
2.136976525E1,2.166744232E0,1.311842010E1,4.516108704E-1,1.330382197E1
2.137971825E1,2.148182831E0,1.278910492E1,5.390290833E-1,1.297946249E1
2.138967125E1,2.096540222E0,1.237356903E1,6.159690857E-1,1.256503519E1
2.139962325E1,2.041903839E0,1.209125610E1,3.917353821E-1,1.226871232E1
2.140957625E1,2.135908356E0,1.189860672E1,3.080593872E-1,1.209271876E1
2.141952925E1,2.284549255E0,1.171463928E1,3.390449524E-1,1.194013778E1
2.142948125E1,2.428998871E0,1.161330002E1,4.159849548E-1,1.187189186E1
2.143943425E1,2.467169495E0,1.143097916E1,3.067121887E-1,1.169821705E1
2.144938725E1,2.602039032E0,1.103490280E1,5.948629761E-1,1.135312948E1
2.145934025E1,2.692750397E0,1.071307205E1,9.735754395E-1,1.108912380E1
2.146929225E1,2.560724945E0,1.033495834E1,1.272952881E0,1.072329638E1
2.147924525E1,2.405946808E0,1.002719833E1,1.414109344E0,1.040831359E1
2.148919825E1,2.153571625E0,9.757459259E0,1.567240906E0,1.011445134E1
2.149915025E1,1.835632782E0,9.534722443E0,1.683998108E0,9.854761763E0
2.150910325E1,1.579216003E0,9.283844147E0,1.593885498E0,9.551133771E0
2.151905625E1,1.394500122E0,8.916957092E0,1.576222229E0,9.161944711E0
2.152900825E1,1.342258759E0,8.627608795E0,1.701062622E0,8.895555415E0
2.153896125E1,1.390907593E0,8.489895172E0,1.950893097E0,8.821503718E0
2.154891425E1,1.523980865E0,8.386909332E0,2.636168060E0,8.922563974E0
2.155886625E1,1.754651184E0,8.412206726E0,3.180286560E0,9.162873206E0
2.156881925E1,1.861528931E0,8.404422913E0,3.193309479E0,9.181331052E0
2.157877225E1,1.874701538E0,8.310717773E0,3.308270416E0,9.139321031E0
2.158872425E1,1.805545349E0,8.218509521E0,3.490142212E0,9.109609510E0
2.159867725E1,1.547781372E0,8.115972748E0,3.684138794E0,9.046409203E0
2.160863025E1,1.327439575E0,8.055049438E0,3.637735291E0,8.937507221E0
2.161858225E1,1.114282837E0,8.159532166E0,3.332819366E0,8.884102449E0
2.162853525E1,9.647438049E-1,8.280780029E0,2.943029938E0,8.841010899E0
2.163848825E1,9.241781616E-1,8.326734467E0,2.631527710E0,8.781432129E0
2.164844025E1,9.907896423E-1,8.258177032E0,2.361339569E0,8.646101814E0
2.165839325E1,1.008901978E0,7.859705658E0,1.734592896E0,8.111822776E0
2.166834625E1,1.084494781E0,7.357050934E0,1.825304260E0,7.657288229E0
2.167829825E1,1.535656586E0,6.963818665E0,2.753524017E0,7.644272762E0
2.168825125E1,2.320923615E0,7.148235168E0,3.581602020E0,8.325372393E0
2.169820425E1,2.721939697E0,7.816894684E0,3.644920349E0,9.044238086E0
2.170815625E1,2.907404022E0,8.785979462E0,3.389102325E0,9.855579527E0
2.171810925E1,3.124003601E0,9.788145447E0,3.031795349E0,1.071256145E1
2.172806225E1,3.120111694E0,1.036699173E1,2.604284363E0,1.113516554E1
2.173801425E1,2.739153900E0,1.044976959E1,2.316432953E0,1.104837138E1
2.174796725E1,2.409838715E0,1.033885025E1,2.392923889E0,1.088233577E1
2.175792025E1,2.226769409E0,1.043689636E1,2.026186523E0,1.086244629E1
2.176787325E1,2.109263763E0,1.039887543E1,1.775906982E0,1.075822706E1
2.177782525E1,1.963916016E0,1.049766998E1,1.659449158E0,1.080795136E1
2.178777825E1,1.679657135E0,1.038181091E1,1.640588379E0,1.064400189E1
2.179773125E1,1.620530090E0,1.025188110E1,1.714534607E0,1.051982951E1
2.180768325E1,1.757195892E0,1.018242554E1,1.667382660E0,1.046659888E1
2.181763625E1,2.004182281E0,9.859996033E0,1.404080200E0,1.015911953E1
2.182758925E1,2.249222717E0,9.481732635E0,1.256187744E0,9.825490535E0
2.183754125E1,2.355352020E0,9.444011078E0,1.240620117E0,9.812041921E0
2.184749425E1,2.240690460E0,9.708361359E0,1.091979218E0,1.002324262E1
2.185744725E1,2.193538513E0,9.821076965E0,8.081694031E-1,1.009545946E1
2.186739925E1,2.115251312E0,9.791887665E0,7.954458618E-1,1.004928287E1
2.187735225E1,1.908830566E0,9.429790649E0,6.462062073E-1,9.642726185E0
2.188730525E1,1.878593445E0,9.504185944E0,2.713856506E-1,9.691868445E0
2.189725725E1,1.757345581E0,9.401050415E0,2.154020691E-1,9.566316451E0
2.190721025E1,1.395248566E0,8.975335693E0,4.805007935E-2,9.083263630E0
2.191716325E1,1.214274902E0,8.657247162E0,-1.272354126E-2,8.741999419E0
2.192711625E1,1.142574005E0,8.299191742E0,1.531315613E-1,8.378872729E0
2.193706825E1,1.039887543E0,8.079748077E0,2.817141724E-1,8.151261128E0
2.194702125E1,9.722282410E-1,7.918683014E0,3.604504395E-1,7.986281547E0
2.195697425E1,1.067579956E0,7.890541534E0,2.544708252E-1,7.966500365E0
2.196692625E1,1.184486847E0,8.015531616E0,7.768844604E-2,8.102949566E0
2.197687925E1,1.197659454E0,8.186625824E0,-2.005828857E-2,8.273791929E0
2.198683225E1,1.126407623E0,8.406219177E0,-2.344125366E-1,8.484589809E0
2.199678425E1,1.115929413E0,8.598569183E0,-4.330494690E-1,8.681487332E0
2.200673725E1,1.028211823E0,9.321266327E0,-3.013233948E-1,9.382644685E0
2.201669025E1,6.147715759E-1,8.489895172E0,-4.079017639E-1,8.521892277E0
2.202664225E1,9.559121704E-1,8.151598663E0,-7.268884277E-1,8.239581035E0
2.203659525E1,1.303938446E0,8.285570068E0,-3.927832031E-1,8.396737788E0
2.204654792E1,1.130748596E0,8.505013733E0,-2.761756897E-1,8.584295195E0
2.205650092E1,7.408094788E-1,8.683143311E0,-5.525010681E-1,8.732183797E0
2.206645292E1,4.734654236E-1,8.951684875E0,-6.201603699E-1,8.985623546E0
2.207640592E1,3.683839417E-1,9.049281921E0,-4.185296631E-1,9.066442362E0
2.208635892E1,3.779640198E-1,8.372988281E0,-5.298980713E-1,8.398248718E0
2.209631092E1,4.802014160E-1,7.681426392E0,-7.054829407E-1,7.728687533E0
2.210626392E1,5.454656982E-1,7.381599884E0,-7.466473389E-1,7.439289746E0
2.211621692E1,5.652246094E-1,7.410040741E0,-7.958949280E-1,7.474063913E0
2.212616892E1,6.240522766E-1,7.479645996E0,-6.078858948E-1,7.530210537E0
2.213612192E1,6.577322388E-1,7.412286072E0,-2.450404358E-1,7.445444333E0
2.214607492E1,5.971083069E-1,7.459587708E0,-4.447251892E-1,7.496650425E0
2.215602792E1,2.915936279E-1,7.686815186E0,-1.001716919E0,7.757292783E0
2.216597992E1,-2.574645996E-2,8.095016327E0,-1.331930237E0,8.203900924E0
2.217593292E1,-2.544708252E-1,8.715176697E0,-1.665885773E0,8.876611722E0
2.218588592E1,-9.101074219E-2,8.792565765E0,-1.544338531E0,8.927624387E0
2.219583792E1,2.136058044E-1,9.357940063E0,-1.080303497E0,9.422511625E0
2.220579092E1,4.495152283E-1,9.754315796E0,-1.181493073E0,9.835886664E0
2.221574392E1,6.598278809E-1,9.501192169E0,-1.376537476E0,9.623039067E0
2.222569592E1,7.803273010E-1,9.128766632E0,-1.451531525E0,9.276326573E0
2.223564892E1,7.439529419E-1,8.658444672E0,-1.292711792E0,8.785968011E0
2.224560192E1,8.207432556E-1,8.470884705E0,-8.529263306E-1,8.553185985E0
2.225555492E1,6.749464417E-1,9.263935547E0,-5.803431702E-1,9.306602641E0
2.226550692E1,2.595602417E-1,1.000309845E1,-8.409512329E-1,1.004174034E1
2.227545992E1,5.375321960E-1,9.347312164E0,-1.370100861E0,9.462471238E0
2.228541292E1,2.429447937E-1,9.813891907E0,-1.462159424E0,9.925190513E0
2.229536492E1,-1.038839722E-1,9.429042206E0,-1.497186584E0,9.547732530E0
2.230531792E1,5.149291992E-2,8.753347321E0,-1.477277985E0,8.877279486E0
2.231527092E1,4.784051514E-1,8.635841675E0,-1.446591797E0,8.769222357E0
2.232522292E1,9.404942322E-1,8.800499268E0,-1.693428497E0,9.011160682E0
2.233517592E1,8.586145020E-1,8.172405396E0,-1.745669861E0,8.400761399E0
2.234512892E1,4.923262024E-1,7.485633545E0,-1.879790955E0,7.733738339E0
2.235508192E1,4.291575623E-1,7.592211914E0,-1.986968079E0,7.859637403E0
2.236503392E1,6.074368286E-1,8.364006958E0,-2.065404968E0,8.636636474E0
2.237498692E1,6.095324707E-1,8.860823822E0,-2.093396759E0,9.125132253E0
2.238493992E1,5.924679565E-1,9.050180054E0,-2.720293121E0,9.468725994E0
2.239489192E1,5.993536377E-1,9.370663605E0,-3.227288818E0,9.928945276E0
2.240484492E1,4.403842163E-1,9.360634460E0,-2.648891602E0,9.738174494E0
2.241479792E1,3.662882996E-1,9.206455078E0,-2.116897888E0,9.453794947E0
2.242475092E1,3.414399719E-1,8.068671112E0,-1.720372467E0,8.257100956E0
2.243470292E1,3.176394653E-1,6.767576752E0,-1.251098328E0,6.889574511E0
2.244465592E1,2.902464294E-1,6.320905609E0,-2.182461548E-1,6.331328620E0
2.245460892E1,7.289840698E-2,6.601721649E0,4.415817261E-2,6.602271795E0
2.246456092E1,-6.840774536E-2,6.951244812E0,-1.715432739E-1,6.953697660E0
2.247451392E1,-3.757186890E-2,7.311545563E0,-2.697390747E-1,7.316615975E0
2.248446692E1,2.709365845E-2,7.939340057E0,-2.990780640E-1,7.945017451E0
2.249441992E1,-1.008901978E-1,8.980425110E0,-7.081773376E-1,9.008869470E0
2.250437192E1,-3.203338623E-1,9.684261475E0,-1.395847321E0,9.789582414E0
2.251432492E1,-4.486170959E-1,1.019215530E1,-1.509311371E0,1.031306491E1
2.252427792E1,-4.794529724E-1,1.051548294E1,-1.384620667E0,1.061708204E1
2.253422992E1,-2.772235107E-1,9.980794830E0,-1.101259918E0,1.004519247E1
2.254418292E1,-4.475692749E-2,9.769134979E0,-6.888674927E-1,9.793494772E0
2.255413592E1,1.808239746E-1,1.005938141E1,-3.365002441E-1,1.006663221E1
2.256408892E1,5.123844910E-1,1.077833633E1,-1.963916016E-1,1.079229548E1
2.257404092E1,8.845106506E-1,1.169278473E1,-6.813830566E-1,1.174597193E1
2.258399392E1,1.497935028E0,1.262115417E1,-1.317260742E0,1.277781350E1
2.259394692E1,2.288740540E0,1.314626221E1,-1.842219086E0,1.347057216E1
2.260389892E1,2.911595306E0,1.335687424E1,-2.071093140E0,1.382652897E1
2.261385192E1,3.318898315E0,1.364876724E1,-2.198328552E0,1.421747452E1
2.262380492E1,3.896547089E0,1.385638550E1,-2.307451630E0,1.457761405E1
2.263375792E1,4.717290344E0,1.345372284E1,-2.740201721E0,1.451771993E1
2.264370992E1,5.689967651E0,1.293729675E1,-3.274291077E0,1.450759667E1
2.265366292E1,5.572911072E0,1.184097656E1,-3.320245514E0,1.350148488E1
2.266361592E1,5.310656433E0,1.211041626E1,-3.591032410E0,1.370258251E1
2.267356792E1,4.011657715E0,1.301723053E1,-3.246299286E0,1.400286211E1
2.268352092E1,4.880900116E0,1.281574951E1,-4.120930481E0,1.431952127E1
2.269347392E1,6.304439850E0,1.142753632E1,-3.106789398E0,1.341591176E1
2.270342692E1,5.942492523E0,1.121183487E1,-2.071991272E0,1.285735612E1
2.271337892E1,4.230951691E0,9.580676880E0,-2.086211700E0,1.067907304E1
2.272333192E1,3.375330963E0,8.761131134E0,-1.838027802E0,9.567059321E0
2.273328492E1,2.960393829E0,9.012907562E0,-2.196981354E0,9.737718491E0
2.274323692E1,2.893482971E0,9.553732910E0,-2.260898438E0,1.023512179E1
2.275318992E1,2.918780365E0,9.568552094E0,-2.536325684E0,1.032033991E1
2.276314292E1,2.962190094E0,8.970545654E0,-2.905757446E0,9.883758689E0
2.277309592E1,3.024011536E0,8.344846802E0,-2.406246185E0,9.196256555E0
2.278304792E1,3.132685547E0,7.896080017E0,-1.714684296E0,8.666137583E0
2.279300092E1,3.111878815E0,7.563920746E0,-1.148262177E0,8.259248927E0
2.280295392E1,2.960244141E0,7.296277313E0,-1.522184601E0,8.019710342E0
2.281290692E1,2.746488647E0,7.240892487E0,-1.634900208E0,7.914961944E0
2.282285892E1,2.505489807E0,7.231462097E0,-1.654210052E0,7.829938323E0
2.283281192E1,2.301913147E0,7.148684235E0,-1.532962189E0,7.665015557E0
2.284276492E1,2.157164154E0,7.154522095E0,-1.088985443E0,7.551584793E0
2.285271692E1,2.092947693E0,7.301067352E0,-5.617817688E-1,7.615879022E0
2.286266992E1,2.163750458E0,7.566615143E0,-4.784051514E-1,7.884437345E0
2.287262292E1,2.268831940E0,7.928412781E0,-5.381309509E-1,8.264194608E0
2.288257592E1,2.335892487E0,8.353229370E0,-7.473957825E-1,8.705827650E0
2.289252792E1,2.360591125E0,8.709937592E0,-1.091829529E0,9.089966723E0
2.290248092E1,2.387984161E0,9.046886902E0,-1.351838837E0,9.453893336E0
2.291243392E1,2.383343811E0,9.264833679E0,-1.732946320E0,9.722169191E0
2.292238692E1,2.390528870E0,9.327553253E0,-2.077978821E0,9.850678857E0
2.293233892E1,2.441273346E0,9.286688232E0,-2.302362213E0,9.874374190E0
2.294229192E1,2.499502258E0,9.080417175E0,-2.551444244E0,9.757630622E0
2.295224492E1,2.581531677E0,8.821904755E0,-2.653981018E0,9.567336335E0
2.296219692E1,2.615211639E0,8.620573425E0,-2.640209656E0,9.387455732E0
2.297214992E1,2.700833588E0,8.534652100E0,-2.636317749E0,9.331932265E0
2.298210292E1,2.824925537E0,8.490942993E0,-2.642454987E0,9.330535116E0
2.299205592E1,2.956352234E0,8.450377350E0,-2.693798218E0,9.349087909E0
2.300200792E1,3.006647644E0,8.595575409E0,-2.461631012E0,9.433105210E0
2.301196092E1,2.972668304E0,8.733738098E0,-2.208357697E0,9.486399830E0
2.302191392E1,2.822380829E0,8.757239227E0,-2.169438629E0,9.453123103E0
2.303186692E1,2.534230042E0,8.849148102E0,-2.220033417E0,9.468806282E0
2.304181792E1,2.295177155E0,9.045689392E0,-2.036814423E0,9.552012759E0
2.305177092E1,2.079176331E0,9.364226990E0,-2.000739441E0,9.798708060E0
2.306172392E1,1.732347565E0,9.657018127E0,-2.097588043E0,1.003289105E1
2.307167692E1,1.425036621E0,9.898016968E0,-2.227817230E0,1.024522517E1
2.308162892E1,1.116528168E0,9.930798798E0,-2.301314392E0,1.025492310E1
2.309158192E1,9.584568787E-1,9.785750427E0,-2.360740814E0,1.011200515E1
2.310153492E1,1.017284546E0,9.597442017E0,-2.314037933E0,9.924743456E0
2.311148692E1,1.212478638E0,9.376351776E0,-1.936522980E0,9.650709732E0
2.312143992E1,1.483864288E0,9.309440918E0,-1.645528107E0,9.569498742E0
2.313139292E1,1.669927368E0,9.305998077E0,-2.101479950E0,9.685374314E0
2.314134592E1,1.696871338E0,9.212592316E0,-2.317331085E0,9.649935382E0
2.315129792E1,1.680555267E0,9.164991302E0,-2.439028015E0,9.631728258E0
2.316125092E1,1.613943787E0,9.235644379E0,-3.022364960E0,9.850717313E0
2.317120392E1,1.610650635E0,9.153165894E0,-3.142115936E0,9.810582750E0
2.318115692E1,1.761536865E0,8.909023590E0,-2.963686981E0,9.552861036E0
2.319110892E1,2.017504578E0,8.589587860E0,-2.746189270E0,9.240827876E0
2.320106192E1,2.189646606E0,8.310418396E0,-2.188449097E0,8.868309626E0
2.321101492E1,2.396666107E0,8.250243530E0,-1.855691071E0,8.789432069E0
2.322096792E1,2.403252411E0,8.286617889E0,-1.578467560E0,8.771272316E0
2.323091992E1,2.231559448E0,8.517587585E0,-1.020428009E0,8.863996230E0
2.324087292E1,2.424957275E0,8.645571442E0,-4.273612976E-1,8.989380458E0
2.325082592E1,2.100731506E0,9.141789551E0,9.400451660E-2,9.380523754E0
2.326077792E1,1.466799774E0,1.007524841E1,2.806663513E-1,1.018532797E1
2.327073092E1,8.381071472E-1,1.083716400E1,1.790277100E-1,1.087099803E1
2.328068392E1,4.787045288E-1,1.151600235E1,3.511697388E-1,1.153129604E1
2.329063692E1,3.159928894E-1,1.184606598E1,7.541317749E-1,1.187425136E1
2.330058892E1,5.580395508E-1,1.157917099E1,1.331181793E0,1.166878974E1
2.331054192E1,7.063810730E-1,1.089120163E1,1.968706055E0,1.109022320E1
2.332049492E1,6.926097107E-1,1.027089157E1,2.680625610E0,1.063751266E1
2.333044792E1,6.976991272E-1,1.002749771E1,3.429218903E0,1.062059493E1
2.334039992E1,5.442681885E-1,1.006447083E1,4.005071411E0,1.084575483E1
2.335035292E1,3.064128113E-1,1.012808853E1,4.068090363E0,1.091885641E1
2.336030592E1,4.834945679E-2,1.009994705E1,3.682641907E0,1.075049392E1
2.337025892E1,-4.348457336E-1,1.002495300E1,3.597169647E0,1.065966242E1
2.338021092E1,-9.433383179E-1,1.004770569E1,3.750750275E0,1.076635521E1
2.339016392E1,-1.375190277E0,9.969268799E0,3.860771484E0,1.077882299E1
2.340011692E1,-1.410516815E0,1.006881180E1,4.106410675E0,1.096508720E1
2.341006992E1,-1.015039215E0,1.032552795E1,4.396956482E0,1.126854287E1
2.342002192E1,-5.566923523E-1,1.064466431E1,4.497547302E0,1.156921416E1
2.342997492E1,-3.079096985E-1,1.080123871E1,4.481081543E0,1.169793391E1
2.343992792E1,-3.415896606E-1,1.077639038E1,4.393813019E0,1.164271729E1
2.344987992E1,-4.709207153E-1,1.063089294E1,4.144581299E0,1.141994769E1
2.345983292E1,-4.679269409E-1,1.041114990E1,3.747606812E0,1.107499683E1
2.346978592E1,-3.414399719E-1,1.037687119E1,3.266207886E0,1.088412380E1
2.347973892E1,-7.110214233E-2,1.060439804E1,3.259771271E0,1.109434189E1
2.348969092E1,1.502874756E-1,1.069870193E1,4.101321259E0,1.145886755E1
2.349964392E1,2.086660767E-1,1.089913513E1,4.576582947E0,1.182285074E1
2.350959692E1,6.436614990E-2,1.128129044E1,4.576582947E0,1.217443093E1
2.351954992E1,-2.811154175E-1,1.155372391E1,4.373605042E0,1.235702161E1
2.352950192E1,-6.354286194E-1,1.182136734E1,3.912563782E0,1.246822564E1
2.353945492E1,-8.460406494E-1,1.182031952E1,3.302731934E0,1.230218584E1
2.354940792E1,-9.942324829E-1,1.149549500E1,3.115022278E0,1.195149644E1
2.355936092E1,-7.704478455E-1,1.118608841E1,2.834655304E0,1.156535492E1
2.356931292E1,-4.340972900E-1,1.080004120E1,2.802472229E0,1.116616232E1
2.357926592E1,-1.814227295E-1,1.043704605E1,2.636766815E0,1.076649357E1
2.358921892E1,-9.280700684E-3,1.018916153E1,2.500400391E0,1.049147754E1
2.359917192E1,1.393601990E-1,9.959988098E0,2.739303589E0,1.033075836E1
2.360912392E1,2.234852600E-1,1.007809250E1,3.466641083E0,1.065999505E1
2.361907692E1,2.854563904E-1,1.047177383E1,3.792962494E0,1.114118921E1
2.362902992E1,3.471281433E-1,1.072998688E1,3.303929443E0,1.123250044E1
2.363898192E1,5.092410278E-1,1.059811111E1,2.804867249E0,1.097481507E1
2.364893492E1,6.987469482E-1,1.026804749E1,2.676733704E0,1.063418778E1
2.365888792E1,9.095086670E-1,9.969568176E0,2.606380005E0,1.034469489E1
2.366884092E1,1.030457153E0,9.812095642E0,2.477348328E0,1.017233098E1
2.367879292E1,1.031355286E0,9.696386261E0,1.991608429E0,9.952391892E0
2.368874592E1,9.342073059E-1,9.613009644E0,1.888173523E0,9.841132910E0
2.369869892E1,7.415579224E-1,9.578281860E0,1.711840210E0,9.758267697E0
2.370865192E1,4.944218445E-1,9.592053223E0,1.438209229E0,9.711868192E0
2.371860392E1,2.824626160E-1,9.682165833E0,1.268761597E0,9.769026376E0
2.372855692E1,3.471281433E-1,9.780062256E0,1.760339355E0,9.943284685E0
2.373850992E1,6.667135620E-1,9.832303619E0,2.242935791E0,1.010690172E1
2.374846292E1,1.110690308E0,9.623038788E0,2.455194397E0,9.993222103E0
2.375841492E1,1.399589539E0,9.363029480E0,2.515818329E0,9.795637487E0
2.376836792E1,1.612147522E0,9.118438110E0,2.268682251E0,9.533721852E0
2.377832092E1,1.670376434E0,9.015003204E0,1.877845001E0,9.358778876E0
2.378827392E1,1.622326355E0,9.014853516E0,6.610253906E-1,9.183489602E0
2.379822592E1,1.634600830E0,8.741521912E0,-1.666035461E-1,8.894598470E0
2.380817892E1,1.837578735E0,8.353678436E0,9.394464111E-1,8.604835767E0
2.381813192E1,2.048939209E0,8.642877045E0,2.931503906E0,9.353672575E0
2.382808492E1,1.819765778E0,9.272018738E0,3.010988617E0,9.917052557E0
2.383803692E1,1.124910736E0,9.892927551E0,3.168012085E0,1.044852814E1
2.384798992E1,3.861968994E-1,1.092084000E1,2.758463745E0,1.127044882E1
2.385794292E1,-3.076103210E-1,1.154474258E1,1.351689148E0,1.162767255E1
2.386789492E1,-8.650511169E-1,1.051278854E1,1.386416931E0,1.063904076E1
2.387784792E1,-9.771679688E-1,8.454868011E0,2.715952148E0,8.933982673E0
2.388780092E1,-1.361269226E0,7.191794586E0,2.885848846E0,7.867851475E0
2.389775392E1,-2.240091705E0,7.618108063E0,2.034569092E0,8.197136859E0
2.390770592E1,-2.328258362E0,8.969198456E0,1.242715759E0,9.349419789E0
2.391765892E1,-1.722917175E0,1.020263351E1,7.225474548E-1,1.037228273E1
2.392761192E1,-1.129251709E0,1.109462860E1,-4.334985352E-1,1.116037249E1
2.393756492E1,-5.251080322E-1,1.106364304E1,-1.729653168E0,1.121033611E1
2.394751692E1,6.682104492E-1,1.057880127E1,-2.334994354E0,1.085401954E1
2.395746992E1,1.795665894E0,9.693093109E0,-2.103276215E0,1.007989290E1
2.396742292E1,2.309696960E0,8.909472656E0,-1.410367126E0,9.311419789E0
2.397737592E1,2.168690186E0,8.433312836E0,-6.137237549E-1,8.729297758E0
2.398732792E1,1.418450317E0,8.249794464E0,-6.732998657E-1,8.397883228E0
2.399728092E1,5.837860107E-1,8.302484894E0,-9.973759460E-1,8.382530662E0
2.400723392E1,-6.376739502E-2,8.510402527E0,-1.240021362E0,8.600504080E0
2.401718692E1,-5.284011841E-2,9.048234100E0,-1.211580505E0,9.129143428E0
2.402713892E1,2.106120300E-1,9.420509949E0,-1.747765503E0,9.583582283E0
2.403709192E1,4.701722717E-1,9.424551544E0,-2.704725494E0,9.816250495E0
2.404704550E1,8.023315430E-1,9.290580139E0,-2.937341766E0,9.776839565E0
2.405699850E1,1.224902802E0,8.980574799E0,-2.968477020E0,9.537450729E0
2.406695050E1,1.570234680E0,8.587941284E0,-3.235671387E0,9.310635949E0
2.407690350E1,1.778002625E0,8.398734741E0,-3.171005859E0,9.151793089E0
2.408685650E1,1.953288116E0,8.402476959E0,-2.823428650E0,9.076822289E0
2.409680950E1,2.005230103E0,8.341104584E0,-2.473157043E0,8.928128539E0
2.410676150E1,1.740580444E0,8.232430573E0,-2.327809296E0,8.730477051E0
2.411671450E1,1.606758728E0,8.116421814E0,-2.064057770E0,8.527503219E0
2.412666750E1,1.703607330E0,8.121211853E0,-1.856439514E0,8.503101056E0
2.413662050E1,1.661844177E0,8.315208435E0,-1.896406403E0,8.689118173E0
2.414657250E1,1.404229889E0,8.740025024E0,-2.284399567E0,9.142121219E0
2.415652550E1,1.251996460E0,9.159452820E0,-2.474803619E0,9.570147546E0
2.416647850E1,1.208886108E0,9.201964417E0,-2.517165527E0,9.616323468E0
2.417643150E1,1.209634552E0,8.857530670E0,-2.478845215E0,9.277054431E0
2.418638350E1,1.396146698E0,8.573122101E0,-2.153122559E0,8.948943229E0
2.419633650E1,1.866169281E0,8.507857819E0,-1.999092865E0,8.936587980E0
2.420628950E1,2.266287231E0,8.632997589E0,-2.036515045E0,9.154894796E0
2.421624250E1,2.242935791E0,8.772657166E0,-1.671873322E0,9.207900690E0
2.422619450E1,2.104473724E0,8.660091248E0,-1.501677246E0,9.037755508E0
2.423614750E1,2.045945435E0,8.447084198E0,-1.810036011E0,8.877801222E0
2.424610050E1,1.958227844E0,8.517288208E0,-2.148332520E0,8.999677068E0
2.425605250E1,1.889670410E0,8.882977753E0,-2.181264038E0,9.340024669E0
2.426600550E1,1.820813599E0,9.393116913E0,-1.922901306E0,9.759280554E0
2.427595850E1,1.869761810E0,1.006791367E1,-1.596130829E0,1.036371210E1
2.428591150E1,1.990710297E0,1.058793228E1,-1.550625458E0,1.088446952E1
2.429586350E1,1.986968079E0,1.093027039E1,-1.801803131E0,1.125457007E1
2.430581650E1,1.832938385E0,1.079809525E1,-1.886526947E0,1.111384308E1
2.431576950E1,1.590742035E0,1.033929932E1,-1.651066589E0,1.059044812E1
2.432572250E1,1.320254517E0,1.011626312E1,-1.250200195E0,1.027836816E1
2.433567450E1,9.181906128E-1,1.010847931E1,-1.244811401E0,1.022614215E1
2.434562750E1,4.477189636E-1,1.018452118E1,-1.398990784E0,1.028990278E1
2.435558050E1,2.275268555E-1,1.038959473E1,-1.483265533E0,1.049740557E1
2.436553350E1,1.683998108E-1,1.063568298E1,-1.572779388E0,1.075266228E1
2.437548550E1,1.187031555E-1,1.067026108E1,-1.947150879E0,1.084711752E1
2.438543850E1,1.585203552E-1,1.044572800E1,-2.100881195E0,1.065608108E1
2.439539150E1,3.026705933E-1,1.031714539E1,-1.990111542E0,1.051169075E1
2.440534450E1,3.667373657E-1,1.046578629E1,-1.881587219E0,1.063990363E1
2.441529650E1,4.975653076E-1,1.077564194E1,-2.136956177E0,1.099675462E1
2.442524950E1,7.590715027E-1,1.074794952E1,-2.739303589E0,1.111748140E1
2.443520250E1,1.172811127E0,1.017119888E1,-2.715503082E0,1.059257899E1
2.444515550E1,1.498084717E0,9.706265717E0,-2.325114899E0,1.009267117E1
2.445510750E1,1.583556976E0,9.473649445E0,-1.663939819E0,9.748147630E0
2.446506050E1,1.764380951E0,9.605525208E0,-1.131646729E0,9.831570524E0
2.447501350E1,2.006128235E0,1.014156052E1,-1.481020203E0,1.044362107E1
2.448496650E1,2.216440887E0,1.050725006E1,-2.355950775E0,1.099388094E1
2.449491850E1,2.474803619E0,1.075678116E1,-2.321971436E0,1.127938585E1
2.450487150E1,2.531385956E0,1.107292374E1,-1.521585846E0,1.146005141E1
2.451482450E1,2.279310150E0,1.149474655E1,-8.562194824E-1,1.174978999E1
2.452477750E1,1.894161072E0,1.197449890E1,-5.655239868E-1,1.213656819E1
2.453472950E1,1.552721100E0,1.240200989E1,-3.632945251E-1,1.250411032E1
2.454468250E1,1.263672180E0,1.257430161E1,-1.112187195E-1,1.263812873E1
2.455463550E1,1.259331207E0,1.227178070E1,3.317102051E-1,1.234068670E1
2.456458850E1,1.283131714E0,1.176777878E1,8.830137634E-1,1.187041523E1
2.457454050E1,1.326840820E0,1.120719452E1,1.241967316E0,1.135359848E1
2.458449350E1,1.335522766E0,1.076516373E1,1.439257050E0,1.094275249E1
2.459444650E1,1.386865997E0,1.046533722E1,1.785487061E0,1.070675695E1
2.460439950E1,1.340312805E0,9.954299927E0,1.374441833E0,1.013773228E1
2.461435150E1,1.322948914E0,9.538764038E0,8.999285889E-1,9.672025882E0
2.462430450E1,1.606609039E0,9.509125671E0,9.496252441E-1,9.690534131E0
2.463425750E1,2.140399017E0,9.835896149E0,8.867559814E-1,1.010507284E1
2.464421050E1,2.855012970E0,1.013272888E1,5.424719238E-1,1.054123187E1
2.465416250E1,3.542084198E0,1.020278320E1,5.069956970E-1,1.081203913E1
2.466411550E1,4.088148651E0,1.010817993E1,1.281335449E-1,1.090434221E1
2.467406850E1,4.283043365E0,9.852810974E0,-2.444416809E-1,1.074625964E1
2.468402150E1,4.272565155E0,9.918374634E0,-5.098397827E-1,1.081151724E1
2.469397350E1,4.225263519E0,1.003722748E1,-5.554948425E-1,1.090446522E1
2.470392650E1,3.848946075E0,1.013063324E1,-3.939807129E-1,1.084432278E1
2.471387950E1,3.099454651E0,1.033286270E1,-4.776567078E-1,1.079827888E1
2.472383150E1,2.424957275E0,1.018332367E1,-5.884263611E-1,1.048459557E1
2.473378450E1,2.010768585E0,9.869875488E0,-4.785548401E-1,1.008397973E1
2.474373750E1,1.925446014E0,9.467811584E0,-4.399351501E-1,9.671625587E0
2.475369050E1,1.979783020E0,9.137897644E0,-5.149291992E-1,9.364073165E0
2.476364250E1,2.095642090E0,8.865913239E0,-4.526586914E-1,9.121460037E0
2.477359550E1,2.257455597E0,8.656498718E0,-2.686912537E-1,8.950043063E0
2.478354850E1,2.324815521E0,8.550668793E0,-1.049317932E-1,8.861699312E0
2.479350150E1,2.481389923E0,8.436905365E0,-2.377056885E-1,8.797452591E0
2.480345350E1,2.719694366E0,8.163573761E0,-4.909790039E-1,8.618685189E0
2.481340650E1,2.792592773E0,7.981552277E0,-7.255412292E-1,8.487058455E0
2.482335950E1,2.749332733E0,8.013136597E0,-7.529342651E-1,8.505063116E0
2.483331250E1,2.590662689E0,8.284073181E0,-7.798782349E-1,8.714677946E0
2.484326450E1,2.349963226E0,8.617879028E0,-6.724017334E-1,8.957806104E0
2.485321750E1,2.205663300E0,8.767867126E0,-1.079405365E0,9.105249062E0
2.486317050E1,2.205513611E0,8.667425995E0,-1.403780823E0,9.053130081E0
2.487312350E1,2.274669800E0,8.410111084E0,-1.366508331E0,8.818811494E0
2.488307550E1,2.299368439E0,8.189469910E0,-1.168470154E0,8.586025572E0
2.489302850E1,2.310894470E0,8.101452942E0,-9.937834167E-1,8.483005275E0
2.490298150E1,2.382146301E0,8.216862946E0,-8.619076538E-1,8.598508154E0
2.491293450E1,2.395169220E0,8.452922058E0,-6.012995911E-1,8.806264140E0
2.492288650E1,2.233954468E0,8.687484283E0,-5.421725464E-1,8.986483562E0
2.493283950E1,1.953886871E0,8.835975494E0,-7.277865601E-1,9.078645831E0
2.494279250E1,1.654060364E0,8.795260162E0,-8.864566040E-1,8.993237588E0
2.495274550E1,1.428329773E0,8.831185455E0,-7.827223206E-1,8.980123424E0
2.496269750E1,1.274000702E0,9.204958191E0,-4.070036316E-1,9.301611959E0
2.497265050E1,1.093476105E0,9.696985016E0,-1.790277100E-1,9.760085005E0
2.498260350E1,9.416917419E-1,9.799671478E0,-9.354048157E-1,9.889151965E0
2.499255650E1,1.031954041E0,9.683063965E0,-1.315015411E0,9.826287316E0
2.500250850E1,1.234033813E0,9.551786957E0,-1.026565247E0,9.685727114E0
2.501246150E1,1.431473236E0,9.587263184E0,-9.312135315E-1,9.738166646E0
2.502241450E1,1.565145264E0,9.587113495E0,-7.942483521E-1,9.746448343E0
2.503236750E1,1.706301727E0,9.580377502E0,-4.303550720E-1,9.740652143E0
2.504231950E1,1.872755585E0,9.621990967E0,-1.496887207E-3,9.802546908E0
2.505227213E1,2.015259247E0,9.764045563E0,3.884422302E-1,9.977411636E0
2.506222513E1,2.134112091E0,9.840536499E0,2.252815247E-1,1.007180941E1
2.507217813E1,2.182760925E0,9.655820618E0,-8.173004150E-2,9.899797819E0
2.508213013E1,2.184856567E0,9.293124847E0,-5.942642212E-2,9.546690481E0
2.509208313E1,2.185754700E0,8.966354370E0,3.930825806E-1,9.237291173E0
2.510203613E1,1.970502319E0,8.831634521E0,1.079704742E0,9.112980305E0
2.511198913E1,1.669328613E0,8.877588959E0,1.539997559E0,9.163505673E0
2.512194113E1,1.339564362E0,9.121731262E0,1.688488770E0,9.372908205E0
2.513189413E1,1.018931122E0,9.263636169E0,1.545835419E0,9.446839834E0
2.514184713E1,8.340655518E-1,9.101523285E0,1.662742310E0,9.289677252E0
2.515180013E1,7.921527100E-1,8.786129150E0,1.794318695E0,9.002396955E0
2.516175213E1,6.481521606E-1,8.473728790E0,2.087409210E0,8.751083250E0
2.517170513E1,4.285588074E-1,8.271948395E0,2.353406067E0,8.610883405E0
2.518165813E1,1.736389160E-1,8.151898041E0,2.378104706E0,8.493466556E0
2.519161113E1,3.742218018E-3,8.074808350E0,2.478396149E0,8.446596436E0
2.520156313E1,-1.752854919E-1,7.963439941E0,2.491419067E0,8.345913352E0
2.521151613E1,-4.212240601E-1,7.680677948E0,2.286644897E0,8.024898027E0
2.522146913E1,-6.306385803E-1,7.335046692E0,2.331252136E0,7.722392862E0
2.523142213E1,-6.917115784E-1,7.181615753E0,2.374212799E0,7.595456283E0
2.524137413E1,-6.481521606E-1,7.519313507E0,2.487826538E0,7.946663308E0
2.525132713E1,-6.451583862E-1,8.773704987E0,2.351310425E0,9.106195103E0
2.526128013E1,-1.031205597E0,1.015608032E1,1.583706665E0,1.033041525E1
2.527123313E1,-5.490582275E-1,1.098849930E1,1.684746552E0,1.113045159E1
2.528118513E1,9.452842712E-1,1.107427094E1,2.121837616E0,1.131526553E1
2.529113813E1,2.414179688E0,1.117965179E1,2.668949890E0,1.174462308E1
2.530109113E1,2.793640594E0,1.179382462E1,3.484304352E0,1.261107068E1
2.531104413E1,2.739153900E0,1.224558517E1,4.111500092E0,1.320461106E1
2.532099612E1,2.394869843E0,1.245395187E1,4.065096588E0,1.331770735E1
2.533094912E1,2.161056061E0,1.234423004E1,3.998634796E0,1.315443875E1
2.534090212E1,1.948049011E0,1.185429886E1,4.527335358E0,1.283807080E1
2.535085512E1,1.513502655E0,1.107906097E1,4.433779907E0,1.202891045E1
2.536080712E1,8.283773804E-1,1.039453445E1,4.215833130E0,1.124747992E1
2.537076012E1,1.598675537E-1,9.979597321E0,4.457281036E0,1.093093201E1
2.538071312E1,-2.785707092E-1,9.923913116E0,4.942272491E0,1.108998244E1
2.539066512E1,-5.005590820E-1,1.011805939E1,5.059628448E0,1.132367101E1
2.540061812E1,-5.733078003E-1,1.031684601E1,5.065316620E0,1.150753778E1
2.541057112E1,-4.920268250E-1,1.052970337E1,5.070705414E0,1.169738419E1
2.542052412E1,-5.177732849E-1,1.052162018E1,4.691693573E0,1.153189355E1
2.543047612E1,-7.810757446E-1,1.051383636E1,4.267475739E0,1.137374976E1
2.544042912E1,-9.565109253E-1,1.048614395E1,4.078568573E0,1.129198166E1
2.545038212E1,-8.839118958E-1,1.035801041E1,4.199067993E0,1.121168372E1
2.546033512E1,-7.104226685E-1,1.012883698E1,4.188889160E0,1.098384410E1
2.547028712E1,-5.565426636E-1,9.770033112E0,4.001478882E0,1.057237532E1
2.548024012E1,-3.920347595E-1,9.361382904E0,3.933969269E0,1.016195332E1
2.549019312E1,-1.896556091E-1,8.967701569E0,3.942052460E0,9.797725158E0
2.550014612E1,-1.308279419E-1,8.692274323E0,3.869902496E0,9.515718269E0
2.551009812E1,-8.861572266E-2,8.712332611E0,3.724405060E0,9.475430614E0
2.552005112E1,-6.092330933E-2,8.847950592E0,3.581003265E0,9.545340524E0
2.553000412E1,-1.661544800E-2,9.065597992E0,3.464395752E0,9.705018339E0
2.553995712E1,7.200027466E-2,9.170829163E0,3.329376526E0,9.756743290E0
2.554990912E1,1.169068909E-1,9.172625427E0,3.343746643E0,9.763778268E0
2.555986212E1,1.869612122E-1,9.210346985E0,3.456911316E0,9.839496020E0
2.556981512E1,3.053649902E-1,9.328451385E0,3.724255371E0,1.004904628E1
2.557976812E1,4.918771362E-1,9.563762054E0,4.144880676E0,1.043491847E1
2.558972012E1,5.465135193E-1,9.931397552E0,4.482877808E0,1.090997378E1
2.559967312E1,3.281176758E-1,1.015158966E1,4.368216248E0,1.105638942E1
2.560962612E1,-2.290237427E-2,1.005953110E1,4.016896820E0,1.083190429E1
2.561957912E1,-3.600013733E-1,9.689799957E0,3.771107941E0,1.040399343E1
2.562953112E1,-6.060896301E-1,9.294022980E0,3.684438171E0,1.001605174E1
2.563948412E1,-7.168592834E-1,9.017697601E0,3.983067169E0,9.884208685E0
2.564943712E1,-6.042933655E-1,8.923842773E0,4.384083252E0,9.960940030E0
2.565939012E1,-4.323010254E-1,9.026080170E0,4.751269684E0,1.020938642E1
2.566934213E1,-4.849914551E-1,9.192683716E0,4.788841553E0,1.037659164E1
2.567929512E1,-7.447013855E-1,9.320966949E0,4.548740845E0,1.039836758E1
2.568924812E1,-8.747808838E-1,9.480235748E0,4.088148651E0,1.036113270E1
2.569920112E1,-5.278024292E-1,9.471404114E0,3.450025635E0,1.009399565E1
2.570915313E1,-3.083587646E-2,9.331594849E0,2.379751282E0,9.630307858E0
2.571910613E1,-1.616638184E-2,8.442892914E0,1.443598022E0,8.565435036E0
2.572905913E1,-4.634362793E-1,6.774462433E0,3.711681519E0,7.738520151E0
2.573901213E1,-9.430389404E-2,7.281308441E0,8.215366058E0,1.097809571E1
2.574896413E1,9.475296021E-1,9.508227539E0,6.722670135E0,1.168325712E1
2.575891713E1,-2.062710571E-1,1.134894974E1,2.024989014E0,1.153003853E1
2.576887013E1,-2.005529480E0,1.197090637E1,1.998045044E0,1.230109474E1
2.577882313E1,-2.204016724E0,1.183618652E1,3.075654144E0,1.242628865E1
2.578877513E1,-1.876497803E0,1.107861191E1,3.108885040E0,1.165856132E1
2.579872813E1,-1.450783081E0,1.002270767E1,2.964585114E0,1.055216592E1
2.580868113E1,-9.404942322E-1,9.245374146E0,3.054398346E0,9.782168561E0
2.581863413E1,-3.993695068E-1,8.752000122E0,3.181933136E0,9.321035384E0
2.582858613E1,-8.158035278E-2,8.481362915E0,3.098257141E0,9.029915258E0
2.583853913E1,3.248245239E-2,8.494385834E0,3.076252899E0,9.034322205E0
2.584849213E1,1.416055298E-1,8.758287048E0,3.252286835E0,9.343715203E0
2.585844513E1,3.273692322E-1,8.988957367E0,3.347039795E0,9.597458025E0
2.586839713E1,3.400927734E-1,9.125772858E0,3.404370575E0,9.746031621E0
2.587835013E1,1.377136230E-1,9.249864807E0,3.322939911E0,9.829592751E0
2.588830313E1,-2.380050659E-1,9.326804810E0,3.287164307E0,9.891985824E0
2.589825613E1,-6.818321228E-1,9.401649170E0,3.147355042E0,9.937894441E0
2.590820813E1,-1.121916962E0,9.498048706E0,3.118914185E0,1.005978392E1
2.591816113E1,-1.545236664E0,9.422755280E0,3.317551117E0,1.010852209E1
2.592811413E1,-1.879042511E0,9.076525269E0,3.707490234E0,9.982965268E0
2.593806713E1,-1.983824615E0,8.645421753E0,4.230352936E0,9.827245970E0
2.594801913E1,-1.905687103E0,8.400231628E0,4.545747070E0,9.739576540E0
2.595797213E1,-1.770667877E0,8.298742676E0,4.662653961E0,9.682186566E0
2.596792513E1,-1.692081299E0,8.364156647E0,4.544549561E0,9.668256629E0
2.597787713E1,-1.737886047E0,8.380622406E0,3.727099457E0,9.335220950E0
2.598783013E1,-1.875749359E0,8.050259399E0,3.617377625E0,9.022778560E0
2.599778313E1,-1.573976898E0,8.236023102E0,4.724026337E0,9.624235276E0
2.600773613E1,-8.059240723E-1,8.977431335E0,6.198609924E0,1.093922081E1
2.601768813E1,-1.336720276E-1,9.731862488E0,5.961203613E0,1.141328017E1
2.602764113E1,-1.444496155E-1,1.035950729E1,3.958817596E0,1.109109976E1
2.603759413E1,-6.129753113E-1,1.046788193E1,2.842588806E0,1.086428101E1
2.604754729E1,-7.191046143E-1,9.877210236E0,3.326083374E0,1.044697201E1
2.605749929E1,-1.225950623E-1,9.348359985E0,4.087400208E0,1.020361232E1
2.606745229E1,9.933343506E-1,9.029373322E0,4.133354645E0,9.980025868E0
2.607740529E1,2.222877502E0,8.934320984E0,3.788022766E0,9.955520695E0
2.608735829E1,3.202141113E0,8.891360321E0,3.169059906E0,9.967594331E0
2.609731029E1,3.835174713E0,9.219627686E0,2.599644012E0,1.031834525E1
2.610726329E1,4.298760681E0,9.910590820E0,2.636168060E0,1.111973632E1
2.611721629E1,4.699926453E0,1.111184280E1,2.828518066E0,1.239204881E1
2.612716929E1,4.783303070E0,1.159608582E1,2.139500885E0,1.272504061E1
2.613712129E1,4.899311829E0,1.166509232E1,2.304757233E0,1.286038650E1
2.614707429E1,4.908293152E0,1.155776550E1,1.846410370E0,1.269182872E1
2.615702729E1,4.680616608E0,1.112202164E1,1.336420898E0,1.214057486E1
2.616698029E1,4.277205505E0,1.093895233E1,7.976911926E-1,1.177248811E1
2.617693229E1,3.987707520E0,1.107142685E1,7.647596741E-1,1.179250445E1
2.618688529E1,4.073329468E0,1.137035522E1,7.005432129E-1,1.209825408E1
2.619683829E1,4.362079010E0,1.152842651E1,7.286846924E-1,1.234760432E1
2.620679129E1,4.548591156E0,1.133697464E1,8.226892090E-1,1.224309981E1
2.621674329E1,4.556674347E0,1.108160568E1,8.092172241E-1,1.200916725E1
2.622669629E1,4.382586365E0,1.078851517E1,6.441105652E-1,1.166250407E1
2.623664929E1,4.153263245E0,1.055979080E1,4.282594299E-1,1.135527118E1
2.624660229E1,3.899989929E0,1.030127838E1,3.225791931E-1,1.101954242E1
2.625655429E1,3.549568634E0,9.991273041E0,4.366419983E-1,1.061205120E1
2.626650729E1,3.407214661E0,9.581575012E0,5.766009521E-1,1.018568408E1
2.627646029E1,3.575913849E0,9.306596832E0,8.958869934E-1,1.001012078E1
2.628641229E1,3.927382965E0,9.087003479E0,1.218166809E0,9.974061337E0
2.629636529E1,4.404440918E0,8.923543396E0,1.448238373E0,1.005614841E1
2.630631829E1,4.720134430E0,8.985215149E0,1.571282501E0,1.027047657E1
2.631627129E1,5.035378876E0,9.123377838E0,1.355131989E0,1.050844643E1
2.632622329E1,5.025649109E0,9.506131897E0,1.089584198E0,1.080790851E1
2.633617629E1,4.876858521E0,9.737400970E0,8.762777710E-1,1.092559332E1
2.634612929E1,4.708758087E0,9.782906342E0,5.900729370E-1,1.087317089E1
2.635608229E1,4.554279327E0,9.637708282E0,5.016069031E-1,1.067138654E1
2.636603429E1,4.318070526E0,9.568252716E0,4.927752686E-1,1.050904470E1
2.637598729E1,4.058061218E0,9.043144684E0,3.987707520E-1,9.919946811E0
2.638594029E1,3.702101440E0,8.731193390E0,5.081932068E-1,9.497239253E0
2.639589329E1,3.297941895E0,8.545729065E0,6.015989685E-1,9.179750939E0
2.640584529E1,2.972668304E0,8.185578003E0,8.312214661E-1,8.748221146E0
2.641579829E1,2.599494324E0,8.095166016E0,8.734336853E-1,8.547044516E0
2.642575129E1,2.234702911E0,7.974367218E0,6.152206421E-1,8.304391975E0
2.643570429E1,1.948348389E0,7.931855621E0,3.920347595E-1,8.177046306E0
2.644565629E1,1.858535156E0,7.972720642E0,9.035211182E-1,8.236187090E0
2.645560929E1,1.818418579E0,8.050259399E0,1.062490540E0,8.321190340E0
2.646556229E1,2.061513062E0,7.946824493E0,3.095562744E-1,8.215697214E0
2.647551529E1,2.793939972E0,7.909102936E0,-1.845661926E-1,8.390117669E0
2.648546729E1,3.396736450E0,7.961044922E0,-5.945635986E-1,8.675803169E0
2.649542029E1,3.542533264E0,7.980055389E0,-3.683839417E-1,8.738794692E0
2.650537329E1,3.458408203E0,8.002658386E0,-3.608995056E-1,8.725444229E0
2.651532629E1,3.502716064E0,7.815098419E0,-3.899391174E-1,8.573029549E0
2.652527829E1,3.477568359E0,7.738757172E0,-7.358697510E-1,8.516064146E0
2.653523129E1,3.359014893E0,7.757767639E0,-1.395697632E0,8.568191855E0
2.654518429E1,3.052302704E0,7.569608917E0,-1.776356049E0,8.352901997E0
2.655513629E1,2.606978760E0,7.339237976E0,-1.782193909E0,7.989803968E0
2.656508929E1,2.336491241E0,6.864275665E0,-1.504072266E0,7.405383522E0
2.657504229E1,2.138453064E0,6.559060364E0,-1.300345917E0,7.020338586E0
2.658499529E1,1.986818390E0,6.445746002E0,-1.253193970E0,6.860436135E0
2.659494729E1,2.164049835E0,6.750961304E0,-8.952882385E-1,7.145637217E0
2.660490029E1,2.808160400E0,7.649393005E0,-4.794529724E-1,8.162649897E0
2.661485329E1,3.688180389E0,8.741521912E0,-3.617976379E-1,9.494618341E0
2.662480629E1,4.513114929E0,9.619745636E0,-1.034947815E0,1.067608680E1
2.663475829E1,5.087320862E0,9.668693848E0,-1.857187958E0,1.108213072E1
2.664471129E1,5.141208801E0,8.713979187E0,-1.851050720E0,1.028551651E1
2.665466429E1,4.678221588E0,7.724536743E0,-1.035995636E0,9.089967661E0
2.666461729E1,3.927981720E0,7.490423584E0,-1.047821045E-1,8.458514358E0
2.667456929E1,3.106490021E0,7.823031921E0,2.621049500E-1,8.421330518E0
2.668452229E1,2.597548370E0,8.669970703E0,4.924758911E-2,9.050860448E0
2.669447529E1,2.457439728E0,9.568103027E0,-6.698570251E-1,9.901328900E0
2.670442829E1,2.624642029E0,1.032702484E1,-1.298250275E0,1.073413441E1
2.671438029E1,2.902763672E0,1.093221634E1,-1.837578735E0,1.145932313E1
2.672433329E1,3.169658661E0,1.143187729E1,-2.172731781E0,1.206048580E1
2.673428629E1,3.487148438E0,1.184501816E1,-2.219734039E0,1.254559200E1
2.674423829E1,3.818409576E0,1.214634155E1,-1.945504303E0,1.288017282E1
2.675419129E1,4.109853516E0,1.235740265E1,-1.515897675E0,1.311084444E1
2.676414429E1,4.083358612E0,1.221355179E1,-1.281634827E0,1.294168662E1
2.677409729E1,3.581751709E0,1.147932861E1,-9.285191345E-1,1.206093191E1
2.678404929E1,2.898123322E0,1.083297272E1,-8.619076538E-1,1.124701300E1
2.679400229E1,2.291584625E0,1.058523788E1,-8.499325562E-1,1.086374735E1
2.680395529E1,1.906734924E0,1.055949142E1,-6.285429382E-1,1.074865403E1
2.681390829E1,1.851350098E0,1.075483521E1,5.927673340E-2,1.091317970E1
2.682386029E1,2.055974579E0,1.080932190E1,9.280700684E-2,1.100350328E1
2.683381329E1,2.290387115E0,1.056757462E1,-4.692741394E-1,1.082311067E1
2.684376629E1,2.417173462E0,1.012868729E1,-5.327421570E-1,1.042673716E1
2.685371929E1,2.549498291E0,9.898765411E0,-2.700384521E-1,1.022538112E1
2.686367129E1,2.534379730E0,9.539063416E0,-5.110372925E-1,9.883216611E0
2.687362429E1,2.464924164E0,9.129215698E0,-3.321592712E-1,9.461963865E0
2.688357729E1,2.305206299E0,8.926088104E0,-3.640429688E-1,9.226134196E0
2.689352929E1,2.153122559E0,8.642278290E0,-3.460803223E-1,8.913174652E0
2.690348229E1,1.937121735E0,8.378676453E0,-6.782395935E-1,8.626393723E0
2.691343529E1,1.739532623E0,8.293204193E0,-7.726931763E-1,8.508834484E0
2.692338829E1,1.587748260E0,8.198900299E0,-2.740800476E-1,8.355718433E0
2.693334029E1,1.609752502E0,8.179291077E0,2.677931213E-1,8.340492719E0
2.694329329E1,1.786983948E0,8.576115875E0,4.114942932E-1,8.769971647E0
2.695324629E1,1.909878387E0,9.237740021E0,1.670526123E-1,9.434584396E0
2.696319929E1,1.879940643E0,9.774374084E0,-4.266128540E-2,9.953611684E0
2.697315129E1,1.797312469E0,9.963430939E0,-9.355545044E-2,1.012467485E1
2.698310429E1,1.775008850E0,9.871222687E0,-7.005432129E-2,1.002978571E1
2.699305729E1,1.817071381E0,9.785301361E0,5.763015747E-2,9.952747981E0
2.700301029E1,1.889670410E0,9.775571594E0,8.607101440E-2,9.956910287E0
2.701296229E1,1.927841034E0,9.813442841E0,4.460723877E-2,1.000111100E1
2.702291529E1,1.994751892E0,9.763446808E0,1.410067749E-1,9.966133232E0
2.703286829E1,2.008074188E0,9.732161865E0,-8.382568359E-3,9.937172977E0
2.704282029E1,1.990859985E0,9.657916260E0,-1.203497314E-1,9.861711516E0
2.705277292E1,2.033820648E0,9.595346375E0,-1.697470093E-1,9.809990445E0
2.706272592E1,2.144739990E0,9.614207153E0,-2.665956116E-1,9.854134261E0
2.707267892E1,2.256258087E0,9.629026337E0,-3.936813354E-1,9.897668096E0
2.708263092E1,2.352358246E0,9.574988708E0,-5.188211060E-1,9.873356746E0
2.709258392E1,2.393672333E0,9.473200378E0,-6.800358582E-1,9.794572038E0
2.710253692E1,2.451751556E0,9.337432709E0,-5.947132874E-1,9.672249954E0
2.711248992E1,2.517315216E0,9.348659363E0,-5.236111450E-1,9.695796842E0
2.712244192E1,2.551294556E0,9.467961273E0,-5.322930908E-1,9.820118661E0
2.713239492E1,2.506238251E0,9.629176025E0,-4.135899353E-1,9.958580106E0
2.714234792E1,2.419718170E0,9.796078949E0,-3.969744873E-1,1.009830617E1
2.715229992E1,2.317181396E0,9.894125061E0,-5.936654663E-1,1.017916888E1
2.716225292E1,2.232008514E0,9.915231171E0,-9.773176575E-1,1.021023119E1
2.717220592E1,2.270328827E0,9.908794556E0,-1.125659180E0,1.022769334E1
2.718215892E1,2.363734589E0,9.987381134E0,-7.274871826E-1,1.028903595E1
2.719211092E1,2.409838715E0,9.988578644E0,-4.641847229E-1,1.028564502E1
2.720206392E1,2.360740814E0,9.707463226E0,-8.640032959E-1,1.002768374E1
2.721201692E1,2.245779877E0,9.424701233E0,-8.223898315E-1,9.723417384E0
2.722196992E1,2.174078979E0,9.414522400E0,-6.565347290E-1,9.684569649E0
2.723192192E1,2.111658783E0,9.528285828E0,-5.010081482E-1,9.772325352E0
2.724187492E1,2.063459015E0,9.653575287E0,-7.165599060E-1,9.897617745E0
2.725182792E1,2.096540222E0,9.554631042E0,-9.653425598E-1,9.829462931E0
2.726177992E1,2.165546722E0,9.321116638E0,-9.186396790E-1,9.613360851E0
2.727173292E1,2.160457306E0,9.240883484E0,-1.020278320E0,9.544761452E0
2.728168592E1,2.085463257E0,9.214837646E0,-8.660989380E-1,9.487492673E0
2.729163892E1,1.986069946E0,9.176367645E0,-9.407936096E-1,9.435851292E0
2.730159092E1,2.003882904E0,9.135053558E0,-9.219328308E-1,9.397590667E0
2.731154392E1,2.096540222E0,9.147777100E0,-8.475375366E-1,9.423143140E0
2.732149692E1,2.259401550E0,9.207502899E0,-7.500901794E-1,9.510291283E0
2.733144992E1,2.480192413E0,9.351952515E0,-6.310876465E-1,9.695805375E0
2.734140192E1,2.564317474E0,9.422455902E0,-7.273374939E-1,9.792212169E0
2.735135492E1,2.564766541E0,9.373956757E0,-8.997789001E-1,9.760056083E0
2.736130792E1,2.633922729E0,9.284891968E0,-1.026864624E0,9.705731232E0
2.737125992E1,2.653681641E0,9.307644653E0,-8.913963318E-1,9.719509384E0
2.738121292E1,2.629881134E0,9.505682831E0,-7.896080017E-1,9.894329773E0
2.739116592E1,2.599194946E0,9.688452759E0,-7.280859375E-1,1.005743707E1
2.740111892E1,2.570155334E0,9.783056030E0,-7.421566772E-1,1.014222265E1
2.741107092E1,2.540816345E0,9.819131012E0,-6.361770630E-1,1.016247031E1
2.742102392E1,2.529290314E0,9.744436340E0,-4.082011414E-1,1.007561300E1
2.743097692E1,2.452050934E0,9.713151398E0,-1.646575928E-1,1.001923031E1
2.744092992E1,2.331401825E0,9.720186768E0,-3.863465881E-1,1.000333589E1
2.745088192E1,2.200424194E0,9.672136688E0,-2.896476746E-1,9.923506967E0
2.746083492E1,2.084565125E0,9.854158173E0,-3.594026184E-1,1.007864154E1
2.747078792E1,1.890867920E0,1.009261230E1,-5.812413025E-1,1.028465099E1
2.748073992E1,1.628164215E0,1.031115784E1,-7.062313843E-1,1.046277484E1
2.749069292E1,1.273252258E0,1.047072601E1,-9.202862549E-1,1.058792715E1
2.750064592E1,9.322613525E-1,1.041668839E1,-1.273401947E0,1.053556172E1
2.751059892E1,8.023315430E-1,1.029424301E1,-1.830842743E0,1.048652279E1
2.752055092E1,1.048270111E0,1.006581802E1,-2.606978760E0,1.045064117E1
2.753050392E1,1.178648987E0,9.624385986E0,-2.912942505E0,1.012438902E1
2.754045692E1,1.244362335E0,9.523196411E0,-3.135829010E0,1.010312482E1
2.755040992E1,1.482217712E0,9.792037354E0,-2.839595032E0,1.030263388E1
2.756036192E1,1.665885773E0,9.798773346E0,-2.791395264E0,1.032390537E1
2.757031492E1,1.842817841E0,9.676178284E0,-3.413351898E0,1.042474820E1
2.758026792E1,2.020947418E0,9.605076141E0,-3.400029602E0,1.038758477E1
2.759021992E1,2.290536804E0,9.960287476E0,-3.175646210E0,1.070227146E1
2.760017292E1,2.533780975E0,1.029424301E1,-2.929707642E0,1.099884867E1
2.761012592E1,2.618205414E0,1.044303360E1,-2.452649689E0,1.104207593E1
2.762007892E1,2.605631561E0,1.045156586E1,-2.540816345E0,1.106708148E1
2.763003092E1,2.515369263E0,1.023945694E1,-2.637215881E0,1.086869213E1
2.763998392E1,2.434986420E0,1.002465363E1,-2.403551788E0,1.059244544E1
2.764993692E1,2.225571899E0,9.831704865E0,-2.127076721E0,1.030242914E1
2.765988892E1,1.892514496E0,9.390871582E0,-2.013912048E0,9.789071556E0
2.766984192E1,1.646126862E0,8.901988220E0,-2.103874969E0,9.294160414E0
2.767979492E1,1.585502930E0,8.484057312E0,-2.273172913E0,8.925265436E0
2.768974792E1,1.496288452E0,7.890990601E0,-2.325713654E0,8.361552236E0
2.769969992E1,1.280736694E0,7.249125366E0,-2.369422760E0,7.733322007E0
2.770965292E1,9.514215088E-1,6.759493561E0,-2.257156219E0,7.189625184E0
2.771960592E1,8.361611938E-1,6.647077332E0,-2.212548981E0,7.055365021E0
2.772955892E1,9.249266052E-1,6.741979980E0,-2.190395050E0,7.148958928E0
2.773951092E1,1.066232758E0,6.939120026E0,-2.109862518E0,7.330740677E0
2.774946392E1,1.229692841E0,7.209457855E0,-2.330503693E0,7.675915223E0
2.775941692E1,1.488354950E0,7.455246735E0,-2.590662689E0,8.031652227E0
2.776936892E1,1.844763794E0,7.713010712E0,-2.782863007E0,8.404642420E0
2.777932192E1,2.234104156E0,8.061785431E0,-2.827919312E0,8.830670040E0
2.778927492E1,2.634222107E0,8.509354706E0,-3.178789673E0,9.457956830E0
2.779922792E1,2.984942780E0,9.001680908E0,-3.464096375E0,1.009653932E1
2.780917992E1,3.133134613E0,9.433233490E0,-2.438878326E0,1.023477181E1
2.781913292E1,3.353925476E0,9.457033997E0,-2.543510742E0,1.035150979E1
2.782908592E1,3.933969269E0,9.271419983E0,-3.686533813E0,1.072501162E1
2.783903792E1,4.212390289E0,9.328451385E0,-3.179987183E0,1.071804813E1
2.784899092E1,4.301305389E0,9.615254974E0,-2.085014191E0,1.073786014E1
2.785894392E1,4.169279938E0,1.011162277E1,-1.343755646E0,1.101968645E1
2.786889692E1,3.748954010E0,1.085003723E1,-2.113904114E0,1.167246995E1
2.787884892E1,3.689527588E0,1.159788208E1,-2.163900146E0,1.236147024E1
2.788880192E1,3.855083313E0,1.176134216E1,-1.455423431E0,1.246230694E1
2.789875492E1,3.976480865E0,1.149938690E1,-1.014440460E0,1.220972517E1
2.790870692E1,3.617527313E0,1.113444580E1,-9.797126770E-1,1.174828601E1
2.791865992E1,2.762355652E0,1.089464447E1,-7.173083496E-1,1.126225635E1
2.792861292E1,1.985620880E0,1.065409470E1,-6.551875305E-1,1.085733369E1
2.793856592E1,1.583706665E0,1.020413040E1,-1.829645233E0,1.048713525E1
2.794851792E1,1.723815308E0,9.675579529E0,-2.228415985E0,1.007741119E1
2.795847092E1,2.558629303E0,8.809181213E0,-1.737886047E0,9.336407525E0
2.796842392E1,3.580404510E0,7.800129547E0,-1.244811401E0,8.672420241E0
2.797837692E1,4.411625977E0,7.039411469E0,-9.466314697E-1,8.361331755E0
2.798832892E1,4.840783539E0,6.674470367E0,-1.054257660E0,8.312231901E0
2.799828192E1,4.977149963E0,6.520290985E0,-1.255588989E0,8.298356464E0
2.800823492E1,4.871469727E0,6.481820984E0,-1.527573395E0,8.250981823E0
2.801818692E1,4.590503998E0,6.362070007E0,-1.516047363E0,7.990435616E0
2.802813992E1,4.159550171E0,6.022875366E0,-1.151255951E0,7.409606978E0
2.803809292E1,3.865262146E0,5.529651031E0,-1.113534393E0,6.837927378E0
2.804804700E1,3.795207825E0,5.045408020E0,-9.114546204E-1,6.378910099E0
2.805799900E1,3.752995605E0,5.082530823E0,-5.053491211E-1,6.338175866E0
2.806795200E1,3.552412720E0,5.498964844E0,-4.785548401E-1,6.564089062E0
2.807790500E1,3.276386719E0,6.091582489E0,-6.557862854E-1,6.947815686E0
2.808785700E1,3.162623291E0,6.400390320E0,-7.427554321E-1,7.177664520E0
2.809781000E1,3.260370026E0,6.450835419E0,-7.113208008E-1,7.262869101E0
2.810776300E1,3.435356140E0,6.289321289E0,-6.430627441E-1,7.195190323E0
2.811771600E1,3.621568909E0,6.017935638E0,-2.429447937E-1,7.027825615E0
2.812766800E1,3.553909607E0,5.813760223E0,1.285826111E-1,6.815175340E0
2.813762100E1,3.217259674E0,5.713169403E0,4.025129700E-1,6.569100481E0
2.814757400E1,2.692451019E0,5.757926331E0,7.102729797E-1,6.395896796E0
2.815752600E1,1.941013641E0,5.768254852E0,8.240364075E-1,6.141606793E0
2.816747900E1,1.126557312E0,5.656736755E0,5.785469055E-1,5.796767946E0
2.817743200E1,5.013075256E-1,5.403313751E0,3.731739807E-1,5.439335212E0
2.818738500E1,4.171824646E-1,5.169050903E0,8.535250854E-1,5.255628747E0
2.819733700E1,8.596623230E-1,5.103337555E0,1.318009186E0,5.340432728E0
2.820729000E1,1.739832001E0,5.335504761E0,1.411115570E0,5.786697987E0
2.821724300E1,2.688409424E0,5.985902252E0,9.325607300E-1,6.627838299E0
2.822719500E1,3.328927460E0,6.993307343E0,-6.093827820E-1,7.769134636E0
2.823714800E1,3.817212067E0,8.186775513E0,-2.431842957E0,9.354585048E0
2.824710100E1,4.402195587E0,9.568552094E0,-3.338357849E0,1.104903382E1
2.825705400E1,4.905748444E0,1.120854172E1,-3.096311188E0,1.262081290E1
2.826700600E1,5.444478149E0,1.303504349E1,-2.111060028E0,1.428325157E1
2.827695900E1,5.577701111E0,1.462982712E1,-1.854493561E0,1.576647511E1
2.828691200E1,5.275030518E0,1.599528763E1,-1.882335663E0,1.694751784E1
2.829686400E1,4.551584930E0,1.728859818E1,-1.717079315E0,1.795998089E1
2.830681700E1,3.748504944E0,1.841350891E1,-2.335892487E0,1.893581246E1
2.831677000E1,3.176694031E0,1.938319244E1,-2.796484680E0,1.983985536E1
2.832672300E1,3.056044922E0,2.026800247E1,-2.521656189E0,2.065163637E1
2.833667500E1,3.340453491E0,2.060719711E1,-3.007096710E0,2.109165316E1
2.834662800E1,3.893253937E0,2.046274750E1,-2.730621643E0,2.100804027E1
2.835658100E1,4.512665863E0,2.013612671E1,-2.629881134E0,2.080250049E1
2.836653300E1,4.948709106E0,1.989767258E1,-2.924169159E0,2.071129791E1
2.837648600E1,5.194348297E0,2.038176590E1,-3.743415527E0,2.136377296E1
2.838643900E1,5.179080048E0,2.150458099E1,-4.607269135E0,2.259417630E1
2.839639200E1,5.201383667E0,2.270897644E1,-4.902904358E0,2.380736176E1
2.840634400E1,5.565426636E0,2.362447266E1,-5.040168915E0,2.478896901E1
2.841629700E1,6.433172150E0,2.441378128E1,-4.838388519E0,2.570658328E1
2.842625000E1,7.364834747E0,2.518871979E1,-4.560715942E0,2.663667632E1
2.843620200E1,7.877368927E0,2.550126984E1,-4.105362854E0,2.700410540E1
2.844615500E1,8.068072357E0,2.612681900E1,-3.677253113E0,2.759033623E1
2.845610800E1,8.338709564E0,2.685505463E1,-3.597319336E0,2.834905188E1
2.846606100E1,8.616082764E0,2.729439102E1,-3.605701904E0,2.884825384E1
2.847601300E1,8.313711548E0,2.624163025E1,-4.223467255E0,2.784921244E1
2.848596600E1,7.603288879E0,2.263757492E1,-4.844525757E0,2.436676486E1
2.849591900E1,6.771768036E0,1.800336182E1,-5.290598145E0,1.994914303E1
2.850587100E1,5.378764801E0,1.375938721E1,-5.983956299E0,1.593924653E1
2.851582400E1,3.418890381E0,9.351054382E0,-6.411317596E0,1.184212915E1
2.852577700E1,1.316811676E0,4.687352600E0,-7.741002502E0,9.144855774E0
2.853573000E1,-6.842271423E-1,-3.493734741E-1,-8.159981232E0,8.196067490E0
2.854568200E1,-1.445993042E0,-3.924389191E0,-6.274651794E0,7.540754706E0
2.855563500E1,-2.317929840E0,-7.521558838E0,-3.976780243E0,8.818243997E0
2.856558800E1,-3.202440491E0,-1.003049149E1,-1.402134247E0,1.062225800E1
2.857554000E1,-3.229234772E0,-1.040321640E1,1.945953369E-2,1.089289894E1
2.858549300E1,-3.931723938E0,-1.040755737E1,8.771759033E-2,1.112579876E1
2.859544600E1,-4.248465271E0,-8.570577393E0,-2.092648315E-1,9.568074298E0
2.860539900E1,-4.104315033E0,-6.112389221E0,-2.859054565E-1,7.368069341E0
2.861535100E1,-4.096082153E0,-3.638334045E0,-2.059716797E-1,5.482498332E0
2.862530400E1,-4.190685425E0,-1.250798950E0,1.017883301E-1,4.374551772E0
2.863525700E1,-4.302203522E0,1.092428284E0,5.403762817E-1,4.471505476E0
2.864520900E1,-4.574786682E0,3.084934845E0,-5.209167480E-2,5.517989645E0
2.865516200E1,-4.206253052E0,6.554270325E0,7.595205688E-1,7.824825603E0
2.866511500E1,-2.953508148E0,1.065499283E1,-6.900650024E-2,1.105698171E1
2.867506800E1,-2.648442535E0,1.356928253E1,-1.124461670E0,1.387098015E1
2.868502000E1,-2.552941132E0,1.452220093E1,-1.049317932E0,1.478218172E1
2.869497300E1,-2.605481873E0,1.318772598E1,-4.698728943E-1,1.345085250E1
2.870492600E1,-3.651057587E0,1.015952316E1,4.156855774E-1,1.080365341E1
2.871487800E1,-4.839885406E0,7.185807037E0,-9.759704590E-2,8.664285239E0
2.872483100E1,-4.766837311E0,4.119882660E0,-3.457809448E-2,6.300584633E0
2.873478400E1,-3.710334320E0,2.304308167E0,4.870870972E-1,4.394732157E0
2.874473700E1,-2.820285187E0,1.911524963E0,1.165626068E0,3.600919376E0
2.875468900E1,-2.470013580E0,2.456541595E0,1.707499237E0,3.879576954E0
2.876464200E1,-2.517764282E0,3.884871368E0,1.488504639E0,4.862818996E0
2.877459500E1,-2.869832153E0,5.569767609E0,7.828720093E-1,6.314359539E0
2.878454700E1,-3.542982330E0,6.689139862E0,-2.451901245E-1,7.573469092E0
2.879450000E1,-4.308640137E0,6.498885498E0,-7.505392456E-1,7.833466774E0
2.880445300E1,-4.375550995E0,5.551804962E0,-4.090992737E-1,7.080631826E0
2.881440500E1,-3.372187500E0,4.932991791E0,4.713697815E-1,5.994017519E0
2.882435800E1,-1.863774261E0,4.797673187E0,1.667083282E0,5.410220807E0
2.883431100E1,-7.547305298E-1,4.791835327E0,1.547182617E0,5.091667509E0
2.884426400E1,-1.573228455E-1,4.925956421E0,1.196611633E0,5.071654221E0
2.885421600E1,1.574725342E-1,5.100044403E0,3.210823059E-1,5.112567296E0
2.886416900E1,1.365161133E-1,5.284011841E0,-4.727169800E-1,5.306870936E0
2.887412200E1,-2.347119141E-1,5.548062744E0,-8.349636841E-1,5.615447823E0
2.888407400E1,-7.954458618E-1,5.778134308E0,-8.223898315E-1,5.890322167E0
2.889402700E1,-1.246008911E0,6.160289612E0,-9.255253601E-1,6.352818548E0
2.890398000E1,-1.775008850E0,6.435417480E0,-1.285227356E0,6.798313315E0
2.891393300E1,-2.365081787E0,6.024971008E0,-1.452130280E0,6.633443288E0
2.892388500E1,-2.616409149E0,5.049299927E0,-1.055754547E0,5.784085429E0
2.893383800E1,-2.386337585E0,4.352349243E0,-4.571493530E-1,4.984630030E0
2.894379100E1,-1.832040253E0,4.062701569E0,-3.168910217E-1,4.467922945E0
2.895374300E1,-1.033001862E0,3.847000122E0,-1.317260742E0,4.195435454E0
2.896369600E1,-1.104702759E-1,3.763922882E0,-2.369722137E0,4.449146227E0
2.897364900E1,8.060737610E-1,3.618275757E0,-3.194506989E0,4.893521152E0
2.898360200E1,1.065933380E0,3.295696564E0,-3.315156097E0,4.794589634E0
2.899355400E1,8.879534912E-1,3.093467102E0,-3.342698822E0,4.640219341E0
2.900350700E1,5.819897461E-1,3.170706482E0,-3.255280609E0,4.581369173E0
2.901346000E1,4.584965515E-1,3.427422638E0,-3.585793304E0,4.981501646E0
2.902341200E1,5.013075256E-1,3.701352997E0,-3.920796661E0,5.415161097E0
2.903336500E1,6.888674927E-1,4.363725586E0,-3.506607971E0,5.640295992E0
2.904331800E1,9.825567627E-1,5.051245880E0,-3.823199615E0,6.410722115E0
2.905327025E1,1.332828369E0,5.791306915E0,-2.336640930E0,6.385574217E0
2.906322225E1,1.529818726E0,7.586523743E0,-1.746717682E0,7.933896300E0
2.907317525E1,5.897735596E-2,9.933044128E0,-3.943998413E0,1.068756134E1
2.908312825E1,-9.846524048E-1,1.306423279E1,-5.486840057E0,1.420384217E1
2.909308025E1,-4.950205994E-1,1.443388458E1,-6.172115021E0,1.570595662E1
2.910303325E1,8.565188599E-1,1.527797928E1,-4.151916046E0,1.585524148E1
2.911298625E1,1.624122620E0,1.830917587E1,-3.690126343E0,1.874781928E1
2.912293925E1,1.964814148E0,2.356190277E1,-4.541256409E0,2.407585443E1
2.913289125E1,2.187850342E0,2.969449997E1,-9.736502838E0,3.132649845E1
2.914284425E1,3.717220001E0,3.195494934E1,-1.198737213E1,3.433123363E1
2.915279725E1,5.721551971E0,2.600003265E1,-8.462801514E0,2.793486825E1
2.916274925E1,6.635251923E0,1.983240829E1,-5.140909424E0,2.153555053E1
2.917270225E1,6.623127136E0,1.631277740E1,-3.814367981E0,1.801449202E1
2.918265525E1,6.462062073E0,1.484897141E1,-4.487667847E0,1.680444467E1
2.919260725E1,6.688990173E0,1.417746780E1,-4.982538757E0,1.644897794E1
2.920256025E1,7.084916840E0,1.416609146E1,-4.665198669E0,1.651176164E1
2.921251325E1,6.974446564E0,1.405487274E1,-3.858526154E0,1.615767857E1
2.922246625E1,6.196065216E0,1.387913818E1,-3.016227722E0,1.549578428E1
2.923241825E1,5.433251495E0,1.383872223E1,-2.955603790E0,1.515803577E1
2.924237125E1,5.200186157E0,1.378423553E1,-3.365601196E0,1.511205998E1
2.925232425E1,4.982389069E0,1.325104431E1,-3.602408752E0,1.460793363E1
2.926227625E1,4.449048157E0,1.182316360E1,-3.624263306E0,1.314216541E1
2.927222925E1,4.334685974E0,1.047850983E1,-4.069587250E0,1.204783014E1
2.928218225E1,3.683839417E0,9.104367371E0,-3.758683777E0,1.051607730E1
2.929213525E1,2.648292847E0,7.733817444E0,-3.116818542E0,8.748711053E0
2.930208725E1,1.249302063E0,6.975943451E0,-2.160457306E0,7.408921544E0
2.931204025E1,7.719447327E-1,6.404581604E0,-2.286944275E0,6.844317227E0
2.932199325E1,1.103954315E0,5.761369171E0,-2.586471405E0,6.411078239E0
2.933194525E1,8.253836060E-1,5.253774719E0,-2.208058319E0,5.758378977E0
2.934189825E1,6.631210327E-2,4.762196960E0,-1.830543365E0,5.102333407E0
2.935185125E1,-6.575825500E-1,4.862189026E0,-1.174308014E0,5.045026882E0
2.936180425E1,-1.300046539E0,5.225034485E0,-6.953041077E-1,5.429047262E0
2.937175625E1,-1.718127136E0,5.938600616E0,-4.038601685E-1,6.195324138E0
2.938170925E1,-1.617835693E0,7.201224976E0,-1.544787598E-1,7.382336836E0
2.939166225E1,-1.270258484E0,8.474477234E0,-5.930667114E-1,8.589647788E0
2.940161425E1,-5.698649597E-1,9.081015930E0,-1.430575104E0,9.210653697E0
2.941156725E1,9.479786682E-1,9.181606750E0,-2.379152527E0,9.532100127E0
2.942152025E1,2.915786591E0,8.894503784E0,-2.614313507E0,9.718469227E0
2.943147225E1,4.244273987E0,8.635392609E0,-2.130220184E0,9.855034511E0
2.944142525E1,4.274960175E0,8.199199677E0,-1.440454559E0,9.358262080E0
2.945137825E1,3.729943542E0,7.480993195E0,-1.422641602E0,8.479483895E0
2.946133125E1,3.664379883E0,6.378835144E0,-1.452729034E0,7.498509143E0
2.947128325E1,4.239483948E0,5.628146210E0,-1.274150391E0,7.160496709E0
2.948123625E1,4.848567352E0,5.609135742E0,-1.401834869E0,7.545604690E0
2.949118925E1,5.135820007E0,6.238127747E0,-1.059197388E0,8.149403907E0
2.950114125E1,5.234614563E0,7.531288605E0,-1.294358368E0,9.262659513E0
2.951109425E1,5.115612030E0,9.285041656E0,-2.529739380E0,1.089867269E1
2.952104725E1,4.714146881E0,1.092787537E1,-3.429518280E0,1.238560602E1
2.953099925E1,4.444707184E0,1.214005463E1,-3.525019684E0,1.340007881E1
2.954095225E1,4.248914337E0,1.264570312E1,-3.418740692E0,1.377152383E1
2.955090525E1,4.101171570E0,1.267279678E1,-3.489992523E0,1.376951104E1
2.956085825E1,4.177812195E0,1.247745300E1,-3.597169647E0,1.364113550E1
2.957081025E1,4.489913177E0,1.198437836E1,-3.622616730E0,1.330067656E1
2.958076325E1,4.755011902E0,1.099778000E1,-3.575464783E0,1.250380948E1
2.959071625E1,4.893174591E0,9.904902649E0,-3.401676178E0,1.155948333E1
2.960066825E1,4.793332214E0,9.116492157E0,-3.302133179E0,1.081621683E1
2.961062125E1,4.597838745E0,8.675359497E0,-3.532354431E0,1.043453455E1
2.962057425E1,4.433480530E0,8.596323853E0,-3.880829773E0,1.042177399E1
2.963052725E1,3.982468414E0,8.736282806E0,-3.846551056E0,1.034304824E1
2.964047925E1,3.464395752E0,9.033265228E0,-3.548520813E0,1.030504336E1
2.965043225E1,2.935545502E0,9.317374420E0,-3.176694031E0,1.027240373E1
2.966038525E1,2.603535919E0,9.619296570E0,-3.197650452E0,1.046586041E1
2.967033725E1,2.583028564E0,9.765692139E0,-3.281625824E0,1.062119803E1
2.968029025E1,2.552342377E0,9.733808441E0,-2.948867798E0,1.048605263E1
2.969024325E1,2.343676300E0,9.606872406E0,-2.740201721E0,1.026126315E1
2.970019525E1,2.082469482E0,9.302704926E0,-2.571652222E0,9.873722359E0
2.971014825E1,2.065704346E0,9.083860016E0,-2.485730896E0,9.641706556E0
2.972010125E1,2.127376099E0,8.842112732E0,-2.322719879E0,9.386357881E0
2.973005425E1,2.374961243E0,8.641978912E0,-2.366728363E0,9.269608599E0
2.974000625E1,2.652184753E0,8.513545990E0,-2.385738831E0,9.230725814E0
2.974995925E1,2.941383362E0,8.494086456E0,-2.449506226E0,9.316722683E0
2.975991225E1,3.236419830E0,8.536148987E0,-2.001487885E0,9.345919248E0
2.976986425E1,3.512296143E0,8.467292175E0,-1.743574219E0,9.331200996E0
2.977981725E1,3.583697662E0,8.527916107E0,-2.248773651E0,9.519728200E0
2.978977025E1,3.280877380E0,8.792116699E0,-2.145189056E0,9.626386057E0
2.979972325E1,3.021466827E0,9.170230408E0,-1.894161072E0,9.839219160E0
2.980967525E1,2.837349701E0,9.191186829E0,-1.870510254E0,9.799350859E0
2.981962825E1,2.721041565E0,9.075477448E0,-2.077679443E0,9.699747933E0
2.982958125E1,2.650687866E0,8.926686859E0,-2.652933197E0,9.682455215E0
2.983953325E1,2.509681091E0,8.579109650E0,-2.911146240E0,9.400765607E0
2.984948625E1,2.363584900E0,8.272247772E0,-2.850073242E0,9.063086355E0
2.985943925E1,2.192341003E0,8.009993134E0,-2.653831329E0,8.718323795E0
2.986939125E1,2.068698120E0,7.778574371E0,-2.277663574E0,8.365015393E0
2.987934425E1,1.998793488E0,7.734865265E0,-1.919159088E0,8.216233181E0
2.988929725E1,2.098935242E0,7.797135773E0,-1.945953369E0,8.305876830E0
2.989925025E1,2.453398132E0,8.011639709E0,-2.147434387E0,8.649682519E0
2.990920225E1,2.800675964E0,8.293952637E0,-2.407443695E0,9.079053989E0
2.991915525E1,2.973267059E0,8.499624939E0,-2.779719543E0,9.423947254E0
2.992910825E1,3.024909668E0,8.599317627E0,-3.179089050E0,9.654271041E0
2.993906025E1,3.056943054E0,8.587791595E0,-3.682641907E0,9.831424960E0
2.994901325E1,3.003953247E0,8.537645874E0,-3.919449463E0,9.862921285E0
2.995896625E1,3.006348267E0,8.600964203E0,-4.028722229E0,9.962194433E0
2.996891825E1,3.000360718E0,8.717422028E0,-4.187991028E0,1.012595082E1
2.997887125E1,2.837798767E0,8.664282532E0,-4.356989594E0,1.010476382E1
2.998882425E1,2.805466003E0,8.487051086E0,-4.475692749E0,9.996624491E0
2.999877725E1,2.971770172E0,8.321195984E0,-4.587959290E0,9.956058005E0
3.000872925E1,3.319048004E0,8.339757385E0,-4.591252441E0,1.008202519E1
3.001868225E1,3.752845917E0,8.666078796E0,-4.472698975E0,1.044939282E1
3.002863525E1,3.913611603E0,9.369166718E0,-4.563110962E0,1.113191908E1
3.003858725E1,3.835324402E0,1.031504974E1,-4.857249298E0,1.202924915E1
3.004854125E1,3.663032684E0,1.138068375E1,-5.202581177E0,1.303858205E1
3.005849425E1,3.477867737E0,1.214619186E1,-5.555098114E0,1.380161787E1
3.006844725E1,3.242257690E0,1.230576004E1,-5.832022247E0,1.399844451E1
3.007839925E1,2.877765656E0,1.204814575E1,-5.822292480E0,1.368716336E1
3.008835225E1,2.048490143E0,1.166404449E1,-5.769901428E0,1.317338257E1
3.009830525E1,9.626481628E-1,1.104044128E1,-5.389542389E0,1.232336003E1
3.010825725E1,1.679507446E-1,1.029514114E1,-4.869074707E0,1.138973341E1
3.011821025E1,-1.062789917E-2,9.748777313E0,-4.138593750E0,1.059087958E1
3.012816325E1,2.492317200E-1,9.538314972E0,-3.308719482E0,1.009896993E1
3.013811525E1,5.536985779E-1,9.355095978E0,-3.688629456E0,1.007126557E1
3.014806825E1,8.425978088E-1,9.323661346E0,-4.312981110E0,1.030739725E1
3.015802125E1,1.004710693E0,9.360634460E0,-4.258644104E0,1.033281040E1
3.016797425E1,1.078058167E0,9.540410614E0,-3.970193939E0,1.038961424E1
3.017792625E1,1.133742371E0,9.661957855E0,-3.786675568E0,1.043923911E1
3.018787925E1,1.140029297E0,9.544302521E0,-3.786974945E0,1.033124178E1
3.019783225E1,1.234033813E0,9.296417999E0,-3.746409302E0,1.009860435E1
3.020778425E1,1.426084442E0,9.295819244E0,-3.444337463E0,1.001545969E1
3.021773725E1,1.612895966E0,9.510023804E0,-3.119962006E0,1.013785722E1
3.022769025E1,1.747017059E0,9.629774780E0,-2.792742462E0,1.017762455E1
3.023764225E1,1.766476593E0,9.636510773E0,-2.448458405E0,1.009840225E1
3.024759525E1,1.597777405E0,9.389524384E0,-2.028880920E0,9.738193804E0
3.025754825E1,1.646875305E0,9.132209473E0,-1.646575928E0,9.424471360E0
3.026750125E1,1.839524689E0,8.822054443E0,-1.270707550E0,9.100944641E0
3.027745325E1,2.081271973E0,8.566835175E0,-9.301657104E-1,8.864962841E0
3.028740625E1,2.205513611E0,8.350984039E0,-1.230141907E0,8.724475561E0
3.029735925E1,2.336042175E0,8.314010925E0,-1.554217987E0,8.774705936E0
3.030731125E1,2.490970001E0,8.201295319E0,-1.641636200E0,8.727035342E0
3.031726425E1,2.585423584E0,7.805218964E0,-1.100062408E0,8.295540699E0
3.032721725E1,2.346370697E0,7.361242218E0,-6.059399414E-1,7.749871331E0
3.033716925E1,1.972597961E0,7.163204041E0,-4.598437500E-1,7.444064153E0
3.034712225E1,1.844763794E0,7.206613770E0,-3.381468201E-1,7.446662256E0
3.035707525E1,1.960473175E0,7.436236267E0,-8.637039185E-2,7.690807808E0
3.036702825E1,2.064207458E0,7.803871765E0,5.526507568E-1,8.091155036E0
3.037698025E1,2.035916290E0,8.294252014E0,1.057251434E0,8.605658151E0
3.038693325E1,1.909429321E0,8.898844757E0,1.099313965E0,9.167543266E0
3.039688625E1,1.854493561E0,9.460925903E0,1.207838287E0,9.716333601E0
3.040683825E1,2.055226135E0,1.005099884E1,1.508263550E0,1.036925220E1
3.041679125E1,1.917961578E0,1.069271439E1,1.695973206E0,1.099495533E1
3.042674425E1,1.506766663E0,1.119387222E1,1.595831451E0,1.140700658E1
3.043669625E1,1.398092651E0,1.171014862E1,1.231040039E0,1.185739024E1
3.044664925E1,1.140628052E0,1.216146011E1,6.472540283E-1,1.223196968E1
3.045660225E1,8.765771484E-1,1.248882935E1,1.624122620E-1,1.252060796E1
3.046655425E1,7.110214233E-1,1.251218079E1,-2.019300842E-1,1.253399359E1
3.047650725E1,7.328759766E-1,1.236593491E1,-7.545808411E-1,1.241059408E1
3.048646025E1,1.129850464E0,1.198542618E1,-8.759783936E-1,1.207039108E1
3.049641325E1,1.872755585E0,1.152049301E1,-6.333329773E-1,1.168888717E1
3.050636525E1,2.025737457E0,1.097293167E1,-1.114133148E0,1.121383674E1
3.051631825E1,2.287842407E0,1.073597443E1,-1.424587555E0,1.106909298E1
3.052627125E1,2.345023499E0,1.055664734E1,-8.608598328E-1,1.084818040E1
3.053622325E1,2.302212524E0,1.066262695E1,-7.041357422E-1,1.093103852E1
3.054617625E1,1.970352631E0,1.062206131E1,-6.752458191E-1,1.082434445E1
3.055612925E1,1.938917999E0,1.091754684E1,-1.017284546E0,1.113494948E1
3.056608125E1,1.479523315E0,1.061801971E1,-1.098565521E0,1.077674246E1
3.057603425E1,1.644031219E0,1.029184799E1,-9.250762939E-1,1.046330444E1
3.058598725E1,1.152004395E0,9.878407745E0,-6.818321228E-1,9.968698448E0
3.059594025E1,1.277293854E0,9.972861328E0,-5.056484985E-1,1.006703149E1
3.060589225E1,8.815168762E-1,9.704469452E0,-7.632627869E-1,9.774270788E0
3.061584525E1,7.138655090E-1,9.695787506E0,-8.548722839E-1,9.759544352E0
3.062579825E1,4.971162415E-1,9.272767181E0,-6.415658569E-1,9.308219084E0
3.063575025E1,1.936972046E-1,9.147627411E0,-5.710624695E-1,9.167481563E0
3.064570325E1,2.739303589E-2,8.909173279E0,-5.568420410E-1,8.926600246E0
3.065565625E1,2.838098145E-1,8.904981995E0,-5.204676819E-1,8.924692653E0
3.066560825E1,5.110372925E-1,8.630153503E0,-5.986051941E-1,8.665970043E0
3.067556125E1,5.539979553E-1,8.541687469E0,-5.005590820E-1,8.574257866E0
3.068551425E1,2.068698120E-1,8.395591278E0,-4.141886902E-1,8.408347061E0
3.069546725E1,-8.382568359E-3,8.305628357E0,-1.420545959E-1,8.306847307E0
3.070541925E1,-4.099974060E-1,8.285270691E0,-2.523751831E-1,8.299247046E0
3.071537225E1,-4.381388855E-1,8.413104858E0,-3.143463135E-1,8.430368476E0
3.072532525E1,-4.981640625E-1,8.592731323E0,-6.177653503E-1,8.629300844E0
3.073527725E1,-7.991880798E-1,8.745563507E0,-9.208850098E-1,8.830153557E0
3.074523025E1,-1.078806610E0,8.985065460E0,-1.025816803E0,9.107553192E0
3.075518325E1,-1.018182678E0,9.196875000E0,-1.008752289E0,9.307888424E0
3.076513525E1,-5.625302124E-1,9.257199554E0,-9.828561401E-1,9.326209842E0
3.077508825E1,1.351689148E-1,9.099727020E0,-9.407936096E-1,9.149229208E0
3.078504125E1,6.956034851E-1,8.765322418E0,-1.040635986E0,8.854245567E0
3.079499425E1,9.015751648E-1,8.416547699E0,-1.301393738E0,8.564154284E0
3.080494625E1,9.063652039E-1,8.186476135E0,-1.132844238E0,8.314037856E0
3.081489925E1,6.978488159E-1,8.212372284E0,-8.482859802E-1,8.285507866E0
3.082485225E1,3.445834351E-1,8.704997864E0,-8.488847351E-1,8.753075508E0
3.083480425E1,-3.173400879E-2,9.299561462E0,-1.018482056E0,9.355220796E0
3.084475725E1,-5.881269836E-1,9.781708832E0,-1.448687439E0,9.905877867E0
3.085471025E1,-1.228495331E0,1.017643799E1,-1.979333954E0,1.043967690E1
3.086466225E1,-1.476828918E0,1.058269318E1,-2.209405518E0,1.091127359E1
3.087461525E1,-1.241967316E0,1.060065582E1,-2.694546661E0,1.100804108E1
3.088456825E1,-1.065334625E0,1.044108765E1,-2.722837830E0,1.084274388E1
3.089452025E1,-9.120533752E-1,1.043884232E1,-2.431992645E0,1.075713059E1
3.090447325E1,-8.086184692E-1,1.036699173E1,-2.128423920E0,1.061407413E1
3.091442625E1,-8.204438782E-1,1.041638901E1,-1.347048798E0,1.053512357E1
3.092437925E1,-9.975256348E-1,1.019649628E1,-1.348695374E0,1.033356535E1
3.093433125E1,-1.464704132E0,1.000055374E1,-1.679507446E0,1.024583713E1
3.094428425E1,-1.714534607E0,9.827812958E0,-2.208058319E0,1.021768359E1
3.095423725E1,-1.631756744E0,9.639504547E0,-2.226470032E0,1.002695601E1
3.096418925E1,-1.371298370E0,1.048569489E1,-1.765578461E0,1.072135830E1
3.097414225E1,-2.818638611E-1,1.051428543E1,-6.613247681E-1,1.053883275E1
3.098409525E1,7.417076111E-1,1.099942657E1,5.342390442E-1,1.103734237E1
3.099404725E1,1.344953156E0,1.188004532E1,-6.741979980E-1,1.197492876E1
3.100400025E1,1.847757568E0,1.275362869E1,-1.184935913E0,1.294114856E1
3.101395325E1,2.128573608E0,1.364008530E1,-1.098415833E0,1.384880030E1
3.102390525E1,2.124981079E0,1.352856720E1,-1.591490479E0,1.378660644E1
3.103385825E1,2.340832214E0,1.216041229E1,-1.953886871E0,1.253685752E1
3.104381125E1,3.263064423E0,1.040905426E1,-1.180894318E0,1.097226100E1
3.105376338E1,4.282444611E0,1.042267593E1,-1.718426514E-1,1.126947361E1
3.106371538E1,4.944218445E0,1.060020676E1,3.725752258E-1,1.170249937E1
3.107366838E1,4.909939728E0,1.101664078E1,1.803749084E-1,1.206260408E1
3.108362138E1,4.185446320E0,1.158680511E1,-7.976911926E-1,1.234537666E1
3.109357338E1,2.863545227E0,1.141675873E1,-1.454375610E0,1.185991060E1
3.110352638E1,1.944157104E0,1.147199387E1,-1.892813873E0,1.178851706E1
3.111347938E1,1.483714600E0,1.145462997E1,-2.199825439E0,1.175794152E1
3.112343138E1,1.321452026E0,1.122201370E1,-2.367177429E0,1.154484110E1
3.113338438E1,1.627864838E0,1.130763565E1,-2.507585449E0,1.169617684E1
3.114333738E1,1.927841034E0,1.134790192E1,-2.322570190E0,1.174247765E1
3.115329038E1,1.924547882E0,1.063358734E1,-1.838476868E0,1.096161765E1
3.116324238E1,1.966909790E0,9.827812958E0,-1.378184052E0,1.011701700E1
3.117319538E1,1.851200409E0,9.256750488E0,-1.243913269E0,9.521643386E0
3.118314838E1,2.292931824E0,9.488169250E0,-1.675765228E0,9.904094162E0
3.119310038E1,2.980751495E0,1.083147583E1,-2.440375214E0,1.149613758E1
3.120305338E1,2.213297424E0,8.907526703E0,-1.999990997E0,9.393757578E0
3.121300638E1,1.941013641E0,7.460934906E0,-1.794618073E0,7.915411401E0
3.122295838E1,2.108665009E0,7.466772766E0,-1.725611572E0,7.948389708E0
3.123291138E1,2.067201233E0,7.511978760E0,-1.611698456E0,7.956174818E0
3.124286438E1,1.869013367E0,7.219936066E0,-1.768572235E0,7.664759325E0
3.125281637E1,1.687590637E0,7.218439178E0,-1.160237274E0,7.503331051E0
3.126276937E1,1.636696472E0,7.832312622E0,-4.818479919E-1,8.015988638E0
3.127272237E1,1.554367676E0,8.676407318E0,-3.471281433E-1,8.821371819E0
3.128267537E1,1.356628876E0,9.256451111E0,-4.255650330E-1,9.365011194E0
3.129262737E1,1.254092102E0,9.538165283E0,-4.782554626E-1,9.632137471E0
3.130258037E1,1.338366852E0,9.531129913E0,-7.457492065E-1,9.653486683E0
3.131253337E1,1.415606232E0,9.194180603E0,-1.713337097E0,9.458986308E0
3.132248537E1,1.809137878E0,8.693920898E0,-2.395767975E0,9.197659737E0
3.133243837E1,2.172282715E0,7.893834686E0,-2.583477631E0,8.585207913E0
3.134239137E1,2.128872986E0,7.440128174E0,-2.169288940E0,8.037003294E0
3.135234337E1,1.942809906E0,7.439679108E0,-1.548679504E0,7.843579780E0
3.136229637E1,1.764680328E0,7.635771332E0,-1.348246307E0,7.952161253E0
3.137224937E1,1.583257599E0,7.900271301E0,-1.462159424E0,8.188949959E0
3.138220137E1,1.251846771E0,8.237519989E0,-1.736688538E0,8.511165783E0
3.139215437E1,6.140231323E-1,8.462651825E0,-1.981130219E0,8.713115244E0
3.140210737E1,1.392105103E-2,8.650211792E0,-2.065704346E0,8.893452214E0
3.141206037E1,-3.691323853E-1,9.017697601E0,-2.419418793E0,9.343913315E0
3.142201237E1,-3.065625000E-1,9.011111298E0,-2.562521210E0,9.373399721E0
3.143196537E1,1.230441284E-1,8.461154938E0,-2.123783569E0,8.724490781E0
3.144191837E1,6.391708374E-1,7.943531342E0,-1.821112976E0,8.174636506E0
3.145187037E1,7.219487000E-1,7.451953583E0,-1.881287842E0,7.719589760E0
3.146182337E1,7.545808411E-1,7.024891663E0,-1.800904999E0,7.291210732E0
3.147177637E1,9.910890198E-1,6.587501221E0,-1.889520721E0,6.924429098E0
3.148172837E1,1.305285645E0,6.559958496E0,-1.847757568E0,6.939094618E0
3.149168137E1,1.491498413E0,8.573122101E0,-2.350561981E0,9.013774553E0
3.150163437E1,1.542841644E0,1.089958420E1,-2.655926971E0,1.132410015E1
3.151158637E1,1.703008575E0,1.239138199E1,-2.179318085E0,1.269629919E1
3.152153937E1,1.788331146E0,1.349533630E1,-1.618733826E0,1.370921330E1
3.153149237E1,1.761237488E0,1.343680801E1,-1.241967316E0,1.360853592E1
3.154144537E1,1.889670410E0,1.291274780E1,-9.571096802E-1,1.308533412E1
3.155139738E1,2.117047577E0,1.240650055E1,-7.316784668E-1,1.260708133E1
3.156135038E1,2.359692993E0,1.188019501E1,-7.496411133E-1,1.213544998E1
3.157130338E1,2.382894745E0,1.120165604E1,-8.631051636E-1,1.148478279E1
3.158125538E1,2.020947418E0,1.042836411E1,-7.958949280E-1,1.065215730E1
3.159120838E1,1.646426239E0,9.680369568E0,-3.817062378E-1,9.826798766E0
3.160116138E1,1.222358093E0,9.228609009E0,-2.314187622E-1,9.312085598E0
3.161111338E1,8.848100281E-1,8.837921448E0,-7.937992859E-1,8.917503104E0
3.162106638E1,7.390132141E-1,8.693172455E0,-9.611512756E-1,8.777311641E0
3.163101938E1,6.309379578E-1,9.080117798E0,-7.087760925E-1,9.129566555E0
3.164097138E1,6.517446899E-1,9.929002533E0,-6.532415771E-1,9.971789558E0
3.165092438E1,5.779481506E-1,1.057101746E1,-5.194198608E-1,1.059953919E1
3.166087738E1,5.050497437E-1,1.122949814E1,-4.269122314E-1,1.124895363E1
3.167082938E1,3.608995056E-1,1.201072357E1,-4.806504822E-1,1.202575378E1
3.168078238E1,1.959425354E-1,1.226534409E1,-7.399113464E-1,1.228920371E1
3.169073538E1,2.730322266E-1,1.210891937E1,-9.168434143E-1,1.214664879E1
3.170068838E1,2.880010986E-1,1.167212769E1,-8.256829834E-1,1.170483924E1
3.171064038E1,1.523831177E-1,1.112980545E1,-5.351371765E-1,1.114370503E1
3.172059338E1,-8.637039185E-2,1.066921326E1,-2.023791504E-1,1.067148203E1
3.173054638E1,-3.212319946E-1,1.037851776E1,-8.906478882E-2,1.038386987E1
3.174049838E1,-5.770500183E-1,1.030023056E1,-1.829196167E-1,1.031800348E1
3.175045138E1,-4.993615723E-1,1.017389328E1,-1.010398865E-1,1.018664201E1
3.176040438E1,-2.055226135E-1,1.003019211E1,-1.519340515E-1,1.003344792E1
3.177035638E1,-7.798782349E-2,9.915829926E0,-2.930905151E-1,9.920467089E0
3.178030938E1,1.178050232E-1,9.757159882E0,-3.092568970E-1,9.762770447E0
3.179026238E1,3.189866638E-1,9.643246765E0,-4.953199768E-1,9.661226762E0
3.180021438E1,4.879852295E-1,9.445507965E0,-5.903723145E-1,9.476512532E0
3.181016738E1,4.794529724E-1,9.449549561E0,-3.308120728E-1,9.467486397E0
3.182012038E1,2.865042114E-1,9.426796875E0,-4.055067444E-1,9.439863331E0
3.183007338E1,8.981323242E-4,9.740694122E0,-5.590873718E-1,9.756725961E0
3.184002538E1,-2.200424194E-1,1.018871246E1,-7.176077271E-1,1.021632229E1
3.184997838E1,-3.805087280E-1,9.889484711E0,-9.208850098E-1,9.939553508E0
3.185993138E1,-4.206253052E-1,9.583221588E0,-8.574169922E-1,9.630691852E0
3.186988338E1,-4.590953064E-1,9.210197296E0,-6.580316162E-1,9.245080224E0
3.187983638E1,-4.158352661E-1,8.885971527E0,-3.902384949E-1,8.904251514E0
3.188978938E1,-3.713777161E-1,8.908275146E0,-2.158511353E-1,8.918625410E0
3.189974138E1,-4.564009094E-1,9.113498383E0,-3.673361206E-1,9.132310244E0
3.190969438E1,-3.939807129E-1,9.658065948E0,-4.953199768E-1,9.678780943E0
3.191964738E1,-3.845503235E-1,1.015652939E1,-6.677613831E-1,1.018571909E1
3.192959937E1,-4.590953064E-1,1.011431717E1,-9.072633362E-1,1.016529916E1
3.193955237E1,-6.741979980E-1,1.006536896E1,-1.180145874E0,1.015671893E1
3.194950537E1,-9.999206543E-1,1.006686584E1,-1.256187744E0,1.019409814E1
3.195945737E1,-9.626481628E-1,1.025427612E1,-1.046024780E0,1.035234457E1
3.196941037E1,-5.170248413E-1,1.034423904E1,-7.458988953E-1,1.038397618E1
3.197936337E1,3.936813354E-2,1.007345215E1,-1.251547394E0,1.015097822E1
3.198931637E1,2.345622253E-1,9.587861938E0,-1.267863464E0,9.674171476E0
3.199926837E1,-7.933502197E-3,9.005722504E0,-1.324894867E0,9.102661543E0
3.200922137E1,-4.013154602E-1,8.644822998E0,-1.323547668E0,8.754758546E0
3.201917437E1,-7.607180786E-1,8.388406219E0,-1.235979767E0,8.513031004E0
3.202912637E1,-1.075363770E0,8.530909882E0,-1.423689423E0,8.715487492E0
3.203907937E1,-1.335672455E0,8.554411011E0,-1.606010284E0,8.805750262E0
3.204903250E1,-9.789642334E-1,8.200247498E0,-1.604663086E0,8.412928956E0
3.205898450E1,-1.910028076E-1,8.049510956E0,-1.347198486E0,8.163703355E0
3.206893750E1,-1.252894592E-1,8.130492554E0,-9.877958679E-1,8.191236005E0
3.207889050E1,1.445993042E-1,8.776100006E0,-9.602531433E-1,8.829661736E0
3.208884250E1,4.781057739E-1,9.949809265E0,-1.058748322E0,1.001739675E1
3.209879550E1,6.643185425E-1,1.033076706E1,-1.458866272E0,1.045439419E1
3.210874850E1,3.150947571E-1,1.013437546E1,-1.942360840E0,1.032364356E1
3.211870050E1,-2.360591125E-1,9.311686249E0,-2.246977386E0,9.581864749E0
3.212865350E1,-2.758763123E-1,8.399782562E0,-2.418071594E0,8.745257290E0
3.213860650E1,-3.008743286E-2,7.743547211E0,-1.986069946E0,7.994241833E0
3.214855950E1,2.647993469E-1,7.399263153E0,-1.661544800E0,7.588145032E0
3.215851150E1,3.867956543E-1,7.366032257E0,-1.873354340E0,7.610354694E0
3.216846450E1,3.938310242E-1,7.427404633E0,-2.088906097E0,7.725604904E0
3.217841750E1,1.134640503E-1,7.850275269E0,-2.409988403E0,8.212657304E0
3.218836950E1,-5.522016907E-1,8.134983215E0,-2.556084595E0,8.544966183E0
3.219832250E1,-8.867559814E-1,8.087382202E0,-2.606829071E0,8.543280685E0
3.220827550E1,-1.143472137E0,8.085735626E0,-2.450554047E0,8.525952397E0
3.221822750E1,-1.516346741E0,8.024213562E0,-1.918410645E0,8.388540405E0
3.222818050E1,-1.725611572E0,8.182135162E0,-1.836530914E0,8.561420263E0
3.223813350E1,-1.745071106E0,8.381670227E0,-2.055226135E0,8.804636473E0
3.224808550E1,-1.579665070E0,8.526269531E0,-1.834734650E0,8.863343900E0
3.225803850E1,-1.329385529E0,8.881780243E0,-1.650168457E0,9.131064675E0
3.226799150E1,-1.064436493E0,9.489366760E0,-1.604663086E0,9.682770790E0
3.227794350E1,-9.190887451E-1,1.014889526E1,-1.529968414E0,1.030463986E1
3.228789650E1,-9.925859070E-1,1.069271439E1,-1.871408386E0,1.090052921E1
3.229784950E1,-1.301094360E0,1.080019089E1,-1.957180023E0,1.105294184E1
3.230780250E1,-1.527723083E0,1.061263092E1,-1.674118652E0,1.085193744E1
3.231775450E1,-1.510957947E0,1.012284943E1,-1.445693665E0,1.033659057E1
3.232770750E1,-1.209335175E0,9.429790649E0,-1.568588104E0,9.635554571E0
3.233766050E1,-8.140072632E-1,8.796457672E0,-1.995650024E0,9.056649183E0
3.234761250E1,-2.630030823E-1,8.571325836E0,-1.859133911E0,8.774575552E0
3.235756550E1,-1.178050232E-1,8.523575134E0,-1.515747986E0,8.658100430E0
3.236751850E1,-2.966830444E-1,8.662635956E0,-8.418493652E-1,8.708501185E0
3.237747050E1,-4.710704041E-1,9.166937256E0,-2.718347168E-1,9.183057230E0
3.238742350E1,-1.282832336E0,1.005324417E1,4.956193542E-1,1.014687221E1
3.239737650E1,-1.776655426E0,1.098999619E1,1.183738403E0,1.119543466E1
3.240732850E1,-1.603914642E0,1.154369476E1,1.485061798E0,1.174882290E1
3.241728150E1,-7.182064819E-1,1.186417831E1,1.801054688E0,1.202157833E1
3.242723450E1,5.610333252E-1,1.218466187E1,1.760938110E0,1.232402719E1
3.243718650E1,1.956581268E0,1.277922546E1,1.818418579E0,1.305539964E1
3.244713950E1,3.593577118E0,1.327828766E1,1.887724457E0,1.388489191E1
3.245709250E1,4.411925354E0,1.288056473E1,1.847308502E0,1.373996295E1
3.246704450E1,3.825894012E0,1.171853119E1,2.080972595E0,1.250167529E1
3.247699750E1,3.380570068E0,1.063553329E1,2.531685333E0,1.144343712E1
3.248695050E1,3.120860138E0,9.448651428E0,2.415676575E0,1.023973999E1
3.249690350E1,2.824775848E0,8.595575409E0,2.218386841E0,9.315820704E0
3.250685550E1,2.621797943E0,8.063731384E0,2.721340942E0,8.905239178E0
3.251680850E1,2.215842133E0,7.707921295E0,3.512445831E0,8.755528697E0
3.252676150E1,1.846560059E0,7.681426392E0,4.009412384E0,8.859429052E0
3.253671350E1,1.703008575E0,7.700137482E0,4.582271118E0,9.120831324E0
3.254666650E1,1.941762085E0,7.644153900E0,4.998256073E0,9.337349336E0
3.255661950E1,2.339335327E0,7.686964874E0,5.411696320E0,9.687537138E0
3.256657150E1,2.564766541E0,7.932753754E0,5.579197998E0,1.003165290E1
3.257652450E1,2.562820587E0,8.297545166E0,5.361700287E0,1.020613223E1
3.258647750E1,2.510728912E0,8.815617828E0,5.013674011E0,1.044776552E1
3.259642950E1,2.307301941E0,9.170679474E0,4.813689880E0,1.061115519E1
3.260638250E1,1.982178040E0,9.301208038E0,4.802463226E0,1.065387975E1
3.261633550E1,1.647623749E0,9.420210571E0,4.943619690E0,1.076542646E1
3.262628750E1,1.288969574E0,9.444011078E0,5.195545807E0,1.085561993E1
3.263624050E1,1.070274353E0,9.295220490E0,5.355113983E0,1.078071690E1
3.264619350E1,1.194965057E0,9.021888885E0,5.146148529E0,1.045491584E1
3.265614550E1,1.611848145E0,8.697214050E0,4.716541901E0,1.002423833E1
3.266609850E1,1.902094574E0,8.645272064E0,4.575235748E0,9.964510775E0
3.267605150E1,2.084116058E0,8.398585052E0,4.601431274E0,9.800660202E0
3.268600350E1,2.346819763E0,8.271050262E0,4.380939789E0,9.649376606E0
3.269595650E1,2.676584015E0,8.357420654E0,4.310137024E0,9.776904579E0
3.270590950E1,2.817441101E0,8.342002716E0,4.228257294E0,9.767555652E0
3.271586250E1,2.842139740E0,8.321495361E0,4.446952515E0,9.853955044E0
3.272581450E1,2.842738495E0,8.401129761E0,4.854405212E0,1.011065742E1
3.273576750E1,2.800226898E0,8.478818207E0,4.851860504E0,1.016229203E1
3.274572050E1,3.058739319E0,8.535400543E0,4.528383179E0,1.013485091E1
3.275567250E1,2.723286896E0,8.825646973E0,4.990771637E0,1.049838738E1
3.276562550E1,2.151475983E0,8.889114990E0,5.973328400E0,1.092363796E1
3.277557850E1,1.706152039E0,9.021140442E0,6.869365082E0,1.146647750E1
3.278553050E1,1.491348724E0,9.153614960E0,6.912325745E0,1.156689392E1
3.279548350E1,1.793270874E0,8.790919189E0,5.598657532E0,1.057549274E1
3.280543650E1,2.365231476E0,8.226892090E0,4.217330017E0,9.542638307E0
3.281538850E1,2.530038757E0,7.756719818E0,4.399501190E0,9.269488075E0
3.282534150E1,2.235451355E0,7.611671448E0,5.377417603E0,9.583913870E0
3.283529450E1,1.739532623E0,7.675139465E0,5.902675323E0,9.837444563E0
3.284524650E1,1.578617249E0,7.925119629E0,5.883066101E0,9.995500002E0
3.285519950E1,1.533860321E0,8.096812592E0,5.423372040E0,9.865296038E0
3.286515250E1,1.310824127E0,8.085286560E0,5.664520569E0,9.958760562E0
3.287510450E1,1.202898560E0,8.079149323E0,6.008355560E0,1.014001752E1
3.288505750E1,1.117276611E0,7.975115662E0,6.166277161E0,1.014266981E1
3.289501050E1,1.052910461E0,7.926466827E0,6.123915253E0,1.007173445E1
3.290496350E1,1.023421783E0,7.997269592E0,5.972729645E0,1.003380349E1
3.291491550E1,1.431772614E0,7.868686981E0,5.516328735E0,9.715765041E0
3.292486850E1,1.708247681E0,8.101452942E0,5.389093323E0,9.878966381E0
3.293482150E1,1.683698730E0,8.337062988E0,5.494174805E0,1.012558233E1
3.294477350E1,1.788031769E0,8.416547699E0,5.404511261E0,1.016090915E1
3.295472650E1,1.568588104E0,8.718170471E0,5.319039001E0,1.033243151E1
3.296467950E1,1.647024994E0,8.852740631E0,5.307812347E0,1.045258724E1
3.297463150E1,1.710642700E0,8.924890594E0,4.865931244E0,1.030811610E1
3.298458450E1,1.872156830E0,8.840915222E0,4.492607574E0,1.009208977E1
3.299453750E1,2.251168671E0,8.535849609E0,4.186045074E0,9.769926423E0
3.300448950E1,2.269879761E0,8.477171631E0,4.304299164E0,9.774547779E0
3.301444250E1,2.262395325E0,8.412356415E0,4.710404663E0,9.903236095E0
3.302439550E1,2.176324310E0,8.612490234E0,5.002746735E0,1.019504048E1
3.303434750E1,2.160606995E0,8.881181488E0,5.087470551E0,1.046068658E1
3.304430050E1,2.386487274E0,9.059311066E0,4.901557159E0,1.057315947E1
3.305425325E1,2.614463196E0,9.328900452E0,4.760999451E0,1.079494869E1
3.306420525E1,2.509830780E0,9.433383179E0,5.101990356E0,1.101445751E1
3.307415825E1,1.882485352E0,9.674382019E0,4.823569336E0,1.097288657E1
3.308411125E1,1.051712952E0,9.705517273E0,4.966821442E0,1.095319501E1
3.309406325E1,4.098477173E-1,9.308991852E0,5.426964569E0,1.078319289E1
3.310401625E1,3.375480652E-1,9.617649994E0,5.335055695E0,1.100345170E1
3.311396925E1,2.680924988E-1,9.911488953E0,5.274880829E0,1.123093294E1
3.312392125E1,2.398013306E-1,9.758956146E0,5.065017242E0,1.099768746E1
3.313387425E1,4.472698975E-1,9.709409180E0,4.520749054E0,1.071960116E1
3.314382725E1,4.168830872E-1,9.698481903E0,4.671485596E0,1.077298104E1
3.315378025E1,3.302133179E-1,9.768685913E0,5.114264832E0,1.103140834E1
3.316373225E1,2.805166626E-1,1.001761826E1,5.666466522E0,1.151261082E1
3.317368525E1,2.523751831E-1,1.051832703E1,5.981411591E0,1.210273445E1
3.318363825E1,2.740800476E-1,1.084509750E1,5.587580566E0,1.220296342E1
3.319359025E1,4.291575623E-1,1.090332642E1,4.820725250E0,1.192921184E1
3.320354325E1,6.087840271E-1,1.062176193E1,3.903582458E0,1.133271373E1
3.321349625E1,6.613247681E-1,9.903106384E0,3.254083099E0,1.044499513E1
3.322344825E1,5.990542603E-1,8.921298065E0,3.185525665E0,9.491891220E0
3.323340125E1,5.875282288E-1,7.704179077E0,4.203558655E0,8.795991703E0
3.324335425E1,8.864566040E-1,6.651418304E0,5.749394073E0,8.836441760E0
3.325330625E1,1.408121796E0,6.197861481E0,7.227869568E0,9.624884021E0
3.326325925E1,2.011666718E0,6.486461334E0,8.781788177E0,1.110138672E1
3.327321225E1,2.327509918E0,7.965385895E0,9.997110901E0,1.299257100E1
3.328316425E1,1.953437805E0,9.474996643E0,1.034648438E1,1.416478802E1
3.329311725E1,9.568103027E-1,1.016985168E1,9.339378662E0,1.384071396E1
3.330307025E1,-2.507286072E-1,1.010069550E1,7.267836456E0,1.244621875E1
3.331302225E1,-1.169218597E0,9.257049866E0,5.478756866E0,1.082020430E1
3.332297525E1,-1.521885223E0,7.926167450E0,4.616100769E0,9.297776691E0
3.333292825E1,-1.217568054E0,6.876101074E0,5.055437164E0,8.620944430E0
3.334288025E1,-4.775070190E-1,6.439159698E0,6.072572021E0,8.863798369E0
3.335283325E1,3.350033569E-1,6.320606232E0,6.957082672E0,9.405492528E0
3.336278625E1,8.379574585E-1,6.304888916E0,7.601342926E0,9.911317330E0
3.337273825E1,8.656498718E-1,6.160289612E0,7.731871490E0,9.923726848E0
3.338269125E1,6.382727051E-1,5.892945557E0,7.526648254E0,9.580429705E0
3.339264425E1,4.037104797E-1,5.610932007E0,6.866071930E0,8.876287731E0
3.340259625E1,2.890489197E-1,5.453758850E0,6.628216553E0,8.588381078E0
3.341254925E1,1.851649475E-1,5.426216125E0,7.136709137E0,8.967202730E0
3.342250225E1,2.694396973E-1,5.712870026E0,7.868686981E0,9.727575057E0
3.343245525E1,4.055067444E-1,6.114335175E0,8.209827576E0,1.024454973E1
3.344240725E1,3.124003601E-1,6.443051605E0,7.746091919E0,1.008030000E1
3.345236025E1,1.709445190E-1,6.717431030E0,7.480244751E0,1.005520578E1
3.346231325E1,7.963439941E-2,6.853348389E0,7.670050049E0,1.028612626E1
3.347226525E1,-3.638932800E-1,7.112459564E0,7.199728088E0,1.012697309E1
3.348221825E1,-1.057401123E0,7.320227509E0,6.189927979E0,9.644637696E0
3.349217125E1,-1.404080200E0,7.457342377E0,6.301296387E0,9.863555783E0
3.350212325E1,-1.521136780E0,7.612569580E0,6.403683472E0,1.006341069E1
3.351207625E1,-1.416204987E0,7.810308380E0,6.392157440E0,1.019147832E1
3.352202925E1,-1.064735870E0,8.023614807E0,6.523883514E0,1.039582191E1
3.353198125E1,-6.652166748E-1,8.120912476E0,6.403533783E0,1.036325130E1
3.354193425E1,-4.040098572E-1,8.053103485E0,6.036497040E0,1.007248709E1
3.355188725E1,-8.354127502E-1,7.987839203E0,5.665568390E0,9.828639518E0
3.356183925E1,-1.047671356E0,7.658973083E0,5.519172821E0,9.498355257E0
3.357179225E1,-1.114582214E0,7.383545837E0,5.133724365E0,9.061686846E0
3.358174525E1,-9.945318604E-1,7.191944275E0,4.655019836E0,8.624521190E0
3.359169725E1,-1.119372253E0,7.217990112E0,4.326153717E0,8.489286277E0
3.360165025E1,-1.079555054E0,7.160210266E0,4.298910370E0,8.421085473E0
3.361160325E1,-9.696835327E-1,7.147636414E0,4.564009094E0,8.535758400E0
3.362155525E1,-9.291178894E-1,7.044500885E0,4.873565369E0,8.616257434E0
3.363150825E1,-9.005273438E-1,6.847211151E0,5.139113159E0,8.608468743E0
3.364146125E1,-8.644523621E-1,6.701114960E0,5.399870911E0,8.649325144E0
3.365141325E1,-8.668473816E-1,6.679559784E0,5.514831848E0,8.705246326E0
3.366136625E1,-9.219328308E-1,6.908433838E0,5.462291107E0,8.855113911E0
3.367131925E1,-8.854087830E-1,7.312144318E0,5.312452698E0,9.081495301E0
3.368127125E1,-6.709048462E-1,7.493117981E0,5.142406311E0,9.112698451E0
3.369122425E1,-5.218148804E-1,7.640561371E0,5.061424713E0,9.179786978E0
3.370117725E1,-5.819897461E-1,7.724087677E0,4.798122253E0,9.111652960E0
3.371112925E1,-2.927911377E-1,7.476801910E0,4.538112946E0,8.751157784E0
3.372108225E1,1.161584473E-1,7.151228943E0,4.294419708E0,8.342398265E0
3.373103525E1,2.896476746E-1,6.839876404E0,4.086502075E0,7.972910648E0
3.374098825E1,3.718267822E-1,6.472240906E0,4.150119781E0,7.697509448E0
3.375094025E1,4.674778748E-1,6.206693115E0,4.555177460E0,7.713054951E0
3.376089325E1,2.969824219E-1,6.248456268E0,4.787644043E0,7.877368836E0
3.377084625E1,1.577719116E-1,6.259682922E0,4.588258667E0,7.762772691E0
3.378079825E1,2.535726929E-1,6.151757355E0,3.943699036E0,7.311715240E0
3.379075125E1,3.017724609E-1,5.670508118E0,2.976560211E0,6.411367999E0
3.380070425E1,8.202941895E-1,4.945865021E0,2.934198303E0,5.808957139E0
3.381065625E1,1.272204437E0,4.674329681E0,3.171305237E0,5.790081088E0
3.382060925E1,1.265019379E0,4.351451111E0,3.344794464E0,5.632321973E0
3.383056225E1,9.054670715E-1,4.425397339E0,3.564387817E0,5.754030999E0
3.384051425E1,8.657995605E-1,4.527335358E0,2.858306122E0,5.423678476E0
3.385046725E1,9.279203796E-1,4.524042206E0,1.564247131E0,4.875947416E0
3.386042025E1,5.807922363E-1,4.626578979E0,1.453776855E0,4.884262464E0
3.387037225E1,-4.204756165E-1,4.474794617E0,1.181343384E0,4.647166749E0
3.388032525E1,-1.054107971E0,4.736600189E0,2.188149719E0,5.323018332E0
3.389027825E1,-1.215472412E0,5.618715820E0,4.251009979E0,7.149715134E0
3.390023025E1,-1.250499573E0,6.899452515E0,5.254373474E0,8.762113603E0
3.391018325E1,-1.391805725E0,8.397237854E0,5.082979889E0,9.914000772E0
3.392013625E1,-1.209035797E0,9.855205994E0,4.398453369E0,1.085970740E1
3.393008825E1,-9.481283569E-1,1.107217529E1,3.401676178E0,1.162167862E1
3.394004125E1,-8.065228271E-1,1.164114212E1,2.918930054E0,1.202858352E1
3.394999425E1,-8.289761353E-1,1.219558914E1,3.074157257E0,1.260436586E1
3.395994625E1,-7.442523193E-1,1.353320755E1,3.327580261E0,1.395616023E1
3.396989925E1,-7.330256653E-1,1.476379852E1,3.869902496E0,1.528015768E1
3.397985225E1,-8.566685486E-1,1.651485718E1,3.404520264E0,1.688387239E1
3.398980425E1,-7.643106079E-1,1.855122253E1,2.229912872E0,1.870038876E1
3.399975725E1,-7.234455872E-1,2.018582336E1,1.165925446E0,2.023240521E1
3.400971025E1,-7.280859375E-1,2.126687531E1,3.427871704E-1,2.128209570E1
3.401966225E1,-7.610174561E-1,2.118963593E1,4.490661621E-4,2.120329735E1
3.402961525E1,-8.460406494E-1,1.983615051E1,7.349716187E-2,1.985432078E1
3.403956825E1,-7.740403748E-1,1.784753586E1,7.125183105E-1,1.787851663E1
3.404952025E1,-5.218148804E-1,1.552152283E1,1.112037506E0,1.557005424E1
3.405947300E1,4.490661621E-2,1.319805450E1,2.187700653E0,1.337821713E1
3.406942600E1,6.852749634E-1,1.104059097E1,3.645968170E0,1.164720287E1
3.407937800E1,9.734257507E-1,9.211993561E0,5.063670044E0,1.055694735E1
3.408933100E1,1.057850189E0,7.848928070E0,6.241420898E0,1.008365280E1
3.409928400E1,1.027164001E0,6.900350647E0,6.829398193E0,9.762713999E0
3.410923700E1,8.722361755E-1,5.808072052E0,7.167545013E0,9.266509506E0
3.411918900E1,9.891430664E-1,4.536466370E0,8.015531616E0,9.263189419E0
3.412914200E1,1.247805176E0,3.432212677E0,8.969647522E0,9.684610384E0
3.413909500E1,1.430575104E0,2.946173401E0,9.473200378E0,1.002337310E1
3.414904700E1,1.541494446E0,3.533551941E0,9.521549835E0,1.027239532E1
3.415900000E1,1.595681763E0,5.357509003E0,9.380692749E0,1.092000455E1
3.416895300E1,1.840572510E0,7.298522644E0,9.261690216E0,1.193461544E1
3.417890500E1,1.551074524E0,9.442364502E0,8.394094391E0,1.272890020E1
3.418885800E1,1.054257660E0,1.139655075E1,8.103997650E0,1.402382281E1
3.419881100E1,5.842350769E-1,1.312919769E1,8.019573212E0,1.539580193E1
3.420876300E1,2.511776733E-1,1.446621735E1,7.803722076E0,1.643875338E1
3.421871600E1,1.630110168E-1,1.516900589E1,6.897356873E0,1.666429849E1
3.422866900E1,2.216889954E-1,1.557825485E1,6.396498413E0,1.684180401E1
3.423862100E1,3.052153015E-1,1.599438950E1,6.036497040E0,1.709833174E1
3.424857400E1,1.664538574E-1,1.652264099E1,5.424868927E0,1.739122121E1
3.425852700E1,-1.399589539E-1,1.651530624E1,6.173013153E0,1.763181840E1
3.426847900E1,-6.824308777E-1,1.632729721E1,7.133865051E0,1.783082658E1
3.427843200E1,-5.300477600E-1,1.603330856E1,5.837560730E0,1.707117598E1
3.428838500E1,7.900570679E-1,1.463731155E1,3.665278015E0,1.510990876E1
3.429833700E1,2.155966644E0,1.252714966E1,2.705473938E0,1.299604786E1
3.430829000E1,2.941083984E0,1.029109955E1,4.004472656E0,1.142770783E1
3.431824300E1,4.164938965E0,8.591084747E0,5.923781433E0,1.123586402E1
3.432819500E1,5.306614838E0,7.117848358E0,5.871240692E0,1.064403089E1
3.433814800E1,5.402415619E0,5.810018005E0,4.470303955E0,9.106372560E0
3.434810100E1,4.069437561E0,3.746259613E0,2.531236267E0,6.082922011E0
3.435805300E1,1.794318695E0,1.329235840E0,9.904902649E-1,2.442850479E0
3.436800600E1,4.340972900E-1,-6.710545349E-1,1.466201019E0,1.669880258E0
3.437795900E1,-3.814068604E-1,-1.596280518E0,3.475323029E0,3.843364781E0
3.438791100E1,-4.623884583E-1,-1.886676636E0,4.866380310E0,5.239752774E0
3.439786400E1,-7.438032532E-1,-2.704276428E0,6.631360016E0,7.200089579E0
3.440781700E1,-1.606459351E0,-3.587290192E0,6.763535156E0,7.822708634E0
3.441776900E1,-2.631976776E0,-2.092947693E0,7.063211975E0,7.822831661E0
3.442772200E1,-3.085832977E0,-7.894583130E-1,7.480544128E0,8.130445870E0
3.443767500E1,-2.384241943E0,3.736230469E-1,7.784561920E0,8.150067982E0
3.444762700E1,-8.638536072E-1,1.390757904E0,7.527696075E0,7.703678265E0
3.445758000E1,4.917274475E-1,2.509531403E0,6.339017944E0,6.835399933E0
3.446753300E1,6.256988525E-1,3.901786194E0,5.301525421E0,6.612231571E0
3.447748500E1,3.821553040E-1,5.114713898E0,6.064039764E0,7.942223819E0
3.448743800E1,-1.917512512E-1,5.501210175E0,5.453160095E0,7.748357049E0
3.449739100E1,-1.260379028E-1,5.607189789E0,4.809498596E0,7.388351618E0
3.450734300E1,9.081614685E-1,5.811514893E0,5.707331543E0,8.195858463E0
3.451729600E1,2.294129333E0,5.385800171E0,5.974525909E0,8.364498354E0
3.452724900E1,3.220552826E0,5.059927826E0,7.270530853E0,9.425255911E0
3.453720100E1,2.668351135E0,4.864134979E0,7.013964386E0,8.942907988E0
3.454715400E1,1.209335175E0,4.635410614E0,5.870342560E0,7.576968054E0
3.455710700E1,-4.450245667E-1,4.684059448E0,6.203699341E0,7.786163708E0
3.456705900E1,-1.218615875E0,5.535039825E0,6.306834869E0,8.479260380E0
3.457701200E1,-1.160386963E0,6.111790466E0,6.080056458E0,8.698710659E0
3.458696500E1,-2.848576355E-1,6.923402710E0,5.795198822E0,9.033215283E0
3.459691700E1,3.222798157E-1,7.572153625E0,5.017565918E0,9.089408262E0
3.460687000E1,9.205856323E-1,7.957302704E0,2.975063324E0,8.545007081E0
3.461682300E1,4.279600525E-1,8.514144745E0,3.949985962E0,9.395541477E0
3.462677500E1,-2.192939758E-1,8.538544006E0,4.818030853E0,9.806540924E0
3.463672800E1,-9.345066833E-1,7.795938263E0,5.257367249E0,9.449331539E0
3.464668100E1,-7.975415039E-1,6.862778778E0,7.478897552E0,1.018173431E1
3.465663300E1,1.625619507E-1,6.536157990E0,8.917256470E0,1.105736183E1
3.466658600E1,1.890269165E0,6.870861969E0,9.583520966E0,1.194260172E1
3.467653900E1,2.843486938E0,7.943531342E0,9.678273926E0,1.283955195E1
3.468649200E1,2.413880310E0,9.133257294E0,1.036684204E1,1.402549895E1
3.469644400E1,1.358275452E0,9.786648560E0,1.079345490E1,1.463291054E1
3.470639700E1,1.667532349E-1,1.032672546E1,1.057446030E1,1.478134892E1
3.471635000E1,-7.991880798E-1,1.075303894E1,9.916129303E0,1.464910128E1
3.472630200E1,-1.960473175E0,1.003273682E1,9.656718750E0,1.406241374E1
3.473625500E1,-2.751278687E0,8.373287659E0,9.410331116E0,1.289324677E1
3.474620800E1,-2.010918274E0,7.526498566E0,1.016670822E1,1.280835388E1
3.475616000E1,-7.351213074E-1,7.997419281E0,1.065035248E1,1.333900770E1
3.476611300E1,7.749385071E-1,8.095166016E0,1.015757721E1,1.301186448E1
3.477606600E1,3.016377411E0,9.934091949E0,9.462422791E0,1.404714066E1
3.478601800E1,4.684807892E0,1.317964279E1,1.046219376E1,1.746733830E1
3.479597100E1,3.764821014E0,8.481512604E0,1.072399933E1,1.418147013E1
3.480592400E1,1.319655762E0,5.976172485E0,9.187294922E0,1.103913569E1
3.481587600E1,1.884580994E-1,6.932234344E0,8.839568024E0,1.123518368E1
3.482582900E1,1.666035461E-1,8.795110474E0,9.746831360E0,1.312944959E1
3.483578200E1,1.508862305E0,1.183693497E1,1.153995255E1,1.660000601E1
3.484573400E1,7.063810730E-1,8.654403076E0,9.180259552E0,1.263625072E1
3.485568700E1,-4.839436340E-1,7.910899200E0,8.315657501E0,1.148767545E1
3.486564000E1,4.763095093E-1,8.579558716E0,7.991731110E0,1.173471195E1
3.487559200E1,4.007167053E-1,8.312813416E0,8.854237518E0,1.215158273E1
3.488554500E1,-6.469546509E-1,7.268884277E0,8.960217133E0,1.155598200E1
3.489549800E1,-1.105600891E0,6.810537415E0,9.043893127E0,1.137531433E1
3.490545000E1,-1.277892609E0,6.000122681E0,9.288035431E0,1.113113129E1
3.491540300E1,-7.029382324E-1,6.512956238E0,9.109606476E0,1.122041226E1
3.492535600E1,-1.365161133E-1,6.393504639E0,9.348210297E0,1.132627803E1
3.493530800E1,3.156935120E-1,6.827901306E0,9.132059784E0,1.140677056E1
3.494526100E1,8.666976929E-1,6.682703247E0,8.187973022E0,1.060436654E1
3.495521400E1,1.259630585E0,6.301446075E0,8.265661469E0,1.046976845E1
3.496516600E1,1.427880707E0,6.505022736E0,7.673642578E0,1.016065719E1
3.497511900E1,1.768422546E0,6.878945160E0,7.631430359E0,1.042525463E1
3.498507200E1,1.554217987E0,6.304140472E0,8.314459991E0,1.054931399E1
3.499502400E1,1.213376770E0,6.216871948E0,8.236472168E0,1.039044050E1
3.500497700E1,1.513352966E0,6.540349274E0,8.054300995E0,1.048514045E1
3.501493000E1,1.474134521E0,6.584507446E0,7.721692657E0,1.025443067E1
3.502488200E1,1.347946930E0,6.537804565E0,7.128625946E0,9.766122943E0
3.503483500E1,1.492995300E0,6.812183990E0,6.853647766E0,9.777902300E0
3.504478800E1,1.627864838E0,6.907835083E0,6.750362549E0,9.794668142E0
3.505474092E1,1.672771454E0,6.594237213E0,6.374344482E0,9.322789086E0
3.506469392E1,1.558708649E0,6.124364319E0,6.292614441E0,8.918206516E0
3.507464692E1,1.531914368E0,6.122717743E0,6.962471466E0,9.397363625E0
3.508459892E1,1.653162231E0,6.075715485E0,7.360793152E0,9.686513296E0
3.509455192E1,1.634151764E0,5.819298706E0,7.580236816E0,9.695085333E0
3.510450492E1,1.482517090E0,5.684129791E0,7.590864716E0,9.598354835E0
3.511445692E1,1.347647552E0,5.658533020E0,7.729775848E0,9.673912576E0
3.512440992E1,1.049168243E0,5.626649323E0,7.534132690E0,9.461664336E0
3.513436292E1,1.147813110E0,5.855822754E0,7.821984100E0,9.838270698E0
3.514431492E1,1.461560669E0,5.634133759E0,7.759713593E0,9.700143186E0
3.515426792E1,1.571432190E0,5.502707062E0,7.590565338E0,9.506096270E0
3.516422092E1,1.403780823E0,5.750292206E0,7.572602692E0,9.611491694E0
3.517417292E1,1.327439575E0,5.680836639E0,7.725135498E0,9.680481352E0
3.518412592E1,1.324445801E0,5.833219757E0,7.983647919E0,9.975933215E0
3.519407892E1,1.256936188E0,5.933810577E0,8.075407104E0,1.009961368E1
3.520403092E1,9.759704590E-1,6.109844513E0,7.758516083E0,9.923572447E0
3.521398392E1,7.369175720E-1,6.299500122E0,7.294031982E0,9.665901503E0
3.522393692E1,6.357279968E-1,6.449039154E0,7.143445129E0,9.644846521E0
3.523388892E1,7.141648865E-1,6.686146088E0,6.986870728E0,9.696955375E0
3.524384192E1,9.845027161E-1,6.989415436E0,6.523584137E0,9.611364301E0
3.525379492E1,1.226399689E0,6.974596252E0,6.551276550E0,9.647189929E0
3.526374692E1,1.102607117E0,6.614445190E0,7.332651672E0,9.936518917E0
3.527369992E1,1.688638458E0,7.212301941E0,6.334527283E0,9.746539644E0
3.528365292E1,2.202070770E0,7.070846100E0,5.921087036E0,9.481838004E0
3.529360492E1,2.194137268E0,6.704857178E0,6.879394226E0,9.853700475E0
3.530355792E1,1.867965546E0,6.705306244E0,7.674391022E0,1.036082548E1
3.531351092E1,1.252295837E0,6.575825500E0,7.846083984E0,1.031362011E1
3.532346292E1,8.991801453E-1,6.732848969E0,7.989186401E0,1.048650941E1
3.533341592E1,3.748205566E-1,6.670877838E0,7.508984985E0,1.005116695E1
3.534336892E1,2.844085693E-3,6.475084991E0,7.324418793E0,9.776187620E0
3.535332092E1,2.080673218E-1,6.306535492E0,7.213798828E0,9.584079270E0
3.536327392E1,2.149530029E-1,6.196065216E0,6.956633606E0,9.318378619E0
3.537322692E1,1.745370483E-1,6.068829803E0,6.658154297E0,9.010670175E0
3.538317892E1,2.267784119E-1,6.060447235E0,6.484964447E0,8.878919586E0
3.539313192E1,8.692424011E-1,6.059698792E0,6.505172424E0,8.932681572E0
3.540308492E1,1.258882141E0,6.062243500E0,6.067033539E0,8.668591377E0
3.541303692E1,1.620081024E0,6.168672180E0,6.021977234E0,8.771624068E0
3.542298992E1,1.975142670E0,6.377787323E0,5.973029022E0,8.958483990E0
3.543294292E1,1.657652893E0,6.539900208E0,5.702990570E0,8.834150173E0
3.544289492E1,1.373843079E0,6.813082123E0,5.716312866E0,8.998986921E0
3.545284792E1,1.522633667E0,7.109166412E0,5.945635986E0,9.391977835E0
3.546280092E1,1.651216278E0,7.285200348E0,6.334527283E0,9.794227647E0
3.547275292E1,1.788929901E0,7.494914246E0,7.107819214E0,1.048308655E1
3.548270592E1,1.927242279E0,7.411387939E0,6.465055847E0,1.002196992E1
3.549265892E1,1.796863403E0,6.994804230E0,5.389542389E0,9.011280234E0
3.550261092E1,1.322350159E0,7.004983063E0,5.557792511E0,9.039217624E0
3.551256392E1,9.315129089E-1,7.062014465E0,6.477030945E0,9.627652594E0
3.552251692E1,8.798703003E-1,7.135511627E0,7.705675964E0,1.053883959E1
3.553246892E1,1.078806610E0,7.259902954E0,8.383167114E0,1.114214995E1
3.554242192E1,1.263522491E0,7.691006470E0,8.236771545E0,1.133986222E1
3.555237492E1,1.681902466E0,8.189619598E0,6.446195068E0,1.055708747E1
3.556232692E1,1.618883514E0,8.146658936E0,5.271887054E0,9.837765435E0
3.557227992E1,1.111438751E0,7.913443909E0,5.571563873E0,9.741674116E0
3.558223292E1,7.936495972E-1,7.532037048E0,6.513554993E0,9.989387390E0
3.559218492E1,9.343569946E-1,7.388036499E0,6.916666718E0,1.016348291E1
3.560213792E1,1.219663696E0,7.490273895E0,7.315287781E0,1.054064599E1
3.561209092E1,1.156495056E0,7.391179962E0,7.934849396E0,1.090545079E1
3.562204292E1,6.839277649E-1,7.516170044E0,8.433163147E0,1.131719091E1
3.563199592E1,2.643502808E-1,7.345973969E0,8.633446655E0,1.133885425E1
3.564194892E1,1.562750244E-1,6.862629089E0,8.720715179E0,1.109824189E1
3.565190092E1,3.576063538E-1,7.065606995E0,8.541088715E0,1.109057622E1
3.566185392E1,8.032296753E-1,7.062912598E0,8.255332947E0,1.089405500E1
3.567180692E1,1.035696259E0,7.091503143E0,7.876770172E0,1.064920616E1
3.568175892E1,1.106499023E0,7.150480499E0,7.661368103E0,1.053803932E1
3.569171192E1,1.008452911E0,7.172634430E0,7.613018646E0,1.050817372E1
3.570166492E1,7.797285461E-1,7.123237152E0,7.423512726E0,1.031780138E1
3.571161692E1,6.388714600E-1,7.185357971E0,7.181316376E0,1.017884231E1
3.572156992E1,6.756948853E-1,7.230713654E0,7.022496643E0,1.010223949E1
3.573152292E1,9.190887451E-1,7.255412292E0,7.071893921E0,1.017336794E1
3.574147492E1,1.188229065E0,7.265142059E0,6.732848969E0,9.976243416E0
3.575142792E1,1.544488220E0,7.410040741E0,6.538553009E0,1.000234088E1
3.576138092E1,1.656754761E0,7.366181946E0,6.109694824E0,9.712561127E0
3.577133292E1,1.778002625E0,7.417225800E0,5.729485474E0,9.539577333E0
3.578128592E1,1.975442047E0,7.541317749E0,5.549409943E0,9.569210803E0
3.579123892E1,2.021097107E0,7.516918488E0,5.321583710E0,9.429111848E0
3.580119092E1,1.757794647E0,7.348069611E0,5.012775879E0,9.067077315E0
3.581114392E1,1.671274567E0,7.230863342E0,4.972060547E0,8.933080624E0
3.582109692E1,1.877845001E0,7.186106415E0,5.200485535E0,9.067054486E0
3.583104892E1,1.863325195E0,7.105723572E0,5.389692078E0,9.111095925E0
3.584100192E1,1.726210327E0,6.968758392E0,5.620362396E0,9.117667963E0
3.585095492E1,1.446292419E0,6.799909515E0,5.816454620E0,9.064307780E0
3.586090692E1,1.488804016E0,6.954837341E0,6.017037506E0,9.316170898E0
3.587085992E1,1.564845886E0,6.847660217E0,5.857918396E0,9.146277988E0
3.588081292E1,1.509910126E0,6.808292084E0,5.813610535E0,9.079137466E0
3.589076492E1,1.534159698E0,6.750661926E0,5.678740997E0,8.953947830E0
3.590071792E1,1.458716583E0,6.778054962E0,5.976621552E0,9.153681681E0
3.591067092E1,1.509161682E0,6.512507172E0,6.408174133E0,9.260400335E0
3.592062292E1,1.436862030E0,6.683751068E0,6.947951660E0,9.747365444E0
3.593057592E1,1.643731842E0,6.546336823E0,7.101681976E0,9.797462276E0
3.594052892E1,1.775158539E0,6.534361725E0,7.598498840E0,1.017773332E1
3.595048092E1,2.097887421E0,6.534511414E0,7.708070984E0,1.032062640E1
3.596043392E1,2.374063110E0,6.665489044E0,7.719896393E0,1.047194921E1
3.597038692E1,2.539319458E0,6.673572235E0,7.599846039E0,1.042796095E1
3.598033892E1,2.373164978E0,6.346203003E0,7.138206024E0,9.841757455E0
3.599029192E1,2.530637512E0,6.690337372E0,7.024292908E0,1.002523971E1
3.600024492E1,2.425705719E0,6.313870239E0,6.605314178E0,9.454056327E0
3.601019692E1,2.369422760E0,6.457571411E0,6.638096008E0,9.559221274E0
3.602014992E1,2.438429260E0,6.377937012E0,7.171736298E0,9.902414822E0
3.603010292E1,2.464624786E0,6.296955414E0,7.645052032E0,1.020650985E1
3.604005492E1,2.567011871E0,6.150110779E0,7.374414825E0,9.939587846E0
3.605000792E1,2.502795410E0,5.894891510E0,6.757846985E0,9.310329030E0
3.605996087E1,2.583178253E0,5.829327850E0,6.825356598E0,9.340201591E0
3.606991287E1,2.473007355E0,5.911357269E0,7.294630737E0,9.709353621E0
3.607986587E1,2.491269379E0,5.917195129E0,7.584877167E0,9.937302599E0
3.608981887E1,2.594853973E0,5.922883301E0,7.743098145E0,1.008808122E1
3.609977088E1,2.734363861E0,5.869594116E0,7.818990326E0,1.015211754E1
3.610972388E1,2.765349426E0,5.879473572E0,7.826325073E0,1.017185977E1
3.611967688E1,2.722987518E0,5.878725128E0,7.794441376E0,1.013545196E1
3.612962888E1,2.483335876E0,6.012397156E0,7.803871765E0,1.015954188E1
3.613958188E1,2.341880035E0,6.088439026E0,7.982450409E0,1.030887998E1
3.614953488E1,2.400108948E0,6.334227905E0,8.066575470E0,1.053340429E1
3.615948688E1,2.232457581E0,6.388564911E0,7.725883942E0,1.027068212E1
3.616943988E1,1.903441772E0,6.495442657E0,7.871082001E0,1.038112700E1
3.617939288E1,1.541344757E0,6.823710022E0,7.545509033E0,1.028948340E1
3.618934488E1,1.348395996E0,7.102729797E0,6.978937225E0,1.004850771E1
3.619929788E1,1.794468384E0,7.205116882E0,6.669530640E0,9.980804828E0
3.620925088E1,1.610051880E0,6.786138153E0,6.536906433E0,9.559031531E0
3.621920288E1,1.232237549E0,6.562652893E0,6.367458801E0,9.226665376E0
3.622915588E1,1.353036346E0,6.834337921E0,6.524631958E0,9.545140353E0
3.623910888E1,1.357377319E0,6.851402435E0,7.155120850E0,9.998997094E0
3.624906088E1,1.368603973E0,6.927593994E0,7.497009888E0,1.029901901E1
3.625901388E1,1.438807983E0,6.940018158E0,7.576494598E0,1.037483932E1
3.626896688E1,1.551224213E0,6.923402710E0,7.634124756E0,1.042207573E1
3.627891888E1,1.603764954E0,6.568640442E0,7.584577789E0,1.016095072E1
3.628887188E1,1.472487946E0,6.364315338E0,7.490872650E0,9.939109796E0
3.629882488E1,1.216071167E0,6.410569153E0,7.498506775E0,9.939910955E0
3.630877688E1,1.020128632E0,6.531517639E0,7.578440552E0,1.005654743E1
3.631872988E1,1.088237000E0,6.676416321E0,7.746091919E0,1.028400382E1
3.632868288E1,1.223854980E0,6.869963837E0,7.641010437E0,1.034791112E1
3.633863488E1,1.307980042E0,6.610104218E0,7.291487274E0,9.928246382E0
3.634858788E1,1.435963898E0,6.415808258E0,6.781497803E0,9.445279264E0
3.635854088E1,1.732646942E0,6.627318420E0,6.798562317E0,9.651106903E0
3.636849288E1,1.898352356E0,6.141728210E0,6.528972931E0,9.162535381E0
3.637844588E1,1.860780487E0,6.064039764E0,5.673501892E0,8.510211866E0
3.638839888E1,2.103425903E0,6.152505798E0,6.250402222E0,9.019160497E0
3.639835088E1,2.117646332E0,5.911806335E0,6.835685120E0,9.282266490E0
3.640830388E1,1.618284760E0,5.861361237E0,6.659052429E0,9.017615004E0
3.641825688E1,1.545985107E0,6.307283936E0,6.793173523E0,9.397824594E0
3.642820888E1,1.588796082E0,6.452781372E0,6.906188507E0,9.584263150E0
3.643816188E1,1.646575928E0,6.119125214E0,6.211183777E0,8.873201766E0
3.644811488E1,1.848655701E0,6.312972107E0,6.033054199E0,8.925742977E0
3.645806687E1,1.988015900E0,6.490652618E0,5.737568665E0,8.888221015E0
3.646801987E1,2.061513062E0,6.437064056E0,5.710025940E0,8.848165121E0
3.647797287E1,2.159708862E0,6.517746277E0,6.408623199E0,9.392327199E0
3.648792487E1,2.452799377E0,6.541247406E0,6.751410370E0,9.715229508E0
3.649787787E1,2.667153625E0,6.575226746E0,6.442901917E0,9.584273594E0
3.650783087E1,2.869233398E0,6.673572235E0,6.098318481E0,9.484648384E0
3.651778287E1,3.013533325E0,6.712790680E0,5.093458099E0,8.949092536E0
3.652773587E1,2.432591400E0,6.757547607E0,5.465733948E0,9.025308758E0
3.653768887E1,2.203118591E0,6.977440338E0,6.801556091E0,9.989973497E0
3.654764087E1,2.052681427E0,7.419022064E0,8.776249695E0,1.167381464E1
3.655759387E1,2.167043610E0,7.759114838E0,9.549242249E0,1.249351706E1
3.656754687E1,1.571432190E0,7.116501160E0,8.286168823E0,1.103515209E1
3.657749887E1,8.083190918E-1,7.024741974E0,8.311166840E0,1.091218923E1
3.658745187E1,4.778063965E-1,6.987020416E0,8.067323914E0,1.068309264E1
3.659740487E1,9.178912354E-1,7.323370972E0,7.855214996E0,1.077862187E1
3.660735687E1,1.658700714E0,7.529043274E0,6.988966370E0,1.040593252E1
3.661730987E1,2.192341003E0,7.723189545E0,6.412814484E0,1.027512557E1
3.662726287E1,2.263592834E0,7.759563904E0,7.344327393E0,1.092125585E1
3.663721487E1,1.904040527E0,7.621850281E0,8.416547699E0,1.151330740E1
3.664716787E1,1.430874481E0,7.329807587E0,8.690627747E0,1.145864266E1
3.665712087E1,1.200653229E0,7.036567383E0,8.222700806E0,1.088887769E1
3.666707287E1,5.269042969E-1,6.946604462E0,7.485184479E0,1.022550382E1
3.667702587E1,6.261479187E-1,7.034322052E0,7.308402100E0,1.016299607E1
3.668697887E1,1.274449768E0,7.051536255E0,7.106771393E0,1.009230328E1
3.669693087E1,1.551074524E0,7.088808746E0,6.882238312E0,1.000111223E1
3.670688387E1,1.604064331E0,7.050488434E0,6.790329437E0,9.919222923E0
3.671683687E1,1.824555817E0,6.994654541E0,6.073769531E0,9.441656232E0
3.672678888E1,2.067949677E0,7.203320618E0,5.646408234E0,9.383292052E0
3.673674188E1,2.248474274E0,6.934329987E0,5.288652191E0,9.006131851E0
3.674669488E1,2.304308167E0,7.212751007E0,5.235662384E0,9.205746782E0
3.675664688E1,2.326911163E0,7.447762299E0,5.557493134E0,9.579635105E0
3.676659988E1,2.396067352E0,7.574398956E0,6.597680054E0,1.032676331E1
3.677655288E1,2.323917389E0,7.404801636E0,7.355853424E0,1.069300046E1
3.678650488E1,2.107916565E0,7.144193573E0,7.275470581E0,1.041226614E1
3.679645788E1,1.895957336E0,7.088359680E0,6.961723022E0,1.011459760E1
3.680641088E1,1.772913208E0,7.257358246E0,6.724316711E0,1.005131361E1
3.681636288E1,1.688189392E0,7.338938599E0,6.809639282E0,1.015289074E1
3.682631588E1,1.731299744E0,7.187453613E0,6.981332245E0,1.016837687E1
3.683626888E1,1.946402435E0,6.982230377E0,6.827751617E0,9.957821832E0
3.684622088E1,2.279310150E0,7.151079254E0,6.521039429E0,9.942693020E0
3.685617388E1,2.414628754E0,7.166796570E0,6.359525299E0,9.881141995E0
3.686612688E1,2.268382874E0,6.950646057E0,6.074967041E0,9.505906902E0
3.687607888E1,1.933828583E0,7.455246735E0,5.885760498E0,9.693429398E0
3.688603188E1,1.600322113E0,7.347470856E0,5.988446960E0,9.612900490E0
3.689598488E1,1.672322388E0,7.282056885E0,6.295757904E0,9.770444321E0
3.690593688E1,1.850002899E0,6.962471466E0,6.738237762E0,9.864196256E0
3.691588988E1,1.822310486E0,6.933581543E0,7.239694977E0,1.018864819E1
3.692584288E1,1.763183441E0,6.976991272E0,7.454348602E0,1.036120341E1
3.693579488E1,1.840722198E0,6.907685394E0,7.364535370E0,1.026356453E1
3.694574788E1,2.067949677E0,6.842421112E0,7.148384857E0,1.010913194E1
3.695570088E1,2.026635590E0,6.843468933E0,7.225025482E0,1.015585112E1
3.696565288E1,2.068099365E0,6.909182281E0,7.336244202E0,1.028758056E1
3.697560588E1,1.970502319E0,6.711742859E0,7.259902954E0,1.008149604E1
3.698555888E1,2.038161621E0,6.825057220E0,7.272177429E0,1.017939455E1
3.699551188E1,2.199975128E0,7.024741974E0,6.505172424E0,9.823653019E0
3.700546388E1,2.297123108E0,7.044051819E0,6.613846436E0,9.931686930E0
3.701541688E1,2.156864777E0,6.740034027E0,6.825206909E0,9.831763509E0
3.702536888E1,2.244732056E0,7.303911438E0,6.418652344E0,9.979230542E0
3.703532188E1,1.915566559E0,6.583160248E0,6.729555817E0,9.606993056E0
3.704527488E1,1.887574768E0,7.228168945E0,6.592590637E0,9.963514245E0
3.705522754E1,1.518143005E0,6.687792664E0,7.217241669E0,9.955898061E0
3.706518054E1,1.164578247E0,7.008425903E0,7.064409485E0,1.001898984E1
3.707513354E1,1.598226471E0,7.591762848E0,6.704557800E0,1.025379375E1
3.708508654E1,1.954186249E0,7.679929504E0,6.611451416E0,1.032043850E1
3.709503854E1,2.057471466E0,7.784861298E0,6.841672668E0,1.056625474E1
3.710499154E1,2.495161285E0,7.740553436E0,6.173162842E0,1.021028583E1
3.711494454E1,2.905757446E0,8.250542908E0,5.707181854E0,1.044446309E1
3.712489654E1,2.509381714E0,7.799381104E0,5.254523163E0,9.733311659E0
3.713484954E1,1.920506287E0,7.417076111E0,4.878355408E0,9.082935314E0
3.714480254E1,1.414109344E0,7.093149719E0,4.730762329E0,8.642487512E0
3.715475454E1,1.267564087E0,6.870412903E0,4.119583282E0,8.110502980E0
3.716470754E1,1.450633392E0,6.666387177E0,3.788920898E0,7.803907790E0
3.717466054E1,1.729204102E0,6.636449432E0,3.850592651E0,7.865091968E0
3.718461254E1,1.851200409E0,6.875202942E0,4.232598267E0,8.283130238E0
3.719456554E1,1.661245422E0,7.029382324E0,4.730762329E0,8.634353735E0
3.720451854E1,1.598825226E0,7.067852325E0,5.350773010E0,9.007860479E0
3.721447054E1,1.541195068E0,7.031777344E0,5.897735596E0,9.306151729E0
3.722442354E1,1.454824677E0,6.898105316E0,6.302194519E0,9.456110593E0
3.723437654E1,1.394799500E0,6.904392242E0,6.455625458E0,9.554642742E0
3.724432854E1,1.505868530E0,6.909331970E0,6.480024719E0,9.591518580E0
3.725428154E1,1.484463043E0,6.896608429E0,6.464307404E0,9.568391116E0
3.726423454E1,1.550026703E0,7.024891663E0,6.395749969E0,9.625866367E0
3.727418654E1,1.721869354E0,7.140900421E0,6.659052429E0,9.914649371E0
3.728413954E1,1.589544525E0,7.247778168E0,7.024592285E0,1.021772171E1
3.729409254E1,1.517843628E0,7.329957275E0,7.310198364E0,1.046284488E1
3.730404454E1,1.693727875E0,7.515122223E0,7.546407166E0,1.078397131E1
3.731399754E1,1.784439240E0,7.429500275E0,7.306306458E0,1.057184051E1
3.732395054E1,1.705553284E0,7.312743073E0,6.807843018E0,1.013567214E1
3.733390254E1,1.481169891E0,7.291487274E0,6.481222229E0,9.867415695E0
3.734385554E1,1.579814758E0,7.260801086E0,6.450835419E0,9.840138449E0
3.735380854E1,1.632056122E0,7.222630463E0,6.573580170E0,9.901613719E0
3.736376054E1,1.685494995E0,7.304210815E0,6.822811890E0,1.013622963E1
3.737371354E1,1.541793823E0,7.342082062E0,6.937323761E0,1.021810932E1
3.738366654E1,1.359023895E0,7.224875793E0,6.517596588E0,9.824705668E0
3.739361854E1,1.303489380E0,7.086563416E0,6.230493622E0,9.525624199E0
3.740357154E1,1.367556152E0,7.023843842E0,6.315067749E0,9.543829044E0
3.741352454E1,1.410067749E0,7.124734039E0,6.668931885E0,9.860262607E0
3.742347654E1,1.435065765E0,7.116501160E0,6.868167572E0,9.993784484E0
3.743342954E1,1.605860596E0,7.198081512E0,6.469097443E0,9.810218521E0
3.744338254E1,1.738035736E0,7.317982178E0,6.273753662E0,9.794570761E0
3.745333454E1,1.773811340E0,7.369026031E0,6.361471252E0,9.895315448E0
3.746328754E1,1.997296600E0,7.575446777E0,6.945257263E0,1.046963161E1
3.747324054E1,1.854643250E0,7.018155670E0,6.487958221E0,9.735903270E0
3.748319254E1,1.680854645E0,7.146139526E0,6.217770081E0,9.620459825E0
3.749314554E1,1.495240631E0,7.123536530E0,6.415209503E0,9.702341480E0
3.750309854E1,1.479223938E0,7.224127350E0,7.311695251E0,1.038445987E1
3.751305054E1,1.570084991E0,6.968608704E0,7.201524353E0,1.014340313E1
3.752300354E1,1.620829468E0,7.013665009E0,7.099586334E0,1.011052477E1
3.753295654E1,1.817221069E0,7.181765442E0,6.928192749E0,1.014297304E1
3.754290854E1,1.870360565E0,7.078330536E0,6.909331970E0,1.006677109E1
3.755286154E1,1.537901917E0,6.854246521E0,6.986571350E0,9.907472781E0
3.756281454E1,1.287772064E0,6.663992157E0,6.985224152E0,9.739635764E0
3.757276654E1,1.119372253E0,6.594985657E0,6.900949402E0,9.610927775E0
3.758271954E1,1.129401398E0,6.656807098E0,7.012317810E0,9.734537962E0
3.759267254E1,1.200204163E0,6.738088074E0,7.098837891E0,9.860822497E0
3.760262554E1,1.199755096E0,6.779551849E0,7.275320892E0,1.001658773E1
3.761257754E1,1.146465912E0,6.869215393E0,7.414980469E0,1.017263189E1
3.762253054E1,1.106499023E0,6.836283875E0,7.521259460E0,1.022391614E1
3.763248354E1,9.803114319E-1,6.887178040E0,7.907156982E0,1.053173126E1
3.764243554E1,9.434880066E-1,6.942712555E0,8.019722900E0,1.064929024E1
3.765238854E1,1.057251434E0,7.195087738E0,7.947872314E0,1.077291708E1
3.766234154E1,1.319057007E0,7.368576965E0,8.028105469E0,1.097662586E1
3.767229354E1,1.520388336E0,7.543413391E0,7.787555695E0,1.094809070E1
3.768224654E1,1.540746002E0,7.732919312E0,7.328460388E0,1.076467700E1
3.769219954E1,1.441352692E0,7.374265137E0,6.909481659E0,1.020775297E1
3.770215154E1,1.411714325E0,7.372917938E0,6.792574768E0,1.012382972E1
3.771210454E1,1.565444641E0,7.180418243E0,6.621929626E0,9.892369537E0
3.772205754E1,1.690135345E0,6.820117493E0,6.261628876E0,9.411618154E0
3.773200954E1,1.814826050E0,6.687792664E0,6.017636261E0,9.177805319E0
3.774196254E1,1.769470367E0,6.442452850E0,6.088139648E0,9.038897526E0
3.775191554E1,1.542093201E0,6.312822418E0,6.043831787E0,8.874552439E0
3.776186754E1,1.223405914E0,6.504573669E0,5.872438202E0,8.848261473E0
3.777182054E1,8.888516235E-1,6.268215179E0,5.580395508E0,8.439276792E0
3.778177354E1,8.292755127E-1,6.319259033E0,6.125861206E0,8.840073988E0
3.779172554E1,1.078656921E0,5.920637970E0,6.196813660E0,8.638168455E0
3.780167854E1,6.722520447E-1,6.496939545E0,4.508474579E0,7.936528793E0
3.781163154E1,1.311871948E0,7.562573547E0,4.453538818E0,8.873980768E0
3.782158354E1,1.976190491E0,6.980284424E0,6.207441559E0,9.547880927E0
3.783153654E1,2.020947418E0,7.058571625E0,6.631360016E0,9.893563438E0
3.784148954E1,1.947749634E0,7.019353180E0,5.176834717E0,8.936703273E0
3.785144154E1,1.775308228E0,7.071893921E0,4.353546753E0,8.492159458E0
3.786139454E1,1.443897400E0,6.983278198E0,4.489613800E0,8.426603478E0
3.787134754E1,1.450334015E0,7.153623962E0,6.260131989E0,9.615979257E0
3.788129954E1,1.110839996E0,7.427704010E0,7.587272186E0,1.067574127E1
3.789125254E1,1.136287079E0,8.129744110E0,8.951086121E0,1.214519783E1
3.790120554E1,1.922751617E0,7.896379395E0,8.242759094E0,1.157552845E1
3.791115754E1,1.620979156E0,7.587421875E0,7.264243927E0,1.062853630E1
3.792111054E1,1.218915253E0,7.703580322E0,7.426805878E0,1.076978875E1
3.793106354E1,1.179247742E0,7.523953857E0,7.146438904E0,1.044375871E1
3.794101554E1,1.201551361E0,7.403903503E0,7.016359406E0,1.027087202E1
3.795096854E1,1.576371918E0,7.316036224E0,6.666387177E0,1.002247736E1
3.796092154E1,1.984273682E0,7.203470306E0,6.661447449E0,1.001010532E1
3.797087354E1,1.978435822E0,7.214547272E0,7.267237701E0,1.042960423E1
3.798082654E1,1.603615265E0,6.857090607E0,7.574398956E0,1.034228181E1
3.799077954E1,9.675878906E-1,6.696175232E0,8.054899750E0,1.051933453E1
3.800073254E1,6.505471802E-1,6.644532623E0,8.419391785E0,1.074519350E1
3.801068454E1,8.898994446E-1,6.631210327E0,8.438102875E0,1.076877205E1
3.802063754E1,1.506916351E0,6.756050720E0,8.112230530E0,1.066411283E1
3.803059054E1,2.036964111E0,6.924450531E0,7.732320557E0,1.057761878E1
3.804054254E1,2.183958435E0,7.009174347E0,7.538024597E0,1.052235783E1
3.805049554E1,2.233505402E0,7.021448822E0,7.357949066E0,1.041291047E1
3.806044775E1,2.352957001E0,7.048093414E0,7.027286682E0,1.022715921E1
3.807039975E1,2.300865326E0,7.123835907E0,6.688541107E0,1.003890439E1
3.808035275E1,1.964814148E0,7.107370148E0,6.637048187E0,9.920968385E0
3.809030575E1,1.440604248E0,7.063810730E0,6.941215668E0,1.000765895E1
3.810025775E1,7.779322815E-1,6.832541656E0,7.174580383E0,9.937978054E0
3.811021075E1,1.017733612E0,6.987170105E0,7.549101563E0,1.033659819E1
3.812016375E1,1.314566345E0,7.197782135E0,7.801476746E0,1.069575578E1
3.813011575E1,1.683549042E0,7.331154785E0,7.701185303E0,1.076514853E1
3.814006875E1,1.962119751E0,7.438481598E0,7.498207397E0,1.074262708E1
3.815002175E1,2.031575317E0,7.451654205E0,7.163802795E0,1.053444442E1
3.815997375E1,1.994003448E0,7.472910004E0,6.580166473E0,1.015475379E1
3.816992675E1,2.002984772E0,7.518265686E0,6.174659729E0,9.932909427E0
3.817987975E1,2.061962128E0,7.353757782E0,6.113886108E0,9.783099952E0
3.818983175E1,2.099234619E0,7.261998596E0,6.095175018E0,9.710539022E0
3.819978475E1,2.214195557E0,7.281308441E0,6.270610199E0,9.861068241E0
3.820973775E1,2.283202057E0,7.056326294E0,5.806575165E0,9.419186140E0
3.821968975E1,2.406395874E0,7.325466614E0,5.242997131E0,9.324281266E0
3.822964275E1,2.564467163E0,7.138954468E0,5.079537048E0,9.129231038E0
3.823959575E1,2.658022614E0,7.123686218E0,5.514981537E0,9.392923448E0
3.824954775E1,2.725532227E0,6.977440338E0,6.525081024E0,9.934278130E0
3.825950075E1,2.753673706E0,6.921307068E0,7.187154236E0,1.035096113E1
3.826945375E1,3.045866089E0,6.959328003E0,6.717131653E0,1.014048343E1
3.827940575E1,3.244053955E0,6.827601929E0,5.724096680E0,9.481841433E0
3.828935875E1,3.193908234E0,6.902446289E0,5.571264496E0,9.427820674E0
3.829931175E1,3.082090759E0,6.816225586E0,6.107000427E0,9.656897478E0
3.830926375E1,2.750679932E0,6.673422546E0,6.256240082E0,9.552033738E0
3.831921675E1,2.413730621E0,6.585555267E0,6.495592346E0,9.559725604E0
3.832916975E1,2.282453613E0,6.547684021E0,6.817423096E0,9.724146143E0
3.833912175E1,2.328857117E0,6.376889191E0,7.297175446E0,9.966797916E0
3.834907475E1,1.994153137E0,6.461912384E0,7.066654816E0,9.781133302E0
3.835902775E1,2.026635590E0,6.361022186E0,7.199428711E0,9.818433115E0
3.836898075E1,2.339185638E0,6.407725067E0,6.641688538E0,9.520648960E0
3.837893275E1,2.177372131E0,6.445147247E0,6.631509705E0,9.500410170E0
3.838888575E1,2.085612946E0,6.481521606E0,6.702013092E0,9.553893614E0
3.839883875E1,1.930535431E0,6.413413239E0,6.794520721E0,9.540668124E0
3.840879075E1,1.706301727E0,6.372697906E0,6.850504303E0,9.510633701E0
3.841874375E1,1.591939545E0,6.137836304E0,6.985822906E0,9.434459586E0
3.842869675E1,1.908231812E0,6.219266968E0,7.201973419E0,9.705104399E0
3.843864875E1,2.124232635E0,6.044879608E0,7.212152252E0,9.647179581E0
3.844860175E1,2.559078369E0,6.044280853E0,7.300767975E0,9.817506107E0
3.845855475E1,2.813998260E0,6.118825836E0,6.707102509E0,9.504937658E0
3.846850675E1,2.875071259E0,6.074817352E0,6.016139374E0,9.020164831E0
3.847845975E1,2.943179626E0,6.005361786E0,5.787864075E0,8.844549002E0
3.848841275E1,2.755919037E0,6.163283386E0,6.109245758E0,9.105165324E0
3.849836475E1,2.720891876E0,6.180048523E0,6.500831451E0,9.373209797E0
3.850831775E1,2.492466888E0,6.242319031E0,6.598727875E0,9.419243475E0
3.851827075E1,2.350412292E0,6.178102570E0,6.720574493E0,9.426532280E0
3.852822275E1,2.147135010E0,6.153403931E0,6.838978271E0,9.447020296E0
3.853817575E1,1.956581268E0,6.112838287E0,7.105124817E0,9.574852524E0
3.854812875E1,1.895358582E0,6.107898560E0,7.329508209E0,9.727306901E0
3.855808075E1,1.884431305E0,6.036646729E0,7.344477081E0,9.691931111E0
3.856803375E1,1.849703522E0,6.228697357E0,7.565717010E0,9.972870588E0
3.857798675E1,1.709145813E0,5.992937622E0,7.248077545E0,9.558823612E0
3.858793875E1,1.666933594E0,6.232289886E0,6.579268341E0,9.214492755E0
3.859789175E1,1.796863403E0,6.095474396E0,6.960974579E0,9.425428016E0
3.860784475E1,1.966460724E0,6.227948914E0,7.460785217E0,9.915524772E0
3.861779675E1,2.238145752E0,6.229146423E0,7.736062775E0,1.018126853E1
3.862774975E1,2.315385132E0,6.111790466E0,7.649093628E0,1.006099520E1
3.863770275E1,2.312541046E0,6.242917786E0,7.336842957E0,9.907125372E0
3.864765475E1,2.275268555E0,6.459068298E0,7.186854858E0,9.927098923E0
3.865760775E1,2.265987854E0,6.606362000E0,7.087311859E0,9.950312016E0
3.866756075E1,2.283351746E0,6.749464417E0,6.938670959E0,9.945557792E0
3.867751275E1,2.383493500E0,6.819219360E0,6.851701813E0,9.956335253E0
3.868746575E1,2.830913086E0,6.984775085E0,6.631210327E0,1.003863050E1
3.869741875E1,2.729424133E0,6.722221069E0,6.421646118E0,9.688939626E0
3.870737075E1,2.476899261E0,6.611301727E0,6.541247406E0,9.624565346E0
3.871732375E1,1.964065704E0,6.842720490E0,7.037016449E0,1.000999392E1
3.872727675E1,1.643881531E0,6.854545898E0,6.877897339E0,9.848483018E0
3.873722875E1,1.708996124E0,6.777156830E0,6.550079041E0,9.578833848E0
3.874718175E1,1.675914917E0,6.893764343E0,6.811136169E0,9.834848934E0
3.875713475E1,1.844464417E0,7.027286682E0,6.674170990E0,9.865564632E0
3.876708675E1,2.130519562E0,7.015461273E0,6.683451691E0,9.920904040E0
3.877703975E1,2.459834747E0,6.823560333E0,6.956034851E0,1.004978524E1
3.878699275E1,2.536924438E0,6.507866821E0,7.105424194E0,9.963702582E0
3.879694475E1,2.236948242E0,6.137536926E0,7.325765991E0,9.815301540E0
3.880689775E1,1.797162781E0,6.244714050E0,7.600744171E0,9.999877979E0
3.881685075E1,1.383123779E0,6.678212585E0,7.768545227E0,1.033740053E1
3.882680275E1,1.122066650E0,6.925648041E0,7.782765656E0,1.047831454E1
3.883675575E1,1.044228516E0,7.113058319E0,7.903564453E0,1.068420998E1
3.884670875E1,1.160386963E0,7.359296265E0,7.912096710E0,1.086770508E1
3.885666075E1,1.383572845E0,7.483537903E0,7.571704559E0,1.073537718E1
3.886661375E1,1.667232971E0,7.491022339E0,7.203619995E0,1.052555094E1
3.887656675E1,1.981878662E0,7.219636688E0,6.863377533E0,1.015662090E1
3.888651875E1,2.356250153E0,7.038663025E0,6.377338257E0,9.785966238E0
3.889647175E1,2.714754639E0,6.916517029E0,5.833369446E0,9.446496687E0
3.890642475E1,2.947670288E0,6.799460449E0,5.294939117E0,9.108117412E0
3.891637775E1,3.137774963E0,6.769373016E0,4.885241089E0,8.918274679E0
3.892632975E1,3.328179016E0,6.449937286E0,4.756808167E0,8.677885140E0
3.893628275E1,3.401676178E0,6.367608490E0,5.627098389E0,9.153254884E0
3.894623475E1,3.420536957E0,6.495891724E0,6.391558685E0,9.733894636E0
3.895618775E1,3.158282318E0,6.265071716E0,6.011798401E0,9.239458362E0
3.896614075E1,2.901715851E0,6.602470093E0,6.711742859E0,9.851906334E0
3.897609375E1,2.627186737E0,6.884483643E0,7.469467163E0,1.049243370E1
3.898604575E1,2.477348328E0,6.973398743E0,8.012388153E0,1.090705775E1
3.899599875E1,1.980980530E0,6.917415161E0,8.096213837E0,1.083160168E1
3.900595175E1,1.396595764E0,7.108717346E0,8.193511505E0,1.093700017E1
3.901590375E1,1.613644409E0,7.518415375E0,7.945477295E0,1.105717086E1
3.902585675E1,1.790127411E0,7.361391907E0,7.132667542E0,1.040526757E1
3.903580975E1,2.061812439E0,7.126979370E0,6.457122345E0,9.835615611E0
3.904576175E1,2.510728912E0,6.677314453E0,6.099815369E0,9.386055375E0
3.905571429E1,3.078348541E0,6.472091217E0,5.694757690E0,9.153931375E0
3.906566729E1,3.714824982E0,6.572083282E0,5.563330994E0,9.377785190E0
3.907561929E1,3.969445496E0,6.484814758E0,5.704936523E0,9.505557360E0
3.908557229E1,3.889362030E0,6.350993042E0,5.905220032E0,9.504413356E0
3.909552529E1,3.612886963E0,6.446494446E0,6.239624634E0,9.671771214E0
3.910547729E1,3.050057373E0,6.600224762E0,6.278843079E0,9.606752172E0
3.911543029E1,2.559228058E0,6.720873871E0,6.066883850E0,9.408872063E0
3.912538329E1,2.304457855E0,7.053332520E0,6.042933655E0,9.569591046E0
3.913533529E1,1.961371307E0,7.494914246E0,6.635551300E0,1.020055185E1
3.914528829E1,1.858535156E0,8.013286285E0,7.138206024E0,1.089132202E1
3.915524129E1,1.995200958E0,8.258476410E0,7.080276489E0,1.105954676E1
3.916519329E1,2.212848358E0,8.114775238E0,6.769522705E0,1.079688440E1
3.917514629E1,2.157463531E0,7.776778107E0,6.861730957E0,1.059321851E1
3.918509929E1,2.137105865E0,7.571255493E0,7.135511627E0,1.062104785E1
3.919505129E1,2.326761475E0,7.670349426E0,7.228767700E0,1.079366304E1
3.920500429E1,2.522704010E0,7.843389587E0,6.685397644E0,1.061024681E1
3.921495729E1,2.702031097E0,7.786956940E0,6.049819336E0,1.022438186E1
3.922490929E1,3.188220062E0,7.589367828E0,5.619015198E0,9.966773951E0
3.923486229E1,4.103117523E0,7.407496033E0,5.249134369E0,9.962930418E0
3.924481529E1,5.065466309E0,6.782695313E0,5.011877747E0,9.837826141E0
3.925476729E1,5.931265869E0,5.944288788E0,4.909790039E0,9.727308067E0
3.926472029E1,6.565796356E0,5.976172485E0,5.332361298E0,1.035656296E1
3.927467329E1,6.581214294E0,6.851252747E0,6.026767273E0,1.125050975E1
3.928462529E1,5.937103729E0,7.681127014E0,6.687642975E0,1.178870143E1
3.929457829E1,4.770878906E0,8.341703339E0,6.742728424E0,1.173923706E1
3.930453129E1,3.479664001E0,8.676407318E0,6.504423981E0,1.138839922E1
3.931448329E1,2.587968292E0,8.822353821E0,6.473139038E0,1.124424456E1
3.932443629E1,2.375559998E0,8.448132019E0,5.854625244E0,1.054944817E1
3.933438929E1,2.708467712E0,7.906258850E0,5.629792786E0,1.007667074E1
3.934434129E1,3.279380493E0,7.385192413E0,5.964047699E0,1.004317023E1
3.935429429E1,3.706891479E0,7.222480774E0,6.330934753E0,1.029495060E1
3.936424729E1,3.953578491E0,7.020700378E0,6.418652344E0,1.030146177E1
3.937419929E1,4.032165070E0,7.016958160E0,6.265221405E0,1.023469864E1
3.938415229E1,4.081113281E0,6.983128510E0,5.467979279E0,9.763112556E0
3.939410529E1,4.239633636E0,7.128027191E0,4.751718750E0,9.558352164E0
3.940405729E1,4.430935822E0,7.187752991E0,4.133654022E0,9.401280811E0
3.941401029E1,4.626728668E0,7.159461823E0,4.218377838E0,9.511005380E0
3.942396329E1,4.633764038E0,6.967411194E0,4.678670654E0,9.586790234E0
3.943391529E1,4.361180878E0,6.697821808E0,5.108127594E0,9.485445858E0
3.944386829E1,3.930376740E0,6.503974915E0,5.312901764E0,9.272350088E0
3.945382129E1,3.487896881E0,6.383026428E0,5.369184723E0,9.040829366E0
3.946377329E1,3.118315430E0,6.521039429E0,5.163213043E0,8.882939563E0
3.947372629E1,2.798131256E0,6.644382935E0,4.777165833E0,8.648622809E0
3.948367929E1,2.764301605E0,6.753955078E0,4.455335083E0,8.550279718E0
3.949363129E1,2.860850830E0,6.809339905E0,4.227359161E0,8.510120028E0
3.950358429E1,3.055296478E0,6.878346405E0,4.162394257E0,8.600698331E0
3.951353729E1,3.329077148E0,6.840624847E0,4.122277679E0,8.652749634E0
3.952348929E1,3.686384125E0,6.730903015E0,3.990401917E0,8.649727786E0
3.953344229E1,4.010011139E0,6.647526398E0,3.914060669E0,8.694231850E0
3.954339529E1,4.364623718E0,6.671326904E0,3.845353546E0,8.851174315E0
3.955334729E1,4.258344727E0,6.689139862E0,3.883075104E0,8.829290128E0
3.956330029E1,4.126468964E0,6.762038269E0,4.073628845E0,8.907713490E0
3.957325329E1,3.921395416E0,6.899003448E0,4.303550720E0,9.027410448E0
3.958320529E1,3.714076538E0,6.840624847E0,4.384382629E0,8.933718368E0
3.959315829E1,3.794758759E0,6.888974304E0,4.478237457E0,9.050567481E0
3.960311129E1,4.045637054E0,7.142247620E0,4.390220490E0,9.308754814E0
3.961306329E1,4.355492706E0,7.474107513E0,4.246818695E0,9.636808023E0
3.962301629E1,4.416715393E0,7.624993744E0,4.250560913E0,9.783413133E0
3.963296929E1,4.112098846E0,7.378007355E0,4.201762390E0,9.433936434E0
3.964292129E1,3.958967285E0,7.276368713E0,4.353097687E0,9.357800120E0
3.965287429E1,4.093387756E0,7.434889069E0,4.494553528E0,9.603874749E0
3.966282729E1,4.490811310E0,7.664062500E0,4.497098236E0,9.956361422E0
3.967277929E1,4.859494629E0,7.732769623E0,4.494254150E0,1.017883758E1
3.968273229E1,5.101391602E0,7.851772156E0,4.715494080E0,1.048381642E1
3.969268529E1,5.048252106E0,7.672894135E0,4.605323181E0,1.027458784E1
3.970263729E1,4.755610657E0,7.611671448E0,4.168830872E0,9.896086387E0
3.971259029E1,4.579576721E0,7.424261169E0,3.595223694E0,9.434925027E0
3.972254329E1,4.536166992E0,7.498806152E0,3.807182922E0,9.555288928E0
3.973249529E1,4.416266327E0,7.532935181E0,4.243226166E0,9.708423610E0
3.974244829E1,4.478985901E0,7.453300781E0,4.328548737E0,9.713358914E0
3.975240129E1,4.580025787E0,7.425758057E0,4.106859741E0,9.642863468E0
3.976235329E1,4.602030029E0,7.500452728E0,3.997586975E0,9.665204247E0
3.977230629E1,4.568649445E0,7.539970551E0,4.057761841E0,9.705109212E0
3.978225929E1,4.460574188E0,7.524402924E0,4.199067993E0,9.702862127E0
3.979221129E1,4.302353210E0,7.360344086E0,4.286037140E0,9.542275545E0
3.980216429E1,4.189936981E0,7.273674316E0,4.485422516E0,9.517401174E0
3.981211629E1,4.096531219E0,7.287745056E0,4.700824585E0,9.591170305E0
3.982206929E1,4.031716003E0,7.401957550E0,4.734654236E0,9.667505378E0
3.983202229E1,3.988455963E0,7.524253235E0,4.528532867E0,9.645194536E0
3.984197429E1,3.970193939E0,7.497608643E0,4.142785034E0,9.441358118E0
3.985192729E1,4.047882385E0,7.380402374E0,4.024381256E0,9.330130519E0
3.986188029E1,4.172423401E0,7.367379456E0,4.198918304E0,9.450836577E0
3.987183229E1,4.254752197E0,7.291038208E0,4.446353760E0,9.541080451E0
3.988178529E1,4.206402740E0,7.153025208E0,4.683909760E0,9.528830163E0
3.989173829E1,4.127816162E0,7.128476257E0,4.700824585E0,9.484291845E0
3.990169029E1,4.064797211E0,7.072642365E0,4.752616882E0,9.440985839E0
3.991164329E1,3.915856934E0,6.942712555E0,4.966671753E0,9.391646365E0
3.992159629E1,3.522474976E0,6.719227295E0,5.048850861E0,9.112998431E0
3.993154829E1,3.104544067E0,6.514453125E0,4.622986450E0,8.570198195E0
3.994150129E1,2.953059082E0,6.366860046E0,3.755240936E0,7.959855481E0
3.995145429E1,3.446582794E0,6.233936462E0,2.669249268E0,7.606956581E0
3.996140629E1,4.509971466E0,6.544839935E0,2.485880585E0,8.327927394E0
3.997135929E1,5.239703979E0,7.158264313E0,3.605103149E0,9.575594733E0
3.998131229E1,5.395979004E0,7.504644012E0,4.375550995E0,1.022652031E1
3.999126429E1,5.047204285E0,7.396419067E0,5.000202026E0,1.025589130E1
4.000121729E1,4.571194153E0,7.359296265E0,5.616620178E0,1.032479926E1
4.001117029E1,4.009113007E0,7.341932373E0,6.163133698E0,1.039043671E1
4.002112229E1,3.245850220E0,7.118596802E0,6.684349823E0,1.029031081E1
4.003107529E1,2.419119415E0,7.010671234E0,7.383396149E0,1.046499826E1
4.004102829E1,2.078727264E0,7.142097931E0,7.147337036E0,1.031576932E1
4.005098029E1,2.217339020E0,7.114854584E0,6.524332581E0,9.904779841E0
4.006093367E1,2.785856781E0,7.278015289E0,6.495292969E0,1.014491672E1
4.007088667E1,3.531007233E0,7.329657898E0,5.535788269E0,9.840571566E0
4.008083867E1,4.240232391E0,7.632777557E0,4.568200378E0,9.854304576E0
4.009079167E1,4.812941437E0,7.683372345E0,3.708538055E0,9.795502559E0
4.010074467E1,5.233117676E0,7.635771332E0,2.907254333E0,9.702713651E0
4.011069667E1,4.936284943E0,6.997348938E0,3.604354706E0,9.290918902E0
4.012064967E1,4.077221375E0,6.411317596E0,6.850354614E0,1.023015571E1
4.013060267E1,3.416794739E0,6.055956573E0,8.665030975E0,1.110998911E1
4.014055467E1,2.708467712E0,6.411916351E0,8.893455963E0,1.129345065E1
4.015050767E1,3.096311188E0,9.675729218E0,1.016191818E1,1.436911480E1
4.016046067E1,4.070335693E0,1.187884781E1,9.826316071E0,1.594462748E1
4.017041267E1,2.167941742E0,8.024363251E0,8.232430573E0,1.169885850E1
4.018036567E1,1.692530365E0,7.529043274E0,8.739126892E0,1.165862301E1
4.019031867E1,2.234403534E0,7.319329376E0,8.698561249E0,1.158577185E1
4.020027067E1,3.193908234E0,7.030879211E0,7.933502197E0,1.107134903E1
4.021022367E1,4.270768890E0,7.900720367E0,7.023993530E0,1.140163735E1
4.022017667E1,4.831802216E0,8.122559052E0,6.804699554E0,1.164586683E1
4.023012867E1,5.008584595E0,7.762258301E0,6.001769257E0,1.101634276E1
4.024008167E1,5.050347748E0,7.642507324E0,5.142556000E0,1.050522788E1
4.025003367E1,4.774172058E0,7.785310364E0,5.023852844E0,1.042318923E1
4.025998667E1,3.781286774E0,8.087082825E0,5.399272156E0,1.043317680E1
4.026993967E1,2.647245026E0,7.609426117E0,5.768703918E0,9.909047227E0
4.027989167E1,1.974843292E0,7.340585175E0,6.866970062E0,1.024399700E1
4.028984467E1,1.665287018E0,7.387737122E0,7.802075500E0,1.087309628E1
4.029979767E1,1.695075073E0,7.650889893E0,7.845634918E0,1.108888556E1
4.030974967E1,1.964215393E0,7.746840363E0,7.369924164E0,1.087140561E1
4.031970267E1,2.336940308E0,7.789202271E0,6.877298584E0,1.065036139E1
4.032965567E1,2.574047241E0,7.698341217E0,6.703959045E0,1.052773687E1
4.033960767E1,2.708916779E0,7.503596191E0,6.532116394E0,1.031070951E1
4.034956067E1,2.711611176E0,7.623796234E0,6.466253357E0,1.035796972E1
4.035951367E1,2.482138367E0,7.561825104E0,6.576873322E0,1.032460520E1
4.036946567E1,1.814826050E0,7.183561707E0,6.664740601E0,9.965737286E0
4.037941867E1,1.095721436E0,6.988517303E0,7.009174347E0,9.958338445E0
4.038937167E1,1.587448883E0,7.668253784E0,6.951544189E0,1.047120226E1
4.039932367E1,2.286495209E0,8.139623566E0,6.630611572E0,1.074460525E1
4.040927667E1,2.957100677E0,8.226293335E0,6.430028687E0,1.085180240E1
4.041922967E1,3.246448975E0,7.863597565E0,6.123615875E0,1.048209278E1
4.042918167E1,2.940634918E0,7.596552887E0,5.812862091E0,1.000721316E1
4.043913467E1,2.839445343E0,7.406298523E0,5.515280914E0,9.660953950E0
4.044908767E1,2.766696625E0,7.195387115E0,4.586013336E0,8.969934463E0
4.045903967E1,2.518812103E0,7.402406616E0,4.204007721E0,8.877709110E0
4.046899267E1,2.122885437E0,7.530689850E0,4.551435242E0,9.051712266E0
4.047894567E1,1.878144379E0,7.150929565E0,5.018464050E0,8.935782080E0
4.048889767E1,1.728755035E0,7.131020966E0,5.395979004E0,9.108053765E0
4.049885067E1,1.624421997E0,7.160809021E0,5.229974213E0,9.014907816E0
4.050880367E1,1.741328888E0,7.104825439E0,5.093907166E0,8.913958774E0
4.051875567E1,1.823358307E0,7.350913696E0,4.759951630E0,8.945261718E0
4.052870867E1,1.841620331E0,7.412286072E0,4.748275909E0,8.993312758E0
4.053866167E1,1.865869904E0,7.134314117E0,5.507197723E0,9.203756580E0
4.054861367E1,2.019899597E0,6.882537689E0,6.008954315E0,9.357181808E0
4.055856667E1,2.199825439E0,6.772516479E0,6.236181793E0,9.465525595E0
4.056851967E1,1.998494110E0,6.890321503E0,6.711443481E0,9.824153028E0
4.057847167E1,1.872605896E0,7.076234894E0,7.437433777E0,1.043528506E1
4.058842467E1,1.704355774E0,7.092251587E0,7.652686157E0,1.057206066E1
4.059837767E1,1.566941528E0,7.415579224E0,7.605234833E0,1.073711869E1
4.060832967E1,1.627116394E0,7.707023163E0,7.521259460E0,1.089105402E1
4.061828267E1,1.897154846E0,7.695646820E0,7.270381165E0,1.075549249E1
4.062823467E1,2.324366455E0,7.657925262E0,6.898853760E0,1.056601542E1
4.063818767E1,2.557880859E0,7.921826477E0,6.460864563E0,1.053759271E1
4.064814067E1,2.560275879E0,8.012238464E0,6.099366302E0,1.039005520E1
4.065809267E1,2.347119141E0,7.728278961E0,5.951473846E0,1.003271174E1
4.066804567E1,2.096689911E0,7.390431519E0,5.781277771E0,9.614455745E0
4.067799867E1,1.700164490E0,7.228468323E0,5.715714111E0,9.370736438E0
4.068795067E1,1.586850128E0,7.019502869E0,5.550607452E0,9.088495857E0
4.069790367E1,1.418450317E0,6.813381500E0,5.840255127E0,9.085303997E0
4.070785667E1,1.333127747E0,6.647975464E0,6.211932220E0,9.195700586E0
4.071780867E1,1.209634552E0,6.634952545E0,6.607858887E0,9.441907122E0
4.072776167E1,1.193168793E0,6.605014801E0,6.976991272E0,9.681336659E0
4.073771467E1,1.108145599E0,6.612499237E0,7.169041901E0,9.815716714E0
4.074766667E1,9.101074219E-1,6.572532349E0,7.187752991E0,9.782140361E0
4.075761967E1,6.253994751E-1,6.522236938E0,7.061864777E0,9.633308534E0
4.076757267E1,3.004252625E-1,6.440656586E0,6.735842743E0,9.324370759E0
4.077752467E1,2.794688416E-1,6.444398804E0,6.299949188E0,9.016525858E0
4.078747767E1,3.478765869E-1,6.598578186E0,5.511538696E0,8.604609869E0
4.079743067E1,5.352868652E-1,6.739734650E0,4.970114594E0,8.391221261E0
4.080738267E1,6.030958557E-1,6.684798889E0,5.403463440E0,8.616709230E0
4.081733567E1,7.291337585E-1,6.468199310E0,5.012775879E0,8.215665546E0
4.082728867E1,5.906716919E-1,6.787784729E0,5.644462280E0,8.847760678E0
4.083724067E1,9.834548950E-1,6.851701813E0,6.262077942E0,9.334164205E0
4.084719367E1,1.152154083E0,6.904841309E0,6.903344421E0,9.831604993E0
4.085714667E1,1.003363495E0,7.043752441E0,7.107819214E0,1.005695186E1
4.086709867E1,8.870553589E-1,6.925198975E0,6.694079590E0,9.672432455E0
4.087705167E1,7.770341492E-1,6.850803680E0,6.579418030E0,9.530269395E0
4.088700367E1,5.730084229E-1,6.719227295E0,6.383176117E0,9.285542065E0
4.089695667E1,2.926414490E-1,6.696324921E0,6.284381561E0,9.188027975E0
4.090690967E1,1.276844788E-1,6.660100250E0,6.475084991E0,9.289777409E0
4.091686167E1,1.145118713E-1,6.706354065E0,6.448290710E0,9.304232956E0
4.092681467E1,1.844165039E-1,6.774163055E0,6.580615540E0,9.446046550E0
4.093676767E1,1.790277100E-1,6.906936951E0,6.871909790E0,9.744792103E0
4.094671967E1,-3.367996216E-2,6.960375824E0,7.054380341E0,9.910209278E0
4.095667267E1,-4.595443726E-1,6.912475433E0,7.038363647E0,9.875832141E0
4.096662567E1,-6.050418091E-1,6.859934692E0,6.587351532E0,9.529846787E0
4.097657767E1,-4.845423889E-1,6.816524963E0,5.729186096E0,8.917587523E0
4.098653067E1,-1.227447510E-1,6.830296326E0,5.179978180E0,8.573225071E0
4.099648367E1,2.939886475E-1,7.010222168E0,4.794529724E0,8.498067983E0
4.100643567E1,8.244854736E-1,7.233557739E0,4.210144958E0,8.410080525E0
4.101638867E1,6.554869080E-1,6.989415436E0,3.867208099E0,8.014791931E0
4.102634167E1,6.258485413E-1,7.033723297E0,4.271966400E0,8.253159803E0
4.103629367E1,5.584886169E-1,6.998845825E0,5.052593079E0,8.650112672E0
4.104624667E1,1.407073975E-1,6.910230103E0,6.143075409E0,9.247078140E0
4.105619925E1,-3.525169373E-1,6.987170105E0,6.619235229E0,9.631152023E0
4.106615125E1,-7.656578064E-1,6.998696136E0,6.237229614E0,9.405903080E0
4.107610425E1,-1.053060150E0,7.752827911E0,5.845045166E0,9.766259739E0
4.108605725E1,-3.794609070E-1,8.405770111E0,6.189029846E0,1.044533638E1
4.109600925E1,-1.392105103E-2,8.169860687E0,6.895111542E0,1.069062115E1
4.110596225E1,-1.115180969E-1,7.679031372E0,6.946155396E0,1.035514529E1
4.111591525E1,-4.945715332E-1,7.698640594E0,7.430248718E0,1.071084796E1
4.112586725E1,-9.967771912E-1,8.019423523E0,7.982600098E0,1.135898863E1
4.113582025E1,-9.750723267E-1,8.288414154E0,7.633226624E0,1.130993917E1
4.114577325E1,-4.927752686E-1,8.403225403E0,6.754703522E0,1.079273109E1
4.115572525E1,1.221459961E-1,8.466244354E0,6.069877625E0,1.041804336E1
4.116567825E1,8.470884705E-1,8.340655518E0,5.428611145E0,9.987688036E0
4.117563025E1,1.489552460E0,8.582402802E0,5.548960876E0,1.032798970E1
4.118558325E1,1.468596039E0,8.715625763E0,5.424868927E0,1.037054047E1
4.119553625E1,1.155147858E0,8.841214600E0,4.967420197E0,1.020669905E1
4.120548825E1,1.221010895E0,8.264763336E0,5.477409668E0,9.989954819E0
4.121544125E1,1.294807434E0,8.051307220E0,6.059249725E0,1.015945774E1
4.122539425E1,9.554631042E-1,7.738308105E0,7.376809845E0,1.073366878E1
4.123534625E1,4.849914551E-1,7.068451080E0,9.656119995E0,1.197659679E1
4.124529925E1,2.010319519E-1,6.464606781E0,1.009500732E1,1.198919211E1
4.125525225E1,-6.376739502E-2,6.587052155E0,8.639434204E0,1.086430604E1
4.126520425E1,4.656816101E-1,7.037315826E0,7.982450409E0,1.065176924E1
4.127515725E1,1.371298370E0,7.716303864E0,7.113806763E0,1.058433046E1
4.128511025E1,1.760189667E0,8.022866364E0,6.907535706E0,1.073213408E1
4.129506225E1,1.381776581E0,7.500452728E0,7.048542480E0,1.038499151E1
4.130501525E1,7.951464844E-1,7.009174347E0,6.584507446E0,9.649690216E0
4.131496825E1,3.293151855E-1,6.606960754E0,7.125781860E0,9.723021445E0
4.132492025E1,-1.883084106E-1,6.020031281E0,7.733368378E0,9.802102996E0
4.133487325E1,-6.505471802E-1,5.964197388E0,7.787256317E0,9.830372478E0
4.134482625E1,-6.288423157E-1,6.624624023E0,7.182364197E0,9.791192040E0
4.135477825E1,-2.950364685E-1,7.283254395E0,6.640191650E0,9.860273132E0
4.136473125E1,1.270857239E-1,7.759264526E0,6.311475220E0,1.000285240E1
4.137468425E1,2.546205139E-1,7.578141174E0,6.180198212E0,9.782019485E0
4.138463625E1,4.116439819E-1,6.949598236E0,6.570137329E0,9.572516437E0
4.139458925E1,8.666976929E-1,7.507338409E0,6.630162506E0,1.005337504E1
4.140454225E1,9.755213928E-1,8.144563293E0,6.661746826E0,1.056713888E1
4.141449425E1,5.034031677E-1,8.207881622E0,6.845265198E0,1.069955098E1
4.142444725E1,2.652484131E-1,8.260721741E0,6.676865387E0,1.062498997E1
4.143439925E1,4.799020386E-1,8.830736389E0,6.308631134E0,1.086328854E1
4.144435225E1,6.177653503E-1,9.500144348E0,6.030958557E0,1.126973104E1
4.145430525E1,4.935237122E-1,9.399703217E0,5.897436218E0,1.110755329E1
4.146425725E1,-1.860630798E-1,8.585097198E0,7.137158203E0,1.116590975E1
4.147421025E1,-6.933581543E-1,8.149652710E0,8.573720856E0,1.184931534E1
4.148416325E1,-7.876620483E-1,8.435857544E0,8.086783447E0,1.171239389E1
4.149411525E1,-4.240681458E-1,8.613987122E0,6.931485901E0,1.106463306E1
4.150406825E1,7.604187012E-2,8.809779968E0,6.252348175E0,1.080323392E1
4.151402125E1,4.396357727E-1,8.818312225E0,5.661975861E0,1.048875020E1
4.152397325E1,8.193960571E-1,8.377628632E0,5.265899506E0,9.929036660E0
4.153392625E1,1.115480347E0,7.845185852E0,4.917124786E0,9.325736090E0
4.154387925E1,1.468745728E0,7.834557953E0,5.567073212E0,9.722644521E0
4.155383125E1,1.699416046E0,7.813451843E0,5.519172821E0,9.715930899E0
4.156378425E1,1.840871887E0,7.658673706E0,5.442382507E0,9.574111948E0
4.157373725E1,1.731000366E0,7.931406555E0,5.428461456E0,9.765846916E0
4.158368925E1,1.504072266E0,8.175399170E0,5.645809479E0,1.004860934E1
4.159364225E1,1.025966492E0,8.620573425E0,5.651497650E0,1.035887634E1
4.160359525E1,8.125103760E-1,9.121431885E0,5.191504211E0,1.052674730E1
4.161354725E1,9.629475403E-1,9.109157410E0,5.024900665E0,1.044766210E1
4.162350025E1,9.669891357E-1,8.584049377E0,5.845344543E0,1.043019772E1
4.163345325E1,9.214837646E-1,8.353229370E0,7.097041626E0,1.099970786E1
4.164340525E1,7.783813477E-1,8.210576019E0,7.495513000E0,1.114460189E1
4.165335825E1,7.062313843E-1,8.390501862E0,7.174131317E0,1.106198194E1
4.166331125E1,7.086264038E-1,8.574918365E0,6.733447723E0,1.092568966E1
4.167326325E1,9.192384338E-1,8.887767792E0,6.173462219E0,1.086043514E1
4.168321625E1,1.180744629E0,9.519603882E0,5.486989746E0,1.105097608E1
4.169316825E1,1.296454010E0,9.577832794E0,5.185965729E0,1.096858763E1
4.170312125E1,1.260678406E0,9.080866241E0,5.542973328E0,1.071335592E1
4.171307425E1,1.116977234E0,8.427474976E0,5.910908203E0,1.035416865E1
4.172302625E1,1.160985718E0,8.062533875E0,5.790109406E0,9.993883492E0
4.173297925E1,1.398092651E0,8.158334656E0,5.524411926E0,9.951493081E0
4.174293225E1,1.628164215E0,8.648864594E0,5.299429779E0,1.027315596E1
4.175288425E1,1.750609589E0,8.630003815E0,5.004992065E0,1.012874846E1
4.176283725E1,1.873504028E0,8.230035553E0,4.123924255E0,9.394160623E0
4.177279025E1,2.976260834E0,9.541757812E0,4.433330841E0,1.093424405E1
4.178274225E1,3.535497894E0,9.343270569E0,6.468947754E0,1.190141737E1
4.179269525E1,1.700164490E0,7.216343536E0,4.205354919E0,8.523566350E0
4.180264825E1,1.668729858E0,6.885681152E0,3.501518555E0,7.903030840E0
4.181260025E1,2.634671173E0,7.579488373E0,4.782255249E0,9.341311549E0
4.182255325E1,3.055745544E0,7.137607269E0,5.210664368E0,9.350617173E0
4.183250625E1,3.796105957E0,6.697372742E0,5.449417877E0,9.431933910E0
4.184245825E1,4.421655121E0,7.397616577E0,5.375471649E0,1.015733530E1
4.185241125E1,4.667893066E0,8.029452667E0,4.823569336E0,1.046557007E1
4.186236425E1,4.602928162E0,8.502469025E0,5.310207367E0,1.103074020E1
4.187231625E1,4.345463562E0,8.675958252E0,5.720803528E0,1.126423092E1
4.188226925E1,4.253554688E0,7.768994293E0,5.160219269E0,1.025074937E1
4.189222225E1,4.840783539E0,7.309300232E0,4.401297455E0,9.809713270E0
4.190217425E1,5.611381073E0,8.029901733E0,4.415667572E0,1.074546600E1
4.191212725E1,5.928870850E0,8.592581635E0,5.591472473E0,1.184265735E1
4.192208025E1,5.595813446E0,8.168812866E0,5.711822205E0,1.143099054E1
4.193203225E1,6.070326691E0,7.622898102E0,4.703219604E0,1.082024566E1
4.194198525E1,6.099066925E0,7.951913910E0,4.729415131E0,1.108146740E1
4.195193725E1,5.707930298E0,7.648345184E0,4.978347473E0,1.076390245E1
4.196189025E1,5.848637695E0,7.345075836E0,4.621938629E0,1.046513347E1
4.197184325E1,6.002517700E0,7.189549255E0,4.394262085E0,1.034550030E1
4.198179525E1,5.484594727E0,7.227869568E0,4.587360535E0,1.016694421E1
4.199174825E1,4.624333649E0,6.948101349E0,4.604125671E0,9.531974992E0
4.200170125E1,4.309687958E0,7.067702637E0,5.068759460E0,9.706603594E0
4.201165325E1,4.227209473E0,6.772366791E0,5.313051453E0,9.589721978E0
4.202160625E1,4.222419434E0,7.491920471E0,5.703739014E0,1.031941553E1
4.203155925E1,5.391937408E0,8.829987946E0,7.389982452E0,1.271430363E1
4.204151125E1,5.783972168E0,8.899742889E0,6.844367065E0,1.262953356E1
4.205146425E1,4.987777863E0,8.305778046E0,6.621929626E0,1.173515355E1
4.206141754E1,4.535717926E0,7.976911926E0,5.803431702E0,1.085742513E1
4.207136954E1,4.736899567E0,8.011789398E0,5.675298157E0,1.090119241E1
4.208132254E1,4.057462463E0,7.811505890E0,6.517297211E0,1.095252431E1
4.209127554E1,3.043321381E0,7.685767365E0,5.980513458E0,1.020290969E1
4.210122754E1,2.654430084E0,7.741601257E0,5.370681610E0,9.788902393E0
4.211118054E1,3.253783722E0,7.471263428E0,5.311105499E0,9.727010195E0
4.212113354E1,3.865411835E0,6.859485626E0,5.448370056E0,9.574898849E0
4.213108554E1,3.797004089E0,6.477929077E0,4.783901825E0,8.903174819E0
4.214103854E1,3.874542847E0,6.738686829E0,4.918621674E0,9.198631508E0
4.215099154E1,4.344864807E0,6.774911499E0,6.162385254E0,1.013667934E1
4.216094354E1,4.196373596E0,6.801855469E0,6.357729034E0,1.021251720E1
4.217089654E1,3.595223694E0,6.848408661E0,5.632487183E0,9.568241555E0
4.218084854E1,3.742667084E0,7.247478790E0,6.113287354E0,1.019341886E1
4.219080154E1,4.073179779E0,7.469766541E0,5.749543762E0,1.026866394E1
4.220075454E1,4.063300323E0,7.975265350E0,4.919370117E0,1.021349447E1
4.221070654E1,3.473676453E0,7.417076111E0,5.507646790E0,9.869833803E0
4.222065954E1,2.538720703E0,5.693410492E0,5.090614014E0,8.048253032E0
4.223061254E1,2.233056335E0,4.796625366E0,6.614295502E0,8.470127537E0
4.224056454E1,2.480791168E0,4.479584656E0,7.462581482E0,9.050476556E0
4.225051754E1,2.935545502E0,4.707410889E0,6.366560669E0,8.444539029E0
4.226047054E1,3.386108551E0,5.445076904E0,6.351142731E0,9.025054437E0
4.227042254E1,4.214186554E0,5.827980652E0,6.574777679E0,9.744353664E0
4.228037554E1,5.047803040E0,5.972130890E0,6.632856903E0,1.025385067E1
4.229032854E1,4.760400696E0,6.243067474E0,7.017407227E0,1.053001949E1
4.230028054E1,4.085753632E0,6.499633942E0,6.468798065E0,1.003912210E1
4.231023354E1,4.009262695E0,6.652915192E0,6.849456482E0,1.035618279E1
4.232018654E1,3.713178406E0,6.696175232E0,6.365363159E0,9.957123317E0
4.233013854E1,3.764222260E0,7.165000305E0,5.307812347E0,9.678815553E0
4.234009154E1,3.455115051E0,7.095245361E0,5.553451538E0,9.649930090E0
4.235004454E1,3.620820465E0,7.294930115E0,5.912405090E0,1.006393959E1
4.235999654E1,3.618275757E0,7.339986420E0,5.668262787E0,9.954723658E0
4.236994954E1,3.370690613E0,7.194938049E0,5.845344543E0,9.863911069E0
4.237990254E1,3.376378784E0,6.923851776E0,5.774242401E0,9.627124826E0
4.238985454E1,3.463048553E0,6.879244537E0,5.790708160E0,9.635819202E0
4.239980754E1,3.391048279E0,6.397097168E0,6.101162567E0,9.468170112E0
4.240975954E1,2.913541260E0,6.143075409E0,6.429579620E0,9.357648863E0
4.241971254E1,2.810555420E0,5.966891785E0,7.366331635E0,9.887662064E0
4.242966554E1,2.058219910E0,5.447322235E0,7.747738495E0,9.692112283E0
4.243961754E1,1.773511963E0,5.401966553E0,8.306227112E0,1.006578343E1
4.244957054E1,1.610800323E0,5.673202515E0,8.843310242E0,1.062939511E1
4.245952354E1,1.456471252E0,5.863007812E0,9.019044800E0,1.085538291E1
4.246947554E1,2.043849792E0,6.115233307E0,9.221124573E0,1.125177936E1
4.247942854E1,1.664688263E0,6.344855804E0,8.974437561E0,1.111615544E1
4.248938154E1,1.218765564E0,6.660998383E0,8.537496185E0,1.089693214E1
4.249933354E1,9.175918579E-1,7.059769135E0,7.988587646E0,1.070046016E1
4.250928654E1,7.671546936E-1,7.136559448E0,7.016658783E0,1.003755486E1
4.251923954E1,6.444099426E-1,7.092700653E0,6.187532959E0,9.434364358E0
4.252919154E1,-2.957849121E-1,6.874604187E0,6.564748535E0,9.510183740E0
4.253914454E1,2.992277527E-1,7.601941681E0,5.970933380E0,9.671147812E0
4.254909754E1,9.836045837E-1,7.508386230E0,5.294789429E0,9.240029051E0
4.255904954E1,3.486250305E-1,6.836433563E0,5.106331329E0,8.540080967E0
4.256900254E1,1.191522217E-1,6.589596863E0,4.997357941E0,8.271068278E0
4.257895454E1,3.849993896E-1,6.456822968E0,4.880451050E0,8.102937110E0
4.258890754E1,1.014739838E0,6.533313904E0,5.237758026E0,8.434927187E0
4.259886054E1,1.650916901E0,6.644682312E0,5.727539520E0,8.926479631E0
4.260881254E1,2.125430145E0,6.783144379E0,6.247109070E0,9.463343632E0
4.261876554E1,2.595153351E0,6.927893372E0,6.537654877E0,9.872763482E0
4.262871854E1,2.701282654E0,6.936575317E0,6.696324921E0,1.001268059E1
4.263867054E1,2.538870392E0,6.461912384E0,6.993756409E0,9.854684329E0
4.264862354E1,2.485581207E0,5.919590149E0,7.484735413E0,9.861081364E0
4.265857654E1,2.193538513E0,6.007457428E0,7.871980133E0,1.014244680E1
4.266852854E1,1.673370209E0,5.859115906E0,7.307953033E0,9.515018896E0
4.267848154E1,1.176104279E0,5.675298157E0,7.389533386E0,9.391348897E0
4.268843454E1,5.469625854E-1,6.019432526E0,8.458161163E0,1.039582735E1
4.269838654E1,1.330732727E-1,6.278094635E0,8.719517670E0,1.074533243E1
4.270833954E1,2.703378296E-1,6.203100586E0,7.857460327E0,1.001455052E1
4.271829254E1,4.195774841E-1,6.613097992E0,7.552544403E0,1.004738958E1
4.272824454E1,2.287243652E-1,6.430178375E0,7.602839813E0,9.960054317E0
4.273819754E1,4.284091187E-1,6.609655151E0,7.071444855E0,9.688983844E0
4.274815054E1,6.755451965E-1,6.340215454E0,6.772366791E0,9.301593695E0
4.275810254E1,1.125210114E0,6.319259033E0,7.186256104E0,9.635424709E0
4.276805554E1,1.630708923E0,6.166576538E0,6.967261505E0,9.446089703E0
4.277800754E1,1.397493896E0,5.710325317E0,6.610702972E0,8.846592463E0
4.278796054E1,1.247056732E0,5.876779175E0,6.495292969E0,8.847627632E0
4.279791354E1,1.038839722E0,5.502557373E0,6.321953430E0,8.445378664E0
4.280786554E1,1.034049683E0,5.572911072E0,6.047274628E0,8.288312674E0
4.281781854E1,1.624122620E0,5.744903412E0,6.256240082E0,8.647671910E0
4.282777154E1,2.191742249E0,6.006559296E0,6.746171265E0,9.294800449E0
4.283772354E1,1.888173523E0,5.964347076E0,7.800578613E0,9.999383081E0
4.284767654E1,1.245859222E0,5.433850250E0,7.904312897E0,9.672489654E0
4.285762954E1,1.523681488E0,5.628146210E0,7.541467438E0,9.532647384E0
4.286758154E1,2.060465240E0,6.017785950E0,7.167545013E0,9.582951855E0
4.287753454E1,2.366878052E0,5.914201355E0,6.849905548E0,9.354202018E0
4.288748754E1,2.607427826E0,5.802383881E0,6.583309937E0,9.154578542E0
4.289743954E1,2.528990936E0,5.647605743E0,6.539002075E0,9.002765904E0
4.290739254E1,2.470312958E0,5.667364655E0,6.423891449E0,8.915595863E0
4.291734554E1,2.329904938E0,5.614524536E0,6.580166473E0,8.958232728E0
4.292729754E1,2.302960968E0,5.397475891E0,7.278314667E0,9.349344341E0
4.293725054E1,2.228865051E0,5.142256622E0,7.770940247E0,9.581135366E0
4.294720254E1,2.039059753E0,5.181774445E0,8.102800140E0,9.831781181E0
4.295715554E1,2.065554657E0,5.222938843E0,8.081394653E0,9.841470710E0
4.296710854E1,2.102976837E0,5.026098175E0,8.096213837E0,9.758732138E0
4.297706054E1,2.149230652E0,5.252726898E0,7.968529358E0,9.783035950E0
4.298701354E1,1.861678619E0,5.306465149E0,7.796836395E0,9.613276103E0
4.299696654E1,1.460662537E0,5.219795380E0,8.075107727E0,9.725593229E0
4.300691854E1,1.474433899E0,5.625302124E0,8.131390686E0,9.996874201E0
4.301687154E1,1.703307953E0,6.084098053E0,8.047864380E0,1.023159949E1
4.302682454E1,1.962269440E0,6.366860046E0,8.573271790E0,1.085764235E1
4.303677654E1,2.017803955E0,6.430777130E0,8.307424622E0,1.069765073E1
4.304672954E1,2.289638672E0,6.732100525E0,7.713459778E0,1.049100017E1
4.305668254E1,2.487676849E0,7.130422211E0,7.501650238E0,1.064453913E1
4.306663450E1,2.595452728E0,7.064259796E0,8.158634033E0,1.109970498E1
4.307658750E1,2.262095947E0,6.944658508E0,8.403225403E0,1.113371264E1
4.308654050E1,2.160756683E0,6.918313293E0,8.592581635E0,1.124119155E1
4.309649250E1,2.353855133E0,7.372468872E0,9.044791260E0,1.190387249E1
4.310644550E1,2.634820862E0,6.971452789E0,7.699838104E0,1.071592002E1
4.311639850E1,1.956132202E0,5.842500458E0,7.700137482E0,9.861712936E0
4.312635050E1,1.410516815E0,5.748196564E0,7.565717010E0,9.605800087E0
4.313630350E1,1.216819611E0,5.867797852E0,7.566315765E0,9.651986109E0
4.314625550E1,9.973759460E-1,5.889652405E0,7.907156982E0,9.909888787E0
4.315620850E1,1.120719452E0,5.898783417E0,7.900870056E0,9.923477492E0
4.316616150E1,1.276545410E0,5.982908478E0,7.756420441E0,9.878604157E0
4.317611350E1,1.459315338E0,6.308182068E0,7.985144806E0,1.028033559E1
4.318606650E1,1.508263550E0,6.411317596E0,7.876021729E0,1.026701371E1
4.319601950E1,1.381776581E0,6.238277435E0,7.637866974E0,9.958033129E0
4.320597150E1,1.304986267E0,6.063740387E0,7.146588593E0,9.462857135E0
4.321592450E1,1.289568329E0,6.122867432E0,7.220235443E0,9.554281339E0
4.322587750E1,1.413510590E0,6.093678131E0,7.432494049E0,9.714571176E0
4.323582950E1,1.700014801E0,6.191724243E0,7.784711609E0,1.009104723E1
4.324578250E1,1.958078156E0,6.202052765E0,7.599546661E0,1.000263155E1
4.325573550E1,2.143991547E0,6.324049072E0,7.292235718E0,9.887719564E0
4.326568750E1,2.395019531E0,6.393804016E0,7.206314392E0,9.927125237E0
4.327564050E1,2.474504242E0,6.146069183E0,6.785240021E0,9.483502506E0
4.328559350E1,2.295177155E0,5.646707611E0,6.444847870E0,8.870693833E0
4.329554550E1,1.798509979E0,5.523663483E0,6.865622864E0,8.993457273E0
4.330549850E1,8.562194824E-1,5.444777527E0,7.052284698E0,8.950610794E0
4.331545050E1,-1.227447510E-1,5.640121307E0,6.880591736E0,8.897672576E0
4.332540350E1,-5.755531311E-1,5.576353912E0,6.511309662E0,8.592097408E0
4.333535650E1,1.887574768E-1,5.644611969E0,6.683751068E0,8.750417248E0
4.334530850E1,1.694326630E0,6.242019653E0,6.919361115E0,9.471594919E0
4.335526150E1,2.735112305E0,7.131470032E0,6.984326019E0,1.034985575E1
4.336521450E1,2.755170593E0,7.703131256E0,6.754254456E0,1.060891839E1
4.337516650E1,2.609822845E0,7.779322815E0,5.958658905E0,1.014074231E1
4.338511950E1,2.474055176E0,7.365283813E0,4.862787781E0,9.165972925E0
4.339507250E1,2.215243378E0,6.552923126E0,4.808301086E0,8.424242640E0
4.340502450E1,2.284549255E0,6.087540894E0,6.064039764E0,8.891000939E0
4.341497750E1,2.632725220E0,5.503754883E0,6.286626892E0,8.760378849E0
4.342493050E1,2.843636627E0,5.600004730E0,6.926396484E0,9.349935321E0
4.343488250E1,3.029849396E0,4.789889374E0,7.908354492E0,9.729599085E0
4.344483550E1,3.003504181E0,4.780159607E0,8.674461365E0,1.034974605E1
4.345478850E1,2.749482422E0,4.584516449E0,9.133107605E0,1.058258471E1
4.346474050E1,2.602039032E0,4.653972015E0,9.296867065E0,1.071735974E1
4.347469350E1,2.520308990E0,4.882247314E0,9.485025787E0,1.096147848E1
4.348464550E1,2.481240234E0,5.038821716E0,9.361831970E0,1.091742530E1
4.349459850E1,2.560874634E0,5.397326202E0,9.649234314E0,1.134887359E1
4.350455150E1,2.882855072E0,6.047723694E0,1.028376480E1,1.227361535E1
4.351450350E1,3.799997864E0,7.005881195E0,1.036145325E1,1.307218683E1
4.352445650E1,4.045637054E0,6.516099701E0,9.722132721E0,1.238331939E1
4.353440950E1,3.077450409E0,6.533912659E0,8.906179504E0,1.146659274E1
4.354436150E1,1.842668152E0,6.305188293E0,8.040230255E0,1.038249141E1
4.355431450E1,8.958869934E-1,6.054309998E0,7.283104706E0,9.513195951E0
4.356426750E1,1.128054199E0,6.781946869E0,7.324718170E0,1.004583525E1
4.357421950E1,1.806742859E0,6.949149170E0,6.918612671E0,9.971067908E0
4.358417250E1,2.305056610E0,7.345824280E0,6.466103668E0,1.005409951E1
4.359412550E1,2.267484741E0,7.368876343E0,6.303691406E0,9.958832811E0
4.360407750E1,2.336191864E0,7.257358246E0,6.733298035E0,1.017174241E1
4.361403050E1,2.219135284E0,6.839876404E0,7.440876617E0,1.034771064E1
4.362398350E1,2.150278473E0,6.288423157E0,7.703131256E0,1.017379941E1
4.363393550E1,1.994751892E0,5.719456329E0,7.392377472E0,9.557115700E0
4.364388850E1,2.193688202E0,5.456453247E0,7.101681976E0,9.220576818E0
4.365384050E1,2.841391296E0,5.572911072E0,7.188501434E0,9.529186491E0
4.366379350E1,2.795586548E0,5.582491150E0,7.212451630E0,9.539338032E0
4.367374650E1,2.381397858E0,5.721701660E0,7.305108948E0,9.579850854E0
4.368369850E1,2.307751007E0,6.161038055E0,7.428602142E0,9.923116165E0
4.369365150E1,2.474504242E0,6.641239471E0,7.281607819E0,1.016125216E1
4.370360450E1,2.791245575E0,6.622079315E0,7.001839600E0,1.003338149E1
4.371355650E1,2.755469971E0,5.981860657E0,6.901697845E0,9.539848260E0
4.372350950E1,2.768193512E0,5.323379974E0,6.901697845E0,9.145201082E0
4.373346250E1,2.843786316E0,5.107528839E0,6.907535706E0,9.049200019E0
4.374341450E1,2.636168060E0,4.907245331E0,6.809339905E0,8.797587665E0
4.375336750E1,2.481838989E0,4.811444550E0,6.702162781E0,8.615596866E0
4.376332050E1,2.506387939E0,5.026098175E0,7.078779602E0,9.036191898E0
4.377327250E1,2.577190704E0,5.377716980E0,7.861052856E0,9.867010888E0
4.378322550E1,2.280058594E0,5.448220367E0,7.915838928E0,9.876349442E0
4.379317850E1,2.446811829E0,5.360053711E0,8.151299286E0,1.005786975E1
4.380313050E1,2.434537354E0,5.095703430E0,8.985963593E0,1.061323265E1
4.381308350E1,2.973566437E0,5.110372925E0,9.532327423E0,1.121709744E1
4.382303550E1,2.765050049E0,4.726271667E0,9.448352051E0,1.092037097E1
4.383298850E1,2.193239136E0,4.352349243E0,9.738149414E0,1.088966463E1
4.384294150E1,2.325563965E0,4.442162476E0,9.708810425E0,1.092712474E1
4.385289350E1,2.129920807E0,4.492308197E0,9.641899567E0,1.084820828E1
4.386284650E1,1.765428772E0,4.425397339E0,9.367819519E0,1.050984885E1
4.387279950E1,1.553918610E0,4.519252167E0,8.890761566E0,1.009375770E1
4.388275150E1,1.364712067E0,4.515809326E0,8.318501587E0,9.563076992E0
4.389270450E1,1.186133423E0,4.627177734E0,8.006849670E0,9.323482607E0
4.390265750E1,1.006357269E0,4.591851196E0,8.219856720E0,9.469102220E0
4.391260950E1,1.089733887E0,4.439917145E0,8.782087555E0,9.900780071E0
4.392256250E1,1.209634552E0,4.513863373E0,9.437275085E0,1.053092300E1
4.393251550E1,1.223854980E0,4.572541351E0,9.332193604E0,1.046402374E1
4.394246750E1,1.529070282E0,4.578828278E0,8.635841675E0,9.893507252E0
4.395242050E1,1.626517639E0,4.639601898E0,7.662715302E0,9.104321567E0
4.396237250E1,1.325044556E0,4.414470062E0,7.571854248E0,8.864325454E0
4.397232550E1,1.316362610E0,4.436923370E0,8.256680145E0,9.465298016E0
4.398227850E1,1.374591522E0,4.455634460E0,9.190288696E0,1.030551244E1
4.399223050E1,1.457968140E0,4.764442291E0,1.004605911E1,1.121378104E1
4.400218350E1,1.362766113E0,4.988077240E0,9.729168091E0,1.101792892E1
4.401213650E1,1.319057007E0,4.940625916E0,8.727600861E0,1.011537012E1
4.402208850E1,1.470541992E0,4.839885406E0,8.011190643E0,9.474500516E0
4.403204150E1,1.655706940E0,4.954546967E0,8.074209595E0,9.616743820E0
4.404199450E1,1.987716522E0,5.082231445E0,8.373587036E0,9.994851339E0
4.405194650E1,1.953886871E0,5.166206818E0,8.231532440E0,9.912895294E0
4.406189979E1,1.773062897E0,5.193300476E0,7.990533600E0,9.693438455E0
4.407185279E1,1.607207794E0,5.030738525E0,7.650740204E0,9.296519385E0
4.408180479E1,1.370250549E0,5.034929810E0,7.284152527E0,8.960300374E0
4.409175779E1,1.136436768E0,4.922513580E0,7.054979095E0,8.677289814E0
4.410170979E1,9.369017029E-1,4.780009918E0,7.103927307E0,8.613481457E0
4.411166279E1,1.061742096E0,5.057383118E0,7.429649963E0,9.050089439E0
4.412161579E1,1.209035797E0,5.009333038E0,7.900870056E0,9.432864501E0
4.413156779E1,1.185983734E0,4.774920502E0,8.268655243E0,9.621698537E0
4.414152079E1,1.188827820E0,4.570745087E0,9.007518768E0,1.017056619E1
4.415147379E1,1.329535217E0,4.502487030E0,9.159452820E0,1.029250355E1
4.416142579E1,1.437011719E0,4.841082916E0,8.398285675E0,9.799606562E0
4.417137879E1,1.195563812E0,4.452790375E0,7.939639435E0,9.181208488E0
4.418133179E1,8.756790161E-1,4.424050140E0,8.497379608E0,9.620004864E0
4.419128379E1,6.468049622E-1,5.112618256E0,9.141041107E0,1.049361018E1
4.420123679E1,7.569758606E-1,5.329068146E0,9.461674347E0,1.088555287E1
4.421118979E1,9.491761780E-1,5.217250671E0,9.566606140E0,1.093803424E1
4.422114179E1,1.029409332E0,5.334456940E0,9.317823486E0,1.078600709E1
4.423109479E1,1.069974976E0,5.076692963E0,9.057215424E0,1.043795043E1
4.424104779E1,1.000519409E0,5.229974213E0,9.169631653E0,1.060357553E1
4.425099979E1,9.315129089E-1,5.012027435E0,8.949888611E0,1.029993405E1
4.426095279E1,8.686436462E-1,4.875062256E0,8.467741241E0,9.809353471E0
4.427090479E1,7.509883118E-1,5.443130951E0,8.133935394E0,9.815934138E0
4.428085779E1,9.247769165E-1,5.645659790E0,7.862400055E0,9.723477847E0
4.429081079E1,1.006207581E0,5.756279755E0,8.032895508E0,9.933509981E0
4.430076279E1,1.066981201E0,5.890101471E0,8.128995667E0,1.009516294E1
4.431071579E1,1.121168518E0,5.603896637E0,8.026309204E0,9.853035867E0
4.432066879E1,8.379574585E-1,5.767805786E0,7.800279236E0,9.737253845E0
4.433062079E1,5.156776428E-1,5.475014648E0,8.046068115E0,9.745815561E0
4.434057379E1,5.215155029E-1,5.252577209E0,8.262068939E0,9.804250554E0
4.435052679E1,5.587879944E-1,5.370232544E0,8.074059906E0,9.712985379E0
4.436047879E1,4.302053833E-1,5.403912506E0,8.039631500E0,9.696546896E0
4.437043179E1,3.809577942E-1,5.460494843E0,8.231233063E0,9.885106499E0
4.438038479E1,5.505551147E-1,5.520520020E0,8.574618988E0,1.021290081E1
4.439033679E1,6.682104492E-1,5.584736481E0,8.912167053E0,1.053861985E1
4.440028979E1,5.156776428E-1,5.895190887E0,9.060957642E0,1.082220645E1
4.441024179E1,3.182382202E-1,6.045029297E0,8.836274872E0,1.071090138E1
4.442019479E1,3.360511780E-1,6.010151825E0,8.616082764E0,1.051055363E1
4.443014779E1,5.239105225E-1,5.933660889E0,8.479866028E0,1.036296008E1
4.444009979E1,5.174739075E-1,5.923332367E0,8.311915283E0,1.021966640E1
4.445005279E1,4.730163574E-1,6.062243500E0,7.959398346E0,1.001631483E1
4.446000579E1,3.409909058E-1,6.201304321E0,7.720794525E0,9.908739485E0
4.446995779E1,1.660047913E-1,6.172264709E0,7.696844330E0,9.867412116E0
4.447991079E1,-1.166075134E-1,6.155649261E0,7.906408539E0,1.002082387E1
4.448986379E1,-3.890409851E-1,6.062542877E0,7.801327057E0,9.887693506E0
4.449981579E1,-3.504212952E-1,5.696553955E0,7.399712219E0,9.345012733E0
4.450976879E1,-2.558180237E-1,5.536237335E0,7.463329926E0,9.296056168E0
4.451972179E1,-3.119512939E-1,6.386469269E0,7.617509308E0,9.945388448E0
4.452967379E1,-2.083666992E-1,6.252348175E0,6.988816681E0,9.379703246E0
4.453962679E1,-3.728746033E-1,6.454727325E0,6.727160797E0,9.330446544E0
4.454957879E1,-5.795947266E-1,6.305787048E0,6.745123444E0,9.251787428E0
4.455953179E1,-5.760021973E-1,6.215375061E0,6.791377258E0,9.224178595E0
4.456948479E1,-5.866300964E-1,6.057303772E0,7.128326569E0,9.372731914E0
4.457943679E1,-4.577481079E-1,6.182443542E0,7.399712219E0,9.653387095E0
4.458938979E1,-4.288581848E-1,6.230942688E0,7.444768524E0,9.717671763E0
4.459934279E1,-5.032534790E-1,6.304888916E0,7.178023224E0,9.567074041E0
4.460929479E1,-5.640270996E-1,6.258186035E0,6.906038818E0,9.336829825E0
4.461924779E1,-6.523434448E-1,6.149362335E0,6.869065704E0,9.242525237E0
4.462920079E1,-9.943821716E-1,6.229745178E0,6.943610687E0,9.381484438E0
4.463915279E1,-1.160686340E0,6.165678406E0,7.227570190E0,9.570817825E0
4.464910579E1,-1.193617859E0,6.119424591E0,7.282356262E0,9.586698788E0
4.465905879E1,-1.083147583E0,6.222859497E0,7.170838165E0,9.556050910E0
4.466901079E1,-8.616082764E-1,6.336024170E0,7.025789795E0,9.499962808E0
4.467896379E1,-7.749385071E-1,6.284980316E0,6.565347290E0,9.121693500E0
4.468891579E1,-8.595126343E-1,6.135291595E0,6.327042847E0,8.855057093E0
4.469886879E1,-1.106798401E0,6.115832062E0,6.139782257E0,8.736436955E0
4.470882179E1,-1.441053314E0,6.104455719E0,6.503226471E0,9.035096503E0
4.471877379E1,-1.502425690E0,6.095624084E0,6.767427063E0,9.231033798E0
4.472872679E1,-1.534010010E0,6.045628052E0,6.687193909E0,9.144471971E0
4.473867979E1,-1.615440674E0,6.094576263E0,6.769822083E0,9.251162058E0
4.474863179E1,-1.606159973E0,6.052364044E0,6.772067413E0,9.223435230E0
4.475858479E1,-1.437909851E0,6.179150391E0,6.994504852E0,9.443123552E0
4.476853779E1,-1.289418640E0,6.419700165E0,7.390880585E0,9.874222321E0
4.477848979E1,-1.115330658E0,6.492598572E0,7.561376038E0,1.002856950E1
4.478844279E1,-9.669891357E-1,6.334826660E0,7.544461212E0,9.898686367E0
4.479839579E1,-1.081950073E0,6.324947205E0,7.378905487E0,9.778743237E0
4.480834779E1,-1.343306580E0,6.342011719E0,7.125931549E0,9.633508481E0
4.481830079E1,-1.509311371E0,6.423592072E0,7.053182831E0,9.658568422E0
4.482825279E1,-1.490899658E0,6.534810791E0,7.183262329E0,9.824754020E0
4.483820579E1,-1.488654327E0,6.367758179E0,7.153623962E0,9.692201593E0
4.484815879E1,-1.556613007E0,6.399791565E0,7.114255829E0,9.694999336E0
4.485811079E1,-1.529070282E0,6.457421722E0,7.063211975E0,9.691507346E0
4.486806379E1,-1.440604248E0,6.299949188E0,7.066205750E0,9.575800962E0
4.487801679E1,-1.413061523E0,6.352489929E0,7.433392181E0,9.879584530E0
4.488796879E1,-1.344653778E0,6.481820984E0,7.447163544E0,9.964052484E0
4.489792179E1,-1.288520508E0,6.506968689E0,6.717281342E0,9.440487023E0
4.490787479E1,-1.311422882E0,6.531817017E0,6.703509979E0,9.451005743E0
4.491782679E1,-1.146465912E0,6.646927643E0,6.907236328E0,9.654322600E0
4.492777979E1,-1.207688599E0,6.774911499E0,7.015610962E0,9.827346271E0
4.493773279E1,-1.416654053E0,6.640640717E0,6.869814148E0,9.659159604E0
4.494768479E1,-1.440005493E0,6.534960480E0,6.911277924E0,9.620035698E0
4.495763779E1,-1.454525299E0,6.476881256E0,6.853647766E0,9.541389959E0
4.496758979E1,-1.512155457E0,6.527625732E0,6.936575317E0,9.644303446E0
4.497754279E1,-1.369352417E0,6.547534332E0,7.397915955E0,9.973690006E0
4.498749579E1,-1.190923462E0,6.533014526E0,7.588020630E0,1.008348326E1
4.499744779E1,-1.087189178E0,6.544540558E0,7.562872925E0,1.006031999E1
4.500740079E1,-1.092577972E0,6.561904449E0,7.490573273E0,1.001803397E1
4.501735379E1,-1.179247742E0,6.712640991E0,7.404801636E0,1.006385918E1
4.502730579E1,-1.271006927E0,6.684649200E0,7.386389923E0,1.004284569E1
4.503725879E1,-1.428479462E0,6.659950562E0,7.360643463E0,1.002868721E1
4.504721179E1,-1.497785339E0,6.516399078E0,7.004234619E0,9.683290787E0
4.505716379E1,-1.577719116E0,6.566694489E0,6.935228119E0,9.680292515E0
4.506711650E1,-1.631607056E0,6.618935852E0,7.006180573E0,9.775429383E0
4.507706950E1,-1.583407288E0,6.575675812E0,7.148983612E0,9.841476399E0
4.508702150E1,-1.470392303E0,6.528374176E0,7.349865875E0,9.939932157E0
4.509697450E1,-1.574126587E0,6.587650909E0,7.357200623E0,1.000017100E1
4.510692650E1,-1.634900208E0,6.472689972E0,7.322023773E0,9.908614752E0
4.511687950E1,-1.651066589E0,6.409671021E0,7.352111206E0,9.892595345E0
4.512683250E1,-1.782642975E0,6.525979156E0,7.453899536E0,1.006612330E1
4.513678450E1,-1.846859436E0,6.553372192E0,7.344327393E0,1.001482510E1
4.514673750E1,-1.629661102E0,6.548282776E0,7.212601318E0,9.877115996E0
4.515669050E1,-1.463955688E0,6.477330322E0,7.146588593E0,9.755649792E0
4.516664250E1,-1.321452026E0,6.451134796E0,7.169940033E0,9.735061155E0
4.517659550E1,-1.169368286E0,6.543792114E0,7.230563965E0,9.821898629E0
4.518654850E1,-1.018182678E0,6.734944611E0,7.245832214E0,9.944760397E0
4.519650050E1,-1.126856689E0,6.640940094E0,7.332501984E0,9.956780437E0
4.520645350E1,-1.286574554E0,6.458469543E0,7.427853699E0,9.926737304E0
4.521640650E1,-1.323547668E0,6.476132812E0,7.705376587E0,1.015208860E1
4.522635850E1,-1.233285370E0,6.478677521E0,7.800578613E0,1.021485594E1
4.523631150E1,-1.087488556E0,6.516997833E0,7.653733978E0,1.011106008E1
4.524626350E1,-9.210346985E-1,6.796616364E0,8.066725159E0,1.058840657E1
4.525621650E1,-1.075064392E0,6.487359467E0,7.554640045E0,1.001569681E1
4.526616950E1,-1.215023346E0,6.459667053E0,7.077731781E0,9.659082117E0
4.527612150E1,-1.196312256E0,6.476282501E0,7.357649689E0,9.874634524E0
4.528607450E1,-8.357121277E-1,6.541247406E0,7.548951874E0,1.002362244E1
4.529602750E1,-8.256829834E-1,6.498586121E0,7.647147675E0,1.006937146E1
4.530597950E1,-9.457333374E-1,6.396498413E0,7.583230591E0,9.965690628E0
4.531593250E1,-1.182690582E0,6.303990784E0,7.316784668E0,9.730076808E0
4.532588550E1,-1.291963348E0,6.379433899E0,7.100035400E0,9.632073964E0
4.533583750E1,-1.313518524E0,6.436016235E0,7.167395325E0,9.722098109E0
4.534579050E1,-1.411115570E0,6.417155457E0,7.122339020E0,9.690141610E0
4.535574350E1,-1.399439850E0,6.457421722E0,7.047344971E0,9.660320819E0
4.536569550E1,-1.299148407E0,6.340215454E0,6.917115784E0,9.472729773E0
4.537564850E1,-1.144519958E0,6.332132263E0,6.884932709E0,9.423806202E0
4.538560050E1,-1.093476105E0,6.411916351E0,6.862629089E0,9.455370924E0
4.539555350E1,-1.158590698E0,6.286776581E0,7.016060028E0,9.491627389E0
4.540550650E1,-1.154698792E0,6.149212646E0,7.311695251E0,9.623254799E0
4.541545850E1,-1.124162292E0,6.210435333E0,7.186555481E0,9.564508747E0
4.542541150E1,-1.115031281E0,6.284231873E0,7.163653107E0,9.594414564E0
4.543536450E1,-1.104253693E0,6.274651794E0,7.279362488E0,9.673662677E0
4.544531650E1,-1.155147858E0,6.451284485E0,7.466473389E0,9.934871058E0
4.545526950E1,-1.048419800E0,6.428980865E0,7.527396698E0,9.954530632E0
4.546522250E1,-8.095166016E-1,6.338419189E0,7.573800201E0,9.909254485E0
4.547517450E1,-7.381150818E-1,6.294111328E0,7.635322266E0,9.922640646E0
4.548512750E1,-7.447013855E-1,6.243516541E0,7.609575806E0,9.871257412E0
4.549508050E1,-7.539820862E-1,6.355034637E0,7.547155609E0,9.895176199E0
4.550503250E1,-6.860234070E-1,6.189179535E0,7.507039032E0,9.753574035E0
4.551498550E1,-6.728507996E-1,6.118975525E0,7.470964050E0,9.680387054E0
4.552493750E1,-6.107299805E-1,5.963898010E0,7.458240509E0,9.569034543E0
4.553489050E1,-5.986051941E-1,6.034850464E0,7.385791168E0,9.556550606E0
4.554484350E1,-6.366261292E-1,6.090834045E0,7.401358795E0,9.606438685E0
4.555479550E1,-6.319857788E-1,6.218219147E0,7.382647705E0,9.673114417E0
4.556474850E1,-6.252497864E-1,6.166277161E0,7.363337860E0,9.624586005E0
4.557470150E1,-5.935157776E-1,5.990542603E0,7.400909729E0,9.540038075E0
4.558465350E1,-6.607260132E-1,6.245312805E0,7.469766541E0,9.758990884E0
4.559460650E1,-6.653663635E-1,6.544241180E0,7.504644012E0,9.979453230E0
4.560455950E1,-4.218228149E-1,6.117029572E0,7.460186462E0,9.656622977E0
4.561451150E1,-3.155438232E-1,6.042185211E0,7.914192352E0,9.962028439E0
4.562446450E1,-4.125421143E-1,6.034700775E0,7.552394714E0,9.676077220E0
4.563441750E1,-4.459226990E-1,6.042634277E0,7.258256378E0,9.454869735E0
4.564436950E1,-6.203100586E-1,6.122867432E0,7.628735962E0,9.801627545E0
4.565432250E1,-3.796105957E-1,6.379882965E0,8.199948120E0,1.039644940E1
4.566427450E1,-7.798782349E-2,5.999972992E0,8.292605438E0,1.023587138E1
4.567422750E1,-1.383123779E-1,6.276448059E0,7.949668579E0,1.012966737E1
4.568418050E1,-7.768844604E-2,6.305188293E0,8.001610565E0,1.018760063E1
4.569413250E1,-2.559677124E-2,6.244714050E0,8.211324463E0,1.031615036E1
4.570408550E1,-8.158035278E-2,6.231691132E0,8.217611389E0,1.031357196E1
4.571403850E1,-7.813751221E-2,6.109994202E0,8.396938477E0,1.038492708E1
4.572399050E1,-3.007246399E-1,6.259533234E0,8.006849670E0,1.016768574E1
4.573394350E1,-1.495390320E-1,5.589975586E0,7.324269104E0,9.214939331E0
4.574389650E1,1.158590698E-1,5.419779510E0,6.963668976E0,8.824971324E0
4.575384850E1,-1.492396545E-1,6.026767273E0,6.744225311E0,9.045925673E0
4.576380150E1,-2.381547546E-1,5.959856415E0,6.510112152E0,8.829392188E0
4.577375450E1,-4.423301697E-1,6.390660553E0,6.514004059E0,9.136106784E0
4.578370650E1,-7.723937988E-1,6.886279907E0,6.621779938E0,9.584644630E0
4.579365950E1,-6.542893982E-1,6.605912933E0,6.732699280E0,9.454915118E0
4.580361150E1,-3.427871704E-1,6.192472687E0,6.948550415E0,9.313784080E0
4.581356450E1,-2.469863892E-1,6.195616150E0,7.239395599E0,9.531815693E0
4.582351750E1,-1.231938171E-1,6.286926270E0,7.202422485E0,9.561145763E0
4.583346950E1,-3.315605164E-1,6.352489929E0,6.907984772E0,9.390650365E0
4.584342250E1,-5.129832458E-1,6.392606506E0,6.833589478E0,9.371580171E0
4.585337550E1,-4.652325439E-1,6.235732727E0,7.151827698E0,9.499970704E0
4.586332750E1,-2.508782959E-1,5.687722321E0,7.653883667E0,9.539133100E0
4.587328050E1,-3.278182983E-2,5.481451263E0,8.210725708E0,9.872355304E0
4.588323350E1,7.589218140E-2,5.721402283E0,8.789122925E0,1.048755860E1
4.589318550E1,2.745291138E-1,5.950575714E0,9.334438934E0,1.107323204E1
4.590313850E1,5.066963196E-1,5.869145050E0,9.451645203E0,1.113719901E1
4.591309050E1,3.785627747E-1,5.967640228E0,8.860524445E0,1.068947768E1
4.592304350E1,2.263293457E-1,5.748945007E0,8.234376526E0,1.004522526E1
4.593299650E1,3.103047180E-1,5.654491425E0,8.014633484E0,9.813455669E0
4.594294850E1,3.849993896E-1,5.264252930E0,7.839797058E0,9.451084665E0
4.595290150E1,5.185217285E-1,4.896318054E0,7.595355377E0,9.051641761E0
4.596285450E1,4.291575623E-1,5.211412811E0,7.483687592E0,9.129544330E0
4.597280650E1,2.225871277E-1,5.480253754E0,7.244335327E0,9.086425071E0
4.598275950E1,-2.921923828E-1,6.255491638E0,7.225474548E0,9.561591629E0
4.599271250E1,-1.544787598E-1,6.537804565E0,7.022047577E0,9.595619021E0
4.600266450E1,2.570155334E-1,6.303092651E0,6.663842468E0,9.176155535E0
4.601261750E1,1.778302002E-1,6.323749695E0,6.625671844E0,9.160838454E0
4.602257050E1,3.219804382E-1,5.993536377E0,7.039112091E0,9.250689095E0
4.603252250E1,6.017486572E-1,6.091432800E0,7.965685272E0,1.004588457E1
4.604247550E1,9.776170349E-1,6.228697357E0,8.156388702E0,1.030917468E1
4.605242850E1,1.040635986E0,6.039790192E0,8.641529846E0,1.059424499E1
4.606238025E1,6.652166748E-1,5.609734497E0,8.358917542E0,1.008876290E1
4.607233325E1,4.043092346E-1,5.531596985E0,8.191116486E0,9.892240416E0
4.608228525E1,2.544708252E-1,5.462740173E0,8.756490784E0,1.032387604E1
4.609223825E1,2.347119141E-1,5.570216675E0,9.472751312E0,1.099160684E1
4.610219125E1,2.356100464E-1,5.529052277E0,9.612410889E0,1.109163533E1
4.611214325E1,3.543132019E-1,4.930297394E0,9.644294586E0,1.083724081E1
4.612209625E1,5.893244934E-1,4.827610931E0,9.425898743E0,1.060663461E1
4.613204925E1,5.586383057E-1,4.886887665E0,8.918304291E0,1.018478764E1
4.614200125E1,5.502557373E-1,4.352798309E0,8.743916931E0,9.782929919E0
4.615195425E1,7.682025146E-1,4.402045898E0,8.908424835E0,9.966352203E0
4.616190725E1,1.020128632E0,4.198020172E0,8.876990204E0,9.872435914E0
4.617185925E1,3.757186890E-1,4.105063477E0,8.223299561E0,9.198661117E0
4.618181225E1,4.510121155E-1,4.801864471E0,8.682694244E0,9.932295489E0
4.619176425E1,1.002764740E0,4.956492920E0,9.005123749E0,1.032785616E1
4.620171725E1,5.568420410E-2,4.278552704E0,8.348738708E0,9.381393926E0
4.621167025E1,-4.376898193E-1,4.622537384E0,8.322094116E0,9.529778315E0
4.622162225E1,-3.891906738E-2,5.032684479E0,8.778794403E0,1.011912343E1
4.623157525E1,8.734336853E-1,5.190456390E0,9.430090027E0,1.079955193E1
4.624152825E1,1.200653229E0,5.948629761E0,9.718390503E0,1.145752496E1
4.625148025E1,6.685098267E-1,6.640041962E0,8.931626587E0,1.114948502E1
4.626143325E1,3.863465881E-1,6.668482819E0,9.173822937E0,1.134799339E1
4.627138625E1,5.486091614E-1,6.306685181E0,9.421557770E0,1.135081498E1
4.628133825E1,2.395019531E-1,5.931116180E0,8.830287323E0,1.063999410E1
4.629129125E1,-1.052311707E-1,6.109545135E0,8.225993958E0,1.024717483E1
4.630124425E1,-1.233435059E-1,6.508764954E0,7.895930328E0,1.023352093E1
4.631119625E1,-2.679428101E-2,6.560407562E0,7.845784607E0,1.022721865E1
4.632114925E1,-5.763015747E-2,7.387437744E0,7.889344025E0,1.080829805E1
4.633110125E1,2.993774414E-4,8.043523407E0,7.780220947E0,1.119062585E1
4.634105425E1,1.862127686E-1,8.183632050E0,8.003406830E0,1.144818892E1
4.635100725E1,3.713777161E-1,8.522078247E0,8.164920959E0,1.180803427E1
4.636095925E1,5.634283447E-1,8.350085907E0,7.851472778E0,1.147549611E1
4.637091225E1,8.816665649E-1,8.164022827E0,7.622598724E0,1.120413388E1
4.638086525E1,1.109642487E0,7.787555695E0,8.033045197E0,1.124309323E1
4.639081725E1,1.268162842E0,7.926616516E0,1.028211823E1,1.304459434E1
4.640077025E1,1.708397369E0,7.845934296E0,1.173305099E1,1.421765776E1
4.641072325E1,1.241667938E0,5.724695435E0,1.336974747E1,1.459671280E1
4.642067525E1,7.539820862E-1,5.563929749E0,1.150776947E1,1.280447427E1
4.643062825E1,9.831555176E-1,8.483308868E0,9.882000275E0,1.306089788E1
4.644058025E1,7.881111145E-1,1.073268127E1,9.282946014E0,1.421213049E1
4.645053325E1,8.554710388E-1,1.299971695E1,8.022417297E0,1.529979251E1
4.646048625E1,5.191204834E-1,1.240964401E1,7.488477631E0,1.450331162E1
4.647043825E1,-1.434017944E-1,8.751101990E0,7.586673431E0,1.158274423E1
4.648039125E1,-2.992277527E-1,5.366939392E0,7.822133789E0,9.491014314E0
4.649034425E1,2.442919922E-1,3.955374756E0,8.288863220E0,9.187487226E0
4.650029625E1,6.650669861E-1,4.719685364E0,8.429720306E0,9.683900478E0
4.651024925E1,8.601113892E-1,6.456822968E0,7.802075500E0,1.016379538E1
4.652020225E1,5.822891235E-1,7.815098419E0,7.014712830E0,1.051765278E1
4.653015425E1,1.046324158E-1,9.404193878E0,6.882388000E0,1.165405831E1
4.654010725E1,-7.170089722E-2,1.023601410E1,7.052434387E0,1.243052519E1
4.655006025E1,1.091230774E-1,1.056532928E1,7.352709961E0,1.287246808E1
4.656001225E1,3.550616455E-1,9.664352875E0,7.588769073E0,1.229289231E1
4.656996525E1,7.143145752E-1,8.889713745E0,7.831863556E0,1.186909190E1
4.657991725E1,1.252894592E0,9.057365112E0,7.816894684E0,1.202952410E1
4.658987025E1,1.901196442E0,9.137897644E0,7.419770508E0,1.192345234E1
4.659982325E1,2.103575592E0,8.584199066E0,7.085216217E0,1.132756782E1
4.660977525E1,1.729353790E0,8.161478119E0,6.563551025E0,1.061511148E1
4.661972825E1,1.649569702E0,8.830586700E0,6.506220245E0,1.109194499E1
4.662968125E1,1.923649750E0,9.009614410E0,6.070925446E0,1.103311905E1
4.663963325E1,1.923649750E0,1.040097107E1,5.808820496E0,1.206743648E1
4.664958625E1,1.708247681E0,1.053988220E1,4.237238617E0,1.148744611E1
4.665953925E1,1.530567169E0,7.790250092E0,3.354224854E0,8.618669080E0
4.666949125E1,1.166224823E0,7.423961792E0,4.452191620E0,8.734832525E0
4.667944425E1,9.973759460E-1,7.538623352E0,4.527185669E0,8.849915870E0
4.668939725E1,1.199306030E0,7.811206512E0,4.637356567E0,9.162879355E0
4.669934925E1,1.801354065E0,7.814948730E0,4.671186218E0,9.281071103E0
4.670930225E1,2.150577850E0,8.409212952E0,4.427642670E0,9.743914366E0
4.671925425E1,2.318827972E0,9.411977692E0,4.372108154E0,1.063379598E1
4.672920725E1,2.226919098E0,1.003872437E1,4.176614685E0,1.109861549E1
4.673916025E1,1.848056946E0,1.001896545E1,3.625610504E0,1.081388158E1
4.674911225E1,1.515298920E0,9.308393097E0,3.447780304E0,1.004138944E1
4.675906525E1,1.356778564E0,8.525820465E0,4.519252167E0,9.744439585E0
4.676901825E1,1.141526184E0,7.824229431E0,4.745282135E0,9.221678305E0
4.677897025E1,7.840695190E-1,7.219037933E0,4.428241425E0,8.505209921E0
4.678892325E1,2.323168945E-1,7.134164429E0,4.778363342E0,8.589704853E0
4.679887625E1,-4.760101318E-2,7.517666931E0,5.011578369E0,9.035125881E0
4.680882825E1,7.349716187E-2,8.058043213E0,4.742138672E0,9.350151947E0
4.681878125E1,3.603007507E-1,8.616980896E0,4.046684875E0,9.526690657E0
4.682873325E1,2.481838989E-1,9.187444611E0,2.843486938E0,9.620610775E0
4.683868625E1,1.314266968E-1,9.453441467E0,2.299817505E0,9.730055966E0
4.684863925E1,-1.318757629E-1,9.309141541E0,2.103575592E0,9.544764937E0
4.685859125E1,-3.815565491E-1,8.895252228E0,1.710792389E0,9.066306205E0
4.686854425E1,-2.462379456E-1,8.223898315E0,1.427880707E0,8.350567642E0
4.687849725E1,2.514770508E-2,7.732170868E0,1.261726227E0,7.834478401E0
4.688844925E1,3.652404785E-2,8.038733368E0,1.598675537E0,8.196238872E0
4.689840225E1,1.203497314E-1,7.967930603E0,1.741478577E0,8.156908102E0
4.690835525E1,4.281097412E-1,7.208260345E0,1.767225037E0,7.434068838E0
4.691830725E1,7.710466003E-1,6.845714264E0,1.376836853E0,7.025239951E0
4.692826025E1,9.982740784E-1,6.729106750E0,4.742138672E-1,6.819260047E0
4.693821325E1,1.219514008E0,6.495742035E0,-2.820135498E-1,6.615240785E0
4.694816525E1,1.325643311E0,7.098837891E0,7.424560547E-2,7.221934782E0
4.695811825E1,1.135688324E0,7.796986084E0,1.190025330E-1,7.880161265E0
4.696807025E1,7.553292847E-1,8.134085083E0,-7.635621643E-1,8.204687053E0
4.697802325E1,4.893324280E-1,7.694299622E0,-4.423301697E-1,7.722522183E0
4.698797625E1,5.677693176E-1,7.131619720E0,2.354603577E-1,7.158058635E0
4.699792825E1,8.637039185E-1,7.122189331E0,6.809339905E-1,7.206610606E0
4.700788125E1,1.187480621E0,7.222331085E0,-2.278262329E-1,7.322846531E0
4.701783425E1,9.201365662E-1,7.700436859E0,-6.676116943E-1,7.783899055E0
4.702778625E1,1.281784515E0,7.359296265E0,-4.529580688E-1,7.483808126E0
4.703773925E1,2.056573334E0,7.354057159E0,-4.236190796E-2,7.636324058E0
4.704769225E1,2.838846588E0,6.958280182E0,1.845661926E-1,7.517365078E0
4.705764425E1,3.553460541E0,6.248156891E0,4.432283020E-1,7.201596884E0
4.706759800E1,4.196074219E0,5.087620239E0,5.963598633E-1,6.621673779E0
4.707755100E1,4.494852905E0,3.948189697E0,1.291963348E0,6.120545222E0
4.708750300E1,4.469405823E0,3.544030151E0,2.914589081E0,6.405510724E0
4.709745600E1,4.073628845E0,4.037254486E0,4.321213989E0,7.181000355E0
4.710740800E1,3.351231079E0,5.451812897E0,5.694907379E0,8.566503585E0
4.711736100E1,2.713706818E0,7.108717346E0,7.010072479E0,1.034597425E1
4.712731400E1,2.157613220E0,8.106542358E0,7.266040192E0,1.109804775E1
4.713726600E1,1.886377258E0,8.485853577E0,7.450307007E0,1.144880800E1
4.714721900E1,1.937870178E0,8.227640533E0,7.775580597E0,1.148516709E1
4.715717200E1,1.909579010E0,7.661517792E0,8.636440430E0,1.170185670E1
4.716712400E1,1.817370758E0,7.281458130E0,9.423354034E0,1.204666220E1
4.717707700E1,1.585951996E0,7.131320343E0,1.015548157E1,1.251018703E1
4.718703000E1,1.049766998E0,7.294031982E0,1.098176331E1,1.322512906E1
4.719698200E1,4.159849548E-1,7.378905487E0,1.116767670E1,1.339172478E1
4.720693500E1,-2.592608643E-1,7.387737122E0,1.077698914E1,1.306864074E1
4.721688800E1,-5.204676819E-1,7.313192139E0,9.643396454E0,1.211399030E1
4.722684000E1,-2.305206299E-2,6.996750183E0,8.172854462E0,1.075874503E1
4.723679300E1,8.541238403E-1,6.537205811E0,7.746840363E0,1.017241972E1
4.724674500E1,1.721719666E0,6.192173309E0,8.495433655E0,1.065268613E1
4.725669800E1,2.467019806E0,6.095624084E0,9.383536835E0,1.145834121E1
4.726665100E1,3.137176208E0,6.079757080E0,9.404642944E0,1.162981641E1
4.727660300E1,3.829785919E0,5.753435669E0,7.917635193E0,1.050991100E1
4.728655600E1,4.412973175E0,5.168302460E0,6.827751617E0,9.633476772E0
4.729650900E1,4.693489838E0,4.781506805E0,7.483837280E0,1.004487305E1
4.730646100E1,4.716392212E0,4.965773621E0,7.878566437E0,1.043911262E1
4.731641400E1,4.277504883E0,5.402864685E0,7.599396973E0,1.025859782E1
4.732636700E1,3.379073181E0,5.903124390E0,7.480693817E0,1.011067718E1
4.733631900E1,2.457739105E0,6.296206970E0,7.646997986E0,1.020584548E1
4.734627200E1,1.816772003E0,6.697073364E0,7.160060577E0,9.970853506E0
4.735622400E1,1.377734985E0,7.090605011E0,5.245092773E0,8.926692070E0
4.736617700E1,1.104253693E0,7.283104706E0,2.598596191E0,7.811254223E0
4.737613000E1,1.361418915E0,7.768694916E0,1.629511414E0,8.053656909E0
4.738608200E1,2.327659607E0,8.742719421E0,2.399210815E0,9.359986894E0
4.739603500E1,3.548520813E0,9.302255859E0,3.038681030E0,1.040949309E1
4.740598800E1,4.318818970E0,9.677076416E0,3.589834900E0,1.118860670E1
4.741594000E1,4.549339600E0,9.798773346E0,3.450624390E0,1.134104310E1
4.742589300E1,4.118984528E0,8.899443512E0,2.890339508E0,1.022351167E1
4.743584600E1,3.738326111E0,7.666457520E0,2.502046967E0,8.888750870E0
4.744579800E1,3.747606812E0,6.569239197E0,3.062930603E0,8.159718397E0
4.745575100E1,3.683540039E0,6.032156067E0,4.416116638E0,8.334114242E0
4.746570400E1,3.424578552E0,5.950575714E0,5.885910187E0,9.043286367E0
4.747565600E1,3.158432007E0,6.298003235E0,7.285050659E0,1.013471759E1
4.748560900E1,3.240012360E0,6.500382385E0,7.838898926E0,1.068648621E1
4.749556100E1,3.549868011E0,6.398144989E0,7.635771332E0,1.057557687E1
4.750551400E1,3.766916656E0,6.438710632E0,7.321574707E0,1.045237351E1
4.751546700E1,4.003873901E0,6.564748535E0,6.960525513E0,1.037187760E1
4.752541900E1,4.087100830E0,6.557264099E0,6.577921143E0,1.014747024E1
4.753537200E1,3.895798645E0,6.479425964E0,6.685247955E0,1.009221225E1
4.754532500E1,3.636986847E0,6.519991608E0,7.633675690E0,1.067759188E1
4.755527700E1,3.487447815E0,7.869884491E0,1.063747925E1,1.368405418E1
4.756523000E1,3.879632263E0,9.274264069E0,1.027433441E1,1.437447279E1
4.757518300E1,4.679568787E0,8.956474915E0,6.222709808E0,1.186755764E1
4.758513500E1,4.977898407E0,7.154222717E0,2.922522583E0,9.192579262E0
4.759508800E1,4.863236847E0,4.699327698E0,1.239871674E0,6.875466181E0
4.760504000E1,3.912863159E0,2.822829895E0,4.076023865E0,6.316077680E0
4.761499300E1,3.550766144E0,2.636018372E0,7.810607758E0,8.975640735E0
4.762494600E1,4.162993011E0,2.724185028E0,9.674531708E0,1.087879858E1
4.763489800E1,4.368515625E0,3.530258789E0,1.147064667E1,1.277193763E1
4.764485100E1,3.507057037E0,4.623435516E0,1.256816437E1,1.384320630E1
4.765480400E1,1.783092041E0,4.936284943E0,1.220995926E1,1.329020058E1
4.766475600E1,7.445516968E-1,4.431384888E0,1.104238724E1,1.192165446E1
4.767470900E1,-3.830534363E-1,3.697461090E0,8.747060394E0,9.504157721E0
4.768466200E1,-1.377884674E0,2.921175385E0,6.926546173E0,7.642569835E0
4.769461400E1,-1.838476868E0,2.186203766E0,5.904321899E0,6.559001539E0
4.770456700E1,-1.419797516E0,1.837878113E0,5.221441956E0,5.714637087E0
4.771452000E1,6.336323547E-1,2.384541321E0,5.040019226E0,5.611534645E0
4.772447200E1,2.498304749E0,2.966830444E0,5.104385376E0,6.410800228E0
4.773442500E1,3.789070587E0,3.411555634E0,5.065466309E0,7.187121585E0
4.774437700E1,5.087470551E0,3.995341644E0,5.212610321E0,8.307612041E0
4.775433000E1,6.008205872E0,4.734504547E0,5.006339264E0,9.142073284E0
4.776428300E1,5.497767334E0,5.165009308E0,4.607867889E0,8.839412497E0
4.777423500E1,4.503534851E0,5.687872009E0,3.472928009E0,8.043316673E0
4.778418800E1,3.831133118E0,6.580914917E0,2.357447662E0,7.971422808E0
4.779414100E1,3.830833740E0,7.746690674E0,1.852098541E0,8.838369338E0
4.780409300E1,4.185446320E0,8.590635681E0,1.635049896E0,9.694863097E0
4.781404600E1,4.662504272E0,9.443711700E0,1.339863739E0,1.061686732E1
4.782399900E1,4.854704590E0,1.021400986E1,1.283730469E0,1.138165708E1
4.783395100E1,4.346212006E0,1.058344162E1,9.476792908E-1,1.148028272E1
4.784390400E1,3.518283691E0,1.070409073E1,6.932084656E-1,1.128877391E1
4.785385600E1,3.015030212E0,1.094523926E1,6.234535217E-1,1.137002040E1
4.786380900E1,3.228186951E0,1.164039368E1,3.240760803E-1,1.208407966E1
4.787376200E1,4.121229858E0,1.292666885E1,-1.217268677E0,1.362222618E1
4.788371400E1,5.968538361E0,1.442894485E1,-3.435056763E0,1.598804287E1
4.789366700E1,7.043453064E0,1.544622940E1,-3.947291565E0,1.742920952E1
4.790362000E1,7.195686493E0,1.579754883E1,-5.740562439E-1,1.736864974E1
4.791357200E1,6.174210663E0,1.625948822E1,5.247338104E0,1.816662852E1
4.792352500E1,5.194048920E0,1.632190842E1,6.881489868E0,1.845908290E1
4.793347800E1,4.656666412E0,1.605725876E1,5.488037567E0,1.759655243E1
4.794343000E1,4.298161926E0,1.583571945E1,3.194357300E0,1.671670198E1
4.795338300E1,4.283941498E0,1.563064590E1,8.122109985E-1,1.622741301E1
4.796333600E1,4.314627686E0,1.557660828E1,-3.203338623E-2,1.616316069E1
4.797328800E1,4.469854889E0,1.537228317E1,2.993774414E-4,1.600895664E1
4.798324100E1,4.664749603E0,1.469269638E1,-1.244512024E0,1.546557551E1
4.799319300E1,4.671335907E0,1.350476669E1,-2.406395874E0,1.449106082E1
4.800314600E1,4.095333710E0,1.221370148E1,-1.990710297E0,1.303492192E1
4.801309900E1,3.589535522E0,1.159922928E1,-7.587721252E-1,1.216563275E1
4.802305100E1,3.064277802E0,1.122665405E1,-1.366658020E-1,1.163813719E1
4.803300400E1,2.635569305E0,1.091889404E1,-2.812651062E-1,1.123599496E1
4.804295700E1,2.617906036E0,1.091979218E1,-1.585203552E0,1.134055393E1
4.805290900E1,2.616858215E0,1.043869263E1,-2.780467987E0,1.111509122E1
4.806286200E1,2.508932648E0,9.426796875E0,-3.227288818E0,1.027495185E1
4.807281400E1,2.329904938E0,8.359366608E0,-2.441722412E0,9.014958427E0
4.808276600E1,2.211351471E0,7.659871216E0,-3.832031250E-1,7.981888687E0
4.809271900E1,2.646047516E0,7.976911926E0,2.771187286E0,8.849416383E0
4.810267100E1,3.660338287E0,9.209748230E0,4.306095428E0,1.080555397E1
4.811262400E1,4.716392212E0,1.048075516E1,3.390299835E0,1.198268405E1
4.812257700E1,5.758674774E0,1.108654541E1,1.325194244E0,1.256303960E1
4.813252900E1,6.162834320E0,1.091739716E1,-2.294728088E-1,1.253884944E1
4.814248200E1,6.021079102E0,1.038211029E1,4.625381470E-1,1.201064316E1
4.815243500E1,5.781876526E0,1.000669098E1,1.802401886E0,1.169669240E1
4.816238700E1,5.525759125E0,1.003707779E1,1.567989349E0,1.156440812E1
4.817234000E1,5.304219818E0,1.041534119E1,4.152365112E-1,1.169557614E1
4.818229300E1,5.438490601E0,1.087398743E1,-8.336164856E-1,1.218670173E1
4.819224500E1,5.315147095E0,1.106783432E1,-1.487606506E0,1.236772891E1
4.820219800E1,4.481979675E0,1.072729248E1,-1.968706055E0,1.179146934E1
4.821215000E1,3.428470459E0,1.024289978E1,-1.405128021E0,1.089246484E1
4.822210300E1,2.611619110E0,1.011207184E1,2.486329651E-1,1.044683539E1
4.823205600E1,2.039209442E0,1.018032990E1,6.985972595E-1,1.040603335E1
4.824200800E1,1.302591248E0,9.778116302E0,3.564088440E-1,9.870933575E0
4.825196100E1,4.736151123E-1,9.329199829E0,-5.957611084E-2,9.341404072E0
4.826191400E1,-4.613406372E-1,8.590785370E0,-7.288343811E-1,8.633981006E0
4.827186600E1,-1.247505798E0,7.698790283E0,-1.059646454E0,7.870863558E0
4.828181900E1,-1.537003784E0,6.987619171E0,-8.472381592E-1,7.204652303E0
4.829177200E1,-1.299597473E0,6.641987915E0,-5.300477600E-1,6.788660227E0
4.830172400E1,-6.289920044E-1,6.407425690E0,-6.659651184E-1,6.472576338E0
4.831167700E1,4.575984192E-1,6.201004944E0,-6.533912659E-1,6.252101948E0
4.832162900E1,1.726809082E0,6.132746887E0,-2.950364685E-1,6.378048330E0
4.833158200E1,2.800226898E0,6.024372253E0,-1.853146362E-1,6.645951643E0
4.834153500E1,3.553460541E0,5.645210724E0,-5.789959717E-1,6.695574827E0
4.835148700E1,3.766916656E0,5.190157013E0,-1.032103729E0,6.495585349E0
4.836144000E1,3.564387817E0,4.878505096E0,-1.284778290E0,6.176999898E0
4.837139300E1,3.103346558E0,4.786895599E0,-9.315129089E-1,5.780384558E0
4.838134500E1,2.337089996E0,5.126988373E0,-5.325924683E-1,5.659651417E0
4.839129800E1,1.276395721E0,5.543123016E0,-5.730084229E-1,5.716969255E0
4.840125100E1,3.131488037E-1,5.915997620E0,-4.596940613E-1,5.942087902E0
4.841120300E1,-2.017803955E-1,6.250551910E0,-2.077679443E-1,6.257258348E0
4.842115600E1,-1.398092651E-1,6.630461884E0,-1.059796143E-1,6.632782455E0
4.843110900E1,-1.540296936E-1,6.616391144E0,-3.920347595E-1,6.629784926E0
4.844106100E1,-4.475692749E-1,6.529122620E0,-4.011657715E-1,6.556728942E0
4.845101400E1,-1.072070618E0,6.240971832E0,-6.924600220E-1,6.370130745E0
4.846096600E1,-1.501677246E0,5.686524811E0,-1.034349060E-1,5.882371780E0
4.847091900E1,-1.303788757E0,5.253475342E0,-3.367996216E-2,5.412947684E0
4.848087200E1,-9.321116638E-1,4.967420197E0,-4.342469788E-1,5.072737525E0
4.849082400E1,-3.095562744E-1,4.917873230E0,-4.529580688E-1,4.948380867E0
4.850077700E1,2.375559998E-1,5.127437439E0,-5.230123901E-1,5.159514464E0
4.851073000E1,5.346881104E-1,5.211263123E0,6.586303711E-2,5.239035469E0
4.852068200E1,4.704716492E-1,5.207820282E0,7.294331360E-1,5.279659872E0
4.853063500E1,3.758683777E-1,5.475763092E0,9.211843872E-1,5.565414554E0
4.854058800E1,6.032455444E-1,6.469995575E0,1.037791901E0,6.580407279E0
4.855054000E1,1.042881317E0,7.883955231E0,4.454736328E-1,7.965098761E0
4.856049300E1,7.641609192E-1,1.006686584E1,-2.290237427E-1,1.009842471E1
4.857044500E1,8.373587036E-1,1.271785309E1,1.785936127E0,1.286990772E1
4.858039800E1,1.748513947E0,1.501228180E1,4.412673798E0,1.574476408E1
4.859035100E1,3.132984924E0,1.627385834E1,6.595734100E0,1.783697755E1
4.860030300E1,4.677622833E0,1.618344635E1,6.836882629E0,1.818040305E1
4.861025600E1,4.857099609E0,1.453746918E1,5.336702271E0,1.622990505E1
4.862020900E1,3.103795624E0,1.180714691E1,2.915038147E0,1.255148250E1
4.863016100E1,8.285270691E-1,9.461374969E0,1.246757355E0,9.579064533E0
4.864011400E1,-1.480122070E0,7.226522369E0,1.001267853E0,7.444187277E0
4.865006600E1,-2.746338959E0,5.752986603E0,4.492158508E-1,6.390698507E0
4.866001900E1,-2.148033142E0,5.900280304E0,-5.019062805E-1,6.299147876E0
4.866997200E1,2.242337036E-1,7.537874908E0,-1.244961090E0,7.643282476E0
4.867992400E1,2.730471954E0,8.759634247E0,-1.254840546E0,9.260739389E0
4.868987700E1,4.849615173E0,9.197623444E0,8.756790161E-2,1.039820718E1
4.869983000E1,6.605613556E0,8.811276855E0,2.163900146E0,1.122297617E1
4.870978200E1,7.787406006E0,8.036637726E0,3.368594971E0,1.168668774E1
4.871973500E1,8.104297028E0,7.582182770E0,3.875141602E0,1.175524769E1
4.872968800E1,7.502398682E0,8.372838593E0,4.311184845E0,1.204062817E1
4.873964000E1,5.933960266E0,9.975705414E0,4.208348694E0,1.234652913E1
4.874959300E1,4.409829712E0,1.156315430E1,3.648512878E0,1.290212314E1
4.875954500E1,2.946772156E0,1.311422882E1,3.535797272E0,1.389850086E1
4.876949800E1,1.934427338E0,1.414004562E1,3.812422028E0,1.477218539E1
4.877945100E1,1.507515106E0,1.397374146E1,4.726720734E0,1.482834923E1
4.878940300E1,1.701062622E0,1.316362610E1,5.473068695E0,1.435719844E1
4.879935600E1,2.287093964E0,1.225546463E1,5.783074036E0,1.374304033E1
4.880930900E1,3.159479828E0,1.188932602E1,5.851182404E0,1.362258131E1
4.881926100E1,4.231101379E0,1.182002014E1,5.231022034E0,1.360068699E1
4.882921400E1,4.947960663E0,1.151690048E1,4.375251617E0,1.327645051E1
4.883916700E1,5.380261688E0,1.118369339E1,3.754492493E0,1.296604903E1
4.884911900E1,5.814209290E0,1.096948883E1,3.698209534E0,1.295420660E1
4.885907200E1,6.326294403E0,1.062670166E1,3.303031311E0,1.280073454E1
4.886902400E1,6.794969788E0,1.016027161E1,3.241060181E0,1.264544205E1
4.887897700E1,6.963968353E0,9.524244232E0,3.154689789E0,1.221311390E1
4.888893000E1,6.823260956E0,8.778495026E0,3.240760803E0,1.158107921E1
4.889888200E1,6.462211761E0,8.461753693E0,3.462599487E0,1.119602839E1
4.890883500E1,6.166426849E0,8.200995941E0,2.805316315E0,1.063724373E1
4.891878800E1,6.009702759E0,7.968229980E0,1.991907806E0,1.017727434E1
4.892874000E1,5.909561005E0,7.886350250E0,1.710193634E0,1.000210947E1
4.893869300E1,5.905968475E0,7.766898651E0,8.963360596E-1,9.798397656E0
4.894864600E1,6.000422058E0,7.456743622E0,-3.775149536E-1,9.578653760E0
4.895859800E1,6.206842804E0,7.244934082E0,-5.514532471E-1,9.556048772E0
4.896855100E1,6.453380127E0,7.276967468E0,-3.820056152E-1,9.733771052E0
4.897850300E1,6.572981415E0,7.420369263E0,-2.053729248E-1,9.915046279E0
4.898845600E1,6.676116943E0,7.712112579E0,7.259902954E-2,1.020061216E1
4.899840900E1,6.619235229E0,7.866142273E0,2.163002014E-1,1.028286220E1
4.900836100E1,6.469097443E0,8.076604614E0,3.249742126E-1,1.035308515E1
4.901831400E1,6.281387787E0,8.197553101E0,6.605763245E-1,1.034852987E1
4.902826700E1,5.924829254E0,8.177494812E0,8.872050476E-1,1.013716705E1
4.903821900E1,5.392386475E0,8.112380219E0,1.224453735E0,9.817730474E0
4.904817200E1,4.923561401E0,8.302035828E0,1.672472076E0,9.796040966E0
4.905812500E1,4.371060333E0,8.561895447E0,1.677262115E0,9.758351822E0
4.906807779E1,3.692221985E0,8.646469574E0,1.774110718E0,9.567727427E0
4.907803079E1,3.253933411E0,8.531658325E0,1.956431580E0,9.338356437E0
4.908798279E1,3.184178467E0,8.238268433E0,2.122436371E0,9.083655400E0
4.909793579E1,3.450474701E0,8.192912750E0,2.302362213E0,9.183162133E0
4.910788879E1,3.918251953E0,8.407566376E0,2.206112366E0,9.534505887E0
4.911784079E1,4.205205231E0,8.715775452E0,1.975891113E0,9.876873921E0
4.912779379E1,4.406536560E0,9.133257294E0,1.480122070E0,1.024815664E1
4.913774679E1,4.593198395E0,9.045390015E0,5.447172546E-1,1.015939314E1
4.914769879E1,4.764292603E0,8.662186890E0,8.936416626E-2,9.886351788E0
4.915765179E1,5.020859070E0,8.500822449E0,-6.915618896E-2,9.873084153E0
4.916760379E1,5.458548889E0,8.355025635E0,1.826202393E-2,9.980107356E0
4.917755679E1,5.988896027E0,8.186326447E0,5.068460083E-1,1.015577221E1
4.918750979E1,6.490802307E0,8.248596954E0,1.162183228E0,1.056032841E1
4.919746179E1,6.646029510E0,8.486751709E0,1.318607941E0,1.085971407E1
4.920741479E1,6.362818451E0,8.588839417E0,1.344354401E0,1.077315692E1
4.921736779E1,5.796096954E0,8.556656342E0,1.489702148E0,1.044175848E1
4.922731979E1,5.179529114E0,8.599766693E0,1.489851837E0,1.014904762E1
4.923727279E1,4.704566803E0,8.808582458E0,8.849597168E-1,1.002532929E1
4.924722579E1,4.434079285E0,9.068591766E0,2.570155334E-1,1.009784495E1
4.925717779E1,4.452790375E0,9.314680023E0,-4.640350342E-3,1.032427371E1
4.926713079E1,4.683760071E0,9.558073883E0,-1.315763855E-1,1.064479671E1
4.927708279E1,5.010081482E0,9.512568512E0,-6.900650024E-2,1.075149469E1
4.928703579E1,5.396727448E0,9.199719086E0,4.102967834E-1,1.067369860E1
4.929698879E1,5.639073486E0,9.018595734E0,1.211580505E0,1.070523919E1
4.930694079E1,5.554050293E0,8.939111023E0,1.147513733E0,1.058640488E1
4.931689379E1,5.396577759E0,9.023086395E0,3.165916443E-1,1.051852508E1
4.932684679E1,5.218747559E0,9.037306824E0,-2.799179077E-1,1.043966449E1
4.933679879E1,5.061275024E0,8.954229584E0,-8.226892090E-1,1.031850521E1
4.934675179E1,4.733756104E0,8.723259888E0,-1.038839722E0,9.979123102E0
4.935670479E1,4.500690765E0,8.533304901E0,-1.110241241E0,9.711135130E0
4.936665679E1,4.518653412E0,8.491392059E0,-1.037642212E0,9.674640516E0
4.937660979E1,4.617597656E0,8.459508362E0,-9.273216248E-1,9.682221606E0
4.938656179E1,4.864284668E0,8.480764160E0,-6.001020813E-1,9.795139028E0
4.939651479E1,5.151088257E0,8.483757935E0,-2.112107849E-1,9.927359615E0
4.940646779E1,5.246589661E0,8.510103149E0,-8.996292114E-2,9.997832365E0
4.941641979E1,5.178780670E0,8.393944702E0,-2.058219910E-1,9.865112244E0
4.942637279E1,5.023703156E0,8.329728241E0,-1.399589539E-1,9.728389100E0
4.943632579E1,4.802014160E0,8.274343414E0,7.828720093E-2,9.567143138E0
4.944627779E1,4.716092834E0,8.081843719E0,4.655319214E-2,9.357344534E0
4.945623079E1,4.636159058E0,8.031697998E0,-3.562591553E-2,9.273802497E0
4.946618279E1,4.557871857E0,8.090076599E0,2.290237427E-2,9.285691130E0
4.947613579E1,4.781806183E0,7.985593872E0,6.137237549E-3,9.307814863E0
4.948608879E1,4.923112335E0,7.968679047E0,-1.685494995E-1,9.368313068E0
4.949604079E1,5.112019501E0,8.060587921E0,-2.903961182E-1,9.549353429E0
4.950599379E1,5.390290833E0,8.166866913E0,-5.480104065E-1,9.800676805E0
4.951594679E1,5.630990295E0,8.366851044E0,-9.135502625E-1,1.012654048E1
4.952589879E1,5.872737579E0,8.452023926E0,-1.140178986E0,1.035498736E1
4.953585179E1,5.907764740E0,8.533903656E0,-1.124461670E0,1.044000047E1
4.954580479E1,5.878126373E0,8.569379883E0,-1.019679565E0,1.044157017E1
4.955575679E1,5.807323608E0,8.614286499E0,-7.605683899E-1,1.041678471E1
4.956570979E1,5.708079987E0,8.762628021E0,-5.379812622E-1,1.047164031E1
4.957566179E1,5.661676483E0,8.815168762E0,-1.868115234E-1,1.047839107E1
4.958561479E1,5.629792786E0,8.706045685E0,5.613327026E-2,1.036788065E1
4.959556779E1,5.512586517E0,8.474477234E0,2.398013306E-1,1.011251102E1
4.960551979E1,5.514981537E0,8.384514313E0,3.065625000E-1,1.004037261E1
4.961547279E1,5.338199158E0,8.298892365E0,1.386117554E-1,9.868495222E0
4.962542579E1,4.908143463E0,8.256530457E0,1.522334290E-1,9.606421938E0
4.963537779E1,4.549489288E0,8.356073456E0,3.429368591E-1,9.520473837E0
4.964533079E1,4.384532318E0,8.288264465E0,2.342628479E-1,9.379463235E0
4.965528279E1,4.301305389E0,8.164471893E0,2.312690735E-1,9.231105824E0
4.966523579E1,4.384981384E0,8.124505005E0,7.108717346E-1,9.259642646E0
4.967518879E1,4.377946014E0,7.993377686E0,6.372248840E-1,9.136003157E0
4.968514079E1,4.503684540E0,8.049510956E0,2.547702026E-1,9.227280689E0
4.969509379E1,4.424798584E0,8.114775238E0,3.713777161E-1,9.250207624E0
4.970504679E1,4.353397064E0,8.366551666E0,1.890568542E-1,9.433291858E0
4.971499879E1,4.442611542E0,8.691525879E0,2.674937439E-1,9.764782246E0
4.972495179E1,4.688101044E0,9.035211182E0,1.032852173E-1,1.017958743E1
4.973490479E1,4.971162415E0,9.459878082E0,9.071136475E-2,1.068690683E1
4.974485679E1,5.372178497E0,1.001806732E1,2.067201233E-1,1.136946383E1
4.975480979E1,5.801934814E0,1.049811905E1,3.945794678E-1,1.200119345E1
4.976476179E1,6.025420074E0,1.085527634E1,3.115022278E-1,1.241932949E1
4.977471479E1,5.802383881E0,1.088356750E1,-1.227447510E-1,1.233429230E1
4.978466779E1,4.680317230E0,1.049482590E1,-1.679507446E-1,1.149238650E1
4.979461979E1,3.662733307E0,1.006147705E1,-2.432441711E-1,1.071018690E1
4.980457279E1,3.045267334E0,9.629924469E0,-6.183641052E-1,1.011886716E1
4.981452579E1,3.142565002E0,9.217532043E0,-6.647676086E-1,9.761174506E0
4.982447779E1,3.967499542E0,8.839118958E0,-1.002914429E-2,9.688713906E0
4.983443079E1,4.925058289E0,8.345445557E0,1.147962799E0,9.758098138E0
4.984438279E1,5.406008148E0,7.850574646E0,2.244732056E0,9.792612949E0
4.985433579E1,5.888155518E0,7.943381653E0,2.969225464E0,1.032395212E1
4.986428879E1,6.213279419E0,8.627608795E0,2.808459778E0,1.099672319E1
4.987424079E1,6.412664795E0,9.476792908E0,2.018253021E0,1.161917462E1
4.988419379E1,6.487509155E0,1.007599686E1,8.677455139E-1,1.201525988E1
4.989414679E1,6.136638794E0,1.014440460E1,-4.237687683E-1,1.186367820E1
4.990409879E1,5.596561890E0,9.942474518E0,-1.467398529E0,1.150337181E1
4.991405179E1,4.841531982E0,9.460476837E0,-2.122436371E0,1.083724089E1
4.992400379E1,4.247118073E0,8.804690552E0,-2.291434937E0,1.004048115E1
4.993395679E1,4.192781067E0,8.247549133E0,-1.882635040E0,9.441705062E0
4.994390979E1,4.549189911E0,7.904761963E0,-1.204694824E0,9.199547823E0
4.995386179E1,4.821324005E0,7.917934570E0,-8.164022827E-1,9.306200391E0
4.996381479E1,4.651726685E0,8.082442474E0,-7.232958984E-1,9.353480339E0
4.997376779E1,4.297862549E0,8.262368317E0,-3.782633972E-1,9.321021183E0
4.998371979E1,3.843108215E0,8.395890656E0,-2.883004761E-1,9.238158789E0
4.999367279E1,3.424279175E0,8.665030975E0,-5.126838684E-1,9.331200052E0
5.000362579E1,3.104095001E0,9.103768616E0,-7.869136047E-1,9.650556554E0
5.001357779E1,2.974763947E0,9.514813843E0,-8.860075378E-1,1.000829218E1
5.002353079E1,3.208278351E0,9.877509613E0,-5.996530151E-1,1.040277991E1
5.003348279E1,3.539988556E0,9.924661560E0,-2.636018372E-1,1.054039430E1
5.004343579E1,3.720662842E0,9.647737427E0,-2.398013306E-1,1.034309790E1
5.005338879E1,3.384312286E0,9.240883484E0,-1.100212097E-1,9.841727586E0
5.006334079E1,3.364703064E0,9.071884918E0,3.659889221E-1,9.682678894E0
5.007329437E1,3.409160614E0,9.016799469E0,4.541555786E-1,9.650456261E0
5.008324737E1,3.314707031E0,8.932973785E0,5.384303284E-1,9.543333305E0
5.009319937E1,3.376229095E0,8.943302307E0,2.975811768E-1,9.564001967E0
5.010315237E1,3.423381042E0,8.849597168E0,8.921447754E-2,9.489092002E0
5.011310437E1,3.516786804E0,8.896749115E0,-2.706372070E-1,9.570432526E0
5.012305737E1,3.660188599E0,8.903335419E0,-3.981719971E-1,9.634568132E0
5.013301037E1,3.550017700E0,8.774154053E0,-2.025288391E-1,9.467281708E0
5.014296237E1,3.543431396E0,8.653055878E0,2.071691895E-1,9.352764359E0
5.015291537E1,3.676055603E0,8.616232452E0,6.215075684E-1,9.388243613E0
5.016286837E1,3.874243469E0,8.888516235E0,8.074209595E-1,9.729717978E0
5.017282037E1,3.919150085E0,9.091045074E0,7.375163269E-1,9.927273960E0
5.018277337E1,4.070186005E0,9.377848663E0,8.749305725E-1,1.026040755E1
5.019272637E1,4.356241150E0,9.845176849E0,1.175505524E0,1.082987338E1
5.020267838E1,4.719535675E0,1.040127045E1,1.178199921E0,1.148253452E1
5.021263138E1,5.061574402E0,1.083731369E1,8.113128662E-1,1.198854170E1
5.022258338E1,5.303621063E0,1.103894440E1,6.054908752E-1,1.226186401E1
5.023253638E1,5.426216125E0,1.094284424E1,1.417552185E-1,1.221514453E1
5.024248938E1,5.058730316E0,1.074884766E1,-2.375559998E-1,1.188212570E1
5.025244138E1,4.385131073E0,1.038749908E1,-4.269122314E-1,1.128325156E1
5.026239438E1,4.259691925E0,1.015952316E1,-1.091230774E-1,1.101693215E1
5.027234738E1,4.126618652E0,1.001357666E1,2.642005920E-1,1.083376670E1
5.028229938E1,4.087699585E0,9.708511047E0,5.427713013E-1,1.054794176E1
5.029225238E1,4.145629120E0,9.300908661E0,7.917036438E-1,1.021371320E1
5.030220438E1,4.098028107E0,9.067543945E0,8.421487427E-1,9.986160527E0
5.031215738E1,4.098776550E0,8.930878143E0,8.295748901E-1,9.861477989E0
5.032211038E1,3.861220551E0,8.890761566E0,9.479786682E-1,9.739267371E0
5.033206238E1,3.522175598E0,8.816216583E0,1.192270660E0,9.568328230E0
5.034201538E1,3.285667419E0,8.758885803E0,1.549278259E0,9.482296875E0
5.035196838E1,3.198099518E0,8.786578217E0,1.664538574E0,9.497498931E0
5.036192038E1,3.190465393E0,8.923693085E0,2.014810181E0,9.688695875E0
5.037187338E1,3.294349365E0,9.285041656E0,2.383493500E0,1.013635919E1
5.038182538E1,3.260070648E0,9.832602997E0,2.472707977E0,1.064999658E1
5.039177838E1,3.318449249E0,1.030561935E1,2.845881958E0,1.119450489E1
5.040173138E1,3.351380768E0,1.106484055E1,3.338507538E0,1.203362298E1
5.041168338E1,3.290307770E0,1.163560364E1,3.017425232E0,1.246267436E1
5.042163638E1,3.532504120E0,1.164787811E1,2.780467987E0,1.248529744E1
5.043158938E1,3.594026184E0,1.186477707E1,3.700155487E0,1.293758516E1
5.044154138E1,3.682791595E0,1.255214767E1,4.326303406E0,1.377810823E1
5.045149438E1,3.597618713E0,1.313533493E1,3.565435638E0,1.407807570E1
5.046144638E1,3.261268158E0,1.328307770E1,3.462749176E0,1.410909830E1
5.047139938E1,3.141816559E0,1.306812469E1,3.817511444E0,1.397212539E1
5.048135238E1,3.213068390E0,1.304402481E1,3.895199890E0,1.398724326E1
5.049130437E1,3.203488312E0,1.308608734E1,3.891457672E0,1.402324720E1
5.050125737E1,2.976260834E0,1.264300873E1,3.534001007E0,1.346079349E1
5.051121037E1,2.827769623E0,1.210442871E1,3.079246674E0,1.280606245E1
5.052116237E1,2.683320007E0,1.141092087E1,2.623444519E0,1.201215145E1
5.053111537E1,2.598895569E0,1.039902512E1,2.072739716E0,1.091742788E1
5.054106737E1,2.386786652E0,9.718689880E0,1.840273132E0,1.017527831E1
5.055102037E1,2.183509369E0,9.221873016E0,1.555565186E0,9.603667952E0
5.056097337E1,1.903292084E0,8.660690002E0,1.276545410E0,8.958774484E0
5.057092537E1,1.588646393E0,7.836803284E0,1.024918671E0,8.061621509E0
5.058087837E1,1.094972992E0,7.150480499E0,1.105600891E0,7.317833734E0
5.059083137E1,4.644841003E-1,7.097341003E0,1.365759888E0,7.242464696E0
5.060078337E1,-1.260379028E-1,7.582332458E0,1.194665680E0,7.676905441E0
5.061073637E1,-5.668711853E-1,8.289162598E0,1.009949799E0,8.369680884E0
5.062068837E1,-8.593629456E-1,8.984616394E0,8.755293274E-1,9.067986988E0
5.063064137E1,-9.086105347E-1,9.519603882E0,8.442443848E-1,9.600061445E0
5.064059437E1,-6.938072205E-1,9.859546967E0,8.143066406E-1,9.917415497E0
5.065054637E1,-2.218386841E-1,9.887089691E0,6.622229004E-1,9.911725084E0
5.066049937E1,3.091072083E-1,9.742789764E0,5.724096680E-1,9.764484241E0
5.067045237E1,9.195378113E-1,9.654772797E0,4.026626587E-1,9.706818467E0
5.068040437E1,1.327289886E0,9.540410614E0,1.547781372E-1,9.633539817E0
5.069035737E1,1.358874207E0,9.210945740E0,-1.582209778E-1,9.311986598E0
5.070031037E1,9.891430664E-1,8.752149811E0,-5.454656982E-1,8.824741534E0
5.071026237E1,6.810836792E-1,8.493038635E0,-7.044351196E-1,8.549374777E0
5.072021537E1,5.641767883E-1,8.398734741E0,-6.486012268E-1,8.442613591E0
5.073016738E1,5.352868652E-1,8.481362915E0,-6.138734436E-1,8.520380832E0
5.074012038E1,5.614823914E-1,8.953181763E0,-5.108876038E-1,8.985306466E0
5.075007338E1,7.167095947E-1,9.629475403E0,-5.893244934E-1,9.674077348E0
5.076002538E1,8.029302979E-1,1.028271698E1,-7.048841858E-1,1.033807657E1
5.076997838E1,8.315208435E-1,1.111004654E1,-5.343887329E-2,1.114124844E1
5.077993138E1,7.203021240E-1,1.184935913E1,2.902464294E-1,1.187477957E1
5.078988338E1,3.993695068E-1,1.237192245E1,-2.245330811E-1,1.238040291E1
5.079983638E1,1.646575928E-3,1.262235168E1,3.245251465E-1,1.262652293E1
5.080978838E1,-2.980302429E-1,1.285107605E1,9.163943481E-1,1.288715470E1
5.081974138E1,-5.161267090E-1,1.271710464E1,1.437161407E0,1.280845698E1
5.082969438E1,-4.710704041E-1,1.229558121E1,1.725910950E0,1.242505506E1
5.083964638E1,-1.360670471E-1,1.186702240E1,1.323996735E0,1.194142798E1
5.084959938E1,3.778143311E-1,1.144774429E1,7.545808411E-1,1.147880592E1
5.085955238E1,5.614823914E-1,1.102562210E1,3.082090759E-1,1.104421106E1
5.086950438E1,2.897973633E-1,1.062969543E1,3.052153015E-1,1.063802444E1
5.087945738E1,-1.170565796E-1,1.012599289E1,2.297721863E-1,1.012927586E1
5.088940938E1,-3.106040955E-1,9.394464111E0,2.489323425E-1,9.402893074E0
5.089936238E1,-2.213896179E-1,8.720864868E0,7.722441101E-1,8.757788441E0
5.090931538E1,-1.947450256E-1,8.097111969E0,1.358125763E0,8.212530271E0
5.091926738E1,-4.460723877E-1,7.606432343E0,1.504820709E0,7.766677470E0
5.092922038E1,-8.629554749E-1,7.441325684E0,1.388512573E0,7.618791718E0
5.093917338E1,-1.308878174E0,7.610773315E0,1.259630585E0,7.824557607E0
5.094912538E1,-1.671124878E0,7.872279510E0,1.279688873E0,8.148806456E0
5.095907838E1,-2.006277924E0,8.223898315E0,1.530267792E0,8.602288889E0
5.096903038E1,-2.322270813E0,8.564739532E0,1.851799164E0,9.065145621E0
5.097898338E1,-2.692750397E0,8.710686035E0,2.055675201E0,9.346269653E0
5.098893638E1,-2.906056824E0,8.857380981E0,1.961221619E0,9.526004112E0
5.099888838E1,-2.756966858E0,8.936266937E0,1.793270874E0,9.522266193E0
5.100884138E1,-2.278561707E0,8.901688843E0,1.670526123E0,9.339302181E0
5.101879438E1,-1.638343048E0,8.757688293E0,1.364712067E0,9.013529343E0
5.102874637E1,-8.551716614E-1,8.544232178E0,1.012644196E0,8.646425293E0
5.103869937E1,-2.230361938E-1,8.291557617E0,7.848179626E-1,8.331603213E0
5.104865137E1,5.538482666E-2,8.031548309E0,8.551716614E-1,8.077137754E0
5.105860437E1,-3.203338623E-2,7.899223480E0,1.053359528E0,7.969211004E0
5.106855675E1,-2.709365845E-1,7.978259125E0,9.836045837E-1,8.043227168E0
5.107850875E1,-5.616320801E-1,8.183182983E0,6.295907593E-1,8.226560573E0
5.108846175E1,-7.967930603E-1,8.474028168E0,2.424957275E-1,8.514859761E0
5.109841475E1,-1.006357269E0,8.834328918E0,2.335144043E-2,8.891494120E0
5.110836675E1,-1.289268951E0,9.149273987E0,-2.053729248E-1,9.241948223E0
5.111831975E1,-1.559307404E0,9.307944031E0,-4.520599365E-1,9.448471826E0
5.112827175E1,-1.696871338E0,9.374705200E0,-3.445834351E-1,9.533268467E0
5.113822475E1,-1.561852112E0,9.539063416E0,4.150868225E-1,9.674988886E0
5.114817775E1,-1.384620667E0,9.621541901E0,6.734495544E-1,9.743961065E0
5.115812975E1,-1.296454010E0,9.725575562E0,4.170327759E-1,9.820464823E0
5.116808275E1,-1.330583038E0,9.851014709E0,6.179150391E-1,9.959656672E0
5.117803575E1,-1.116079102E0,9.989626465E0,9.208850098E-1,1.009387431E1
5.118798775E1,-1.340163116E0,9.963880005E0,1.383273468E0,1.014831944E1
5.119794075E1,-1.719773712E0,9.911788330E0,1.017284546E0,1.011118378E1
5.120789275E1,-1.842518463E0,9.735305328E0,1.944456482E-1,9.910038004E0
5.121784575E1,-1.834435272E0,9.586963806E0,-3.365002441E-1,9.766691364E0
5.122779875E1,-1.875000916E0,9.525741119E0,-4.480183411E-1,9.718852439E0
5.123775075E1,-2.041754150E0,9.408834229E0,-3.995191956E-1,9.636105912E0
5.124770375E1,-2.257904663E0,9.262288971E0,-6.219566345E-1,9.553792990E0
5.125765675E1,-2.339335327E0,8.971892853E0,-6.756948853E-1,9.296446349E0
5.126760875E1,-2.401306458E0,8.596323853E0,-5.659730530E-1,8.943342886E0
5.127756175E1,-2.560425568E0,8.484656067E0,-5.930667114E-1,8.882392458E0
5.128751375E1,-2.848726044E0,8.466394043E0,-8.253836060E-1,8.970859839E0
5.129746675E1,-3.232378235E0,8.474028168E0,-1.038690033E0,9.128871750E0
5.130741975E1,-3.588936768E0,8.541837158E0,-1.133892059E0,9.334300207E0
5.131737175E1,-4.050127716E0,8.754095764E0,-9.951306152E-1,9.696804221E0
5.132732475E1,-4.338877258E0,9.050180054E0,-9.671388245E-1,1.008300413E1
5.133727775E1,-4.356540527E0,9.355694733E0,-9.219328308E-1,1.036139129E1
5.134722975E1,-4.162244568E0,9.451046448E0,-7.295828247E-1,1.035272186E1
5.135718275E1,-3.942351837E0,9.333840179E0,-7.339237976E-1,1.015880675E1
5.136713475E1,-3.800147552E0,9.097631378E0,-6.179150391E-1,9.878756861E0
5.137708775E1,-3.672762451E0,8.763077087E0,-3.058140564E-1,9.506535978E0
5.138704075E1,-3.478017426E0,8.350834351E0,2.396516418E-1,9.049335471E0
5.139699275E1,-3.326831818E0,8.143814850E0,7.195536804E-1,8.826510508E0
5.140694575E1,-3.153941345E0,7.913743286E0,5.177732849E-1,8.534797478E0
5.141689775E1,-2.863395538E0,7.748187561E0,6.316864014E-2,8.260595303E0
5.142685075E1,-2.471959534E0,7.691904602E0,-3.137475586E-1,8.085444816E0
5.143680375E1,-1.840722198E0,7.737110596E0,-5.258564758E-1,7.970424306E0
5.144675575E1,-9.818083191E-1,7.689060516E0,-8.047265625E-1,7.793149815E0
5.145670875E1,1.317260742E-2,7.710016937E0,6.122268677E-2,7.710271260E0
5.146666175E1,4.873864746E-1,8.293204193E0,-4.912783813E-1,8.322027146E0
5.147661375E1,3.097059631E-1,9.180259552E0,-1.753902740E0,9.351430802E0
5.148656675E1,3.640429688E-1,1.016356476E1,-2.353555756E0,1.043886012E1
5.149651875E1,9.979747009E-1,1.084300186E1,-2.452200623E0,1.116153801E1
5.150647175E1,1.791624298E0,1.140493332E1,-1.976789246E0,1.171281851E1
5.151642475E1,2.420167236E0,1.141601028E1,-1.496438141E0,1.176528059E1
5.152637675E1,2.603835297E0,1.131137787E1,-1.495989075E0,1.170321370E1
5.153632975E1,2.394869843E0,1.130598907E1,-1.445693665E0,1.164692323E1
5.154628275E1,2.156266022E0,1.140358612E1,-1.052910461E0,1.165332056E1
5.155623475E1,2.085014191E0,1.146076721E1,-5.019062805E-1,1.165969036E1
5.156618775E1,1.950294342E0,1.109822113E1,-5.870791626E-1,1.128356425E1
5.157613975E1,2.027982788E0,1.077474380E1,-1.023122406E0,1.101156654E1
5.158609275E1,2.281705170E0,1.054976166E1,-1.185983734E0,1.085864664E1
5.159604575E1,2.447111206E0,1.047806076E1,-1.177750854E0,1.082428786E1
5.160599775E1,2.487676849E0,1.062475571E1,-1.026415558E0,1.096026910E1
5.161595075E1,2.549348602E0,1.082952988E1,-1.287472687E0,1.119979828E1
5.162590375E1,2.645299072E0,1.087234085E1,-1.860331421E0,1.134311402E1
5.163585575E1,2.862198029E0,1.056532928E1,-2.339185638E0,1.119330826E1
5.164580875E1,3.148253174E0,1.009380981E1,-2.435285797E0,1.085021251E1
5.165576075E1,3.382665710E0,9.765392761E0,-2.502196655E0,1.063326437E1
5.166571375E1,3.506607971E0,9.407187653E0,-2.931503906E0,1.045873769E1
5.167566675E1,3.590583344E0,8.818162537E0,-3.203338623E0,1.004557901E1
5.168561875E1,3.658841400E0,8.265212402E0,-3.206182709E0,9.590644609E0
5.169557175E1,3.655997314E0,7.752378845E0,-3.302282867E0,9.185356077E0
5.170552475E1,3.675606537E0,7.296427002E0,-3.238365784E0,8.788341331E0
5.171547675E1,3.628005524E0,6.942562866E0,-3.149600372E0,8.442842278E0
5.172542975E1,3.446582794E0,6.834637299E0,-2.894830170E0,8.183595889E0
5.173538175E1,3.059637451E0,6.960226135E0,-2.622995453E0,8.042775288E0
5.174533475E1,2.556084595E0,7.192992096E0,-2.896027679E0,8.164537958E0
5.175528775E1,2.155667267E0,7.451654205E0,-2.876717834E0,8.273424760E0
5.176523975E1,1.634151764E0,8.080197144E0,-2.800226898E0,8.706394693E0
5.177519275E1,1.511556702E0,8.209378510E0,-2.500550079E0,8.713865381E0
5.178514575E1,1.131347351E0,9.102421417E0,-2.935395813E0,9.630709790E0
5.179509775E1,2.212099915E0,1.005159760E1,-2.066303101E0,1.049750488E1
5.180505075E1,1.420545959E0,7.561376038E0,-3.069516907E0,8.283374460E0
5.181500275E1,5.373825073E-2,6.646179199E0,-3.209625549E0,7.380804964E0
5.182495575E1,9.092092896E-1,7.518864441E0,-2.440973969E0,7.957282069E0
5.183490875E1,8.997789001E-1,8.396339722E0,-2.890489197E0,8.925415990E0
5.184486075E1,9.373507690E-1,9.026529236E0,-3.249293060E0,9.639230358E0
5.185481375E1,1.449735260E0,9.066196747E0,-3.512445831E0,9.830306785E0
5.186476575E1,1.809287567E0,8.846902771E0,-3.583697662E0,9.715147918E0
5.187471875E1,2.437531128E0,8.561147003E0,-3.130140839E0,9.435707588E0
5.188467175E1,2.278711395E0,8.459807739E0,-3.473377075E0,9.424713307E0
5.189462375E1,1.630110168E0,8.816366272E0,-3.582500153E0,9.655044316E0
5.190457675E1,9.011260986E-1,8.885672150E0,-3.273392944E0,9.512218414E0
5.191452975E1,8.361611938E-1,8.667725372E0,-3.132984924E0,9.254416416E0
5.192448175E1,5.911207581E-1,8.230334930E0,-3.253334656E0,8.869725092E0
5.193443475E1,4.763095093E-1,8.128097534E0,-3.353326721E0,8.805546001E0
5.194438675E1,6.086343384E-1,8.758436737E0,-3.215164032E0,9.349755590E0
5.195433975E1,8.093669128E-1,8.994196472E0,-3.101550293E0,9.548311851E0
5.196429275E1,1.418450317E0,8.797056427E0,-3.282523956E0,9.496060584E0
5.197424475E1,1.875150604E0,8.626411285E0,-3.305875397E0,9.426556826E0
5.198419775E1,2.236050110E0,8.742270355E0,-3.275488586E0,9.599793567E0
5.199415075E1,2.357447662E0,8.881630554E0,-3.341201935E0,9.777757982E0
5.200410275E1,2.420017548E0,8.963061218E0,-3.230581970E0,9.830036175E0
5.201405575E1,2.315385132E0,9.144933014E0,-3.149300995E0,9.945295616E0
5.202400775E1,2.234104156E0,9.373807068E0,-3.359913025E0,1.020531704E1
5.203396075E1,2.079775085E0,9.490713959E0,-3.416794739E0,1.029920396E1
5.204391375E1,1.829046478E0,9.693093109E0,-3.293900299E0,1.039957904E1
5.205386575E1,1.698817291E0,9.685159607E0,-3.189417572E0,1.033734401E1
5.206381875E1,1.883233795E0,9.630972290E0,-3.357068939E0,1.037169748E1
5.207377000E1,1.998344421E0,9.542206879E0,-3.466641083E0,1.034720701E1
5.208372300E1,1.925446014E0,9.513466644E0,-3.890260162E0,1.045693617E1
5.209367600E1,1.908830566E0,9.511371002E0,-4.040397949E0,1.050878813E1
5.210362800E1,2.041155396E0,9.502539368E0,-4.060605927E0,1.053342728E1
5.211358100E1,2.284399567E0,9.397008820E0,-4.200415192E0,1.054351668E1
5.212353400E1,2.612666931E0,9.302704926E0,-4.293222198E0,1.057346227E1
5.213348600E1,2.963537292E0,9.320667572E0,-4.067491608E0,1.059253913E1
5.214343900E1,2.702330475E0,9.057065735E0,-3.654051361E0,1.013336672E1
5.215339100E1,2.581082611E0,8.683143311E0,-3.148103485E0,9.590074074E0
5.216334400E1,3.225492554E0,9.190438385E0,-3.210972748E0,1.025564751E1
5.217329700E1,1.671873322E0,1.054078033E1,-4.026626587E0,1.140688091E1
5.218324900E1,5.722599792E-1,1.211550568E1,-4.230053558E0,1.284547829E1
5.219320200E1,6.406677246E-2,1.308219543E1,-4.876259766E0,1.396158484E1
5.220315500E1,-1.091230774E-1,1.230516129E1,-4.971761169E0,1.327205000E1
5.221310700E1,-1.540296936E-1,1.044587769E1,-3.826193390E0,1.112563893E1
5.222306000E1,-4.257147217E-1,1.014395554E1,-3.008892975E0,1.058935805E1
5.223301200E1,-4.231700134E-1,1.076576248E1,-2.439776459E0,1.104686489E1
5.224296500E1,-4.243675232E-1,1.132679581E1,-1.626966705E0,1.145091314E1
5.225291800E1,-6.855743408E-1,1.143367355E1,-1.816173248E0,1.159730091E1
5.226287000E1,-1.169817352E0,1.146166534E1,-1.659598846E0,1.164012515E1
5.227282300E1,-1.710043945E0,1.140433456E1,-1.271905060E0,1.160176020E1
5.228277600E1,-1.438658295E0,1.149250122E1,-1.189426575E0,1.164311202E1
5.229272800E1,-6.179150391E-1,1.106469086E1,-1.432371368E0,1.117411699E1
5.230268100E1,1.583706665E-1,1.049003586E1,-1.744172974E0,1.063522792E1
5.231263300E1,6.108796692E-1,1.002899460E1,-2.086062012E0,1.026184980E1
5.232258600E1,5.995033264E-1,9.555529175E0,-2.661615143E0,9.937390866E0
5.233253900E1,7.331753540E-1,9.471553802E0,-2.790497131E0,9.901250011E0
5.234249100E1,8.711883545E-1,9.330247650E0,-2.742896118E0,9.764014004E0
5.235244400E1,7.581733704E-1,9.043893127E0,-2.843187561E0,9.510549157E0
5.236239600E1,4.602928162E-1,8.786278839E0,-2.476899261E0,9.140327963E0
5.237234900E1,-5.897735596E-2,8.760083313E0,-2.218087463E0,9.036727836E0
5.238230200E1,-3.441343689E-1,9.058263245E0,-2.316582642E0,9.356127223E0
5.239225400E1,-3.309617615E-1,9.241631927E0,-2.551294556E0,9.593039158E0
5.240220700E1,-4.477189636E-1,8.912616119E0,-2.722089386E0,9.329788261E0
5.241216000E1,-6.242019653E-1,7.865094452E0,-2.856210480E0,8.390904429E0
5.242211200E1,-1.035696259E0,6.833739166E0,-2.814447327E0,7.462825972E0
5.243206500E1,-7.394622803E-1,6.801556091E0,-3.078498230E0,7.502341040E0
5.244201700E1,-1.128652954E-1,7.182813263E0,-3.221001892E0,7.872763056E0
5.245197000E1,1.818717957E-1,7.343129883E0,-3.324137421E0,8.062538274E0
5.246192300E1,3.620970154E-1,7.541168060E0,-3.508553925E0,8.325279611E0
5.247187500E1,3.546125793E-1,7.654781799E0,-3.790866852E0,8.549392140E0
5.248182800E1,4.414320374E-1,7.958350525E0,-4.038002930E0,8.935081028E0
5.249178000E1,6.132746887E-1,8.075556793E0,-4.044140167E0,9.052391566E0
5.250173300E1,8.029302979E-1,8.115074615E0,-4.143982544E0,9.147224956E0
5.251168600E1,7.063810730E-1,8.284821625E0,-4.159250793E0,9.297129166E0
5.252163800E1,6.590794373E-1,8.636739807E0,-4.201762390E0,9.627173385E0
5.253159100E1,1.022373962E0,9.067693634E0,-4.142186279E0,1.002127854E1
5.254154400E1,3.728746033E-1,9.323511658E0,-4.218677216E0,1.024031946E1
5.255149600E1,-4.406835938E-1,9.198371887E0,-4.233197021E0,1.013529498E1
5.256144900E1,-4.980143738E-1,9.070388031E0,-4.169729004E0,9.995328775E0
5.257140100E1,-4.047583008E-1,9.108708344E0,-4.109254761E0,1.000091854E1
5.258135400E1,-2.573149109E-1,9.145531769E0,-4.193230133E0,1.006430034E1
5.259130700E1,2.170486450E-1,8.899144135E0,-4.108356628E0,9.804104785E0
5.260125900E1,4.474195862E-1,9.046587524E0,-3.962859192E0,9.886616362E0
5.261121200E1,7.918533325E-2,8.961714020E0,-3.733386383E0,9.708592193E0
5.262116500E1,-9.834548950E-2,8.333769836E0,-3.687431946E0,9.113646135E0
5.263111700E1,-1.053808594E-1,8.059390411E0,-3.884422302E0,8.947268608E0
5.264107000E1,-3.170407104E-1,8.071365509E0,-4.167783051E0,9.089437362E0
5.265102200E1,-2.194436646E-1,8.598120117E0,-3.800446930E0,9.403149575E0
5.266097500E1,2.125579834E-2,9.349407806E0,-3.265758820E0,9.903386229E0
5.267092800E1,-8.921447754E-2,1.004815475E1,-3.382815399E0,1.060267953E1
5.268088000E1,-1.721420288E-1,1.037372772E1,-4.078568573E0,1.114803038E1
5.269083300E1,-5.493576050E-2,1.025801834E1,-4.481680298E0,1.119443686E1
5.270078500E1,8.173004150E-2,9.948312378E0,-4.558769989E0,1.094339905E1
5.271073800E1,5.631289673E-1,9.349407806E0,-4.683460693E0,1.047202677E1
5.272069100E1,-7.803273010E-1,8.678952026E0,-4.128414917E0,9.642454496E0
5.273064300E1,-1.507814484E0,8.548722839E0,-4.233047333E0,9.657787346E0
5.274059600E1,-1.328337708E0,8.386310577E0,-4.098477173E0,9.428266081E0
5.275054900E1,-1.081950073E0,8.321495361E0,-3.958218842E0,9.278221673E0
5.276050100E1,-5.679190063E-1,8.452323303E0,-4.100572815E0,9.411641654E0
5.277045400E1,8.382568359E-3,8.089028778E0,-4.307143250E0,9.164275193E0
5.278040600E1,-6.559359741E-1,7.786208496E0,-4.529131622E0,9.031518588E0
5.279035900E1,-8.241860962E-1,7.362140350E0,-4.530778198E0,8.683797806E0
5.280031200E1,5.209167480E-2,7.388784943E0,-4.293072510E0,8.545602849E0
5.281026400E1,8.111631775E-1,7.381899261E0,-4.519850922E0,8.693645654E0
5.282021700E1,1.102307739E0,7.107519836E0,-4.657265167E0,8.568666140E0
5.283016900E1,9.502239990E-1,7.028633881E0,-4.665198669E0,8.489328507E0
5.284012200E1,2.083666992E-1,6.931336212E0,-4.518354034E0,8.276615344E0
5.285007500E1,-5.821394348E-1,6.942562866E0,-4.324806519E0,8.200122981E0
5.286002700E1,-8.056246948E-1,7.142846375E0,-4.291276245E0,8.371638865E0
5.286998000E1,-7.879614258E-1,7.585176544E0,-4.502187653E0,8.855816172E0
5.287993300E1,-8.773255920E-1,8.152347107E0,-4.648433533E0,9.425412344E0
5.288988500E1,-9.728269958E-1,8.628806305E0,-4.525389404E0,9.791927281E0
5.289983800E1,-4.689747620E-1,9.141639862E0,-4.717440033E0,1.029775496E1
5.290979000E1,1.317260742E-2,9.473799133E0,-4.786745911E0,1.061442320E1
5.291974300E1,-2.209405518E-1,9.654922485E0,-4.476141815E0,1.064435007E1
5.292969600E1,-1.749412079E0,9.355095978E0,-4.394262085E0,1.048273832E1
5.293964800E1,-1.484313354E0,9.551038513E0,-4.851112061E0,1.081474970E1
5.294960100E1,-1.068927155E0,1.005234604E1,-5.073848877E0,1.131088894E1
5.295955300E1,-1.351988525E0,1.003782623E1,-5.278024292E0,1.142118071E1
5.296950600E1,-1.508263550E0,9.907597046E0,-5.222639465E0,1.130094249E1
5.297945900E1,-1.545985107E0,9.770033112E0,-4.917124786E0,1.104634479E1
5.298941100E1,-1.600471802E0,9.858199768E0,-5.021008759E0,1.117837831E1
5.299936400E1,-2.658621368E0,1.154549103E1,-4.860692139E0,1.280597356E1
5.300931700E1,-1.347198486E-3,1.170281387E1,-5.458399200E0,1.291317065E1
5.301926900E1,1.734892273E-1,8.622519379E0,-4.924010468E0,9.930952524E0
5.302922200E1,-1.449884949E0,9.479487305E0,-3.887116699E0,1.034758533E1
5.303917400E1,-1.315314789E0,1.261546600E1,-2.987337799E0,1.303089493E1
5.304912700E1,-4.427792358E-1,1.474269241E1,-4.147874451E0,1.532148477E1
5.305908000E1,2.337988129E0,1.411774200E1,-3.763024750E0,1.479652605E1
5.306903213E1,3.805386658E0,1.131003067E1,-2.581381989E0,1.220906607E1
5.307898513E1,2.941533051E0,1.095886093E1,-1.415456543E0,1.143471761E1
5.308893713E1,1.621577911E0,1.321841217E1,-1.449884949E0,1.339619728E1
5.309889013E1,1.893262939E0,1.299866913E1,-2.293680267E0,1.333457209E1
5.310884313E1,2.284100189E0,1.170895111E1,-2.431842957E0,1.217499528E1
5.311879513E1,2.770588531E0,1.077399536E1,-2.187700653E0,1.133759988E1
5.312874813E1,3.360062714E0,8.931327209E0,-1.735491028E0,9.698997694E0
5.313870013E1,4.146078186E0,8.741521912E0,-1.488504639E0,9.788759662E0
5.314865313E1,4.436174927E0,1.137918686E1,-1.909878387E0,1.236176270E1
5.315860613E1,5.298082581E0,9.981842651E0,-1.500030670E0,1.139986639E1
5.316855813E1,5.435496826E0,9.360484772E0,-2.086660767E0,1.102349555E1
5.317851113E1,4.697531433E0,8.613388367E0,-2.659818878E0,1.016522981E1
5.318846413E1,3.904181213E0,9.265133057E0,-2.507585449E0,1.036210916E1
5.319841613E1,3.306174774E0,9.185348969E0,-1.907932434E0,9.946940911E0
5.320836913E1,2.885100403E0,9.658964081E0,-1.186582489E0,1.015023987E1
5.321832113E1,2.582429810E0,1.075348801E1,-9.303153992E-1,1.109828522E1
5.322827413E1,2.082170105E0,1.069286407E1,-8.943901062E-1,1.093035718E1
5.323822713E1,1.291065216E0,1.018302429E1,-6.786886597E-1,1.028695540E1
5.324817913E1,6.649172974E-1,8.957073669E0,-1.064885559E0,9.044626304E0
5.325813213E1,4.562512207E-1,8.329129486E0,-8.485853577E-1,8.384668168E0
5.326808413E1,1.264570312E0,6.918462982E0,-1.082399139E0,7.115887577E0
5.327803713E1,1.992805939E0,9.072184296E0,-1.065634003E0,9.349405288E0
5.328799013E1,2.200274506E0,1.045306274E1,-1.525477753E0,1.079049633E1
5.329794213E1,2.639461212E0,1.044902115E1,-1.719773712E0,1.091358878E1
5.330789513E1,2.940485229E0,9.896969147E0,-2.233804779E0,1.056344335E1
5.331784813E1,3.100053406E0,9.408534851E0,-2.812501373E0,1.029762221E1
5.332780013E1,2.820584564E0,9.051377563E0,-2.799927521E0,9.885480626E0
5.333775313E1,2.468217316E0,8.693022766E0,-2.473606110E0,9.369069789E0
5.334770512E1,2.320474548E0,9.023385773E0,-2.117047577E0,9.554474521E0
5.335765812E1,2.190993805E0,1.048479675E1,-2.508932648E0,1.100118902E1
5.336761112E1,2.262844391E0,1.003962250E1,-2.887944489E0,1.068899939E1
5.337756312E1,2.150727539E0,8.156688080E0,-3.281326447E0,9.051203933E0
5.338751612E1,1.933678894E0,6.621181183E0,-2.400108948E0,7.303401761E0
5.339746812E1,2.175875244E0,3.359463959E0,3.278182983E-2,4.002687324E0
5.340742112E1,1.431173859E0,4.050876160E0,1.958527222E0,4.721618912E0
5.341737412E1,-1.481918335E-1,8.950936432E0,-2.043400726E0,9.182413101E0
5.342732612E1,3.043171692E-1,1.000579285E1,-2.177222443E0,1.024445201E1
5.343727912E1,2.640509033E0,6.818770294E0,1.410067749E-1,7.313535341E0
5.344723112E1,2.694846039E0,6.500382385E0,-2.754122772E0,7.556610257E0
5.345718412E1,1.604214020E0,1.007105713E1,-4.453987885E0,1.112823896E1
5.346713712E1,3.037932587E0,1.054751633E1,-1.898502045E0,1.113927489E1
5.347708912E1,2.219284973E0,1.123174347E1,-3.341651001E0,1.192660549E1
5.348704212E1,2.370769958E0,1.119581818E1,-2.595452728E0,1.173470365E1
5.349699512E1,2.046993256E0,1.052895493E1,-3.215313721E0,1.119764777E1
5.350694712E1,1.630110168E0,1.034513718E1,-3.340603180E0,1.099266810E1
5.351690012E1,1.376238098E0,1.019874161E1,-2.475252686E0,1.058466993E1
5.352685212E1,1.242266693E0,9.827812958E0,-2.137704620E0,1.013404732E1
5.353680512E1,1.525028687E0,9.592202911E0,-1.724414063E0,9.864566541E0
5.354675812E1,1.816322937E0,8.926387482E0,-2.529140625E0,9.453886755E0
5.355671013E1,1.944306793E0,8.935518494E0,-2.778222656E0,9.557318703E0
5.356666313E1,1.944456482E0,9.240284729E0,-2.493215332E0,9.766263133E0
5.357661513E1,1.970202942E0,9.361532593E0,-2.517165527E0,9.892224947E0
5.358656813E1,2.138752441E0,9.195378113E0,-2.594105530E0,9.790741757E0
5.359652113E1,2.342179413E0,8.841214600E0,-2.697390747E0,9.535659224E0
5.360647313E1,2.608176270E0,8.702902222E0,-3.180585938E0,9.625965793E0
5.361642613E1,2.531835022E0,8.554261322E0,-3.384761353E0,9.541602840E0
5.362637913E1,2.451601868E0,8.474776611E0,-3.226240997E0,9.393658569E0
5.363633113E1,2.453996887E0,8.525221710E0,-3.497027893E0,9.535759541E0
5.364628413E1,1.932481384E0,8.877588959E0,-3.361709290E0,9.687474354E0
5.365623613E1,1.378932495E0,9.155411224E0,-3.090922394E0,9.760984108E0
5.366618913E1,1.556463318E0,9.018595734E0,-3.622317352E0,9.842704408E0
5.367614213E1,1.518292694E0,8.777297516E0,-3.342249756E0,9.514031628E0
5.368609413E1,1.843266907E0,8.527167664E0,-2.676134949E0,9.125344898E0
5.369604713E1,1.688638458E0,8.728648682E0,-3.477268982E0,9.546319040E0
5.370599913E1,1.859882355E0,9.152417450E0,-3.291505280E0,9.902520616E0
5.371595213E1,1.991458740E0,9.249864807E0,-2.955304413E0,9.912604655E0
5.372590513E1,1.920506287E0,9.419462128E0,-3.306773529E0,1.016608884E1
5.373585713E1,2.146685944E0,9.300160217E0,-3.691623230E0,1.023373454E1
5.374581013E1,2.686613159E0,9.056766357E0,-3.098107452E0,9.941890007E0
5.375576213E1,2.901117096E0,8.701405334E0,-3.306025085E0,9.749909593E0
5.376571513E1,2.058818665E0,8.837023315E0,-3.310366058E0,9.658687220E0
5.377566813E1,1.583407288E0,8.114775238E0,-2.928809509E0,8.771241699E0
5.378562013E1,1.566342773E0,8.034542084E0,-3.961661682E0,9.094067267E0
5.379557313E1,1.488804016E0,8.164920959E0,-4.109853516E0,9.261391234E0
5.380552513E1,1.525328064E0,7.862699432E0,-3.954925690E0,8.932530732E0
5.381547813E1,2.331401825E0,8.601562958E0,-1.724563751E0,9.077248477E0
5.382543113E1,2.745141449E0,1.022014709E1,-4.439767456E-1,1.059171013E1
5.383538312E1,2.201172638E0,9.406139832E0,-4.777315521E0,1.077698340E1
5.384533612E1,1.086889801E0,9.018895111E0,-5.749693451E0,1.075084988E1
5.385528913E1,-2.547702026E-1,9.655820618E0,-4.573888550E0,1.068738678E1
5.386524112E1,-9.689350891E-1,1.005279510E1,-4.422403564E0,1.102520648E1
5.387519412E1,-9.047186279E-1,1.027089157E1,-4.157454529E0,1.111729093E1
5.388514612E1,-2.436932373E-1,1.025652145E1,-4.165388031E0,1.107276281E1
5.389509912E1,5.466632080E-1,9.963580627E0,-4.278552704E0,1.085715399E1
5.390505212E1,1.076261902E0,9.649384003E0,-4.636907501E0,1.075964044E1
5.391500412E1,1.408720551E0,9.449998627E0,-4.757107544E0,1.067319258E1
5.392495712E1,1.473984833E0,9.320068817E0,-4.917573853E0,1.064043451E1
5.393490912E1,1.255439301E0,9.074279938E0,-5.487139435E0,1.067836052E1
5.394486212E1,1.288071442E0,8.824150085E0,-5.695506134E0,1.058128267E1
5.395481512E1,1.836830292E0,8.803193665E0,-6.020929413E0,1.082228050E1
5.396476712E1,2.887944489E0,8.832083588E0,-6.174210663E0,1.115646903E1
5.397472012E1,1.664089508E0,9.787846069E0,-3.669768677E0,1.058481586E1
5.398467212E1,6.159690857E-1,1.047596512E1,-3.624412994E0,1.110232555E1
5.399462512E1,7.496411133E-1,1.000489471E1,-4.888833618E0,1.116067087E1
5.400457812E1,9.168434143E-1,9.136251068E0,-5.506748657E0,1.070681868E1
5.401453012E1,9.160949707E-1,8.770411835E0,-4.100123749E0,9.724729739E0
5.402448312E1,9.812095642E-1,8.880433044E0,-1.938319244E0,9.142316159E0
5.403443612E1,2.230062561E0,9.421258392E0,-2.389031982E0,9.971998924E0
5.404438812E1,2.565065918E0,9.602381744E0,-2.325713654E0,1.020755810E1
5.405434112E1,1.515149231E0,9.920170898E0,-3.072360992E0,1.049499261E1
5.406429313E1,6.262976074E-1,1.086755081E1,-3.710184631E0,1.150049474E1
5.407424679E1,1.960922241E-2,1.174278076E1,-3.868405609E0,1.236356933E1
5.408419979E1,-3.481759644E-1,1.178394516E1,-3.177143097E0,1.220970222E1
5.409415179E1,-9.325607300E-1,1.091515182E1,-1.830243988E0,1.110675479E1
5.410410479E1,-1.082099762E0,9.807604980E0,-1.449435883E0,9.973009562E0
5.411405679E1,-6.589297485E-1,9.323212280E0,-9.821076965E-1,9.397925897E0
5.412400979E1,-6.069877625E-1,9.179211731E0,-5.255570984E-1,9.214259189E0
5.413396279E1,-7.159611511E-1,9.116043091E0,-3.520678711E-1,9.150890328E0
5.414391479E1,-1.075363770E0,9.107510834E0,-2.715353394E-1,9.174796579E0
5.415386779E1,-1.567989349E0,9.461973724E0,7.171586609E-1,9.617788410E0
5.416381979E1,-1.874102783E0,9.547745361E0,1.266366577E-1,9.730762538E0
5.417377279E1,-1.556762695E0,9.745633850E0,-1.515149231E0,9.984816795E0
5.418372579E1,-1.574875031E0,1.166479294E1,-1.646875305E0,1.188527761E1
5.419367779E1,-2.285746765E0,1.162722107E1,-6.084846497E-1,1.186537659E1
5.420363079E1,-1.363963623E0,1.123638382E1,-2.709665222E0,1.163868565E1
5.421358279E1,-4.159849548E-1,1.119177658E1,-2.884950714E0,1.156511336E1
5.422353579E1,2.544708252E-2,1.097712296E1,-2.386187897E0,1.123351097E1
5.423348879E1,6.099815369E-1,1.024499542E1,-2.847079468E0,1.065072158E1
5.424344079E1,1.103654938E0,9.720336456E0,-2.430645447E0,1.008022978E1
5.425339379E1,1.364861755E0,9.137448578E0,-2.412233734E0,9.548543644E0
5.426334579E1,1.259480896E0,8.539741516E0,-2.378404083E0,8.953785974E0
5.427329879E1,6.491999817E-1,8.357869720E0,-2.077829132E0,8.636713541E0
5.428325179E1,9.475296021E-2,8.377628632E0,-2.002685394E0,8.614196910E0
5.429320379E1,-2.957849121E-1,8.532706146E0,-1.846709747E0,8.735267585E0
5.430315679E1,-9.831555176E-1,8.531209259E0,-1.951491852E0,8.806613801E0
5.431310879E1,-1.313368835E0,8.179141388E0,-2.387984161E0,8.621238884E0
5.432306179E1,-9.936337280E-1,7.841443634E0,-2.228565674E0,8.212310955E0
5.433301479E1,-3.209326172E-1,7.720495148E0,-1.390907593E0,7.851348101E0
5.434296679E1,5.373825073E-1,8.236621857E0,-8.490344238E-1,8.297685160E0
5.435291979E1,1.049317932E0,8.969946899E0,-1.093925171E0,9.097125248E0
5.436287279E1,7.475454712E-1,9.407187653E0,-2.061213684E0,9.659327389E0
5.437282479E1,-5.867797852E-2,9.183852081E0,-2.731968842E0,9.581765803E0
5.438277779E1,-7.610174561E-1,8.715326385E0,-3.042423248E0,9.262418734E0
5.439272979E1,-9.831555176E-1,8.174501038E0,-3.348985748E0,8.888462608E0
5.440268279E1,-1.357676697E0,8.898844757E0,-3.266806641E0,9.576259690E0
5.441263579E1,-1.315314789E0,9.189989319E0,-2.713407440E0,9.672049246E0
5.442258779E1,-1.133892059E0,9.616602173E0,-3.175496521E0,1.019060973E1
5.443254079E1,-1.215771790E0,9.585616608E0,-3.112477570E0,1.015133801E1
5.444249279E1,-9.695338440E-1,9.432784424E0,-3.354075165E0,1.005819258E1
5.445244579E1,-8.806187439E-1,8.961115265E0,-3.680396576E0,9.727404336E0
5.446239879E1,-7.083270264E-1,8.590635681E0,-3.382066956E0,9.259542401E0
5.447235079E1,-1.279838562E-1,8.640482025E0,-3.719465332E0,9.407907942E0
5.448230379E1,2.031275940E-1,8.581804047E0,-3.938010864E0,9.444392573E0
5.449225579E1,1.609153748E-1,8.498277740E0,-4.098028107E0,9.436124876E0
5.450220879E1,-1.050814819E-1,8.360863495E0,-3.940854950E0,9.243669089E0
5.451216179E1,6.197113037E-2,8.618328094E0,-3.283571777E0,9.222866321E0
5.452211379E1,5.924679565E-1,8.988059235E0,-3.100951538E0,9.526391107E0
5.453206679E1,6.483018494E-1,8.975335693E0,-3.907474365E0,9.810469001E0
5.454201879E1,1.953437805E-1,8.848549347E0,-4.246818695E0,9.816845408E0
5.455197179E1,-1.981878662E-1,8.798253937E0,-4.015100555E0,9.673137197E0
5.456192479E1,-1.898052979E-1,8.819958801E0,-4.161645813E0,9.754332124E0
5.457187679E1,-1.451980591E-1,8.891959076E0,-4.565955048E0,9.996797696E0
5.458182979E1,-1.995350647E-1,9.193581848E0,-4.941224670E0,1.043922711E1
5.459178179E1,-1.336720276E-1,9.287885742E0,-5.053790588E0,1.057466260E1
5.460173479E1,-1.088237000E-1,9.190139008E0,-5.177732849E0,1.054890587E1
5.461168779E1,-8.981323242E-2,8.910071411E0,-5.533692627E0,1.048900343E1
5.462163979E1,1.242416382E-1,8.842262421E0,-6.419251099E0,1.092738877E1
5.463159279E1,6.969506836E-1,9.336235199E0,-6.872209167E0,1.161371115E1
5.464154479E1,1.462907867E0,9.884395294E0,-6.685846710E0,1.202255863E1
5.465149779E1,2.171085205E0,1.050874695E1,-6.370602264E0,1.247926066E1
5.466145079E1,3.206482086E0,1.121003860E1,-7.419620819E0,1.382017605E1
5.467140279E1,1.470841370E0,1.027972321E1,-9.183103638E0,1.386237627E1
5.468135579E1,-7.137158203E-1,7.908354492E0,-8.905730438E0,1.193161748E1
5.469130879E1,-2.329904938E0,6.558760986E0,-8.192763062E0,1.075021717E1
5.470126079E1,-3.189417572E0,6.104006653E0,-6.489604797E0,9.462888148E0
5.471121379E1,-2.665956116E0,7.364685059E0,-3.967200165E0,8.779782752E0
5.472116579E1,-2.517464905E0,7.133415985E0,-3.469634857E0,8.322356590E0
5.473111879E1,-2.236199799E0,7.985294495E0,-1.962269440E0,8.521503333E0
5.474107179E1,-1.280886383E0,9.260642395E0,2.154020691E-1,9.351286839E0
5.475102379E1,-4.622387695E-1,9.042845306E0,1.308728485E0,9.148742327E0
5.476097679E1,-1.215472412E-1,7.324119415E0,2.517764282E-1,7.329453616E0
5.477092879E1,5.062472534E-1,4.463567963E0,-2.785108337E0,5.285504109E0
5.478088179E1,-1.002165985E0,3.418441315E0,-9.066645813E-1,3.675883342E0
5.479083479E1,-2.199076996E0,3.788471832E0,3.044518890E0,5.334562187E0
5.480078679E1,-2.940335541E0,5.214406586E0,5.494773560E0,8.125770462E0
5.481073979E1,-3.137475586E0,6.937623138E0,4.991071014E0,9.104128609E0
5.482069179E1,-3.275488586E0,8.860374756E0,4.256398773E0,1.036108087E1
5.483064479E1,-3.065325623E0,1.049093399E1,4.426295471E0,1.179186197E1
5.484059779E1,-1.628313904E0,1.149564468E1,3.656745758E0,1.217263498E1
5.485054979E1,-3.297343140E0,1.013841705E1,4.969366150E0,1.176242203E1
5.486050279E1,-1.454225922E0,9.054970093E0,5.814658356E0,1.085898283E1
5.487045479E1,-1.375789032E0,9.544901276E0,6.444698181E0,1.159879608E1
5.488040779E1,-2.160307617E0,9.611512756E0,7.059469757E0,1.211958001E1
5.489036079E1,-2.117796021E0,1.069810318E1,6.431974640E0,1.266115198E1
5.490031279E1,-3.056044922E0,1.195414124E1,6.038442993E0,1.373694642E1
5.491026579E1,-3.942501526E0,1.298220337E1,5.829926605E0,1.476715839E1
5.492021779E1,-4.733157349E0,1.335492828E1,5.855822754E0,1.533126049E1
5.493017079E1,-4.436324615E0,1.262504608E1,4.744234314E0,1.419790562E1
5.494012379E1,-4.153263245E0,1.208107727E1,7.067103882E0,1.459951988E1
5.495007579E1,-2.389181671E0,1.054287598E1,5.736221466E0,1.223783721E1
5.496002879E1,-4.809797974E0,1.125150238E1,9.140142975E0,1.527326671E1
5.496998079E1,-6.308930511E0,1.023900787E1,5.464386749E0,1.320982244E1
5.497993379E1,-5.890550537E0,7.562124481E0,2.210603027E0,9.837229185E0
5.498988679E1,-4.901257782E0,3.391197968E0,2.431543579E0,6.436998965E0
5.499983879E1,-5.566324768E0,5.465135193E-1,5.446573792E0,7.806908128E0
5.500979179E1,-5.737568665E0,-2.332299957E0,9.266929321E0,1.114608883E1
5.501974379E1,-6.385421448E0,-6.676116943E-2,7.838449860E0,1.011035906E1
5.502969679E1,-7.724536743E0,-2.584974518E0,6.393654327E0,1.035516184E1
5.503964979E1,-5.977369995E0,-3.388204193E0,7.922574921E0,1.048694775E1
5.504960179E1,-3.585942993E0,-1.684596863E0,8.927734680E0,9.767358919E0
5.505955479E1,-1.546883240E0,-2.813549194E0,9.108259277E0,9.657602906E0
5.506950779E1,-1.215173035E0,-4.055516510E0,9.837991791E0,1.071027274E1
5.507945917E1,-5.528004456E-1,-5.485343170E0,1.007899063E1,1.148828230E1
5.508941217E1,-3.815565491E-1,-5.965993652E0,1.038121216E1,1.197949212E1
5.509936417E1,-3.502716064E-1,-6.019133148E0,1.124626328E1,1.276052866E1
5.510931717E1,-5.971083069E-1,-5.170547791E0,1.216639984E1,1.323300374E1
5.511927017E1,-8.352630615E-1,-3.963457947E0,1.177346695E1,1.245075047E1
5.512922217E1,-1.322799225E0,-3.410507812E0,1.031325348E1,1.094278569E1
5.513917517E1,-2.315235443E0,-2.193089447E0,9.955796814E0,1.045408278E1
5.514912717E1,-3.204386444E0,-1.396895142E0,9.902058563E0,1.050096054E1
5.515908017E1,-3.912713470E0,-1.138083344E0,1.001387604E1,1.081121056E1
5.516903317E1,-4.442910919E0,-6.649172974E-1,1.051278854E1,1.143242299E1
5.517898517E1,-4.740791473E0,-5.309458923E-1,1.010324020E1,1.117284520E1
5.518893817E1,-4.727169800E0,-3.397933960E-1,9.312584381E0,1.044920197E1
5.519889017E1,-4.339176636E0,-8.831634521E-3,8.641829224E0,9.670043651E0
5.520884317E1,-3.787124634E0,3.662882996E-1,8.235873413E0,9.072270443E0
5.521879617E1,-3.106040955E0,1.239123230E0,8.248447266E0,8.900550493E0
5.522874817E1,-2.495909729E0,2.083816681E0,7.879464569E0,8.523955609E0
5.523870117E1,-2.170187073E0,2.557880859E0,7.431146851E0,8.153184037E0
5.524865317E1,-1.983974304E0,2.933898926E0,7.808961182E0,8.574601547E0
5.525860617E1,-2.087259521E0,2.867736511E0,8.544232178E0,9.251187411E0
5.526855917E1,-2.586172028E0,2.192640381E0,8.964707794E0,9.584463649E0
5.527851117E1,-3.290008392E0,1.251697083E0,9.171427917E0,9.823746274E0
5.528846417E1,-3.859723663E0,4.887336731E-1,8.949888611E0,9.758936085E0
5.529841617E1,-4.308191071E0,6.376739502E-2,8.582552490E0,9.603373565E0
5.530836917E1,-4.428840179E0,4.071533203E-2,8.286019135E0,9.395445501E0
5.531832217E1,-3.999083862E0,5.225633240E-1,8.126750336E0,9.072475692E0
5.532827417E1,-3.367098083E0,1.079854431E0,7.975265350E0,8.724006677E0
5.533822717E1,-2.972368927E0,1.371747437E0,7.648494873E0,8.319623903E0
5.534817917E1,-2.780168610E0,1.488055573E0,7.558681641E0,8.190074177E0
5.535813217E1,-2.431842957E0,1.456770630E0,8.379275208E0,8.845806568E0
5.536808517E1,-2.117646332E0,1.316212921E0,9.430090027E0,9.754149904E0
5.537803717E1,-2.164349213E0,8.936416626E-1,1.010563522E1,1.037337294E1
5.538799017E1,-2.571652222E0,5.117857361E-1,1.044857208E1,1.077255672E1
5.539794217E1,-3.132086792E0,3.519181824E-1,1.045276337E1,1.091760395E1
5.540789517E1,-3.669319611E0,6.170169067E-1,1.016356476E1,1.082324650E1
5.541784817E1,-4.069736938E0,1.180594940E0,9.835297394E0,1.070932481E1
5.542780017E1,-4.341421967E0,1.691332855E0,9.660011902E0,1.072494203E1
5.543775317E1,-4.563110962E0,1.999392242E0,9.632319489E0,1.084440546E1
5.544770617E1,-5.023254089E0,2.140548706E0,9.829758911E0,1.124451825E1
5.545765817E1,-5.396577759E0,2.281854858E0,1.038300842E1,1.192211294E1
5.546761117E1,-5.330565033E0,2.321372681E0,1.118923187E1,1.260962349E1
5.547756317E1,-5.175038452E0,1.995200958E0,1.170610703E1,1.295356289E1
5.548751617E1,-5.073998566E0,1.732796631E0,1.185025726E1,1.300679218E1
5.549746917E1,-5.062921600E0,1.803449707E0,1.166703827E1,1.284544230E1
5.550742117E1,-4.972808990E0,2.004331970E0,1.143217667E1,1.262698853E1
5.551737417E1,-4.740791473E0,2.189646606E0,1.125988495E1,1.241187597E1
5.552732617E1,-4.649181976E0,2.157762909E0,1.124611359E1,1.235904141E1
5.553727917E1,-4.666695557E0,1.831740875E0,1.145612686E1,1.250504557E1
5.554723217E1,-4.535418549E0,1.623523865E0,1.171972870E1,1.267114407E1
5.555718417E1,-4.411925354E0,1.482666779E0,1.170505920E1,1.259649940E1
5.556713717E1,-4.530179443E0,1.283431091E0,1.144639709E1,1.237698378E1
5.557708917E1,-4.696483612E0,1.180894318E0,1.099763031E1,1.201662774E1
5.558704217E1,-4.738845520E0,1.634600830E0,1.034992722E1,1.149998131E1
5.559699517E1,-4.572092285E0,2.561323700E0,9.634714508E0,1.096777692E1
5.560694717E1,-4.317172394E0,3.199596405E0,8.979077911E0,1.046418820E1
5.561690017E1,-4.215833130E0,3.221600647E0,8.489745483E0,1.001138043E1
5.562685217E1,-4.271966400E0,3.046464844E0,8.540639648E0,1.002363061E1
5.563680517E1,-4.199217682E0,2.558030548E0,9.012159119E0,1.026625352E1
5.564675817E1,-4.063899078E0,1.642384644E0,9.232800293E0,1.022043562E1
5.565671017E1,-3.930077362E0,7.545808411E-1,9.188791809E0,1.002241464E1
5.566666317E1,-3.705244904E0,6.794371033E-1,9.032067719E0,9.786149490E0
5.567661517E1,-3.249592438E0,1.277293854E0,8.672216034E0,9.348725129E0
5.568656817E1,-2.765648804E0,2.025288391E0,8.232879639E0,8.918010626E0
5.569652117E1,-2.556084595E0,2.731070709E0,7.979606323E0,8.812856106E0
5.570647317E1,-2.609673157E0,3.078797607E0,7.803273010E0,8.785240939E0
5.571642617E1,-2.760858765E0,2.776725769E0,7.872878265E0,8.792881172E0
5.572637817E1,-3.114124146E0,1.743424530E0,8.696914673E0,9.400724606E0
5.573633117E1,-3.539988556E0,5.137316895E-1,1.005429199E1,1.067165529E1
5.574628417E1,-3.831282806E0,-4.150868225E-1,1.101155136E1,1.166641712E1
5.575623617E1,-3.822151794E0,-7.476951599E-1,1.095751373E1,1.162905841E1
5.576618917E1,-3.857927399E0,-4.275109863E-1,1.039707916E1,1.109800093E1
5.577614217E1,-3.795507202E0,1.390608215E-1,1.016416351E1,1.085059596E1
5.578609417E1,-3.701502686E0,4.068539429E-1,1.021775208E1,1.087516022E1
5.579604717E1,-3.852538605E0,3.116519165E-1,1.022418869E1,1.093038037E1
5.580599917E1,-4.414020996E0,-1.454974365E-1,1.020667511E1,1.112119452E1
5.581595217E1,-5.040767670E0,-5.959107971E-1,1.004800507E1,1.125730226E1
5.582590517E1,-5.100643158E0,-8.421487427E-1,9.944121094E0,1.120764558E1
5.583585717E1,-4.756808167E0,-9.791139221E-1,1.001582199E1,1.113115350E1
5.584581017E1,-4.201013947E0,-8.815168762E-1,9.779014435E0,1.067964014E1
5.585576217E1,-3.544329529E0,-5.188211060E-1,9.372759247E0,1.003394554E1
5.586571517E1,-2.980003052E0,-2.433938599E-1,9.134305115E0,9.611201209E0
5.587566817E1,-2.780917053E0,1.574725342E-1,8.610394592E0,9.049706752E0
5.588562017E1,-2.769091644E0,7.601193237E-1,7.997419281E0,8.497315169E0
5.589557317E1,-2.847079468E0,1.249152374E0,7.628885651E0,8.238090763E0
5.590552517E1,-2.935096436E0,1.572330322E0,7.616910553E0,8.312902026E0
5.591547817E1,-3.009192352E0,1.911524963E0,7.695048065E0,8.480738825E0
5.592543117E1,-2.746788025E0,2.167792053E0,7.899971924E0,8.640238610E0
5.593538317E1,-2.225272522E0,2.250869293E0,8.340954895E0,8.921310382E0
5.594533617E1,-1.834135895E0,2.291434937E0,8.772956543E0,9.250918606E0
5.595528817E1,-1.517693939E0,2.583028564E0,8.983867950E0,9.470233092E0
5.596524117E1,-1.211430817E0,2.756517792E0,8.756790161E0,9.259985361E0
5.597519417E1,-1.091829529E0,2.640658722E0,8.767867126E0,9.221749517E0
5.598514617E1,-1.755848694E0,2.577939148E0,9.263037415E0,9.774079856E0
5.599509917E1,-2.452350311E0,2.796484680E0,9.122030640E0,9.851182244E0
5.600505217E1,-3.263513489E0,3.731590118E0,9.478589172E0,1.069667882E1
5.601500417E1,-3.861819305E0,4.621788940E0,9.359137573E0,1.112960186E1
5.602495717E1,-2.828817444E0,4.417014771E0,8.653504944E0,1.011906001E1
5.603490917E1,-2.096390533E0,4.016447754E0,9.117090912E0,1.018076876E1
5.604486217E1,-1.333576813E0,3.868555298E0,9.492210846E0,1.033664423E1
5.605481517E1,-7.945477295E-1,3.322640533E0,9.449998627E0,1.004856807E1
5.606476717E1,-1.887574768E-1,2.386786652E0,9.363478546E0,9.664735402E0
5.607472075E1,-9.924362183E-2,2.575244751E0,9.405241699E0,9.751938589E0
5.608467275E1,-1.816322937E0,4.264032898E0,8.390950928E0,9.585878313E0
5.609462575E1,-3.231330414E0,5.250481567E0,5.356760559E0,8.167247800E0
5.610457875E1,-4.231700134E0,5.403164062E0,4.486170959E0,8.199219340E0
5.611453075E1,-5.216951294E0,5.119803314E0,5.955216064E0,9.428338409E0
5.612448375E1,-4.447401581E0,4.411925354E0,7.525899811E0,9.792018899E0
5.613443575E1,-2.455044708E0,3.777843933E0,7.908803558E0,9.102116404E0
5.614438875E1,-5.361849976E-1,3.408711548E0,7.795040131E0,8.524638374E0
5.615434175E1,1.345701599E-1,2.810405731E0,7.777676239E0,8.270957452E0
5.616429375E1,-4.790039063E-2,2.461481323E0,8.909322968E0,9.243225654E0
5.617424675E1,2.731819153E-1,3.167862396E0,1.012509476E1,1.061261157E1
5.618419875E1,6.399192810E-1,4.578828278E0,9.569899292E0,1.062817659E1
5.619415175E1,8.876541138E-1,5.668861542E0,8.264014893E0,1.006070888E1
5.620410475E1,2.068099365E0,5.925877075E0,7.044650574E0,9.435049327E0
5.621405675E1,2.410437469E0,4.499044189E0,5.913452911E0,7.811564040E0
5.622400975E1,2.376308441E0,4.844076691E0,5.816903687E0,7.933995796E0
5.623396175E1,2.376458130E0,5.597609711E0,7.156468048E0,9.391263101E0
5.624391475E1,1.709445190E0,6.280938721E0,7.443720703E0,9.888446389E0
5.625386775E1,9.892927551E-1,7.350015564E0,8.009244690E0,1.091555905E1
5.626381975E1,6.029461670E-1,7.982600098E0,8.696764984E0,1.182028636E1
5.627377275E1,4.567002869E-1,7.605234833E0,8.903784485E0,1.171859847E1
5.628372575E1,2.832110596E-1,6.585255890E0,8.995543671E0,1.115193300E1
5.629367775E1,6.975494385E-2,5.431006165E0,9.298214264E0,1.076835559E1
5.630363075E1,-1.059197388E0,2.596350861E0,1.406759628E1,1.434434391E1
5.631358275E1,-2.151925049E0,1.198856964E0,1.542796738E1,1.562338685E1
5.632353575E1,-1.957329712E0,4.942721558E-1,1.511661484E1,1.525081928E1
5.633348875E1,-1.659898224E0,1.136586456E0,1.230920288E1,1.247251244E1
5.634344075E1,-1.604363708E0,2.759511566E0,8.753047943E0,9.316905886E0
5.635339375E1,-1.216969299E0,3.807033234E0,5.674549713E0,6.940823493E0
5.636334575E1,2.909948730E-1,5.201084290E0,5.296136627E0,7.428661991E0
5.637329875E1,1.866318970E0,8.220605164E0,5.194198608E0,9.901575376E0
5.638325175E1,1.535806274E0,9.577234039E0,5.425617371E0,1.111392985E1
5.639320375E1,1.976489868E0,9.144334259E0,5.482050018E0,1.084334974E1
5.640315675E1,2.524500275E0,8.415649567E0,5.925428009E0,1.059749765E1
5.641310875E1,2.328707428E0,6.787784729E0,6.675069122E0,9.800686078E0
5.642306175E1,2.388582916E0,5.074896698E0,7.747289429E0,9.564538585E0
5.643301475E1,2.193239136E0,4.502936096E0,7.805218964E0,9.274059223E0
5.644296675E1,2.135758667E0,5.081632690E0,7.722890167E0,9.488281637E0
5.645291975E1,2.216590576E0,4.841531982E0,8.415350189E0,9.958505135E0
5.646287175E1,2.594704285E0,4.642595673E0,9.215586090E0,1.064016973E1
5.647282475E1,2.662513275E0,5.304219818E0,9.271869049E0,1.100869113E1
5.648277775E1,1.771116943E0,5.558391266E0,9.135802002E0,1.083953167E1
5.649272975E1,9.093589783E-1,5.473218384E0,8.706195374E0,1.032380216E1
5.650268275E1,6.617738342E-1,5.511688385E0,8.376580811E0,1.004906760E1
5.651263575E1,8.310717773E-1,5.501509552E0,8.057145081E0,9.791571605E0
5.652258775E1,1.179547119E0,5.455255737E0,7.690108337E0,9.502047822E0
5.653254075E1,1.420545959E0,5.254074097E0,7.499853973E0,9.266663642E0
5.654249275E1,1.481469269E0,5.051994324E0,7.564220123E0,9.216009110E0
5.655244575E1,1.561702423E0,5.009782104E0,7.482190704E0,9.138928216E0
5.656239875E1,1.577868805E0,5.022655334E0,7.362140350E0,9.050847867E0
5.657235075E1,1.460812225E0,5.227429504E0,6.887926483E0,8.769465367E0
5.658230375E1,1.050814819E0,5.546865234E0,6.244863739E0,8.418446937E0
5.659225575E1,8.385562134E-1,5.571713562E0,6.156547394E0,8.345672193E0
5.660220875E1,8.563691711E-1,5.588179321E0,6.269412689E0,8.441957815E0
5.661216175E1,8.190966797E-1,5.727838898E0,6.741381226E0,8.883990018E0
5.662211375E1,7.399113464E-1,5.830076294E0,7.051985321E0,9.179747021E0
5.663206675E1,7.372169495E-1,5.677244110E0,7.185956726E0,9.187631011E0
5.664201875E1,8.696914673E-1,4.791835327E0,6.570436707E0,8.178550456E0
5.665197175E1,6.541397095E-1,3.685485992E0,6.126010895E0,7.179046959E0
5.666192475E1,3.112028503E-1,4.168830872E0,7.035669250E0,8.183925699E0
5.667187675E1,8.294252014E-1,4.155957642E0,8.417595520E0,9.424215852E0
5.668182975E1,1.615889740E0,3.853736115E0,8.887468414E0,9.820869437E0
5.669178275E1,1.543889465E0,4.050277405E0,9.085656281E0,1.006665246E1
5.670173475E1,1.267713776E0,3.953279114E0,9.137149200E0,1.003608537E1
5.671168775E1,1.146016846E0,3.843856659E0,8.783135376E0,9.655674790E0
5.672163975E1,9.975256348E-1,3.698658600E0,8.501121826E0,9.324387655E0
5.673159275E1,9.800120544E-1,3.641627197E0,8.189469910E0,9.016057324E0
5.674154575E1,9.788145447E-1,3.712280273E0,7.879464569E0,8.764990852E0
5.675149775E1,9.147477722E-1,3.833977203E0,7.858059082E0,8.791202262E0
5.676145075E1,8.632548523E-1,3.982767792E0,8.184380493E0,9.142851430E0
5.677140275E1,7.243437195E-1,4.134402466E0,8.605305176E0,9.574405190E0
5.678135575E1,4.837939453E-1,4.305496674E0,8.945547638E0,9.939526182E0
5.679130875E1,3.526666260E-1,4.433480530E0,9.279503174E0,1.029025279E1
5.680126075E1,2.935395813E-1,4.511318665E0,9.558073883E0,1.057331253E1
5.681121375E1,1.959425354E-1,4.486470337E0,9.734257507E0,1.072019490E1
5.682116675E1,-6.137237549E-3,4.437372437E0,9.668544159E0,1.063818866E1
5.683111875E1,-2.303709412E-1,4.436025238E0,9.661808167E0,1.063399867E1
5.684107175E1,-4.424798584E-1,4.338727570E0,9.672885132E0,1.061061036E1
5.685102375E1,-6.334826660E-1,4.088597717E0,9.754166107E0,1.059536163E1
5.686097675E1,-8.557704163E-1,3.775748291E0,9.902357941E0,1.063227685E1
5.687092975E1,-8.969348145E-1,3.817810822E0,9.824220428E0,1.057806592E1
5.688088175E1,-6.297404480E-1,4.378395081E0,9.693542175E0,1.065512442E1
5.689083475E1,-3.252735901E-1,4.706213379E0,9.603878632E0,1.069994075E1
5.690078675E1,-1.237925720E-1,4.680466919E0,9.457632751E0,1.055314704E1
5.691073975E1,-1.526824951E-1,4.618196411E0,9.520052948E0,1.058217644E1
5.692069275E1,-6.004014587E-1,4.510270844E0,9.564809875E0,1.059191262E1
5.693064475E1,-1.407672729E0,4.184847565E0,9.259444885E0,1.025825576E1
5.694059775E1,-2.018702087E0,3.945195923E0,8.986712036E0,1.002001608E1
5.695054975E1,-2.209555206E0,3.814068604E0,9.240883484E0,1.023831925E1
5.696050275E1,-2.022893372E0,3.900289307E0,9.453890533E0,1.042498923E1
5.697045575E1,-1.600022736E0,3.991749115E0,9.682614899E0,1.059467626E1
5.698040775E1,-1.133592682E0,3.777394867E0,9.968370667E0,1.072017528E1
5.699036075E1,-6.265969849E-1,3.729943542E0,1.007000931E1,1.075686711E1
5.700031375E1,-3.339555359E-1,3.547472992E0,1.009366013E1,1.070411443E1
5.701026575E1,-1.262025604E0,3.028502197E0,9.969717865E0,1.049570429E1
5.702021875E1,-2.722538452E0,3.679498444E0,9.593250732E0,1.062927016E1
5.703017075E1,-2.829865265E0,4.323159943E0,9.518406372E0,1.083041593E1
5.704012375E1,-2.445165253E0,3.228336639E0,9.068741455E0,9.931921372E0
5.705007675E1,-1.559606781E0,2.627935181E0,9.132808228E0,9.630503764E0
5.706002875E1,-7.444020081E-1,2.771037598E0,9.307944031E0,9.740154300E0
5.706998175E1,-3.014730835E-1,3.004252625E0,9.410480804E0,9.882993920E0
5.707993467E1,-3.118016052E-1,3.156336365E0,9.191037140E0,9.722903023E0
5.708988767E1,-4.605921936E-1,3.136278076E0,8.656199341E0,9.218360612E0
5.709984067E1,-2.959346008E-1,3.145558777E0,8.225245514E0,8.811173649E0
5.710979267E1,4.011657715E-2,3.051254883E0,8.490643616E0,9.022349733E0
5.711974567E1,3.442840576E-2,2.839595032E0,8.998238068E0,9.435717969E0
5.712969867E1,2.409988403E-2,2.658172302E0,9.477391663E0,9.843140430E0
5.713965067E1,8.756790161E-2,2.353855133E0,9.584119720E0,9.869328900E0
5.714960367E1,-3.742218018E-3,2.110161896E0,9.693542175E0,9.920562340E0
5.715955567E1,-2.369572449E-1,2.107018433E0,9.822274475E0,1.004851985E1
5.716950867E1,-4.342469788E-1,2.131268005E0,9.866732025E0,1.010362680E1
5.717946167E1,-4.508624268E-1,2.090103607E0,9.916578369E0,1.014447320E1
5.718941367E1,-5.140310669E-1,2.140698395E0,9.812095642E0,1.005604487E1
5.719936667E1,-5.825885010E-1,2.448907471E0,9.678124237E0,1.000013229E1
5.720931867E1,-6.770420837E-1,2.652633820E0,9.484427032E0,9.871636556E0
5.721927167E1,-6.710545349E-1,2.743195496E0,9.289382629E0,9.709174288E0
5.722922467E1,-5.168751526E-1,2.793790283E0,9.272767181E0,9.698280016E0
5.723917667E1,-3.909869385E-1,2.652783508E0,9.432634735E0,9.806361669E0
5.724912967E1,-3.194357300E-1,2.579585724E0,9.665550385E0,1.000895429E1
5.725908167E1,-2.395019531E-1,2.760709076E0,9.888586578E0,1.026951899E1
5.726903467E1,-2.266287231E-1,2.906655579E0,9.902807007E0,1.032306126E1
5.727898767E1,-2.805166626E-1,3.065026245E0,9.773925018E0,1.024708182E1
5.728893967E1,-3.646417236E-1,3.207978973E0,9.749525757E0,1.027021641E1
5.729889267E1,-4.989125061E-1,3.261866913E0,9.738149414E0,1.028203499E1
5.730884567E1,-5.272036743E-1,3.296894073E0,9.657018127E0,1.021789868E1
5.731879767E1,-5.219645691E-1,3.229085083E0,9.629475403E0,1.016986893E1
5.732875067E1,-4.749623108E-1,3.075504456E0,9.679471436E0,1.016742269E1
5.733870267E1,-4.014651489E-1,3.129691772E0,9.633966064E0,1.013752667E1
5.734865567E1,-3.775149536E-1,3.286415863E0,9.523795166E0,1.008195026E1
5.735860867E1,-3.025209045E-1,3.314108276E0,9.380393372E0,9.953221206E0
5.736856067E1,-2.712359619E-1,3.384461975E0,9.183552704E0,9.791107806E0
5.737851367E1,-4.290078735E-1,3.527115326E0,9.142837372E0,9.808978820E0
5.738846567E1,-7.270381165E-1,3.523522797E0,9.138197021E0,9.820918599E0
5.739841867E1,-8.807684326E-1,3.473826141E0,9.154962158E0,9.831406472E0
5.740837167E1,-9.559121704E-1,3.318149872E0,9.118737488E0,9.750654338E0
5.741832367E1,-9.241781616E-1,3.255879364E0,9.006770325E0,9.621682150E0
5.742827667E1,-6.653663635E-1,3.212769012E0,8.876092072E0,9.463065443E0
5.743822967E1,-3.730242920E-1,2.975961456E0,8.846004639E0,9.340625877E0
5.744818167E1,5.837860107E-3,2.863096161E0,8.925788727E0,9.373743015E0
5.745813467E1,3.070115662E-1,2.912792816E0,8.981472931E0,9.446982275E0
5.746808667E1,2.462379456E-1,3.005749512E0,9.002429352E0,9.494150699E0
5.747803967E1,-6.870712280E-2,3.226390686E0,9.046437836E0,9.604808954E0
5.748799267E1,-4.293072510E-1,3.368145905E0,9.123826904E0,9.735138876E0
5.749794467E1,-6.427633667E-1,3.434308319E0,9.064400482E0,9.714472424E0
5.750789767E1,-6.623725891E-1,3.577859802E0,8.952133942E0,9.663359681E0
5.751784967E1,-6.346801758E-1,3.677552490E0,8.805289307E0,9.563489479E0
5.752780267E1,-5.739065552E-1,3.762126617E0,8.583151245E0,9.389006908E0
5.753775567E1,-5.013075256E-1,3.790567474E0,8.508606262E0,9.328241610E0
5.754770767E1,-4.291575623E-1,3.593726807E0,8.532107391E0,9.268004376E0
5.755766067E1,-4.093986511E-1,3.396287384E0,8.688681793E0,9.337856636E0
5.756761367E1,-4.330494690E-1,3.150797882E0,8.914711761E0,9.465048596E0
5.757756567E1,-6.403683472E-1,3.022215271E0,9.021888885E0,9.536159386E0
5.758751867E1,-9.449848938E-1,3.170407104E0,9.194629669E0,9.771678076E0
5.759747067E1,-1.215921478E0,3.495680695E0,9.306297455E0,1.001525940E1
5.760742367E1,-1.440454559E0,3.804338837E0,9.141639862E0,1.000587241E1
5.761737667E1,-1.509161682E0,4.042792969E0,8.694369965E0,9.706380018E0
5.762732867E1,-1.464404755E0,4.097429352E0,8.159681854E0,9.247368087E0
5.763728167E1,-1.490151215E0,3.906426544E0,7.900420990E0,8.938532922E0
5.764723367E1,-1.891167297E0,3.488345947E0,8.070317688E0,8.993058366E0
5.765718667E1,-1.169667664E0,4.194427643E0,9.140891418E0,1.012507983E1
5.766713967E1,-9.684860229E-1,4.036655731E0,8.926836548E0,9.844844611E0
5.767709167E1,-9.370513916E-1,3.872746582E0,9.091344452E0,9.926166196E0
5.768704467E1,-8.231382751E-1,4.038751373E0,8.937614136E0,9.842256637E0
5.769699767E1,-7.244934082E-1,4.179758148E0,8.769663391E0,9.741779348E0
5.770694967E1,-6.677613831E-1,4.450994110E0,8.717122650E0,9.810478130E0
5.771690267E1,-6.300398254E-1,4.658013611E0,8.671467590E0,9.863487778E0
5.772685467E1,-6.165678406E-1,4.829706573E0,8.492888947E0,9.789554849E0
5.773680767E1,-7.295828247E-1,4.803211670E0,8.381520538E0,9.687776834E0
5.774676067E1,-7.556286621E-1,4.724325714E0,8.315807190E0,9.593897923E0
5.775671267E1,-7.406597900E-1,4.595593414E0,8.369994507E0,9.577309841E0
5.776666567E1,-8.143066406E-1,4.536166992E0,8.455766144E0,9.630155106E0
5.777661767E1,-9.000782776E-1,4.471052399E0,8.544232178E0,9.685264785E0
5.778657067E1,-1.003213806E0,4.344415741E0,8.648714905E0,9.730398531E0
5.779652367E1,-1.065933380E0,4.434528351E0,8.720715179E0,9.841347921E0
5.780647567E1,-1.041534119E0,4.531077576E0,8.699609070E0,9.864008074E0
5.781642867E1,-1.095422058E0,4.461023254E0,8.698860626E0,9.837217806E0
5.782638067E1,-1.138831787E0,4.471351776E0,8.653055878E0,9.806390802E0
5.783633367E1,-1.197809143E0,4.602179718E0,8.644673309E0,9.866366176E0
5.784628667E1,-1.196012878E0,4.754712524E0,8.562643890E0,9.866945241E0
5.785623867E1,-1.334025879E0,4.681963806E0,8.314010925E0,9.634479114E0
5.786619167E1,-1.510808258E0,4.680017853E0,8.329578552E0,9.673003027E0
5.787614467E1,-1.488055573E0,4.804259491E0,8.469986572E0,9.850679732E0
5.788609667E1,-1.517095184E0,4.957989807E0,8.668922882E0,1.010116155E1
5.789604967E1,-1.634151764E0,5.194647675E0,8.630752258E0,1.020513111E1
5.790600167E1,-1.684147797E0,5.458399200E0,8.563242645E0,1.029366797E1
5.791595467E1,-1.708996124E0,5.815855865E0,8.599916382E0,1.052156875E1
5.792590767E1,-1.725162506E0,5.948031006E0,8.596323853E0,1.059490643E1
5.793585967E1,-1.648970947E0,6.007158051E0,8.682245178E0,1.068580527E1
5.794581267E1,-1.439556427E0,6.134243774E0,8.933722229E0,1.093218470E1
5.795576467E1,-1.144370270E0,6.177054749E0,9.069190521E0,1.103248863E1
5.796571767E1,-1.053509216E0,6.093079376E0,9.010213165E0,1.092792017E1
5.797567067E1,-1.166524200E0,5.880072327E0,9.076525269E0,1.087746939E1
5.798562267E1,-1.284927979E0,5.618266754E0,9.234446869E0,1.088535577E1
5.799557567E1,-1.396745453E0,5.358407135E0,9.320068817E0,1.084099200E1
5.800552767E1,-1.457070007E0,4.930147705E0,9.430239716E0,1.074052282E1
5.801548067E1,-1.008452911E0,4.158502350E0,8.890761566E0,9.866902264E0
5.802543367E1,-8.244854736E-1,4.063300323E0,8.482859802E0,9.441879910E0
5.803538567E1,-1.003662872E0,3.955374756E0,8.765023041E0,9.668399947E0
5.804533867E1,-1.071471863E0,4.310735779E0,8.475974121E0,9.569359028E0
5.805529167E1,-1.099014587E0,4.245920563E0,8.263565826E0,9.355329746E0
5.806524367E1,-8.523275757E-1,4.223018188E0,7.941435699E0,9.034752121E0
5.807519500E1,-5.135820007E-1,4.752317505E0,8.047115936E0,9.359720243E0
5.808514700E1,-1.140029297E0,4.297263794E0,8.490493927E0,9.584082118E0
5.809510000E1,-1.491498413E0,4.199517059E0,9.357640686E0,1.036464907E1
5.810505300E1,-1.179098053E0,4.021088104E0,1.001552261E1,1.085680040E1
5.811500500E1,-1.312021637E0,3.553310852E0,1.022478745E1,1.090383864E1
5.812495800E1,-1.168021088E0,3.997586975E0,1.001552261E1,1.084691975E1
5.813491000E1,-9.005273438E-1,4.171824646E0,9.431886292E0,1.035256246E1
5.814486300E1,-4.879852295E-1,4.092639313E0,8.859177246E0,9.771020807E0
5.815481600E1,-3.233276367E-2,3.992946625E0,8.351582794E0,9.257083954E0
5.816476800E1,3.754193115E-1,3.855233002E0,8.164022827E0,9.036317274E0
5.817472100E1,6.990463257E-1,3.835773468E0,8.319998474E0,9.188264171E0
5.818467300E1,9.225315857E-1,3.864962769E0,8.745114441E0,9.605520721E0
5.819462600E1,1.202449493E0,4.034410400E0,9.231153717E0,1.014576518E1
5.820457900E1,1.426982574E0,4.328249359E0,9.500593414E0,1.053713894E1
5.821453100E1,1.451531525E0,4.539160767E0,9.539961548E0,1.066404194E1
5.822448400E1,1.463057556E0,4.526137848E0,9.275012512E0,1.042364228E1
5.823443700E1,1.549727325E0,4.466262360E0,8.909772034E0,1.008628732E1
5.824438900E1,1.359922028E0,4.408781891E0,8.595126343E0,9.755149539E0
5.825434200E1,1.533261566E0,4.612807617E0,8.580456848E0,9.861699897E0
5.826429400E1,1.954785004E0,4.780309296E0,8.606502686E0,1.003715248E1
5.827424700E1,1.946252747E0,4.946912842E0,8.309370575E0,9.864354301E0
5.828420000E1,1.494791565E0,5.008734283E0,7.826923828E0,9.411830723E0
5.829415200E1,1.194366302E0,4.825814667E0,7.683821411E0,9.151836403E0
5.830410500E1,1.212628326E0,4.693340149E0,7.890092468E0,9.260208873E0
5.831405700E1,1.398990784E0,4.654121704E0,8.372688904E0,9.680906132E0
5.832401000E1,1.436113586E0,4.509522400E0,8.722661133E0,9.923861736E0
5.833396300E1,1.369801483E0,4.328548737E0,8.970994720E0,1.005442373E1
5.834391500E1,1.282083893E0,4.078269196E0,9.129215698E0,1.008060504E1
5.835386800E1,1.153501282E0,3.837719421E0,9.120084686E0,9.961656501E0
5.836382000E1,1.132544861E0,3.722758484E0,8.865763550E0,9.682115054E0
5.837377300E1,1.148711243E0,3.850442963E0,8.434210968E0,9.342449528E0
5.838372600E1,1.174607391E0,4.023333435E0,8.389603729E0,9.378292232E0
5.839367800E1,1.178798676E0,4.141288147E0,8.314459991E0,9.363230147E0
5.840363100E1,1.103954315E0,4.311334534E0,7.955356750E0,9.115592225E0
5.841358300E1,1.078207855E0,4.287833405E0,7.641758881E0,8.828619726E0
5.842353600E1,1.276695099E0,4.484075317E0,7.534132690E0,8.860024674E0
5.843348900E1,1.455573120E0,4.510420532E0,7.583829346E0,8.942989099E0
5.844344100E1,1.462159424E0,4.264332275E0,7.727530518E0,8.946349414E0
5.845339400E1,1.425335999E0,4.017794952E0,8.092022552E0,9.146315541E0
5.846334700E1,1.482517090E0,4.054768066E0,8.704698486E0,9.716520814E0
5.847329900E1,1.634301453E0,4.584067383E0,9.048234100E0,1.027400386E1
5.848325200E1,1.168021088E0,4.606221313E0,9.181457062E0,1.033831233E1
5.849320400E1,5.869294739E-1,4.627177734E0,9.147178345E0,1.026772281E1
5.850315700E1,2.444416809E-1,4.589905243E0,8.931327209E0,1.004467957E1
5.851311000E1,1.082249451E-1,4.396058350E0,8.841963043E0,9.875087448E0
5.852306200E1,2.856060791E-1,4.353696442E0,8.720266113E0,9.750860712E0
5.853301500E1,4.927752686E-1,4.399501190E0,8.746611328E0,9.803144797E0
5.854296700E1,5.682183838E-1,4.409979401E0,8.892857208E0,9.942519790E0
5.855292000E1,5.351371765E-1,4.412374420E0,8.985963593E0,1.002511653E1
5.856287300E1,4.680766296E-1,4.393813019E0,9.085506592E0,1.010302522E1
5.857282500E1,3.978726196E-1,4.392465820E0,9.279203796E0,1.027402948E1
5.858277800E1,4.331991577E-1,4.391417999E0,9.398954773E0,1.038328293E1
5.859273000E1,5.475613403E-1,4.367467804E0,9.474397888E0,1.044695237E1
5.860268300E1,6.758445740E-1,4.275109863E0,9.514664154E0,1.045285436E1
5.861263600E1,8.110134888E-1,4.200714569E0,9.413175201E0,1.033980721E1
5.862258800E1,8.324189758E-1,4.114942932E0,9.358538818E0,1.025709147E1
5.863254100E1,8.132588196E-1,4.155059509E0,9.266480255E0,1.018791273E1
5.864249300E1,7.241940308E-1,4.162843323E0,9.241781616E0,1.016190184E1
5.865244600E1,6.183641052E-1,4.111350403E0,9.217382355E0,1.011166227E1
5.866239900E1,5.295986938E-1,4.144431610E0,9.063951416E0,9.980581317E0
5.867235100E1,3.561094666E-1,4.286635895E0,8.915609894E0,9.898997981E0
5.868230400E1,1.131646729E-1,4.184548187E0,8.882378998E0,9.819363851E0
5.869225700E1,-6.077362061E-2,4.177063751E0,8.775800629E0,9.719374038E0
5.870220900E1,-2.040257263E-1,4.425397339E0,8.638087006E0,9.707848125E0
5.871216200E1,-3.655398560E-1,4.669839020E0,8.440348206E0,9.653004387E0
5.872211400E1,-5.522016907E-1,4.622537384E0,8.379125519E0,9.585537180E0
5.873206700E1,-6.709048462E-1,4.448449402E0,8.532706146E0,9.646029731E0
5.874202000E1,-7.961943054E-1,4.305796051E0,8.841963043E0,9.866818913E0
5.875197200E1,-1.078058167E0,3.947590942E0,9.185498657E0,1.005579779E1
5.876192500E1,-1.334474945E0,3.647764435E0,9.458530884E0,1.022500930E1
5.877187700E1,-1.445094910E0,3.577410736E0,9.604178009E0,1.035018851E1
5.878183000E1,-1.422641602E0,3.478466492E0,9.579479370E0,1.029028976E1
5.879178300E1,-1.293160858E0,3.438349915E0,9.354048157E0,1.004951402E1
5.880173500E1,-1.102457428E0,3.537743225E0,9.069938965E0,9.797695256E0
5.881168800E1,-9.876461792E-1,3.627855835E0,8.910969543E0,9.671719658E0
5.882164000E1,-9.800120544E-1,3.778442688E0,8.913514252E0,9.730765082E0
5.883159300E1,-1.153650970E0,3.798351288E0,8.954229584E0,9.794723605E0
5.884154600E1,-1.439257050E0,3.862567749E0,8.960666199E0,9.863286937E0
5.885149800E1,-1.673220520E0,4.004322968E0,8.869805145E0,9.874599367E0
5.886145100E1,-1.797611847E0,4.131109314E0,8.769962769E0,9.859498947E0
5.887140300E1,-1.789079590E0,4.245770874E0,8.694519653E0,9.839819515E0
5.888135600E1,-1.631307678E0,4.298610992E0,8.674161987E0,9.817347268E0
5.889130900E1,-1.361718292E0,4.303251343E0,8.642877045E0,9.750465242E0
5.890126100E1,-1.072819061E0,4.291875000E0,8.504414978E0,9.586250877E0
5.891121400E1,-8.587641907E-1,4.282294922E0,8.365653534E0,9.437143889E0
5.892116600E1,-6.795867920E-1,4.223018188E0,8.246052246E0,9.289407865E0
5.893111900E1,-6.258485413E-1,4.226161652E0,8.064330139E0,9.126091677E0
5.894107200E1,-6.331832886E-1,4.237537994E0,8.017477570E0,9.090522312E0
5.895102400E1,-6.649172974E-1,4.184548187E0,8.133037262E0,9.170542713E0
5.896097700E1,-6.607260132E-1,4.265829163E0,8.336015167E0,9.387385481E0
5.897092900E1,-6.390211487E-1,4.356690216E0,8.554261322E0,9.621043833E0
5.898088200E1,-7.288343811E-1,4.349654846E0,8.661288757E0,9.719496889E0
5.899083500E1,-7.691006470E-1,4.364623718E0,8.694070587E0,9.758499853E0
5.900078700E1,-8.277786255E-1,4.354444885E0,8.621022491E0,9.693731815E0
5.901074000E1,-9.556127930E-1,4.297114105E0,8.540639648E0,9.608377129E0
5.902069300E1,-1.071172485E0,4.206552429E0,8.449479218E0,9.499273282E0
5.903064500E1,-1.211580505E0,4.218826904E0,8.332722015E0,9.418104053E0
5.904059800E1,-1.202748871E0,4.391867065E0,8.291557617E0,9.459652683E0
5.905055000E1,-1.186283112E0,4.414919128E0,8.271798706E0,9.451001659E0
5.906050300E1,-1.103804626E0,4.467459869E0,8.218509521E0,9.419155009E0
5.907045600E1,-9.746232605E-1,4.575086060E0,8.273445282E0,9.504272712E0
5.908040829E1,-8.687933350E-1,4.564907227E0,8.537196808E0,9.719923312E0
5.909036129E1,-7.493417358E-1,4.583169250E0,8.735085297E0,9.892859473E0
5.910031329E1,-6.822811890E-1,4.653223572E0,8.793763275E0,9.972375332E0
5.911026629E1,-7.641609192E-1,4.603377228E0,8.608298950E0,9.791722761E0
5.912021929E1,-1.401385803E0,4.842280426E0,8.001311188E0,9.456878059E0
5.913017129E1,-2.062411194E0,5.059179382E0,7.824828186E0,9.543415117E0
5.914012429E1,-1.836231537E0,5.117108917E0,8.196205902E0,9.835361769E0
5.915007629E1,-1.387165375E0,5.252427521E0,7.767946472E0,9.479093577E0
5.916002929E1,-1.117126923E0,5.174888763E0,7.278015289E0,8.999830711E0
5.916998229E1,-9.874964905E-1,5.031486969E0,7.111112366E0,8.766922465E0
5.917993429E1,-1.391955414E0,4.884792023E0,7.367529144E0,8.948699273E0
5.918988729E1,-1.736389160E0,4.702171783E0,8.249944153E0,9.653343738E0
5.919983929E1,-1.908680878E0,4.587659912E0,9.422755280E0,1.065260547E1
5.920979229E1,-1.834435272E0,4.592300262E0,1.030112869E1,1.142661922E1
5.921974529E1,-1.825304260E0,4.424798584E0,1.044138702E1,1.148621527E1
5.922969729E1,-1.728305969E0,4.184697876E0,1.029544052E1,1.124699219E1
5.923965029E1,-1.418600006E0,4.194577332E0,9.946516113E0,1.088761166E1
5.924960229E1,-1.110989685E0,4.120930481E0,9.705367584E0,1.060238304E1
5.925955529E1,-8.890013123E-1,4.178710327E0,9.428443451E0,1.035120714E1
5.926950829E1,-1.509610748E0,4.418361969E0,8.924890594E0,1.007246341E1
5.927946029E1,-1.413660278E0,4.488116913E0,8.516090698E0,9.729616107E0
5.928941329E1,-1.013542328E0,4.418361969E0,8.446485443E0,9.586047511E0
5.929936529E1,-1.285676422E0,4.359683990E0,8.198600922E0,9.374266128E0
5.930931829E1,-9.059161377E-1,4.580923920E0,8.271349640E0,9.498461606E0
5.931927129E1,-7.086264038E-1,4.564757538E0,8.361462250E0,9.552654799E0
5.932922329E1,-5.206173706E-1,4.617897034E0,8.575217743E0,9.753480138E0
5.933917629E1,-1.737886047E-1,4.788242798E0,8.740623779E0,9.967746768E0
5.934912929E1,1.139131165E-1,4.740342407E0,8.821455688E0,1.001508376E1
5.935908129E1,3.384461975E-1,4.654121704E0,8.948990479E0,1.009256287E1
5.936903429E1,5.134323120E-1,4.665498047E0,8.926686859E0,1.008544610E1
5.937898629E1,4.855902100E-1,4.662953339E0,8.775800629E0,9.949553174E0
5.938893929E1,3.818559265E-1,5.005740509E0,8.569080505E0,9.931384229E0
5.939889229E1,3.430865479E-1,5.858068085E0,8.419391785E0,1.026259363E1
5.940884429E1,2.137554932E-1,6.231691132E0,8.454868011E0,1.050544901E1
5.941879729E1,8.068222046E-2,5.825735321E0,8.833131409E0,1.058158363E1
5.942874929E1,-2.399510193E-1,5.495372314E0,9.470655670E0,1.095216929E1
5.943870229E1,-6.583309937E-1,5.317542114E0,1.008887009E1,1.142343878E1
5.944865529E1,-1.038690033E0,4.952601013E0,1.041429337E1,1.157862859E1
5.945860729E1,-1.268013153E0,4.641098785E0,1.027089157E1,1.134190764E1
5.946856029E1,-1.247206421E0,4.450545044E0,9.971514130E0,1.099063097E1
5.947851229E1,-1.055604858E0,4.300407257E0,9.628577271E0,1.059798587E1
5.948846529E1,-7.213499451E-1,4.247417450E0,9.384285278E0,1.032597264E1
5.949841829E1,-2.418969727E-1,4.315076752E0,9.339827728E0,1.029129649E1
5.950837029E1,1.254391479E-1,4.282444611E0,9.271719360E0,1.021370876E1
5.951832329E1,2.436932373E-1,4.163591766E0,9.089847565E0,1.000101053E1
5.952827529E1,2.004331970E-1,3.969295807E0,8.886121216E0,9.734404601E0
5.953822829E1,-3.098556519E-2,3.812272339E0,8.795260162E0,9.585978396E0
5.954818129E1,-3.056643677E-1,3.811972961E0,8.794362030E0,9.589857772E0
5.955813329E1,-2.983296204E-1,3.830684052E0,8.904832306E0,9.698411172E0
5.956808629E1,-3.854484558E-1,3.952680359E0,8.937314758E0,9.779971760E0
5.957803929E1,-3.496728516E-1,4.243375854E0,8.696764984E0,9.683089948E0
5.958799129E1,3.622467041E-2,4.620441742E0,8.250991974E0,9.456672918E0
5.959794429E1,5.671705627E-1,4.764442291E0,7.818541260E0,9.173395240E0
5.960789629E1,1.137484589E0,4.688849487E0,7.355104980E0,8.796405515E0
5.961784929E1,1.512005768E0,4.647834778E0,6.986571350E0,8.526471063E0
5.962780229E1,1.632056122E0,4.770130463E0,6.800657959E0,8.465618731E0
5.963775429E1,1.539997559E0,4.952451324E0,6.818321228E0,8.566672106E0
5.964770729E1,1.272054749E0,5.032085724E0,7.180717621E0,8.860175820E0
5.965765929E1,1.023122406E0,5.073848877E0,7.697592773E0,9.275971992E0
5.966761229E1,8.210426331E-1,5.331014099E0,7.965984650E0,9.620329192E0
5.967756529E1,6.602769470E-1,5.141957245E0,8.090525665E0,9.608969533E0
5.968751729E1,5.562432861E-1,4.903054047E0,8.201594696E0,9.571598672E0
5.969747029E1,6.146218872E-1,4.813989258E0,8.213719482E0,9.540306094E0
5.970742229E1,5.854325867E-1,4.525090027E0,8.502918091E0,9.649807621E0
5.971737529E1,4.337979126E-1,4.287833405E0,8.853638763E0,9.846858143E0
5.972732829E1,2.109114075E-1,4.172722778E0,9.059311066E0,9.976332793E0
5.973728029E1,-9.550140381E-2,4.099974060E0,9.206604767E0,1.007871416E1
5.974723329E1,-3.513194275E-1,4.237388306E0,9.344917145E0,1.026676003E1
5.975718529E1,-5.044509888E-1,4.522395630E0,9.300609283E0,1.035412314E1
5.976713829E1,-3.839515686E-1,4.629572754E0,9.090146942E0,1.020838548E1
5.977709129E1,-2.754272461E-2,4.402944031E0,8.717571716E0,9.766408315E0
5.978704329E1,4.712200928E-1,4.215533752E0,8.309220886E0,9.329304633E0
5.979699629E1,8.891510010E-1,4.247417450E0,8.036488037E0,9.133251582E0
5.980694829E1,1.006806335E0,4.319717102E0,7.716154175E0,8.900148880E0
5.981690129E1,9.020242310E-1,4.662953339E0,7.431595917E0,8.819603133E0
5.982685429E1,7.011419678E-1,4.996160431E0,7.439379730E0,8.988747960E0
5.983680629E1,4.158352661E-1,5.293891296E0,7.761360168E0,9.404090370E0
5.984675929E1,1.396595764E-1,5.568719788E0,8.070317688E0,9.806129331E0
5.985671129E1,-6.975494385E-2,5.565576324E0,8.266260223E0,9.965518735E0
5.986666429E1,-4.909790039E-2,5.510790253E0,8.284821625E0,9.950351208E0
5.987661729E1,1.689985657E-1,5.378764801E0,8.262518005E0,9.860470328E0
5.988656929E1,3.930825806E-1,5.278922424E0,8.185578003E0,9.748088178E0
5.989652229E1,5.207670593E-1,5.261259155E0,8.067323914E0,9.645401047E0
5.990647529E1,5.469625854E-1,5.167554016E0,7.980504456E0,9.523194524E0
5.991642729E1,5.435197449E-1,5.144651642E0,8.001460876E0,9.528180854E0
5.992638029E1,5.069956970E-1,5.173092499E0,7.971523132E0,9.516465294E0
5.993633229E1,4.384382629E-1,5.195845184E0,8.081095276E0,9.617335190E0
5.994628529E1,3.546125793E-1,5.185965729E0,8.223000183E0,9.728192156E0
5.995623829E1,3.701802063E-1,5.239853668E0,8.396489410E0,9.904248294E0
5.996619029E1,4.480183411E-1,5.248535614E0,8.509354706E0,1.000784512E1
5.997614329E1,5.017565918E-1,5.212310944E0,8.531658325E0,1.001045148E1
5.998609529E1,5.846841431E-1,5.230273590E0,8.536298676E0,1.002826069E1
5.999604829E1,6.424639893E-1,5.209017792E0,8.436007233E0,9.935433778E0
6.000600129E1,6.703060913E-1,5.206323395E0,8.223000183E0,9.755657105E0
6.001595329E1,6.104306030E-1,5.233716431E0,8.089627533E0,9.654350668E0
6.002590629E1,4.923262024E-1,5.263055420E0,7.974666595E0,9.567520303E0
6.003585829E1,3.983216858E-1,5.261109467E0,7.865094452E0,9.470883999E0
6.004581129E1,3.457809448E-1,5.287903748E0,7.855065308E0,9.475417748E0
6.005576429E1,3.531156921E-1,5.274880829E0,7.935448151E0,9.535218708E0
6.006571629E1,4.397854614E-1,5.347030792E0,8.011939087E0,9.642370947E0
6.007566929E1,5.525010681E-1,5.416186981E0,8.022117920E0,9.695087146E0
6.008562175E1,6.514453125E-1,5.428162079E0,8.102949829E0,9.774820739E0
6.009557475E1,6.249504089E-1,5.422473907E0,8.196056213E0,9.847290173E0
6.010552775E1,5.641767883E-1,5.472020874E0,8.282276917E0,9.942706815E0
6.011547975E1,5.129832458E-1,5.504802704E0,8.363108826E0,1.002534757E1
6.012543275E1,5.390290833E-1,5.558391266E0,8.249944153E0,9.962321233E0
6.013538475E1,6.515950012E-1,5.650300140E0,8.034841461E0,9.844244259E0
6.014533775E1,6.985972595E-1,5.697152710E0,7.952512665E0,9.807550398E0
6.015529075E1,7.785310364E-1,5.760770416E0,7.908653870E0,9.815263236E0
6.016524275E1,9.101074219E-1,5.706732788E0,7.985743561E0,9.857342180E0
6.017519575E1,9.830058289E-1,5.517526245E0,8.013885040E0,9.779148724E0
6.018514875E1,1.152603149E0,5.296735382E0,7.983348541E0,9.649754072E0
6.019510075E1,1.369651794E0,5.205874329E0,8.200546875E0,9.809487378E0
6.020505375E1,1.379082184E0,5.042863312E0,8.564889221E0,1.003442402E1
6.021500575E1,1.183738403E0,5.032684479E0,8.664731598E0,1.008993178E1
6.022495875E1,7.345225525E-1,5.034331055E0,8.190068665E0,9.641640798E0
6.023491175E1,4.129911804E-1,5.094356232E0,7.497159576E0,9.073611676E0
6.024486375E1,3.606001282E-1,5.236859894E0,7.257507935E0,8.956905460E0
6.025481675E1,4.266128540E-1,5.290747833E0,7.648494873E0,9.309859558E0
6.026476875E1,5.539979553E-1,5.318739624E0,8.048163757E0,9.662755548E0
6.027472175E1,4.887336731E-1,5.246140594E0,8.245303802E0,9.784982705E0
6.028467475E1,3.354524231E-1,5.143454132E0,8.296048279E0,9.766886187E0
6.029462675E1,1.513352966E-1,5.081033936E0,8.458610229E0,9.868530551E0
6.030457975E1,-2.694396973E-3,5.105433197E0,8.868008881E0,1.023264564E1
6.031453175E1,-2.143542480E-1,5.158123627E0,9.031169586E0,1.040260598E1
6.032448475E1,-4.040098572E-1,5.273683319E0,8.973988495E0,1.041668994E1
6.033443775E1,-4.197271729E-1,5.385500793E0,9.021439819E0,1.051504475E1
6.034438975E1,-3.103047180E-1,5.374872894E0,9.050778809E0,1.053100872E1
6.035434275E1,-2.019300842E-1,5.237308960E0,8.843459930E0,1.027993018E1
6.036429575E1,-9.250762939E-2,4.954097900E0,1.062715073E1,1.172552669E1
6.037424775E1,3.080593872E-1,5.325176239E0,1.162617325E1,1.279141536E1
6.038420075E1,7.229965210E-1,5.931415558E0,1.191402466E1,1.332848071E1
6.039415275E1,9.511221313E-1,5.838758240E0,1.187555466E1,1.326742362E1
6.040410575E1,9.868977356E-1,5.897136841E0,1.128353577E1,1.276982261E1
6.041405875E1,1.252445526E0,5.782624969E0,8.665929108E0,1.049312626E1
6.042401075E1,9.250762939E-2,4.784949646E0,9.672735443E0,1.079194661E1
6.043396375E1,2.793191528E-1,5.414690094E0,1.158485916E1,1.279085024E1
6.044391575E1,1.782792664E-1,4.987179108E0,1.088611221E1,1.197544062E1
6.045386875E1,-3.203338623E-1,4.276906128E0,1.028840515E1,1.114656092E1
6.046382175E1,-6.514453125E-1,4.193080444E0,9.859846344E0,1.073419184E1
6.047377375E1,-1.841171265E-2,4.407584381E0,7.776478729E0,8.938722531E0
6.048372675E1,-1.820214844E-1,3.759432220E0,5.455854492E0,6.628183060E0
6.049367875E1,1.628613281E-1,3.797004089E0,6.077960815E0,7.168359055E0
6.050363175E1,1.117276611E0,4.317920837E0,6.792425079E0,8.125871390E0
6.051358475E1,1.569635925E0,4.672832794E0,7.157665558E0,8.690874496E0
6.052353675E1,1.446741486E0,4.538711700E0,7.090904388E0,8.542475629E0
6.053348975E1,1.000070343E0,4.101321259E0,7.113956451E0,8.272203645E0
6.054344175E1,6.634204102E-1,3.896247711E0,7.149282990E0,8.169034223E0
6.055339475E1,4.192781067E-1,3.820804596E0,7.229516144E0,8.187810792E0
6.056334775E1,1.895059204E-1,3.861070862E0,7.457492065E0,8.399879082E0
6.057329975E1,-2.664459229E-2,3.910318451E0,7.640561371E0,8.583092589E0
6.058325275E1,-2.219883728E-1,3.986510010E0,7.714657288E0,8.686626385E0
6.059320575E1,-2.148033142E-1,4.057612152E0,7.810907135E0,8.804579894E0
6.060315775E1,-1.606159973E-1,4.109554138E0,7.935897217E0,8.938271497E0
6.061311075E1,-8.442443848E-2,4.124672699E0,7.958949280E0,8.964648682E0
6.062306275E1,1.080752563E-1,4.211791534E0,8.016579437E0,9.056291408E0
6.063301575E1,4.270619202E-1,4.225113831E0,8.137228546E0,9.178695832E0
6.064296875E1,6.915618896E-1,4.258943481E0,8.435558167E0,9.474993351E0
6.065292075E1,8.863069153E-1,4.224964142E0,8.640631714E0,9.659005040E0
6.066287375E1,1.029858398E0,4.218377838E0,8.861422577E0,9.868137109E0
6.067282575E1,1.086440735E0,4.285288696E0,9.030121765E0,1.005421065E1
6.068277875E1,1.029858398E0,4.389172668E0,9.137747955E0,1.018940051E1
6.069273175E1,8.635542297E-1,4.393962708E0,9.094936981E0,1.013757924E1
6.070268375E1,6.789880371E-1,4.401447144E0,9.141789551E0,1.016887791E1
6.071263675E1,4.194277954E-1,4.413721619E0,9.191486206E0,1.020491435E1
6.072258875E1,9.026229858E-2,4.431983643E0,9.142537994E0,1.016054267E1
6.073254175E1,-2.565664673E-1,4.427942047E0,9.094487915E0,1.011840934E1
6.074249475E1,-5.236111450E-1,4.429289246E0,9.050778809E0,1.009006288E1
6.075244675E1,-6.625222778E-1,4.430187378E0,9.026828613E0,1.007715886E1
6.076239975E1,-7.616162109E-1,4.384232941E0,9.078321533E0,1.011026605E1
6.077235275E1,-8.723858643E-1,4.314927063E0,9.043893127E0,1.005841218E1
6.078230475E1,-9.666897583E-1,4.308041382E0,8.851393433E0,9.891454662E0
6.079225775E1,-1.043779449E0,4.392316132E0,8.580307159E0,9.695544724E0
6.080220975E1,-1.049317932E0,4.509971466E0,8.248896332E0,9.459661804E0
6.081216275E1,-9.375004578E-1,4.671186218E0,8.047714691E0,9.352251042E0
6.082211575E1,-7.679031372E-1,4.946014709E0,7.852071533E0,9.311700387E0
6.083206775E1,-6.622229004E-1,5.144801331E0,7.655829620E0,9.247661709E0
6.084202075E1,-6.322851562E-1,5.189558258E0,7.492519226E0,9.136144908E0
6.085197275E1,-6.237528992E-1,5.255271606E0,7.391479340E0,9.090704822E0
6.086192575E1,-6.822811890E-1,5.341791687E0,7.307204590E0,9.077195876E0
6.087187875E1,-7.149133301E-1,5.354964294E0,7.311994629E0,9.091315038E0
6.088183075E1,-6.692582703E-1,5.373525696E0,7.401059418E0,9.170516100E0
6.089178375E1,-5.632786560E-1,5.459746399E0,7.536677399E0,9.323498260E0
6.090173575E1,-4.737648010E-1,5.557193756E0,7.659122772E0,9.474651295E0
6.091168875E1,-3.059637451E-1,5.626948700E0,7.849077759E0,9.662514535E0
6.092164175E1,-7.888595581E-2,5.659730530E0,8.113727417E0,9.892994757E0
6.093159375E1,6.885681152E-2,5.618566132E0,8.327033844E0,1.004552235E1
6.094154675E1,8.442443848E-2,5.496270447E0,8.380622406E0,1.002252205E1
6.095149975E1,8.547225952E-2,5.381608887E0,8.541388092E0,1.009575803E1
6.096145175E1,4.161346436E-2,5.331163788E0,8.611592102E0,1.012830477E1
6.097140475E1,-1.676513672E-2,5.251978455E0,8.656049652E0,1.012475947E1
6.098135675E1,-3.442840576E-2,5.181026001E0,8.687484283E0,1.011516678E1
6.099130975E1,-3.981719971E-2,5.121150513E0,8.817713470E0,1.019705050E1
6.100126275E1,-7.080276489E-2,5.022505646E0,9.004824371E0,1.031103477E1
6.101121475E1,-9.565109253E-2,4.871469727E0,9.200018463E0,1.041060547E1
6.102116775E1,-1.338217163E-1,4.745132446E0,9.404193878E0,1.053437481E1
6.103111975E1,-2.008822632E-1,4.600233765E0,9.492510223E0,1.055036752E1
6.104107275E1,-3.333567810E-1,4.459526367E0,9.516161041E0,1.051455292E1
6.105102575E1,-4.920268250E-1,4.306694183E0,9.499246216E0,1.044152210E1
6.106097775E1,-6.078858948E-1,4.223616943E0,9.457183685E0,1.037529704E1
6.107093075E1,-7.372169495E-1,4.127516785E0,9.311536560E0,1.021198300E1
6.108088254E1,-8.387059021E-1,4.164340210E0,9.070537720E0,1.001597781E1
6.109083554E1,-7.414082336E-1,4.454736328E0,8.694819031E0,9.797665023E0
6.110078854E1,-4.653822327E-1,4.952750702E0,8.396489410E0,9.759475117E0
6.111074054E1,-3.406915283E-1,4.992567902E0,8.632099457E0,9.977722486E0
6.112069354E1,-6.001020813E-1,4.676575012E0,8.860524445E0,1.003690041E1
6.113064654E1,-1.021924896E0,4.698728943E0,8.686586151E0,9.928704001E0
6.114059854E1,-1.161734161E0,4.853507080E0,8.500373383E0,9.857104285E0
6.115055154E1,-8.981323242E-1,4.927303619E0,8.349487152E0,9.736472582E0
6.116050354E1,-4.954696655E-1,4.986730042E0,8.291407928E0,9.688158346E0
6.117045654E1,-1.580712891E-1,4.948110352E0,8.471483459E0,9.811973022E0
6.118040954E1,9.714797974E-2,4.610412598E0,8.803193665E0,9.937885124E0
6.119036154E1,6.316864014E-2,4.073778534E0,8.969348145E0,9.851338384E0
6.120031454E1,-2.082170105E-1,3.509302368E0,8.967402191E0,9.631866875E0
6.121026654E1,-4.177812195E-1,2.988235931E0,8.870852966E0,9.369958777E0
6.122021954E1,-4.586462402E-1,2.665806427E0,8.644224243E0,9.057565514E0
6.123017254E1,-2.439926147E-1,2.516117706E0,8.404273224E0,8.776228639E0
6.124012454E1,1.022373962E-1,2.522704010E0,7.945926361E0,8.337399699E0
6.125007754E1,4.578977966E-1,2.492167511E0,7.548203430E0,7.962157014E0
6.126003054E1,1.026116180E0,2.684367828E0,7.142397308E0,7.698869031E0
6.126998254E1,1.627864838E0,2.876867523E0,6.657106476E0,7.432588870E0
6.127993554E1,2.387834473E0,3.028053131E0,6.511459351E0,7.567691993E0
6.128988754E1,3.050057373E0,3.364553375E0,6.438111877E0,7.878601014E0
6.129984054E1,3.391946411E0,3.585044861E0,6.365961914E0,8.055018200E0
6.130979354E1,3.434008942E0,3.543730774E0,6.566844177E0,8.214249062E0
6.131974554E1,3.363804932E0,3.420387268E0,7.025939484E0,8.507529507E0
6.132969854E1,3.222049713E0,3.194357300E0,7.680827637E0,8.920797952E0
6.133965054E1,3.075953522E0,2.937790833E0,8.357720032E0,9.377824330E0
6.134960354E1,2.991529083E0,2.746189270E0,8.832382965E0,9.721203146E0
6.135955654E1,2.894081726E0,2.643053741E0,9.113648071E0,9.920686634E0
6.136950854E1,2.831960907E0,2.524051208E0,9.352551270E0,1.009262366E1
6.137946154E1,2.860850830E0,2.516267395E0,9.557475128E0,1.028889692E1
6.138941354E1,2.847528534E0,2.734663239E0,9.405840454E0,1.020081548E1
6.139936654E1,2.793790283E0,2.868934021E0,9.009464722E0,9.859335735E0
6.140931954E1,2.769989777E0,2.886896667E0,8.574319611E0,9.461816555E0
6.141927154E1,2.729274445E0,2.834355927E0,8.073311462E0,8.981139709E0
6.142922454E1,2.739303589E0,2.837948456E0,7.522307281E0,8.493694274E0
6.143917754E1,2.813249817E0,2.857407990E0,6.962920532E0,8.035011966E0
6.144912954E1,2.932851105E0,2.889890442E0,6.423143005E0,7.629537891E0
6.145908254E1,3.030298462E0,2.908152466E0,5.976471863E0,7.304674904E0
6.146903454E1,3.103047180E0,2.921025696E0,5.570366364E0,7.013577856E0
6.147898754E1,3.139271851E0,3.047512665E0,5.050347748E0,6.681943846E0
6.148894054E1,3.188968506E0,3.260819092E0,4.642595673E0,6.508160713E0
6.149889254E1,3.294499054E0,3.346590729E0,4.528981934E0,6.524191205E0
6.150884554E1,3.509152679E0,3.367098083E0,4.569846954E0,6.673455118E0
6.151879754E1,3.650309143E0,3.417842560E0,4.672683105E0,6.844002631E0
6.152875054E1,3.570375366E0,3.344046021E0,4.765340424E0,6.829252770E0
6.153870354E1,3.384312286E0,3.173101501E0,4.774920502E0,6.657477645E0
6.154865554E1,3.222349091E0,2.982697449E0,4.842579803E0,6.536864454E0
6.155860854E1,3.091072083E0,2.863844604E0,5.015021210E0,6.550325967E0
6.156856154E1,2.983146515E0,2.823129272E0,5.246739349E0,6.663144589E0
6.157851354E1,2.862647095E0,2.761756897E0,5.505401459E0,6.792016988E0
6.158846654E1,2.738704834E0,2.559677124E0,5.561235352E0,6.706697383E0
6.159841854E1,2.728376312E0,2.314037933E0,5.702092438E0,6.731468415E0
6.160837154E1,2.822680206E0,2.239792328E0,5.815706177E0,6.841537222E0
6.161832454E1,3.019520874E0,2.412832489E0,6.130800934E0,7.247481426E0
6.162827654E1,3.325334930E0,2.698139191E0,6.584657135E0,7.854649392E0
6.163822954E1,3.584146729E0,2.741099854E0,6.955735474E0,8.291079071E0
6.164818154E1,3.723806305E0,2.737657013E0,7.418423309E0,8.740394940E0
6.165813454E1,3.884272614E0,2.588866425E0,8.253087616E0,9.481732874E0
6.166808754E1,3.951782227E0,2.097737732E0,9.205556946E0,1.023520225E1
6.167803954E1,4.016747131E0,1.459165649E0,9.943971405E0,1.082340008E1
6.168799254E1,4.244423676E0,1.007704468E0,1.037282959E1,1.125283050E1
6.169794554E1,4.550387421E0,9.610015869E-1,1.046069687E1,1.144795740E1
6.170789754E1,4.965474243E0,1.072070618E0,1.043420197E1,1.160507822E1
6.171785054E1,5.219046936E0,9.443861389E-1,1.022044647E1,1.151467942E1
6.172780254E1,5.268444214E0,8.077203369E-1,9.907297668E0,1.125004283E1
6.173775554E1,5.427862701E0,7.277865601E-1,9.702523499E0,1.114137913E1
6.174770854E1,5.602549438E0,5.176235962E-1,9.763446808E0,1.126860186E1
6.175766054E1,5.716612244E0,2.728825378E-1,1.012973511E1,1.163467463E1
6.176761354E1,5.756579132E0,1.570234680E-1,1.045740372E1,1.193818044E1
6.177756554E1,5.521717529E0,2.963836670E-2,1.083387085E1,1.215989311E1
6.178751854E1,5.150489502E0,-5.444178772E-1,1.102038300E1,1.217673085E1
6.179747154E1,4.521497498E0,-1.386416931E0,1.072564590E1,1.172201227E1
6.180742354E1,4.034111023E0,-9.879455566E-1,1.065873505E1,1.143934967E1
6.181737654E1,3.763473816E0,-8.542735291E-1,1.007375153E1,1.078767761E1
6.182732954E1,3.706741791E0,-1.180445251E0,9.993668060E0,1.072412174E1
6.183728154E1,3.669768677E0,-1.132395172E0,9.848769379E0,1.057108222E1
6.184723454E1,3.663332062E0,-8.690927124E-1,9.667945404E0,1.037518637E1
6.185718654E1,3.583997040E0,-8.348139954E-1,9.843380585E0,1.050876256E1
6.186713954E1,3.418591003E0,-9.993218994E-1,1.002285736E1,1.063687352E1
6.187709254E1,3.219055939E0,-1.043031006E0,9.972711639E0,1.053115436E1
6.188704454E1,3.191812592E0,-9.470805359E-1,1.013153137E1,1.066454674E1
6.189699754E1,3.267555084E0,-8.994795227E-1,1.034678375E1,1.088769552E1
6.190694954E1,3.320544891E0,-1.029109955E0,1.024559418E1,1.081930154E1
6.191690254E1,3.353775787E0,-1.087338867E0,1.028645920E1,1.087388434E1
6.192685554E1,3.472029877E0,-9.312135315E-1,1.027837601E1,1.088885501E1
6.193680754E1,3.722608795E0,-5.912704468E-1,1.032268387E1,1.098932297E1
6.194676054E1,4.019291840E0,-4.105961609E-1,1.056473053E1,1.131091629E1
6.195671354E1,4.140240326E0,-1.660047913E-1,1.076965439E1,1.153926355E1
6.196666554E1,4.184398499E0,1.496887207E-3,1.059272232E1,1.138924753E1
6.197661854E1,4.425397339E0,-2.032772827E-1,1.076157120E1,1.163773508E1
6.198657054E1,4.853207703E0,-2.989283752E-1,1.111468689E1,1.213174546E1
6.199652354E1,5.458249512E0,-1.824705505E-1,1.115405502E1,1.241928849E1
6.200647654E1,5.885311432E0,-2.189945984E-1,1.131796417E1,1.275857211E1
6.201642854E1,6.286327515E0,-4.605921936E-1,1.177122162E1,1.335259215E1
6.202638154E1,6.876400452E0,-5.292993164E-1,1.234557724E1,1.414136904E1
6.203633354E1,7.406747589E0,-6.286926270E-1,1.323876984E1,1.518289139E1
6.204628654E1,7.657925262E0,-9.077124023E-1,1.403466476E1,1.601373086E1
6.205623954E1,7.414082336E0,-1.260229340E0,1.417088150E1,1.604277649E1
6.206619154E1,6.825655975E0,-1.824705505E0,1.405771683E1,1.573335730E1
6.207614454E1,6.203399963E0,-2.278262329E0,1.371223526E1,1.522163086E1
6.208609700E1,5.724545746E0,-2.406545563E0,1.312455734E1,1.451950037E1
6.209604900E1,5.270240479E0,-2.478545837E0,1.261411880E1,1.389368984E1
6.210600200E1,4.813540192E0,-2.450254669E0,1.219094879E1,1.333390976E1
6.211595400E1,4.419110413E0,-2.259102173E0,1.158875107E1,1.260679304E1
6.212590700E1,4.076023865E0,-2.077829132E0,1.085707260E1,1.178165396E1
6.213586000E1,3.872896271E0,-2.002685394E0,1.040246796E1,1.127924704E1
6.214581200E1,3.903732147E0,-1.929188232E0,1.006536896E1,1.096688398E1
6.215576500E1,3.820205841E0,-1.810934143E0,9.652976532E0,1.053818823E1
6.216571700E1,3.860172729E0,-1.764231262E0,9.360484772E0,1.027774881E1
6.217567000E1,3.945794678E0,-1.758842468E0,9.117390289E0,1.008908460E1
6.218562300E1,4.038751373E0,-1.572929077E0,8.815318451E0,9.823210164E0
6.219557500E1,4.187991028E0,-1.378034363E0,8.489446106E0,9.566030668E0
6.220552800E1,4.259991302E0,-1.351988525E0,8.224646759E0,9.360566926E0
6.221548100E1,4.313579865E0,-1.195713501E0,8.139024811E0,9.288725795E0
6.222543300E1,4.422702942E0,-1.016985168E0,8.123906250E0,9.305504441E0
6.223538600E1,4.739593964E0,-9.909393311E-1,8.352031860E0,9.654125952E0
6.224533800E1,5.084476776E0,-1.075363770E0,8.931925964E0,1.033380921E1
6.225529100E1,5.362448730E0,-1.253493347E0,9.632918243E0,1.109595493E1
6.226524400E1,5.563630371E0,-1.494043121E0,1.033765274E1,1.183440797E1
6.227519600E1,5.723497925E0,-1.704954529E0,1.101469482E1,1.252951717E1
6.228514900E1,5.757926331E0,-1.845512238E0,1.143157791E1,1.293215390E1
6.229510100E1,5.600453796E0,-2.099084930E0,1.171299271E1,1.315163254E1
6.230505400E1,5.285808105E0,-2.245031433E0,1.169293442E1,1.302707368E1
6.231500700E1,4.826263733E0,-2.222877502E0,1.142364441E1,1.259895462E1
6.232495900E1,4.377946014E0,-2.153871002E0,1.123728195E1,1.225079905E1
6.233491200E1,4.171974335E0,-1.991758118E0,1.106020020E1,1.198751428E1
6.234486500E1,4.165687408E0,-1.716181183E0,1.074839859E1,1.165445416E1
6.235481700E1,4.224066010E0,-1.473535767E0,1.024589355E1,1.117999893E1
6.236477000E1,4.199666748E0,-1.181193695E0,9.812245331E0,1.073836942E1
6.237472200E1,4.143383789E0,-8.759783936E-1,9.457632751E0,1.036251826E1
6.238467500E1,4.074077911E0,-5.176235962E-1,9.146579590E0,1.002626367E1
6.239462800E1,3.946393433E0,-1.591191101E-1,9.075627136E0,9.897795105E0
6.240458000E1,3.812721405E0,6.496490479E-2,9.331744537E0,1.008079962E1
6.241453300E1,3.713926849E0,3.028202820E-1,9.398954773E0,1.011065298E1
6.242448600E1,3.754492493E0,4.077520752E-1,9.640402679E0,1.035373553E1
6.243443800E1,3.819906464E0,2.600093079E-1,9.909093933E0,1.062306137E1
6.244439100E1,3.801794128E0,4.445755005E-2,1.010638367E1,1.079789822E1
6.245434300E1,3.819158020E0,-2.091151428E-1,1.034962784E1,1.103378872E1
6.246429600E1,3.857927399E0,-4.825964355E-1,1.054796539E1,1.124171148E1
6.247424900E1,3.997886353E0,-6.782395935E-1,1.074809921E1,1.148759074E1
6.248420100E1,4.070934448E0,-7.261399841E-1,1.074435699E1,1.151264495E1
6.249415400E1,3.948788452E0,-7.228468323E-1,1.068717590E1,1.141626763E1
6.250410600E1,3.888912964E0,-6.622229004E-1,1.064780777E1,1.135508668E1
6.251405900E1,4.036955109E0,-5.129832458E-1,1.066831512E1,1.141810431E1
6.252401200E1,4.231849823E0,-4.535568237E-1,1.069750443E1,1.151307377E1
6.253396400E1,4.322112122E0,-5.390290833E-1,1.071591614E1,1.156728422E1
6.254391700E1,4.317621460E0,-7.364685059E-1,1.072968750E1,1.158923789E1
6.255387000E1,4.374054108E0,-8.756790161E-1,1.056368271E1,1.146693313E1
6.256382200E1,4.410877533E0,-8.421487427E-1,1.030397278E1,1.123996931E1
6.257377500E1,4.309538269E0,-8.408015442E-1,9.951755219E0,1.087733879E1
6.258372700E1,4.176315308E0,-8.584648132E-1,9.662855988E0,1.056169291E1
6.259368000E1,3.933819580E0,-8.291258240E-1,9.293573914E0,1.012585316E1
6.260363300E1,3.677402802E0,-4.945715332E-1,9.169781342E0,9.892056521E0
6.261358500E1,3.833378448E0,-4.620890808E-1,8.989256744E0,9.783407048E0
6.262353800E1,3.857178955E0,-3.781137085E-1,8.718769226E0,9.541369728E0
6.263349000E1,3.736230469E0,-2.806663513E-1,8.375832367E0,9.175661260E0
6.264344300E1,3.645219727E0,-1.850152588E-1,8.319998474E0,9.085385634E0
6.265339600E1,3.656895447E0,-1.516346741E-1,8.121960297E0,8.908541769E0
6.266334800E1,3.610342255E0,3.772155762E-2,7.995922394E0,8.773298641E0
6.267330100E1,3.631897430E0,1.145118713E-1,7.854316864E0,8.654136890E0
6.268325400E1,3.901187439E0,2.540217590E-1,8.004903717E0,8.908550612E0
6.269320600E1,4.061653748E0,2.845582581E-1,7.998167725E0,8.974892284E0
6.270315900E1,3.905977478E0,1.698966980E-1,7.835905151E0,8.757107655E0
6.271311100E1,3.681444397E0,2.086660767E-1,7.841293945E0,8.665013856E0
6.272306400E1,3.654650116E0,2.186952209E-1,7.847131805E0,8.659201617E0
6.273301700E1,3.662284241E0,4.740641785E-1,7.778274994E0,8.610378887E0
6.274296900E1,3.656895447E0,8.690927124E-1,7.779921570E0,8.640334836E0
6.275292200E1,3.732488251E0,9.376501465E-1,7.578889618E0,8.500013187E0
6.276287500E1,3.813469849E0,1.244212646E0,7.566315765E0,8.563863127E0
6.277282700E1,3.952979736E0,1.575623474E0,7.422015839E0,8.555405147E0
6.278278000E1,4.179159393E0,1.897454224E0,7.641758881E0,8.914156413E0
6.279273200E1,4.423900452E0,1.927841034E0,7.843988342E0,9.209539585E0
6.280268500E1,4.277055817E0,1.828447723E0,7.817493439E0,9.096682428E0
6.281263800E1,4.074227600E0,1.582359467E0,7.675438843E0,8.832641363E0
6.282259000E1,3.988455963E0,1.559307404E0,7.713010712E0,8.822117364E0
6.283254300E1,4.018693085E0,1.646276550E0,7.723339233E0,8.860591939E0
6.284249500E1,4.157005463E0,1.852547607E0,7.622299347E0,8.877616481E0
6.285244800E1,4.591701508E0,2.038161621E0,7.794591064E0,9.273266705E0
6.286240100E1,5.143603821E0,1.614392853E0,7.658374329E0,9.365555077E0
6.287235300E1,4.807402954E0,1.889221344E0,7.841892700E0,9.390184320E0
6.288230600E1,4.464466095E0,1.327589264E0,7.838599548E0,9.117981884E0
6.289225900E1,4.165837097E0,7.039860535E-1,7.622598724E0,8.715148100E0
6.290221100E1,3.778592377E0,1.082848206E0,7.714208221E0,8.657905582E0
6.291216400E1,3.422632599E0,1.262175293E0,7.587571564E0,8.418951396E0
6.292211600E1,3.313659210E0,1.387614441E0,7.732470245E0,8.526248137E0
6.293206900E1,3.356470184E0,1.605112152E0,8.173303528E0,8.980265457E0
6.294202200E1,2.992576904E0,1.490450592E0,8.179141388E0,8.836023616E0
6.295197400E1,2.277513885E0,1.410367126E0,8.781488800E0,9.180999427E0
6.296192700E1,1.730251923E0,1.546583862E0,9.934391327E0,1.020185397E1
6.297187900E1,1.140178986E0,1.582958221E0,1.037477554E1,1.055659663E1
6.298183200E1,5.492079163E-1,1.718875580E0,1.043495041E1,1.058982307E1
6.299178500E1,6.002517700E-2,1.119072876E0,9.816436615E0,9.880200147E0
6.300173700E1,-4.026626587E-1,8.684939575E-1,9.673483887E0,9.720736056E0
6.301169000E1,-6.628216553E-1,7.074288940E-1,9.563013611E0,9.612024631E0
6.302164300E1,-6.840774536E-1,4.110452271E-1,9.315278778E0,9.349403128E0
6.303159500E1,-7.023394775E-1,2.230361938E-1,9.105714569E0,9.135483769E0
6.304154800E1,-7.553292847E-1,1.707948303E-1,9.085805969E0,9.118747903E0
6.305150000E1,-7.682025146E-1,4.191284180E-3,8.820707245E0,8.854096734E0
6.306145300E1,-7.685018921E-1,3.061134338E-1,9.142388306E0,9.179736626E0
6.307140600E1,-9.232800293E-1,7.050338745E-1,9.396559753E0,9.468096640E0
6.308135825E1,-9.990225220E-1,1.352437592E0,9.388027496E0,9.537410220E0
6.309131125E1,-9.409432983E-1,2.029030609E0,9.138197021E0,9.407921360E0
6.310126425E1,-7.771838379E-1,2.391127625E0,8.563542023E0,8.925007451E0
6.311121625E1,-6.171665955E-1,2.605032806E0,8.049510956E0,8.483025236E0
6.312116925E1,-3.269201660E-1,2.815046082E0,8.128995667E0,8.608828711E0
6.313112125E1,4.299060059E-1,3.176244965E0,9.351952515E0,9.885968192E0
6.314107425E1,1.240171051E0,3.504662018E0,9.224268036E0,9.945240112E0
6.315102725E1,1.133143616E0,3.960015106E0,7.080126801E0,8.191088426E0
6.316097925E1,5.287005615E-1,4.475842438E0,6.452481995E0,7.870655227E0
6.317093225E1,1.068777466E-1,4.599036255E0,7.183112640E0,8.529927581E0
6.318088425E1,-1.721420288E-2,4.482728119E0,7.664212189E0,8.878924270E0
6.319083725E1,-4.071533203E-2,4.515360260E0,7.890242157E0,9.090987697E0
6.320079025E1,2.993774414E-3,4.619393921E0,7.915090485E0,9.164467608E0
6.321074225E1,8.696914673E-2,4.704117737E0,7.858807526E0,9.159538364E0
6.322069525E1,3.128494263E-2,4.608316956E0,7.920778656E0,9.163858272E0
6.323064825E1,-2.924917603E-1,4.591102753E0,7.954308929E0,9.188841410E0
6.324060025E1,-6.756948853E-1,4.584217072E0,7.799081726E0,9.071785133E0
6.325055325E1,-8.586145020E-1,4.736300812E0,7.604785767E0,9.000140599E0
6.326050525E1,-7.650590515E-1,4.918322296E0,7.573351135E0,9.062607626E0
6.327045825E1,-5.385800171E-1,5.230423279E0,7.425758057E0,9.098861403E0
6.328041125E1,-2.909948730E-1,5.564378815E0,7.322472839E0,9.201391096E0
6.329036325E1,-3.128494263E-2,5.704337769E0,7.356601868E0,9.309137402E0
6.330031625E1,1.710942078E-1,5.743107147E0,7.443271637E0,9.402916866E0
6.331026925E1,2.368075562E-1,5.643115082E0,7.408843231E0,9.316210800E0
6.332022125E1,1.219963074E-1,5.493426361E0,7.418273621E0,9.231652062E0
6.333017425E1,4.071533203E-2,5.367538147E0,7.423363037E0,9.160700971E0
6.334012625E1,-5.613327026E-2,5.312602386E0,7.402256927E0,9.111547765E0
6.335007925E1,-1.395098877E-1,5.288502502E0,7.311545563E0,9.024767046E0
6.336003225E1,-1.811233521E-1,5.281916199E0,7.245832214E0,8.968474167E0
6.336998425E1,-2.228865051E-1,5.295687561E0,7.283404083E0,9.007883224E0
6.337993725E1,-2.667453003E-1,5.232069855E0,7.329059143E0,9.008929789E0
6.338988925E1,-2.956352234E-1,5.182373199E0,7.366181946E0,9.011383280E0
6.339984225E1,-2.927911377E-1,5.060227203E0,7.500452728E0,9.052536502E0
6.340979525E1,-2.984793091E-1,5.071753235E0,7.567812653E0,9.115018328E0
6.341974725E1,-2.101629639E-1,5.418432312E0,7.544461212E0,9.290988762E0
6.342970025E1,-5.463638306E-2,5.951024780E0,7.601941681E0,9.654387520E0
6.343965325E1,-1.571731567E-2,6.266867981E0,7.587122498E0,9.840645767E0
6.344960525E1,-8.367599487E-2,6.427034912E0,7.641459503E0,9.985273295E0
6.345955825E1,-1.078656921E0,6.044430542E0,7.891739044E0,9.998909264E0
6.346951025E1,-1.778152313E0,6.139632568E0,9.063951416E0,1.109108331E1
6.347946325E1,-1.640289001E0,6.155499573E0,9.045240326E0,1.106332208E1
6.348941625E1,-2.550995178E0,5.310656433E0,8.516390076E0,1.035565295E1
6.349936825E1,-2.014361115E0,5.589975586E0,8.558302917E0,1.041873440E1
6.350932125E1,-1.309177551E0,5.719755707E0,8.386011200E0,1.023497607E1
6.351927325E1,-7.183561707E-1,5.617218933E0,8.255632324E0,1.001122616E1
6.352922625E1,-3.465293884E-1,5.504054260E0,8.026009827E0,9.738148164E0
6.353917925E1,-5.358856201E-2,5.212011566E0,8.049660645E0,9.589836953E0
6.354913125E1,1.640588379E-1,4.893174591E0,8.088280334E0,9.454647093E0
6.355908425E1,2.329156494E-1,4.634213104E0,8.137378235E0,9.367342490E0
6.356903725E1,9.355545044E-2,4.432133331E0,8.334967346E0,9.440563498E0
6.357898925E1,-1.520837402E-1,4.257596283E0,8.592581635E0,9.590761947E0
6.358894225E1,-4.546046448E-1,4.266876984E0,8.691376190E0,9.692931685E0
6.359889425E1,-7.273374939E-1,4.487218781E0,8.675808563E0,9.794580463E0
6.360884725E1,-9.089099121E-1,4.668192444E0,8.634644165E0,9.857749123E0
6.361880025E1,-1.037642212E0,4.812192993E0,8.412206726E0,9.746749446E0
6.362875225E1,-1.151854706E0,4.905898132E0,8.142168274E0,9.575463955E0
6.363870525E1,-1.219214630E0,4.916675720E0,7.926616516E0,9.406988564E0
6.364865825E1,-1.608405304E0,4.728816376E0,7.790250092E0,9.254008236E0
6.365861025E1,-1.451980591E0,5.203628998E0,7.227719879E0,9.023632142E0
6.366856325E1,-9.211843872E-1,5.164410553E0,8.056246948E0,9.613679417E0
6.367851525E1,-4.819976807E-1,4.704117737E0,8.295599213E0,9.548717806E0
6.368846825E1,-2.624043274E-1,4.870721283E0,8.129145355E0,9.480284070E0
6.369842125E1,-1.480421448E-1,5.249433746E0,7.983947296E0,9.556248509E0
6.370837325E1,-9.116043091E-2,5.364694061E0,7.706274719E0,9.390150299E0
6.371832625E1,-2.544708252E-3,5.404960327E0,7.620952148E0,9.343046305E0
6.372827825E1,1.097218323E-1,5.503455505E0,7.509284363E0,9.310714958E0
6.373823125E1,1.865121460E-1,5.499114532E0,7.406897278E0,9.226980801E0
6.374818425E1,2.445913696E-1,5.516328735E0,7.257358246E0,9.119153270E0
6.375813625E1,2.459385681E-1,5.590274963E0,7.194189606E0,9.114166118E0
6.376808925E1,2.157014465E-1,5.579946442E0,7.232958984E0,9.137725378E0
6.377804225E1,1.832189941E-1,5.550158386E0,7.296576691E0,9.169397947E0
6.378799425E1,1.188528442E-1,5.498665466E0,7.476652222E0,9.281690382E0
6.379794725E1,8.622070312E-2,5.430407410E0,7.663912811E0,9.393205961E0
6.380789925E1,1.167572021E-1,5.357658691E0,7.775879974E0,9.443645921E0
6.381785225E1,1.534309387E-1,5.298232269E0,7.851472778E0,9.473142616E0
6.382780525E1,1.428030396E-1,5.347330170E0,7.792495422E0,9.451842019E0
6.383775725E1,9.864486694E-2,5.518723755E0,7.695796509E0,9.470550491E0
6.384771025E1,6.197113037E-2,5.678441620E0,7.558232574E0,9.453857377E0
6.385766325E1,1.152603149E-2,5.853876801E0,7.459587708E0,9.482270573E0
6.386761525E1,-9.580078125E-3,5.926475830E0,7.480693817E0,9.543793142E0
6.387756825E1,-6.286926270E-3,5.944288788E0,7.545958099E0,9.606044574E0
6.388752025E1,-3.353027344E-2,6.006259918E0,7.671846313E0,9.743382798E0
6.389747325E1,-1.197509766E-1,6.010600891E0,7.763156433E0,9.818770859E0
6.390742625E1,-1.938468933E-1,6.096821594E0,7.820038147E0,9.917752104E0
6.391737825E1,-1.839674377E-1,6.126759338E0,8.014483795E0,1.008974601E1
6.392733125E1,-1.833686829E-1,6.117179260E0,8.214916992E0,1.024394296E1
6.393728325E1,-2.222877502E-1,6.100713501E0,8.328381042E0,1.032618264E1
6.394723625E1,-1.938468933E-1,6.081852722E0,8.343649292E0,1.032680941E1
6.395718925E1,-1.694476318E-1,6.022276611E0,8.336763611E0,1.028582304E1
6.396714125E1,-1.125659180E-1,6.002068634E0,8.294551392E0,1.023899808E1
6.397709425E1,-9.624984741E-2,6.052513733E0,8.228089600E0,1.021487371E1
6.398704725E1,-1.377136230E-1,6.071823578E0,8.126301270E0,1.014508644E1
6.399699925E1,-1.345701599E-1,6.109096069E0,8.037984924E0,1.009694833E1
6.400695225E1,-9.804611206E-2,6.180946655E0,7.997868347E0,1.010839318E1
6.401690425E1,-1.477427673E-1,6.249803467E0,7.887547760E0,1.006455568E1
6.402685725E1,-2.547702026E-1,6.304439850E0,7.746990051E0,9.991332470E0
6.403681025E1,-3.065625000E-1,6.457122345E0,7.527696075E0,9.922430032E0
6.404676225E1,-2.589614868E-1,6.590944061E0,7.345973969E0,9.872737119E0
6.405671525E1,-2.302212524E-1,6.639592896E0,7.209457855E0,9.803748171E0
6.406666825E1,-1.516346741E-1,6.446494446E0,7.038213959E0,9.545508862E0
6.407662025E1,3.622467041E-2,6.209537201E0,6.823710022E0,9.226195475E0
6.408657375E1,-1.092727661E-2,6.156248016E0,6.780150604E0,9.158053901E0
6.409652575E1,-1.865121460E-1,6.234834595E0,6.803052979E0,9.229814680E0
6.410647875E1,-2.598596191E-1,6.356232147E0,6.710695038E0,9.246763868E0
6.411643175E1,-4.405339050E-1,6.577472076E0,6.742878113E0,9.429931828E0
6.412638375E1,-6.665638733E-1,6.770869904E0,6.851552124E0,9.655710909E0
6.413633675E1,-8.632548523E-1,6.900200958E0,6.943760376E0,9.827196465E0
6.414628875E1,-1.132844238E0,7.015161896E0,7.146887970E0,1.007838480E1
6.415624175E1,-1.643731842E0,7.084916840E0,7.380701752E0,1.036207795E1
6.416619475E1,-2.225721588E0,7.379354553E0,7.630532227E0,1.084590855E1
6.417614675E1,-2.521207123E0,7.777975616E0,7.799830170E0,1.130003278E1
6.418609975E1,-2.569556580E0,7.893385620E0,7.942333832E0,1.148863892E1
6.419605275E1,-2.306852875E0,7.817493439E0,8.105494537E0,1.149494739E1
6.420600475E1,-1.886077881E0,7.702382813E0,8.044720917E0,1.129608452E1
6.421595775E1,-1.400787048E0,7.467820587E0,7.876770172E0,1.094413345E1
6.422590975E1,-1.056802368E0,7.099736023E0,7.682923279E0,1.051429470E1
6.423586275E1,-7.948471069E-1,6.831942902E0,7.498207397E0,1.017498599E1
6.424581575E1,-5.780978394E-1,6.515201569E0,7.486531677E0,9.941338197E0
6.425576775E1,-4.165837097E-1,6.202801208E0,7.412585449E0,9.674435790E0
6.426572075E1,-2.930905151E-1,5.999972992E0,7.435338135E0,9.558756778E0
6.427567375E1,-2.254312134E-1,5.867947540E0,7.502548370E0,9.527426705E0
6.428562575E1,-1.145118713E-1,5.814358978E0,7.469616852E0,9.466523079E0
6.429557875E1,1.612147522E-1,5.970634003E0,7.353907471E0,9.473880708E0
6.430553075E1,5.357359314E-1,6.332581329E0,7.191644897E0,9.597309811E0
6.431548375E1,9.092092896E-1,6.709497528E0,6.992409210E0,9.733334741E0
6.432543675E1,1.200653229E0,6.875801697E0,6.971901855E0,9.865375443E0
6.433538875E1,1.107546844E0,6.680607605E0,7.259753265E0,9.927799125E0
6.434534175E1,8.158035278E-1,6.287075958E0,7.701933746E0,9.975602385E0
6.435529375E1,4.894821167E-1,5.800886993E0,8.146359558E0,1.001264484E1
6.436524675E1,1.781295776E-2,5.294190674E0,8.496930542E0,1.001132363E1
6.437519975E1,2.468367004E-1,5.216951294E0,8.796008606E0,1.022972515E1
6.438515175E1,8.285270691E-1,5.231770477E0,8.757688293E0,1.023498821E1
6.439510475E1,1.350940704E0,5.172194366E0,8.866212616E0,1.035308464E1
6.440505775E1,1.878892822E0,5.257067871E0,8.877888336E0,1.048732102E1
6.441500975E1,2.023043060E0,5.226531372E0,8.840915222E0,1.046762224E1
6.442496275E1,1.822011108E0,5.323230286E0,8.758137360E0,1.040968180E1
6.443491475E1,1.188528442E0,5.461991730E0,8.570727081E0,1.023246384E1
6.444486775E1,5.028044128E-1,5.360203400E0,8.590336304E0,1.013797172E1
6.445482075E1,2.442919922E-1,5.252277832E0,8.680598602E0,1.014883703E1
6.446477275E1,4.569996643E-1,5.178331604E0,8.640332336E0,1.008361591E1
6.447472575E1,7.816744995E-1,5.156926117E0,8.452023926E0,9.931848289E0
6.448467875E1,9.231303406E-1,5.207520905E0,8.247998199E0,9.797954781E0
6.449463075E1,8.419990540E-1,5.276228027E0,8.046816559E0,9.659130465E0
6.450458375E1,6.204597473E-1,5.332061920E0,7.947423248E0,9.590484394E0
6.451453575E1,3.116519165E-1,5.420977020E0,7.820636902E0,9.520844517E0
6.452448875E1,-7.903564453E-2,5.505102081E0,7.679480438E0,9.449170088E0
6.453444175E1,-3.727249146E-1,5.572611694E0,7.480544128E0,9.335494921E0
6.454439375E1,-5.399272156E-1,5.723497925E0,7.309150543E0,9.299119935E0
6.455434675E1,-6.688092041E-1,5.781128082E0,7.127129059E0,9.201343178E0
6.456429975E1,-7.068301392E-1,5.778733063E0,6.935826874E0,9.055333184E0
6.457425175E1,-7.450007629E-1,5.763614502E0,6.882687378E0,9.008088799E0
6.458420475E1,-7.423063660E-1,5.811215515E0,6.851402435E0,9.014597042E0
6.459415675E1,-6.703060913E-1,5.927373962E0,6.821913757E0,9.062095765E0
6.460410975E1,-5.260061646E-1,5.984105988E0,6.910828857E0,9.156733176E0
6.461406275E1,-4.035607910E-1,5.967340851E0,7.053332520E0,9.247784479E0
6.462401475E1,-3.278182983E-1,5.923482056E0,7.143744507E0,9.285913530E0
6.463396775E1,-2.823129272E-1,5.927673340E0,7.257807312E0,9.375114868E0
6.464391975E1,-2.941383362E-1,5.928721161E0,7.383545837E0,9.473806051E0
6.465387275E1,-3.441343689E-1,5.930367737E0,7.666457520E0,9.698570042E0
6.466382575E1,-3.724255371E-1,5.900429993E0,7.847131805E0,9.825031931E0
6.467377775E1,-2.884501648E-1,5.856720886E0,7.889493713E0,9.829979353E0
6.468373075E1,-3.070115662E-1,5.766458588E0,7.822133789E0,9.722760810E0
6.469368375E1,-3.710783386E-1,5.643115082E0,7.753576355E0,9.596894980E0
6.470363575E1,-3.239263916E-1,5.542224884E0,7.742349701E0,9.527075305E0
6.471358875E1,-2.134561157E-1,5.557642822E0,7.862100677E0,9.630450889E0
6.472354075E1,-2.137554932E-1,5.576503601E0,7.961493988E0,9.722575294E0
6.473349375E1,-2.712359619E-1,5.630541229E0,7.882158966E0,9.690458887E0
6.474344675E1,-2.984793091E-1,5.704188080E0,7.857610016E0,9.714364967E0
6.475339875E1,-2.668949890E-1,5.791306915E0,7.832013245E0,9.744275252E0
6.476335175E1,-2.682421875E-1,5.866450653E0,7.743846588E0,9.718763147E0
6.477330475E1,-2.689906311E-1,5.965694275E0,7.734116821E0,9.771306317E0
6.478325675E1,-2.424957275E-1,5.988746338E0,7.757019196E0,9.802817640E0
6.479320975E1,-3.270698547E-1,5.950276337E0,7.819289703E0,9.831279400E0
6.480316175E1,-4.300556946E-1,5.899831238E0,8.016130371E0,9.962494801E0
6.481311475E1,-4.915777588E-1,5.829178162E0,8.229137421E0,1.009651769E1
6.482306775E1,-5.375321960E-1,5.747298431E0,8.484955444E0,1.026230233E1
6.483301975E1,-6.096821594E-1,5.609734497E0,8.694220276E0,1.036485888E1
6.484297275E1,-6.867718506E-1,5.491330719E0,8.851543121E0,1.043916588E1
6.485292575E1,-7.595205688E-1,5.403164062E0,8.925938416E0,1.046152140E1
6.486287775E1,-9.270222473E-1,5.394182739E0,8.887019348E0,1.043722619E1
6.487283075E1,-1.000519409E0,5.777685242E0,8.654253387E0,1.045364948E1
6.488278275E1,-8.918453979E-1,6.471193085E0,8.300089874E0,1.056234917E1
6.489273575E1,-8.029302979E-1,6.958130493E0,8.014334106E0,1.064376945E1
6.490268875E1,-8.596623230E-1,7.112908630E0,7.876770172E0,1.064781653E1
6.491264075E1,-1.076261902E0,7.002438354E0,7.952512665E0,1.065058403E1
6.492259375E1,-1.360071716E0,6.683601379E0,8.173602905E0,1.064556748E1
6.493254575E1,-1.608405304E0,6.480174408E0,8.366252289E0,1.070391542E1
6.494249875E1,-1.786385193E0,6.353238373E0,8.339907074E0,1.063526492E1
6.495245175E1,-1.863474884E0,6.034401398E0,8.103398895E0,1.027383144E1
6.496240375E1,-1.841021576E0,5.692063293E0,7.852370911E0,9.871609489E0
6.497235675E1,-1.724264374E0,5.554499359E0,7.724237366E0,9.668991346E0
6.498230975E1,-1.537003784E0,5.589676208E0,7.568561096E0,9.533623541E0
6.499226175E1,-1.226998444E0,5.566324768E0,7.422913971E0,9.358907438E0
6.500221475E1,-9.321116638E-1,5.443430328E0,7.297175446E0,9.151422588E0
6.501216675E1,-7.234455872E-1,5.336253204E0,7.258256378E0,9.037768388E0
6.502211975E1,-6.514453125E-1,5.333259430E0,7.286697235E0,9.053396807E0
6.503207275E1,-7.222480774E-1,5.443130951E0,7.406148834E0,9.219563839E0
6.504202475E1,-8.265811157E-1,5.675747223E0,7.554789734E0,9.485367194E0
6.505197775E1,-9.183403015E-1,5.892346802E0,7.483687592E0,9.569152507E0
6.506193075E1,-9.548643494E-1,6.045178986E0,7.445367279E0,9.637917245E0
6.507188275E1,-1.112336884E0,6.072272644E0,7.255561981E0,9.526435224E0
6.508183592E1,-1.662293243E0,6.057902527E0,6.144272919E0,8.787120777E0
6.509178792E1,-1.933978271E0,6.085744629E0,5.815257111E0,8.636768777E0
6.510174092E1,-1.924847260E0,6.100264435E0,6.251300354E0,8.944105280E0
6.511169392E1,-1.739981689E0,6.282734985E0,6.528374176E0,9.226048155E0
6.512164592E1,-1.482966156E0,6.250851288E0,6.289470978E0,8.990538116E0
6.513159892E1,-1.405726776E0,6.072122955E0,6.124813385E0,8.738425714E0
6.514155192E1,-1.506467285E0,5.992787933E0,6.136339417E0,8.708479335E0
6.515150392E1,-1.723366241E0,5.942043457E0,6.455026703E0,8.941210286E0
6.516145692E1,-1.839524689E0,6.046675873E0,6.993906097E0,9.426603985E0
6.517140892E1,-1.807790680E0,6.083648987E0,7.366930389E0,9.723710994E0
6.518136192E1,-1.832788696E0,5.968089294E0,7.668702850E0,9.888690896E0
6.519131492E1,-1.770218811E0,5.875282288E0,7.762258301E0,9.894709219E0
6.520126692E1,-1.613345032E0,5.857020264E0,7.905510406E0,9.970188732E0
6.521121992E1,-1.468146973E0,5.916746063E0,7.852520599E0,9.941097488E0
6.522117292E1,-1.381477203E0,5.842949524E0,7.662266235E0,9.734416380E0
6.523112492E1,-1.497485962E0,5.663323059E0,7.505691833E0,9.521087237E0
6.524107792E1,-1.666783905E0,5.758525085E0,7.562723236E0,9.650573169E0
6.525102992E1,-1.882784729E0,5.970783691E0,7.846533051E0,1.003808832E1
6.526098292E1,-2.063758392E0,6.095923462E0,8.190517731E0,1.041652352E1
6.527093592E1,-2.114203491E0,6.129753113E0,8.353379059E0,1.057462393E1
6.528088792E1,-2.028731232E0,6.152505798E0,8.477171631E0,1.066918539E1
6.529084092E1,-1.728455658E0,6.156697083E0,8.627159729E0,1.073873190E1
6.530079292E1,-1.329086151E0,6.088588715E0,8.789571991E0,1.077469064E1
6.531074592E1,-1.391955414E0,6.033652954E0,8.327482910E0,1.037735416E1
6.532069892E1,-1.842817841E0,5.924829254E0,7.616910553E0,9.824301790E0
6.533065092E1,-2.245330811E0,5.687722321E0,7.344177704E0,9.556602000E0
6.534060392E1,-2.356699219E0,5.544619904E0,7.317383423E0,9.478446141E0
6.535055692E1,-1.686243439E0,6.836732941E0,6.890620880E0,9.852156634E0
6.536050892E1,-1.801653442E0,6.787036285E0,6.125412140E0,9.318287962E0
6.537046192E1,-1.793719940E0,6.399342499E0,6.214925995E0,9.099138463E0
6.538041392E1,-1.797312469E0,6.423592072E0,6.294410706E0,9.171285261E0
6.539036692E1,-1.714833984E0,6.421047363E0,6.540948029E0,9.324939997E0
6.540031992E1,-1.497186584E0,6.294111328E0,6.943161621E0,9.490252809E0
6.541027192E1,-1.492246857E0,6.202052765E0,7.326215057E0,9.714200237E0
6.542022492E1,-1.671124878E0,6.228847046E0,7.575446777E0,9.948798307E0
6.543017792E1,-1.899250488E0,6.273304596E0,7.545059967E0,9.994470115E0
6.544012992E1,-2.082319794E0,6.364015961E0,7.471562805E0,1.003299584E1
6.545008292E1,-2.120191040E0,6.508914642E0,7.382498016E0,1.006789237E1
6.546003492E1,-2.042801971E0,6.539301453E0,7.283404083E0,9.999173887E0
6.546998792E1,-1.896705780E0,6.445746002E0,7.340734863E0,9.951458319E0
6.547994092E1,-1.743424530E0,6.341862030E0,7.522157593E0,9.992076759E0
6.548989292E1,-1.768572235E0,6.310128021E0,7.643704834E0,1.006835572E1
6.549984592E1,-1.803300018E0,6.292165375E0,7.645052032E0,1.006429613E1
6.550979892E1,-1.759291534E0,6.264023895E0,7.613318024E0,1.001477475E1
6.551975092E1,-1.733694763E0,6.195466461E0,7.613168335E0,9.967438703E0
6.552970392E1,-1.757794647E0,6.189329224E0,7.617060242E0,9.970819675E0
6.553965592E1,-1.757944336E0,6.265820160E0,7.468868408E0,9.906304349E0
6.554960892E1,-1.702559509E0,6.237379303E0,7.374414825E0,9.807425935E0
6.555956192E1,-1.650168457E0,6.171516266E0,7.364834747E0,9.749433820E0
6.556951392E1,-1.644180908E0,6.115981750E0,7.265591125E0,9.638328591E0
6.557946692E1,-1.631307678E0,6.166576538E0,7.193740540E0,9.614454425E0
6.558941992E1,-1.625769196E0,6.250102844E0,7.166347504E0,9.646939804E0
6.559937192E1,-1.635049896E0,6.357729034E0,7.138804779E0,9.698280276E0
6.560932492E1,-1.631307678E0,6.495891724E0,7.071444855E0,9.739769318E0
6.561927692E1,-1.598525848E0,6.638245697E0,7.091652832E0,9.844446694E0
6.562922992E1,-1.524579620E0,6.758445740E0,7.250023499E0,1.002814901E1
6.563918292E1,-1.472637634E0,6.827152863E0,7.411238251E0,1.018357158E1
6.564913492E1,-1.428928528E0,6.848258972E0,7.542964325E0,1.028770132E1
6.565908792E1,-1.372495880E0,6.835385742E0,7.668553162E0,1.036402194E1
6.566904092E1,-1.324745178E0,6.846612396E0,7.746690674E0,1.042316015E1
6.567899292E1,-1.328786774E0,6.907984772E0,7.657326508E0,1.039810450E1
6.568894592E1,-1.347048798E0,6.994205475E0,7.569459229E0,1.039375600E1
6.569889792E1,-1.374890900E0,7.029082947E0,7.516619110E0,1.038257651E1
6.570885092E1,-1.354982300E0,7.002737732E0,7.566166077E0,1.039813358E1
6.571880392E1,-1.258732452E0,6.992109833E0,7.642207947E0,1.043443097E1
6.572875592E1,-1.052611084E0,6.976991272E0,7.694598999E0,1.043998329E1
6.573870892E1,-7.680528259E-1,6.851851501E0,8.024512939E0,1.057972505E1
6.574866092E1,-6.078858948E-1,6.535858612E0,8.202642517E0,1.050572783E1
6.575861392E1,-2.817141724E-1,6.364315338E0,8.111931152E0,1.031442192E1
6.576856692E1,-6.346801758E-2,6.391558685E0,8.229436798E0,1.042015742E1
6.577851892E1,-2.799179077E-2,6.615642700E0,8.259224854E0,1.058216930E1
6.578847192E1,-6.661148071E-2,6.412365417E0,8.308771820E0,1.049564464E1
6.579842492E1,-1.062789917E-1,6.411616974E0,8.302784271E0,1.049077471E1
6.580837692E1,-1.922003174E-1,6.371201019E0,8.259374542E0,1.043294835E1
6.581832992E1,-1.410067749E-1,6.508166199E0,8.066126404E0,1.036525472E1
6.582828192E1,1.215472412E-1,6.644832001E0,7.840246124E0,1.027803606E1
6.583823492E1,3.597019958E-1,6.618037720E0,7.807464294E0,1.024130399E1
6.584818792E1,4.025129700E-1,6.541247406E0,7.807613983E0,1.019356515E1
6.585813992E1,2.942880249E-1,6.447991333E0,8.009843445E0,1.028692324E1
6.586809292E1,-1.032852173E-1,6.153104553E0,8.355325012E0,1.037703327E1
6.587804592E1,-6.689588928E-1,5.796546021E0,8.569679260E0,1.036758672E1
6.588799792E1,-9.976753235E-1,5.713618469E0,8.766819305E0,1.051179874E1
6.589795092E1,-1.348246307E0,5.348976746E0,8.941056976E0,1.050579936E1
6.590790292E1,-1.567839661E0,5.159470825E0,8.844956818E0,1.035912745E1
6.591785592E1,-1.576820984E0,5.159321136E0,8.717571716E0,1.025187864E1
6.592780892E1,-1.457968140E0,5.054688721E0,8.621172180E0,1.009951281E1
6.593776092E1,-1.530417480E0,4.823719025E0,8.693920898E0,1.005955782E1
6.594771392E1,-1.692230988E0,4.662055206E0,8.499026184E0,9.840317604E0
6.595766692E1,-1.548978882E0,4.779111786E0,8.230334930E0,9.642492318E0
6.596761892E1,-1.263821869E0,4.808750153E0,8.035290527E0,9.449191373E0
6.597757192E1,-1.018781433E0,4.732109528E0,7.854316864E0,9.226108041E0
6.598752392E1,-6.201603699E-1,4.796775055E0,7.743696899E0,9.130087156E0
6.599747692E1,-1.669029236E-1,4.856201477E0,7.621999969E0,9.039105758E0
6.600742992E1,2.583627319E-1,4.872966614E0,7.466024323E0,8.919309060E0
6.601738192E1,7.059320068E-1,4.963827667E0,7.287295990E0,8.845485173E0
6.602733492E1,1.058898010E0,4.994813232E0,7.246880035E0,8.864913675E0
6.603728792E1,1.253193970E0,4.868326263E0,7.255112915E0,8.826537211E0
6.604723992E1,1.291065216E0,4.750371552E0,7.358547821E0,8.853310415E0
6.605719292E1,1.200353851E0,4.594395905E0,7.537874908E0,8.908921440E0
6.606714492E1,1.122515717E0,4.439617767E0,7.724686432E0,8.980034962E0
6.607709792E1,9.806108093E-1,4.222569122E0,7.956853638E0,9.061082019E0
6.608705104E1,7.750881958E-1,3.949087830E0,8.217461700E0,9.150012743E0
6.609700304E1,5.333409119E-1,3.782933350E0,8.474477234E0,9.295794837E0
6.610695604E1,3.580554199E-1,3.694018250E0,8.750652924E0,9.505151293E0
6.611690904E1,1.486408997E-1,3.631897430E0,8.927884369E0,9.639496479E0
6.612686104E1,-1.047821045E-1,3.635789337E0,8.932674408E0,9.644823247E0
6.613681404E1,-3.423381042E-1,3.679199066E0,8.868907013E0,9.607872436E0
6.614676604E1,-6.213578796E-1,3.779041443E0,8.746162262E0,9.547910460E0
6.615671904E1,-9.575587463E-1,3.872297516E0,8.568631439E0,9.451616346E0
6.616667204E1,-1.124311981E0,3.979025574E0,8.185877380E0,9.170894746E0
6.617662404E1,-1.030756531E0,4.137695618E0,7.727979584E0,8.826361226E0
6.618657704E1,-7.141648865E-1,4.343966675E0,7.400460663E0,8.610859189E0
6.619653004E1,-3.339555359E-1,4.534071350E0,7.286996613E0,8.588925948E0
6.620648204E1,-1.122665405E-2,4.646038513E0,7.199728088E0,8.568657097E0
6.621643504E1,1.981878662E-1,4.661306763E0,7.392377472E0,8.741527547E0
6.622638704E1,3.616479492E-1,4.657564545E0,7.827522583E0,9.115580427E0
6.623634004E1,4.227209473E-1,4.622836761E0,8.272996216E0,9.486399692E0
6.624629304E1,3.507206726E-1,4.602928162E0,8.679401093E0,9.830664066E0
6.625624504E1,1.666035461E-1,4.533921661E0,9.099277954E0,1.016764779E1
6.626619804E1,-7.484436035E-3,4.470902710E0,9.493857422E0,1.049391994E1
6.627615004E1,-1.431024170E-1,4.431684265E0,9.830357666E0,1.078407324E1
6.628610304E1,-2.401007080E-1,4.402794342E0,9.954299927E0,1.088716370E1
6.629605604E1,-3.534150696E-1,4.386927338E0,9.953701172E0,1.088329916E1
6.630600804E1,-5.011578369E-1,4.372407532E0,9.858050079E0,1.079584449E1
6.631596104E1,-6.486012268E-1,4.378844147E0,9.638307037E0,1.060622092E1
6.632591404E1,-7.212002563E-1,4.386627960E0,9.451645203E0,1.044491416E1
6.633586604E1,-7.857160950E-1,4.441563721E0,9.295968933E0,1.033246710E1
6.634581904E1,-8.387059021E-1,4.554129639E0,9.077722778E0,1.019061211E1
6.635577104E1,-8.533753967E-1,4.656516724E0,8.903335419E0,1.008368877E1
6.636572404E1,-8.620573425E-1,4.783901825E0,8.824150085E0,1.007444709E1
6.637567704E1,-8.442443848E-1,4.941224670E0,8.741970978E0,1.007722712E1
6.638562904E1,-8.030799866E-1,5.109923859E0,8.605005798E0,1.004003905E1
6.639558204E1,-7.491920471E-1,5.171595612E0,8.494086456E0,9.972772665E0
6.640553504E1,-7.424560547E-1,5.162763977E0,8.346942444E0,9.842602351E0
6.641548704E1,-7.249424744E-1,5.130730591E0,8.225993958E0,9.721981001E0
6.642544004E1,-6.483018494E-1,5.140759735E0,8.117769012E0,9.630466223E0
6.643539204E1,-4.802014160E-1,5.150339813E0,8.085885315E0,9.598861126E0
6.644534504E1,-3.459306335E-1,5.159321136E0,8.067473602E0,9.582400165E0
6.645529804E1,-2.884501648E-1,5.125192108E0,8.069868622E0,9.564181994E0
6.646525004E1,-3.091072083E-1,5.059927826E0,8.012837219E0,9.481770782E0
6.647520304E1,-3.695814514E-1,4.968617706E0,7.988437958E0,9.414823066E0
6.648515604E1,-4.519102478E-1,4.922064514E0,8.012088776E0,9.414059087E0
6.649510804E1,-5.104385376E-1,4.884792023E0,8.064779205E0,9.442584616E0
6.650506104E1,-5.198689270E-1,4.811743927E0,8.191266174E0,9.514199118E0
6.651501304E1,-5.099894714E-1,4.713847504E0,8.329279175E0,9.584223449E0
6.652496604E1,-4.900808716E-1,4.656067657E0,8.388256531E0,9.606351697E0
6.653491904E1,-4.680766296E-1,4.607119446E0,8.433612213E0,9.621354389E0
6.654487104E1,-5.116360474E-1,4.554129639E0,8.557255096E0,9.707135674E0
6.655482404E1,-5.538482666E-1,4.520299988E0,8.668623505E0,9.792083198E0
6.656477604E1,-5.902226257E-1,4.485572205E0,8.769364014E0,9.867647438E0
6.657472904E1,-6.195616150E-1,4.449946289E0,8.816216583E0,9.895026701E0
6.658468204E1,-6.306385803E-1,4.485721893E0,8.849597168E0,9.941568083E0
6.659463404E1,-5.896238708E-1,4.532574463E0,8.877439270E0,9.985029572E0
6.660458704E1,-4.878355408E-1,4.553680573E0,8.867410126E0,9.980228084E0
6.661454004E1,-3.412902832E-1,4.563260651E0,8.842711487E0,9.956574374E0
6.662449204E1,-2.281256104E-1,4.516557770E0,8.839268646E0,9.928947859E0
6.663444504E1,-1.701960754E-1,4.499193878E0,8.831933899E0,9.913363135E0
6.664439704E1,-1.681004333E-1,4.462520142E0,8.843609619E0,9.907157759E0
6.665435004E1,-1.905537415E-1,4.389172668E0,8.874295807E0,9.902235783E0
6.666430304E1,-2.133064270E-1,4.397555237E0,8.869655457E0,9.902261338E0
6.667425504E1,-2.441423035E-1,4.508175201E0,8.814120941E0,9.903129661E0
6.668420804E1,-2.559677124E-1,4.651277618E0,8.683891754E0,9.854434482E0
6.669416104E1,-2.504292297E-1,4.795278168E0,8.517437897E0,9.777737766E0
6.670411304E1,-1.459465027E-1,4.866080933E0,8.385262756E0,9.696013383E0
6.671406604E1,-6.691085815E-2,4.910837860E0,8.337062988E0,9.676126540E0
6.672401804E1,-8.861572266E-2,4.884792023E0,8.311166840E0,9.640774870E0
6.673397104E1,-1.646575928E-1,4.852309570E0,8.382867737E0,9.687336671E0
6.674392404E1,-1.945953369E-1,4.855602722E0,8.537346497E0,9.823493795E0
6.675387604E1,-1.823208618E-1,4.912484436E0,8.659193115E0,9.957277220E0
6.676382904E1,-1.691482544E-1,5.054988098E0,8.668773193E0,1.003639101E1
6.677378204E1,-1.324745178E-1,5.132975922E0,8.675209808E0,1.008088570E1
6.678373404E1,-1.445993042E-1,5.168601837E0,8.606652374E0,1.004040930E1
6.679368704E1,-1.323248291E-1,5.135221252E0,8.558751984E0,9.981995927E0
6.680363904E1,-6.286926270E-2,5.092709656E0,8.545429688E0,9.948065778E0
6.681359204E1,4.146377563E-2,5.069956970E0,8.472082214E0,9.873315551E0
6.682354504E1,7.679031372E-2,5.007686462E0,8.398585052E0,9.778499442E0
6.683349704E1,1.016386414E-1,4.881199493E0,8.423283691E0,9.735920452E0
6.684345004E1,1.396595764E-1,4.788093109E0,8.519982605E0,9.774223448E0
6.685340204E1,1.553768921E-1,4.702620850E0,8.589587860E0,9.793865654E0
6.686335504E1,1.923500061E-1,4.614753571E0,8.656648407E0,9.811753701E0
6.687330804E1,2.040257263E-1,4.600084076E0,8.748706970E0,9.886469221E0
6.688326004E1,1.794767761E-1,4.619543610E0,8.854387207E0,9.988621921E0
6.689321304E1,1.194515991E-1,4.552033997E0,8.901838531E0,9.998900511E0
6.690316604E1,3.547622681E-2,4.499493256E0,8.875193939E0,9.950666590E0
6.691311804E1,-2.200424194E-2,4.522395630E0,8.768765259E0,9.866295687E0
6.692307104E1,-6.316864014E-2,4.593348083E0,8.666827240E0,9.809012759E0
6.693302304E1,-9.879455566E-2,4.682712250E0,8.546926575E0,9.746153511E0
6.694297604E1,-6.197113037E-2,4.816384277E0,8.415799255E0,9.696755903E0
6.695292904E1,-1.796264648E-3,4.887187042E0,8.383765869E0,9.704232611E0
6.696288104E1,1.736389160E-2,4.869374084E0,8.388106842E0,9.699043348E0
6.697283404E1,-8.681945801E-3,4.823269958E0,8.313711548E0,9.611545566E0
6.698278704E1,-3.562591553E-2,4.768633575E0,8.328680420E0,9.597294042E0
6.699273904E1,-1.213975525E-1,4.712051239E0,8.379275208E0,9.614073915E0
6.700269204E1,-2.366578674E-1,4.770130463E0,8.410709839E0,9.672134799E0
6.701264404E1,-3.800596619E-1,4.859195251E0,8.397986298E0,9.709912342E0
6.702259704E1,-4.649331665E-1,4.851561127E0,8.322992249E0,9.644999128E0
6.703255004E1,-4.346960449E-1,4.953050079E0,8.269403687E0,9.649077835E0
6.704250204E1,-4.197271729E-1,5.014272766E0,8.222401428E0,9.639864497E0
6.705245504E1,-4.167333984E-1,4.916376343E0,8.308322754E0,9.662952450E0
6.706240804E1,-5.037025452E-1,4.794230347E0,8.446485443E0,9.725300880E0
6.707236004E1,-5.795947266E-1,4.614154816E0,8.526718597E0,9.712429395E0
6.708231454E1,-6.908134460E-1,4.380790100E0,8.667875061E0,9.736560131E0
6.709226654E1,-8.285270691E-1,4.126768341E0,8.868308258E0,9.816494558E0
6.710221954E1,-8.393046570E-1,4.016447754E0,8.923393707E0,9.821570145E0
6.711217254E1,-6.695576477E-1,4.112847290E0,8.979377289E0,9.899143234E0
6.712212454E1,-4.320016479E-1,4.266427917E0,9.033564606E0,9.999716100E0
6.713207754E1,-2.549198914E-1,4.542453918E0,9.051976318E0,1.013099931E1
6.714202954E1,-1.044827271E-1,4.859045563E0,9.157806244E0,1.036757713E1
6.715198254E1,-5.987548828E-2,4.776417389E0,9.573641510E0,1.069917566E1
6.716193554E1,-4.343966675E-1,4.308041382E0,1.009306137E1,1.098261394E1
6.717188754E1,-1.052012329E0,3.861370239E0,1.050739975E1,1.124376981E1
6.718184054E1,-1.666783905E0,3.513793030E0,1.104014191E1,1.170511185E1
6.719179354E1,-2.099234619E0,3.240461426E0,1.145882126E1,1.209181380E1
6.720174554E1,-2.324965210E0,2.955154724E0,1.136406830E1,1.196998124E1
6.721169854E1,-2.420167236E0,2.731819153E0,1.115719849E1,1.173895751E1
6.722165054E1,-2.556683350E0,2.698737946E0,1.097772171E1,1.159009017E1
6.723160354E1,-2.763403473E0,2.587219849E0,1.086814957E1,1.150855249E1
6.724155654E1,-2.958597565E0,2.345322876E0,1.073896820E1,1.138328937E1
6.725150854E1,-3.029999084E0,2.286495209E0,1.044108765E1,1.110969244E1
6.726146154E1,-3.045117645E0,2.233206024E0,1.011371841E1,1.079570520E1
6.727141454E1,-3.139720917E0,2.141895905E0,9.754615173E0,1.046891029E1
6.728136654E1,-3.276686096E0,2.102976837E0,9.398655396E0,1.017319550E1
6.729131954E1,-3.411705322E0,2.181413727E0,9.089099121E0,9.950377977E0
6.730127154E1,-3.538491669E0,2.373314667E0,8.645721130E0,9.638570416E0
6.731122454E1,-3.710633698E0,2.655477905E0,8.110883331E0,9.306277116E0
6.732117754E1,-3.796704712E0,2.895578613E0,7.677085419E0,9.040850773E0
6.733112954E1,-3.746109924E0,3.022664337E0,7.286996613E0,8.733278817E0
6.734108254E1,-3.585643616E0,3.044967957E0,7.037914581E0,8.465276821E0
6.735103554E1,-3.397634583E0,2.965782623E0,7.004384308E0,8.330737474E0
6.736098754E1,-3.321742401E0,2.911146240E0,6.974745941E0,8.255654181E0
6.737094054E1,-3.237916718E0,2.833457794E0,6.875053253E0,8.110421997E0
6.738089254E1,-2.944826202E0,2.868934021E0,7.050638123E0,8.161757269E0
6.739084554E1,-2.496508484E0,2.932102661E0,7.202871552E0,8.167688731E0
6.740079854E1,-2.065105591E0,3.018922119E0,7.305108948E0,8.169649234E0
6.741075054E1,-1.801054688E0,3.046315155E0,7.390281830E0,8.193906244E0
6.742070354E1,-1.647623749E0,3.067720642E0,7.748786316E0,8.495249456E0
6.743065554E1,-1.292861481E0,3.417243805E0,8.220904541E0,8.996239075E0
6.744060854E1,-1.329235840E0,3.720513153E0,8.231382751E0,9.130429784E0
6.745056154E1,-1.457519073E0,3.971241760E0,8.295000458E0,9.311399227E0
6.746051354E1,-1.660796356E0,4.159849548E0,8.296647034E0,9.428517636E0
6.747046654E1,-2.223326569E0,4.028871918E0,8.399932251E0,9.577779063E0
6.748041954E1,-1.602567444E0,4.734055481E0,8.571625214E0,9.922311349E0
6.749037154E1,-9.154962158E-1,4.754113770E0,9.018446045E0,1.023582435E1
6.750032454E1,-9.427395630E-1,4.079317017E0,9.257947998E0,1.016066860E1
6.751027654E1,-9.481283569E-1,4.090843048E0,9.405690765E0,1.030053217E1
6.752022954E1,-9.990225220E-1,4.259392548E0,9.626631317E0,1.057414306E1
6.753018254E1,-1.242266693E0,4.102518768E0,9.776320038E0,1.067475153E1
6.754013454E1,-1.479972382E0,3.927981720E0,9.901908875E0,1.075486671E1
6.755008754E1,-1.524579620E0,3.894601135E0,9.998607788E0,1.083810033E1
6.756004054E1,-1.586101685E0,3.881428528E0,1.020532791E1,1.103312847E1
6.756999254E1,-1.737586670E0,3.868854675E0,1.028915359E1,1.112896786E1
6.757994554E1,-1.796564026E0,3.856280823E0,1.019814285E1,1.104991682E1
6.758989754E1,-1.749412079E0,3.905378723E0,1.001342697E1,1.088949702E1
6.759985054E1,-1.607956238E0,4.015399933E0,9.818532257E0,1.072905101E1
6.760980354E1,-1.404379578E0,4.090393982E0,9.651030579E0,1.057572674E1
6.761975554E1,-1.216370544E0,4.113446045E0,9.426796875E0,1.035685739E1
6.762970854E1,-1.121168518E0,4.118984528E0,9.252409515E0,1.018970727E1
6.763966054E1,-1.102457428E0,4.125870209E0,9.087153168E0,1.004064590E1
6.764961354E1,-1.192869415E0,4.255350952E0,8.981772308E0,1.001015399E1
6.765956654E1,-1.290466461E0,4.373455353E0,8.894803162E0,9.995495920E0
6.766951854E1,-1.313069458E0,4.534819794E0,8.853938141E0,1.003399036E1
6.767947154E1,-1.250050507E0,4.785398712E0,8.836873627E0,1.012684564E1
6.768942454E1,-1.185684357E0,4.877756653E0,8.789272614E0,1.012174246E1
6.769937654E1,-1.196012878E0,4.860841827E0,8.786727905E0,1.011260685E1
6.770932954E1,-1.218615875E0,4.808600464E0,8.856482849E0,1.015110593E1
6.771928154E1,-1.258433075E0,4.869673462E0,8.911867676E0,1.023321840E1
6.772923454E1,-1.418450317E0,4.845573578E0,8.828341370E0,1.017011288E1
6.773918754E1,-1.716031494E0,4.899910583E0,8.734785919E0,1.016121906E1
6.774913954E1,-1.933529205E0,4.986131287E0,8.691376190E0,1.020490375E1
6.775909254E1,-2.061213684E0,5.020260315E0,8.716823273E0,1.026813632E1
6.776904554E1,-2.039209442E0,4.996759186E0,8.594527588E0,1.014849161E1
6.777899754E1,-1.868414612E0,5.023104401E0,8.409961395E0,9.972462166E0
6.778895054E1,-1.749561768E0,5.099745026E0,8.373437347E0,9.959057120E0
6.779890254E1,-1.760938110E0,5.077142029E0,8.404273224E0,9.975474055E0
6.780885554E1,-1.912872162E0,5.024301910E0,8.491392059E0,1.005019546E1
6.781880854E1,-2.004481659E0,4.909790039E0,8.511150970E0,1.002814418E1
6.782876054E1,-1.890418854E0,4.745880890E0,8.444539490E0,9.869514479E0
6.783871354E1,-1.645528107E0,4.485272827E0,8.431965637E0,9.691412673E0
6.784866554E1,-1.322649536E0,4.186045074E0,8.493637390E0,9.561080027E0
6.785861854E1,-1.018032990E0,4.085154877E0,8.490493927E0,9.476991541E0
6.786857154E1,-8.367599487E-1,4.302203522E0,8.528215485E0,9.588513008E0
6.787852354E1,-8.312214661E-1,4.412823486E0,8.751551056E0,9.836340078E0
6.788847654E1,-7.822732544E-1,4.315825195E0,9.088949432E0,1.009194235E1
6.789842954E1,-6.920109558E-1,4.510719910E0,9.436376953E0,1.048192174E1
6.790838154E1,-6.515950012E-1,4.455335083E0,9.761800232E0,1.075022467E1
6.791833454E1,-5.786965942E-1,3.931873627E0,1.022119492E1,1.096664696E1
6.792828654E1,-3.939807129E-1,3.431015167E0,1.061966629E1,1.116711234E1
6.793823954E1,-1.881587219E-1,3.168311462E0,1.094134735E1,1.139239584E1
6.794819254E1,-9.370513916E-2,2.884351959E0,1.124147324E1,1.160598929E1
6.795814454E1,-1.119671631E-1,2.531236267E0,1.142843445E1,1.170593045E1
6.796809754E1,-1.264869690E-1,2.209704895E0,1.155402328E1,1.176410850E1
6.797804954E1,-5.403762817E-2,2.041454773E0,1.156989029E1,1.174873691E1
6.798800254E1,2.423460388E-1,1.989662476E0,1.118563934E1,1.136380288E1
6.799795554E1,8.219407654E-1,2.112856293E0,1.049467621E1,1.073675822E1
6.800790754E1,1.249302063E0,2.554438019E0,9.698631592E0,1.010689685E1
6.801786054E1,1.445244598E0,2.753374329E0,9.085506592E0,9.602928312E0
6.802781354E1,1.645228729E0,2.595752106E0,8.743318176E0,9.267703022E0
6.803776554E1,1.876647491E0,2.439028015E0,8.557554474E0,9.094086102E0
6.804771854E1,2.051932983E0,2.102677460E0,8.630303192E0,9.116677830E0
6.805767054E1,2.127525787E0,1.662742310E0,8.931327209E0,9.330577886E0
6.806762354E1,2.083517303E0,1.281036072E0,9.252259827E0,9.570078875E0
6.807757654E1,1.954934692E0,1.078656921E0,9.452094269E0,9.712227163E0
6.808752700E1,1.807191925E0,9.512718201E-1,9.738748169E0,9.950581723E0
6.809748000E1,1.584904175E0,9.075627136E-1,9.859846344E0,1.002757006E1
6.810743300E1,1.529070282E0,1.230141907E0,9.780511322E0,9.975455216E0
6.811738500E1,1.265468445E0,1.568288727E0,9.379794617E0,9.593825461E0
6.812733800E1,7.188052368E-1,1.675615540E0,9.155560913E0,9.335344881E0
6.813729000E1,4.192781067E-1,1.902843018E0,9.079968109E0,9.286680060E0
6.814724300E1,1.583706665E-1,2.217638397E0,9.112450562E0,9.379752479E0
6.815719600E1,-1.513352966E-1,2.412084045E0,9.195976868E0,9.508261795E0
6.816714800E1,-4.860392761E-1,2.506537628E0,9.247918854E0,9.593902657E0
6.817710100E1,-7.243437195E-1,2.633922729E0,9.263187103E0,9.657580343E0
6.818705300E1,-7.815248108E-1,2.844834137E0,9.254954224E0,9.713806668E0
6.819700600E1,-7.469467163E-1,2.967578888E0,9.178912354E0,9.675581938E0
6.820695900E1,-6.700067139E-1,3.004851379E0,9.021739197E0,9.532566231E0
6.821691100E1,-5.861810303E-1,3.047812042E0,8.886869659E0,9.413246984E0
6.822686400E1,-5.328918457E-1,3.061284027E0,8.742869110E0,9.278641813E0
6.823681700E1,-5.248086548E-1,3.045267334E0,8.684640198E0,9.218028673E0
6.824676900E1,-5.957611084E-1,3.039279785E0,8.778495026E0,9.308819894E0
6.825672200E1,-7.255412292E-1,3.066074066E0,8.913514252E0,9.453991568E0
6.826667400E1,-8.955876160E-1,3.085533600E0,8.982371063E0,9.539684727E0
6.827662700E1,-1.062939606E0,3.210972748E0,8.979227600E0,9.595140170E0
6.828658000E1,-1.140178986E0,3.300187225E0,8.988059235E0,9.642429810E0
6.829653200E1,-1.221909027E0,3.395838318E0,9.051227875E0,9.744203692E0
6.830648500E1,-1.318308563E0,3.499273224E0,9.073830872E0,9.814135583E0
6.831643800E1,-1.439406738E0,3.576662292E0,9.089997253E0,9.873826765E0
6.832639000E1,-1.432221680E0,3.710484009E0,9.023685150E0,9.861330752E0
6.833634300E1,-1.357826385E0,3.811972961E0,8.874445496E0,9.753492359E0
6.834629500E1,-1.407672729E0,3.836372223E0,8.780890045E0,9.685211631E0
6.835624800E1,-1.560055847E0,3.780238953E0,8.812174988E0,9.714855058E0
6.836620100E1,-1.688488770E0,3.725752258E0,8.875044250E0,9.772340286E0
6.837615300E1,-1.757495270E0,3.678899689E0,8.892258453E0,9.782400163E0
6.838610600E1,-1.739083557E0,3.650009766E0,8.973389740E0,9.842190119E0
6.839605900E1,-1.552421722E0,3.716920624E0,9.004375305E0,9.864293526E0
6.840601100E1,-1.264720001E0,3.753594360E0,8.969348145E0,9.805008590E0
6.841596400E1,-1.008752289E0,3.737278290E0,8.899293823E0,9.704754543E0
6.842591600E1,-8.511300659E-1,3.751648407E0,8.800199890E0,9.604311858E0
6.843586900E1,-7.680528259E-1,3.731590118E0,8.626111908E0,9.429977551E0
6.844582200E1,-7.387138367E-1,3.677851868E0,8.525371399E0,9.314196153E0
6.845577400E1,-6.789880371E-1,3.672912140E0,8.526119843E0,9.308384818E0
6.846572700E1,-5.628295898E-1,3.639830933E0,8.660390625E0,9.411031407E0
6.847567900E1,-4.782554626E-1,3.666625214E0,8.860973511E0,9.601547808E0
6.848563200E1,-4.453239441E-1,3.743415527E0,9.022337952E0,9.778243980E0
6.849558500E1,-4.218228149E-1,3.839365997E0,9.074729004E0,9.862523624E0
6.850553700E1,-3.385958862E-1,3.965403900E0,8.903185730E0,9.752219820E0
6.851549000E1,-2.077679443E-1,4.125271454E0,8.585097198E0,9.527062821E0
6.852544300E1,-9.864486694E-2,4.211791534E0,8.310867462E0,9.317694818E0
6.853539500E1,-3.727249146E-2,4.224515076E0,8.109536133E0,9.143986721E0
6.854534800E1,2.305206299E-2,4.205953674E0,7.926317139E0,8.973131064E0
6.855530000E1,1.751358032E-2,4.241280212E0,7.795638885E0,8.874725359E0
6.856525300E1,4.760101318E-2,4.325255585E0,7.805518341E0,8.923912724E0
6.857520600E1,1.520837402E-1,4.436324615E0,8.009095001E0,9.156948635E0
6.858515800E1,2.091151428E-1,4.554129639E0,8.233927460E0,9.411768554E0
6.859511100E1,1.251397705E-1,4.688400421E0,8.306526489E0,9.539137319E0
6.860506300E1,-1.017883301E-2,4.806504822E0,8.282725983E0,9.576332383E0
6.861501600E1,-9.714797974E-2,4.885091400E0,8.229436798E0,9.570641866E0
6.862496900E1,-1.056802368E-1,4.919220428E0,8.153544617E0,9.523139595E0
6.863492100E1,-4.999603271E-2,4.955295410E0,8.107889557E0,9.502385241E0
6.864487400E1,-8.981323242E-3,4.968917084E0,8.209977264E0,9.596558984E0
6.865482700E1,-4.355941772E-2,4.954097900E0,8.436905365E0,9.783984647E0
6.866477900E1,-7.020401001E-2,4.968018951E0,8.716074829E0,1.003275143E1
6.867473200E1,-1.511856079E-1,4.921465759E0,9.052724762E0,1.030512047E1
6.868468400E1,-3.059637451E-1,4.860991516E0,9.325607300E0,1.052092220E1
6.869463700E1,-4.415817261E-1,4.844675446E0,9.426347809E0,1.060763440E1
6.870459000E1,-4.775070190E-1,4.818330231E0,9.407936096E0,1.058081191E1
6.871454200E1,-4.864883423E-1,4.761298828E0,9.264983368E0,1.042816159E1
6.872449500E1,-4.605921936E-1,4.768932953E0,8.996890869E0,1.019308157E1
6.873444800E1,-4.799020386E-1,4.811145172E0,8.839118958E0,1.007509046E1
6.874440000E1,-5.221142578E-1,4.937931519E0,8.771010590E0,1.007900778E1
6.875435300E1,-5.824388123E-1,5.143454132E0,8.687035217E0,1.011231607E1
6.876430500E1,-6.727011108E-1,5.302722931E0,8.672066345E0,1.018705708E1
6.877425800E1,-6.415658569E-1,5.418731689E0,8.680149536E0,1.025276820E1
6.878421100E1,-5.463638306E-1,5.413492584E0,8.666527863E0,1.023294291E1
6.879416300E1,-5.007087708E-1,5.309159546E0,8.680748291E0,1.018789847E1
6.880411600E1,-4.875361633E-1,5.049299927E0,8.737480316E0,1.010330063E1
6.881406800E1,-5.409750366E-1,4.850513306E0,8.857680359E0,1.011329000E1
6.882402100E1,-5.959107971E-1,4.712051239E0,9.086704102E0,1.025313259E1
6.883397400E1,-6.908134460E-1,4.523892517E0,9.310339050E0,1.037425853E1
6.884392600E1,-8.708889771E-1,4.283342743E0,9.465416565E0,1.042590924E1
6.885387900E1,-1.130598907E0,3.982917480E0,9.587861938E0,1.044360963E1
6.886383200E1,-1.426084442E0,3.590882721E0,9.635762329E0,1.038152548E1
6.887378400E1,-1.608554993E0,3.213667145E0,9.689650269E0,1.033462278E1
6.888373700E1,-1.672472076E0,2.899171143E0,9.690698090E0,1.025241365E1
6.889368900E1,-1.648671570E0,2.664309540E0,9.665849762E0,1.016097017E1
6.890364200E1,-1.551673279E0,2.522554321E0,9.595645752E0,1.004228000E1
6.891359500E1,-1.438059540E0,2.614313507E0,9.444160767E0,9.904283060E0
6.892354700E1,-1.269360352E0,2.917732544E0,9.201066284E0,9.735710537E0
6.893350000E1,-1.132095795E0,3.100053406E0,8.915310516E0,9.506562660E0
6.894345300E1,-1.121617584E0,3.171754303E0,8.756939850E0,9.380940619E0
6.895340500E1,-1.262923737E0,3.214265900E0,8.716823273E0,9.376006058E0
6.896335800E1,-1.539548492E0,3.304677887E0,8.652008057E0,9.388735214E0
6.897331000E1,-1.832639008E0,3.425776062E0,8.498427429E0,9.344398115E0
6.898326300E1,-2.032922516E0,3.548520813E0,8.340356140E0,9.289042710E0
6.899321600E1,-2.143392792E0,3.609294434E0,8.310268707E0,9.310301013E0
6.900316800E1,-2.200573883E0,3.631448364E0,8.436156921E0,9.444505611E0
6.901312100E1,-2.213746490E0,3.590733032E0,8.557853851E0,9.541011465E0
6.902307300E1,-2.215393066E0,3.515439606E0,8.642577667E0,9.589600137E0
6.903302600E1,-2.163151703E0,3.371888123E0,8.639284515E0,9.522924537E0
6.904297900E1,-2.048939209E0,3.287763062E0,8.684041443E0,9.508949133E0
6.905293100E1,-1.897753601E0,3.255729675E0,8.721613312E0,9.500935912E0
6.906288400E1,-1.782642975E0,3.303181000E0,8.682694244E0,9.459281158E0
6.907283700E1,-1.727856903E0,3.392096100E0,8.655899963E0,9.456025042E0
6.908278900E1,-1.683099976E0,3.513194275E0,8.587941284E0,9.430169407E0
6.909274175E1,-1.604663086E0,3.641627197E0,8.603209534E0,9.479008732E0
6.910269375E1,-1.505419464E0,3.741319885E0,8.639434204E0,9.534337188E0
6.911264675E1,-1.433718567E0,3.812122650E0,8.647367706E0,9.558493410E0
6.912259975E1,-1.364113312E0,3.813320160E0,8.711883545E0,9.607243656E0
6.913255175E1,-1.309177551E0,3.827839966E0,8.809480591E0,9.693980243E0
6.914250475E1,-1.249751129E0,3.924389191E0,8.802744598E0,9.718591506E0
6.915245675E1,-1.221609650E0,3.993994446E0,8.756790161E0,9.701839810E0
6.916240975E1,-1.276545410E0,3.997437286E0,8.687334595E0,9.647738357E0
6.917236275E1,-1.338516541E0,4.071533203E0,8.586893463E0,9.597069787E0
6.918231475E1,-1.366059265E0,4.193679199E0,8.495882721E0,9.572517242E0
6.919226775E1,-1.340013428E0,4.277504883E0,8.426427155E0,9.544493627E0
6.920222075E1,-1.349443817E0,4.306694183E0,8.390052795E0,9.526888228E0
6.921217275E1,-1.314716034E0,4.293970642E0,8.346792755E0,9.478164982E0
6.922212575E1,-1.265767822E0,4.259242859E0,8.229736176E0,9.352640025E0
6.923207775E1,-1.168919220E0,4.285288696E0,8.185278625E0,9.312832949E0
6.924203075E1,-1.062490540E0,4.299658813E0,8.147407379E0,9.273413560E0
6.925198375E1,-9.755213928E-1,4.260290680E0,8.202343140E0,9.294092298E0
6.926193575E1,-9.222322083E-1,4.246519318E0,8.344547424E0,9.408236300E0
6.927188875E1,-9.056167603E-1,4.316873016E0,8.551417236E0,9.621968151E0
6.928184175E1,-9.345066833E-1,4.380939789E0,8.807684326E0,9.881358174E0
6.929179375E1,-1.003064117E0,4.405488739E0,8.923543396E0,1.000220453E1
6.930174675E1,-1.088386688E0,4.470453644E0,8.808133392E0,9.937442086E0
6.931169875E1,-1.194515991E0,4.541406097E0,8.542735291E0,9.748310830E0
6.932165175E1,-1.250948639E0,4.585564270E0,8.348139954E0,9.606441217E0
6.933160475E1,-1.244062958E0,4.610861664E0,8.294701080E0,9.571301058E0
6.934155675E1,-1.245859222E0,4.677922211E0,8.265811157E0,9.579079053E0
6.935150975E1,-1.233435059E0,4.736151123E0,8.335715790E0,9.666263354E0
6.936146175E1,-1.289568329E0,4.801116028E0,8.386310577E0,9.749046450E0
6.937141475E1,-1.316961365E0,4.814288635E0,8.335566101E0,9.715627850E0
6.938136775E1,-1.338366852E0,4.783303070E0,8.332722015E0,9.700797404E0
6.939131975E1,-1.375639343E0,4.804109802E0,8.237819366E0,9.635015439E0
6.940127275E1,-1.400487671E0,4.858297119E0,8.095315704E0,9.544556195E0
6.941122575E1,-1.366807709E0,4.822671204E0,8.065078583E0,9.495884024E0
6.942117775E1,-1.248403931E0,4.755460968E0,8.133037262E0,9.503642275E0
6.943113075E1,-1.163829803E0,4.815486145E0,8.097561035E0,9.492834210E0
6.944108275E1,-1.229543152E0,4.871769104E0,7.998916168E0,9.446087573E0
6.945103575E1,-1.367556152E0,4.864284668E0,7.926616516E0,9.400144922E0
6.946098875E1,-1.568887482E0,4.839735718E0,7.829767914E0,9.337543324E0
6.947094075E1,-1.758094025E0,4.865781555E0,7.857011261E0,9.407409351E0
6.948089375E1,-1.858535156E0,4.817881165E0,7.930658112E0,9.463692193E0
6.949084575E1,-1.903890839E0,4.643344116E0,7.976762238E0,9.424127583E0
6.950079875E1,-1.929637299E0,4.438270569E0,7.951015778E0,9.308082383E0
6.951075175E1,-1.913021851E0,4.212390289E0,7.826175385E0,9.091364348E0
6.952070375E1,-1.892215118E0,4.050876160E0,7.738308105E0,8.937084986E0
6.953065675E1,-1.916315002E0,3.933819580E0,7.690856781E0,8.848529692E0
6.954060975E1,-1.957928467E0,3.829636230E0,7.546556854E0,8.686202732E0
6.955056175E1,-1.987866211E0,3.659140778E0,7.278464355E0,8.385521253E0
6.956051475E1,-1.933529205E0,3.466192017E0,7.058122559E0,8.097537671E0
6.957046675E1,-1.984123993E0,3.252436523E0,6.952592010E0,7.928027940E0
6.958041975E1,-2.096091156E0,3.150648193E0,6.753506012E0,7.741448548E0
6.959037275E1,-1.651515656E0,3.120111694E0,6.290668488E0,7.213536648E0
6.960032475E1,-7.655081177E-1,2.839295654E0,6.198909302E0,6.861055241E0
6.961027775E1,2.206411743E-1,2.823578339E0,6.133645020E0,6.755951331E0
6.962023075E1,1.014590149E0,3.428620148E0,6.179449768E0,7.139357725E0
6.963018275E1,1.468146973E0,3.724554749E0,7.269183655E0,8.298722469E0
6.964013575E1,1.779798889E0,3.441792755E0,8.539591827E0,9.377539658E0
6.965008775E1,1.284778290E0,3.251987457E0,8.764873352E0,9.436582144E0
6.966004075E1,7.466473389E-1,3.082090759E0,8.756790161E0,9.313331285E0
6.966999375E1,1.181193695E0,2.816542969E0,9.230405273E0,9.722577557E0
6.967994575E1,1.008901978E-1,2.890788574E0,1.008587631E1,1.049246103E1
6.968989875E1,3.896397400E-1,3.640878754E0,1.076067307E1,1.136661348E1
6.969985175E1,1.654808807E0,4.255350952E0,1.139340729E1,1.227420602E1
6.970980375E1,9.469308472E-1,4.233197021E0,1.358080856E1,1.425675266E1
6.971975675E1,1.537602539E0,3.233426056E0,1.277548325E1,1.326771411E1
6.972970875E1,-2.874023438E-2,1.909728699E0,9.399403839E0,9.591490095E0
6.973966175E1,-2.716251526E0,1.832788696E0,1.029409332E1,1.080303171E1
6.974961475E1,-3.995790710E0,2.667602692E0,1.234198471E1,1.324413206E1
6.975956675E1,-4.300107880E0,3.495980072E0,1.233120712E1,1.351930004E1
6.976951975E1,-4.532424774E0,3.930077362E0,1.137319931E1,1.285838423E1
6.977947175E1,-3.912563782E0,3.784729614E0,9.767638092E0,1.118208780E1
6.978942475E1,-3.625311127E0,3.254532166E0,1.084419937E1,1.188829342E1
6.979937775E1,-3.498225403E0,2.377805328E0,1.264899628E1,1.333749024E1
6.980932975E1,-3.128344574E0,1.629810791E0,1.329370560E1,1.375374245E1
6.981928275E1,-2.868035889E0,1.026864624E0,1.334879105E1,1.369197952E1
6.982923575E1,-2.913990326E0,7.325765991E-1,1.270168671E1,1.305223557E1
6.983918775E1,-3.221750336E0,1.232536926E0,1.159309204E1,1.209539605E1
6.984914075E1,-3.270997925E0,1.904339905E0,1.053898407E1,1.119804104E1
6.985909275E1,-3.073408813E0,2.811004486E0,9.612261200E0,1.047583664E1
6.986904575E1,-2.620001678E0,3.810326385E0,9.025780792E0,1.014138624E1
6.987899875E1,-2.090402985E0,4.194128265E0,8.512348480E0,9.717024915E0
6.988895075E1,-1.958527222E0,4.045936432E0,8.090675354E0,9.255509612E0
6.989890375E1,-2.158211975E0,3.499722290E0,8.030201111E0,9.021644247E0
6.990885575E1,-2.564916229E0,2.786305847E0,8.344846802E0,9.163992781E0
6.991880875E1,-2.881956940E0,2.057172089E0,8.561296692E0,9.264633498E0
6.992876175E1,-3.010539551E0,1.387913818E0,8.622818756E0,9.238108922E0
6.993871375E1,-2.890339508E0,1.020877075E0,8.827443237E0,9.344517461E0
6.994866675E1,-2.547552338E0,1.107696533E0,9.350156250E0,9.754098442E0
6.995861975E1,-2.052531738E0,1.322499847E0,9.796977081E0,1.009666541E1
6.996857175E1,-1.604064331E0,1.209933929E0,9.840985565E0,1.004400116E1
6.997852475E1,-1.602118378E0,9.032217407E-1,9.867330780E0,1.003727102E1
6.998847675E1,-2.055675201E0,8.949888611E-1,9.848769379E0,1.010074571E1
6.999842975E1,-2.311343536E0,9.898915100E-1,9.695039063E0,1.001578637E1
7.000838275E1,-2.342778168E0,1.108145599E0,9.524693298E0,9.870986711E0
7.001833475E1,-2.253264313E0,1.280137939E0,9.263187103E0,9.618866280E0
7.002828775E1,-2.031126251E0,1.434167633E0,8.840316467E0,9.183327604E0
7.003823975E1,-1.629810791E0,1.468895416E0,8.489745483E0,8.768678083E0
7.004819275E1,-1.107995911E0,1.363215179E0,8.328231354E0,8.511489179E0
7.005814575E1,-6.971003723E-1,1.357826385E0,8.056696014E0,8.199999518E0
7.006809775E1,-4.481680298E-1,1.598226471E0,7.628885651E0,7.807373355E0
7.007805075E1,-3.456312561E-1,2.148332520E0,7.036417694E0,7.365186185E0
7.008800350E1,-4.011657715E-1,2.822530518E0,6.260730743E0,6.879270451E0
7.009795550E1,-5.060975647E-1,3.450175323E0,5.416186981E0,6.441655527E0
7.010790850E1,-6.300398254E-1,3.799249420E0,4.673431549E0,6.055758316E0
7.011786050E1,-7.394622803E-1,3.604654083E0,4.138444061E0,5.537784284E0
7.012781350E1,-8.758287048E-1,2.941682739E0,4.110452271E0,5.129950402E0
7.013776650E1,-1.008003845E0,2.087708588E0,4.350403290E0,4.929564654E0
7.014771850E1,-1.061891785E0,1.342857513E0,4.882846069E0,5.174269630E0
7.015767150E1,-1.097667389E0,8.532257080E-1,5.399571533E0,5.575682967E0
7.016762450E1,-1.013242950E0,6.182144165E-1,5.833070068E0,5.952609240E0
7.017757650E1,-8.508306885E-1,7.604187012E-1,6.026617584E0,6.133699452E0
7.018752950E1,-6.111790466E-1,1.224753113E0,6.196364594E0,6.345746149E0
7.019748150E1,-3.305126953E-1,1.684746552E0,6.206094360E0,6.439193800E0
7.020743450E1,-1.842668152E-1,2.020198975E0,5.745951233E0,6.093530481E0
7.021738750E1,-4.607418823E-1,2.341580658E0,5.001698914E0,5.541865668E0
7.022733950E1,-9.493258667E-1,2.796784058E0,4.429738312E0,5.324077589E0
7.023729250E1,-1.224902802E0,3.151995392E0,4.423301697E0,5.567859528E0
7.024724450E1,-1.215023346E0,3.589834900E0,5.178930359E0,6.417516342E0
7.025719750E1,-1.048419800E0,3.956572266E0,6.261778564E0,7.480876884E0
7.026715050E1,-7.009922791E-1,4.056264954E0,7.206164703E0,8.299005078E0
7.027710250E1,-2.273771667E-1,3.769012299E0,8.121660919E0,8.956479787E0
7.028705550E1,9.415420532E-2,3.297792206E0,8.839867401E0,9.435441384E0
7.029700850E1,1.872605896E-1,2.689457245E0,9.257947998E0,9.642502162E0
7.030696050E1,1.034349060E-1,2.096689911E0,9.408085785E0,9.639444253E0
7.031691350E1,-2.589614868E-2,1.786385193E0,9.356443176E0,9.525485372E0
7.032686550E1,-4.032614136E-1,1.910626831E0,9.281449127E0,9.484640876E0
7.033681850E1,-8.006849670E-1,2.252815247E0,9.282646637E0,9.585603869E0
7.034677150E1,-1.048419800E0,2.397115173E0,9.554780731E0,9.906522097E0
7.035672350E1,-1.112187195E0,2.100282440E0,1.022239243E1,1.049502042E1
7.036667650E1,-9.857002258E-1,1.302142181E0,1.139026382E1,1.150674972E1
7.037662950E1,-9.750723267E-1,1.354233856E0,1.225037521E1,1.236351116E1
7.038658150E1,-8.845106506E-1,1.324894867E0,1.249406845E1,1.259521544E1
7.039653450E1,-8.002359009E-1,1.657353516E0,1.264046402E1,1.277374373E1
7.040648650E1,-7.450007629E-1,2.166744232E0,1.202479431E1,1.224113904E1
7.041643950E1,-6.575825500E-1,2.604284363E0,1.111319000E1,1.143318433E1
7.042639250E1,-5.113366699E-1,2.841091919E0,1.021835083E1,1.061828433E1
7.043634450E1,-3.520678711E-1,2.804118805E0,9.755662994E0,1.015677087E1
7.044629750E1,-4.499642944E-1,2.604284363E0,9.886640625E0,1.023378853E1
7.045624950E1,-7.458988953E-1,2.482138367E0,1.040935364E1,1.072716268E1
7.046620250E1,-9.199868774E-1,2.417323151E0,1.112905701E1,1.142566133E1
7.047615550E1,-8.204438782E-1,2.549498291E0,1.189246948E1,1.219031993E1
7.048610750E1,-5.983058167E-1,2.818039856E0,1.240904526E1,1.273906287E1
7.049606050E1,-3.465293884E-1,3.266507263E0,1.262055542E1,1.304103414E1
7.050601350E1,-8.128097534E-2,3.794160004E0,1.269914200E1,1.325407350E1
7.051596550E1,2.689906311E-1,4.043541412E0,1.268387375E1,1.331552614E1
7.052591850E1,6.236032104E-1,3.932921448E0,1.239901611E1,1.302276287E1
7.053587050E1,7.668553162E-1,3.626808014E0,1.194321396E1,1.250528541E1
7.054582350E1,5.830375671E-1,3.607198792E0,1.151899612E1,1.208466332E1
7.055577650E1,2.734812927E-1,3.783681793E0,1.116049164E1,1.178760423E1
7.056572850E1,5.298980713E-2,3.917802887E0,1.099703156E1,1.167418907E1
7.057568150E1,-1.526824951E-2,3.915407867E0,1.112351852E1,1.179251102E1
7.058563450E1,9.370513916E-2,3.753594360E0,1.135628448E1,1.196091337E1
7.059558650E1,2.451901245E-1,3.535946960E0,1.169158722E1,1.221704755E1
7.060553950E1,3.192860413E-1,3.100053406E0,1.220980957E1,1.260125884E1
7.061549150E1,2.743794250E-1,2.558629303E0,1.256277557E1,1.282361876E1
7.062544450E1,3.399430847E-1,2.091750183E0,1.252699997E1,1.270498754E1
7.063539750E1,4.924758911E-1,1.823657684E0,1.206161774E1,1.220863966E1
7.064534950E1,6.780899048E-1,1.920057220E0,1.132245483E1,1.150410401E1
7.065530250E1,8.119116211E-1,2.309247894E0,1.042776535E1,1.071121452E1
7.066525450E1,9.258247375E-1,2.873873749E0,9.646988983E0,1.010844687E1
7.067520750E1,9.544152832E-1,3.472029877E0,9.107061768E0,9.793082969E0
7.068516050E1,9.377998352E-1,3.805835724E0,8.868607635E0,9.696187678E0
7.069511250E1,9.223818970E-1,3.509452057E0,9.047186279E0,9.747749570E0
7.070506550E1,8.158035278E-1,2.758463745E0,9.570348358E0,9.993309028E0
7.071501850E1,5.794450378E-1,1.979783020E0,1.001881577E1,1.022897682E1
7.072497050E1,1.588197327E-1,1.672172699E0,1.007375153E1,1.021282797E1
7.073492350E1,-3.143463135E-1,2.079326019E0,9.741592255E0,9.965993676E0
7.074487550E1,-6.604266357E-1,2.828368378E0,9.207353210E0,9.654593941E0
7.075482850E1,-7.647596741E-1,3.623365173E0,8.704249420E0,9.459259512E0
7.076478150E1,-5.065466309E-1,4.176165619E0,8.389603729E0,9.385222400E0
7.077473350E1,-6.840774536E-2,4.170776825E0,8.429420929E0,9.405062261E0
7.078468650E1,2.133064270E-1,3.564238129E0,8.956175537E0,9.641699711E0
7.079463850E1,1.184037781E-1,2.721790009E0,9.849068756E0,1.021891950E1
7.080459150E1,-2.275268555E-1,2.219883728E0,1.064182022E1,1.087326951E1
7.081454450E1,-7.424560547E-1,2.264640656E0,1.084734283E1,1.110606523E1
7.082449650E1,-1.295406189E0,2.689756622E0,1.051503387E1,1.093063609E1
7.083444950E1,-1.766476593E0,3.107088776E0,9.942923584E0,1.056580189E1
7.084440250E1,-1.970352631E0,3.042722626E0,9.311536560E0,9.992255180E0
7.085435450E1,-1.941762085E0,2.757565613E0,8.937763824E0,9.552917370E0
7.086430750E1,-1.665436707E0,2.527643738E0,9.215436401E0,9.699841770E0
7.087425950E1,-1.289568329E0,2.153571625E0,1.014694931E1,1.045281960E1
7.088421250E1,-1.002615051E0,1.579066315E0,1.139804764E1,1.155050550E1
7.089416550E1,-9.500743103E-1,1.132395172E0,1.258088791E1,1.266742676E1
7.090411750E1,-9.891430664E-1,6.307882690E-1,1.313383804E1,1.318612906E1
7.091407050E1,-1.170865173E0,3.198847961E-1,1.282473083E1,1.288204070E1
7.092402250E1,-1.417701874E0,3.939807129E-1,1.189815765E1,1.198879706E1
7.093397550E1,-1.666334839E0,5.965095520E-1,1.069735474E1,1.084278072E1
7.094392850E1,-1.740730133E0,7.009922791E-1,9.432485046E0,9.617344006E0
7.095388050E1,-1.626517639E0,7.195536804E-1,8.300988007E0,8.489388613E0
7.096383350E1,-1.479373627E0,7.102729797E-1,7.395520935E0,7.575405199E0
7.097378650E1,-1.284329224E0,6.719526672E-1,6.852150879E0,7.003784235E0
7.098373850E1,-1.038839722E0,5.861810303E-1,6.871760101E0,6.974516690E0
7.099369150E1,-6.268963623E-1,6.779402161E-1,7.514972534E0,7.571486920E0
7.100364350E1,-2.314187622E-1,1.320104828E0,8.286767578E0,8.394447468E0
7.101359650E1,9.849517822E-2,2.202669525E0,8.704249420E0,8.979165457E0
7.102354950E1,3.806584167E-1,3.103346558E0,8.829688568E0,9.366913093E0
7.103350150E1,4.682263184E-1,3.782633972E0,8.636590118E0,9.440245999E0
7.104345450E1,3.700305176E-1,4.049079895E0,8.175399170E0,9.130669317E0
7.105340750E1,9.460327148E-2,3.930975494E0,7.734116821E0,8.676294204E0
7.106335950E1,-2.041754150E-1,3.393293610E0,7.699538727E0,8.416592287E0
7.107331250E1,-4.622387695E-1,2.508932648E0,8.306077423E0,8.689035037E0
7.108326450E1,-6.923103333E-1,1.637893982E0,9.394613800E0,9.561420331E0
7.109321725E1,-1.051712952E0,1.272653503E0,1.061876816E1,1.074634748E1
7.110317025E1,-1.513502655E0,1.469194794E0,1.159743301E1,1.178769172E1
7.111312225E1,-1.663640442E0,1.774260406E0,1.208317291E1,1.232553314E1
7.112307525E1,-1.524579620E0,1.911225586E0,1.187271057E1,1.212181433E1
7.113302825E1,-1.396895142E0,1.885928192E0,1.117650833E1,1.142026180E1
7.114298025E1,-1.431622925E0,1.749711456E0,1.034304153E1,1.058723489E1
7.115293325E1,-1.571581879E0,1.517394562E0,1.005279510E1,1.028742170E1
7.116288525E1,-1.745220795E0,1.105750580E0,1.075932587E1,1.095589216E1
7.117283825E1,-1.926942902E0,6.036946106E-1,1.207059906E1,1.223833803E1
7.118279125E1,-1.997595978E0,1.634600830E-1,1.311018723E1,1.326250798E1
7.119274325E1,-1.754052429E0,-1.089733887E-1,1.368948257E1,1.380182989E1
7.120269625E1,-1.323547668E0,-1.185534668E-1,1.372900040E1,1.379316081E1
7.121264825E1,-1.024469604E0,2.041754150E-1,1.308279419E1,1.312443254E1
7.122260125E1,-1.037642212E0,8.762777710E-1,1.191477310E1,1.199192988E1
7.123255425E1,-1.132245483E0,1.528920593E0,1.072908875E1,1.089646380E1
7.124250625E1,-1.259031830E0,1.843715973E0,9.965975647E0,1.021298783E1
7.125245925E1,-1.513203278E0,1.907034302E0,9.765841827E0,1.006470221E1
7.126241225E1,-1.783092041E0,1.816772003E0,1.007000931E1,1.038677838E1
7.127236425E1,-1.896256714E0,1.487905884E0,1.056607773E1,1.083751134E1
7.128231725E1,-1.933978271E0,1.222657471E0,1.096424973E1,1.120044353E1
7.129226925E1,-1.984123993E0,1.282083893E0,1.107711502E1,1.132620697E1
7.130222225E1,-1.996398468E0,1.708097992E0,1.080692688E1,1.112172982E1
7.131217525E1,-1.865570526E0,2.262395325E0,1.034319122E1,1.075083209E1
7.132212725E1,-1.631756744E0,2.724185028E0,9.980495453E0,1.047349529E1
7.133208025E1,-1.348096619E0,2.882555695E0,9.879156189E0,1.037902784E1
7.134203225E1,-1.066532135E0,2.539469147E0,1.021490799E1,1.057973249E1
7.135198525E1,-9.464817810E-1,1.995650024E0,1.075483521E1,1.097929538E1
7.136193825E1,-8.744815063E-1,1.454375610E0,1.136496643E1,1.149096986E1
7.137189025E1,-6.343807983E-1,8.556207275E-1,1.183094742E1,1.187879803E1
7.138184325E1,-3.131488037E-1,3.742218018E-1,1.202299805E1,1.203289600E1
7.139179625E1,7.424560547E-2,8.158035278E-2,1.188303909E1,1.188355106E1
7.140174825E1,4.179309082E-1,1.480421448E-1,1.141556122E1,1.142416827E1
7.141170125E1,5.745053101E-1,5.041516113E-1,1.061502594E1,1.064250915E1
7.142165325E1,5.469625854E-1,9.358538818E-1,9.765392761E0,9.825369527E0
7.143160625E1,4.324507141E-1,1.237027588E0,8.968599701E0,9.063830949E0
7.144155925E1,3.417393494E-1,1.214424591E0,8.332871704E0,8.427832681E0
7.145151125E1,2.661465454E-1,9.954299927E-1,7.922275543E0,7.989002731E0
7.146146425E1,2.134561157E-1,8.792715454E-1,7.619305573E0,7.672841675E0
7.147141725E1,9.385482788E-2,9.855505371E-1,7.386988678E0,7.453034303E0
7.148136925E1,-9.610015869E-2,1.346000977E0,7.065307617E0,7.193019227E0
7.149132225E1,-2.954855347E-1,1.746418304E0,6.544390869E0,6.779848114E0
7.150127425E1,-4.216731262E-1,2.136058044E0,6.220314789E0,6.590361771E0
7.151122725E1,-3.632945251E-1,2.419418793E0,6.187083893E0,6.653238107E0
7.152118025E1,-1.264869690E-1,2.571352844E0,6.501879272E0,6.993017123E0
7.153113225E1,1.950444031E-1,2.538121948E0,7.032076721E0,7.478650169E0
7.154108525E1,4.219725037E-1,2.348017273E0,7.774532776E0,8.132318599E0
7.155103725E1,4.685256958E-1,2.179767151E0,8.568182373E0,8.853510622E0
7.156099025E1,4.746629333E-1,2.014361115E0,9.171876984E0,9.402461540E0
7.157094325E1,4.408332825E-1,1.886227570E0,9.624086609E0,9.817088748E0
7.158089525E1,3.951782227E-1,1.822011108E0,9.845176849E0,1.002014957E1
7.159084825E1,3.632945251E-1,1.812431030E0,9.851912842E0,1.002382541E1
7.160080125E1,3.252735901E-1,1.787882080E0,9.676178284E0,9.845341610E0
7.161075325E1,3.354524231E-1,1.626068573E0,9.356592865E0,9.502760513E0
7.162070625E1,3.878434753E-1,1.406475220E0,9.087751923E0,9.204120279E0
7.163065825E1,4.309538269E-1,1.153052216E0,9.088949432E0,9.171927409E0
7.164061125E1,3.737727356E-1,8.981323242E-1,9.203910370E0,9.255177677E0
7.165056425E1,3.677851868E-1,8.258326721E-1,9.282347260E0,9.326265930E0
7.166051625E1,3.529660034E-1,8.663983154E-1,9.397757263E0,9.444208417E0
7.167046925E1,2.794688416E-1,8.860075378E-1,9.335935822E0,9.382047210E0
7.168042225E1,1.637594604E-1,8.875044250E-1,9.024134216E0,9.069149884E0
7.169037425E1,1.516346741E-1,8.406518555E-1,8.595725098E0,8.638065673E0
7.170032725E1,2.650987244E-1,8.780740356E-1,8.345295868E0,8.395549682E0
7.171027925E1,4.204756165E-1,9.274713135E-1,8.330326996E0,8.392338806E0
7.172023225E1,6.252497864E-1,9.900411987E-1,8.663085022E0,8.741862557E0
7.173018525E1,7.698490906E-1,1.126707001E0,9.266629944E0,9.366566436E0
7.174013725E1,7.870632935E-1,1.112336884E0,9.747430115E0,9.842212953E0
7.175009025E1,6.523434448E-1,1.094823303E0,1.007405090E1,1.015434349E1
7.176004225E1,3.989204407E-1,1.102158051E0,1.023137375E1,1.029829591E1
7.176999525E1,2.270777893E-1,9.879455566E-1,1.009425888E1,1.014503145E1
7.177994825E1,1.172062683E-1,7.815248108E-1,9.689500580E0,9.721673715E0
7.178990025E1,1.017883301E-2,6.731501770E-1,9.302405548E0,9.326734892E0
7.179985325E1,-8.247848511E-2,7.429051208E-1,9.135502625E0,9.166030707E0
7.180980625E1,-1.508862305E-1,7.099736023E-1,9.147028656E0,9.175781297E0
7.181975825E1,-2.647993469E-1,5.953120422E-1,9.167985077E0,9.191107958E0
7.182971125E1,-4.864883423E-1,5.483097839E-1,9.306896210E0,9.335718054E0
7.183966325E1,-5.783972168E-1,5.966592407E-1,9.672885132E0,9.708514426E0
7.184961625E1,-4.640350342E-1,5.724096680E-1,1.013033386E1,1.015709828E1
7.185956925E1,-2.977308655E-1,5.273533630E-1,1.059092606E1,1.060822605E1
7.186952125E1,-1.782792664E-1,6.789880371E-1,1.091859467E1,1.094113878E1
7.187947425E1,-1.113684082E-1,9.421408081E-1,1.105615860E1,1.109678671E1
7.188942725E1,-1.037342834E-1,1.070274353E0,1.101529358E1,1.106765290E1
7.189937925E1,-1.639091492E-1,1.087488556E0,1.088745941E1,1.094286389E1
7.190933225E1,-2.098635864E-1,9.413923645E-1,1.082204544E1,1.086494040E1
7.191928425E1,-1.441502380E-1,6.349795532E-1,1.100271973E1,1.102196987E1
7.192923725E1,-6.421646118E-2,2.230361938E-1,1.143546982E1,1.143782492E1
7.193919025E1,-3.412902832E-2,-1.218466187E-1,1.181029037E1,1.181096821E1
7.194914225E1,-1.257385254E-2,-3.739224243E-1,1.187989563E1,1.188578547E1
7.195909525E1,-2.709365845E-2,-5.102888489E-1,1.158650574E1,1.159776892E1
7.196904725E1,-8.337661743E-2,-3.097059631E-1,1.086306015E1,1.086779395E1
7.197900025E1,-7.259902954E-2,1.474433899E-1,9.860445099E0,9.861814626E0
7.198895325E1,7.334747314E-3,6.900650024E-1,9.101972351E0,9.128096416E0
7.199890525E1,3.218307495E-2,1.138682098E0,8.510701904E0,8.586598836E0
7.200885825E1,-7.170089722E-2,1.579964447E0,8.031099243E0,8.185351778E0
7.201881125E1,-1.573228455E-1,1.890418854E0,7.931855621E0,8.155536004E0
7.202876325E1,-1.537303162E-1,1.919308777E0,8.174950104E0,8.398642056E0
7.203871625E1,-6.556365967E-2,1.747765503E0,8.698261871E0,8.872358335E0
7.204866825E1,2.622546387E-1,1.334325256E0,9.488468628E0,9.585418003E0
7.205862125E1,6.312373352E-1,7.174580383E-1,1.059137512E1,1.063439860E1
7.206857425E1,7.882608032E-1,2.445913696E-1,1.168724625E1,1.171635203E1
7.207852625E1,7.942483521E-1,3.996688843E-2,1.238240067E1,1.240791175E1
7.208847938E1,7.325765991E-1,-4.415817261E-2,1.232432144E1,1.234615395E1
7.209843137E1,6.486012268E-1,-2.619552612E-2,1.150282974E1,1.152113110E1
7.210838437E1,5.005590820E-1,1.246907043E-1,1.048479675E1,1.049747923E1
7.211833737E1,4.119433594E-1,1.775308228E-1,9.699080658E0,9.709447983E0
7.212828937E1,2.884501648E-1,2.365081787E-2,9.336684265E0,9.341168874E0
7.213824237E1,6.496490479E-2,-2.427951050E-1,9.373956757E0,9.377325588E0
7.214819537E1,-2.948867798E-1,-4.984634399E-1,9.566905518E0,9.584419920E0
7.215814737E1,-7.310797119E-1,-5.005590820E-1,9.583221588E0,9.624093357E0
7.216810037E1,-1.114133148E0,-8.337661743E-2,9.208401031E0,9.275930891E0
7.217805237E1,-1.348246307E0,6.435118103E-1,8.741521912E0,8.868262563E0
7.218800537E1,-1.361568604E0,1.557660828E0,8.366401978E0,8.618402309E0
7.219795837E1,-1.218915253E0,2.373913422E0,8.025860138E0,8.457875045E0
7.220791037E1,-9.249266052E-1,3.061733093E0,8.102949829E0,8.711342875E0
7.221786337E1,-7.171586609E-1,3.554957428E0,8.631800079E0,9.362692533E0
7.222781637E1,-7.107220459E-1,3.601660309E0,9.511670380E0,1.019553609E1
7.223776837E1,-8.866062927E-1,3.371738434E0,1.062116318E1,1.117872077E1
7.224772137E1,-9.032217407E-1,3.160976715E0,1.215038315E1,1.258727111E1
7.225767337E1,-5.483097839E-1,3.099304962E0,1.411789169E1,1.446448066E1
7.226762637E1,-1.556762695E-1,3.343297577E0,1.622865234E1,1.657018499E1
7.227757937E1,2.689906311E-1,3.664379883E0,1.796144897E1,1.833340353E1
7.228753137E1,6.060896301E-1,3.772455139E0,1.902498734E1,1.940486809E1
7.229748437E1,8.108638000E-1,3.608246613E0,1.935774536E1,1.970784740E1
7.230743737E1,7.324269104E-1,3.192111969E0,1.904519531E1,1.932473784E1
7.231738938E1,1.832189941E-1,2.779120789E0,1.816592377E1,1.837819001E1
7.232734238E1,-5.111869812E-1,2.427352295E0,1.711286362E1,1.729171630E1
7.233729438E1,-1.154848480E0,2.092498627E0,1.602357880E1,1.620084266E1
7.234724738E1,-1.607806549E0,1.795815582E0,1.498758316E1,1.518017274E1
7.235720038E1,-1.818268890E0,1.444346466E0,1.404753799E1,1.423817271E1
7.236715238E1,-1.861977997E0,1.128503265E0,1.326182190E1,1.343936017E1
7.237710538E1,-1.865869904E0,9.708810425E-1,1.249781067E1,1.267356903E1
7.238705738E1,-1.817520447E0,8.524772644E-1,1.164967438E1,1.182137941E1
7.239701038E1,-1.628912659E0,7.560777283E-1,1.100706070E1,1.115259590E1
7.240696338E1,-1.298699341E0,7.396119690E-1,1.076486435E1,1.086811623E1
7.241691538E1,-9.340576172E-1,9.232800293E-1,1.083387085E1,1.091318777E1
7.242686838E1,-6.403683472E-1,1.220262451E0,1.107082809E1,1.115626939E1
7.243682138E1,-4.764591980E-1,1.636247406E0,1.105705673E1,1.118761916E1
7.244677338E1,-3.435356140E-1,1.946851501E0,1.088835754E1,1.106637147E1
7.245672638E1,-1.839674377E-1,2.133064270E0,1.063912582E1,1.085241012E1
7.246667838E1,-3.353027344E-2,2.162103882E0,1.038854691E1,1.061120748E1
7.247663138E1,-2.993774414E-3,2.093396759E0,1.038749908E1,1.059634164E1
7.248658438E1,-6.032455444E-2,2.028431854E0,1.050021469E1,1.069451651E1
7.249653638E1,-9.101074219E-2,1.927990723E0,1.066981201E1,1.084298481E1
7.250648938E1,-1.431024170E-1,1.732347565E0,1.075528427E1,1.089484493E1
7.251644238E1,-1.865121460E-1,1.359173584E0,1.056922119E1,1.065788798E1
7.252639438E1,-2.405497742E-1,1.070873108E0,1.013063324E1,1.018991478E1
7.253634738E1,-2.749781799E-1,9.638456726E-1,9.352850647E0,9.406403495E0
7.254629938E1,-2.680924988E-1,1.001417542E0,8.372239838E0,8.436178672E0
7.255625238E1,-2.354603577E-1,1.074166260E0,7.367828522E0,7.449441043E0
7.256620538E1,-1.836680603E-1,8.798703003E-1,6.335275726E0,6.398720515E0
7.257615738E1,-3.841012573E-1,7.679031372E-1,5.563181305E0,5.629049230E0
7.258611038E1,-7.818241882E-1,9.318122864E-1,5.249134369E0,5.388221861E0
7.259606237E1,-1.007405090E0,1.402433624E0,5.493126984E0,5.758135909E0
7.260601538E1,-8.738827515E-1,1.938319244E0,6.168522491E0,6.524677945E0
7.261596838E1,-4.664300537E-1,2.400408325E0,6.697971497E0,7.130381427E0
7.262592037E1,-7.813751221E-2,2.908002777E0,6.904990997E0,7.492762261E0
7.263587337E1,2.067201233E-1,3.297941895E0,6.740034027E0,7.506478045E0
7.264582637E1,2.501298523E-1,3.814966736E0,7.134314117E0,8.094132076E0
7.265577837E1,4.251159668E-2,3.878734131E0,7.369026031E0,8.327600516E0
7.266573137E1,-2.489323425E-1,3.240910492E0,7.893385620E0,8.536451527E0
7.267568337E1,-6.806346130E-1,2.544259186E0,8.370593262E0,8.775155260E0
7.268563637E1,-1.053509216E0,1.899849243E0,8.421786804E0,8.697459502E0
7.269558937E1,-1.222208405E0,1.410367126E0,8.124505005E0,8.336096832E0
7.270554137E1,-1.066532135E0,1.078806610E0,8.105045471E0,8.245791447E0
7.271549437E1,-9.222322083E-1,1.157243500E0,8.480015717E0,8.608158416E0
7.272544637E1,-7.779322815E-1,1.510059814E0,8.968599701E0,9.128046882E0
7.273539937E1,-6.780899048E-1,1.672771454E0,8.844058685E0,9.026369386E0
7.274535237E1,-7.053332520E-1,1.520687714E0,8.452023926E0,8.616652167E0
7.275530437E1,-8.315208435E-1,1.372046814E0,8.174051971E0,8.330009904E0
7.276525737E1,-9.845027161E-1,1.471589813E0,7.942782898E0,8.137728328E0
7.277521037E1,-1.199605408E0,1.591191101E0,7.673343201E0,7.927870971E0
7.278516237E1,-1.279688873E0,1.751956787E0,7.637866974E0,7.940023181E0
7.279511537E1,-1.082997894E0,2.066003723E0,8.018675079E0,8.351072138E0
7.280506737E1,-4.218228149E-1,2.462529144E0,8.803193665E0,9.150858046E0
7.281502037E1,4.460723877E-1,2.700234833E0,9.574240265E0,9.957726918E0
7.282497337E1,1.179098053E0,3.060086517E0,9.695039063E0,1.023465603E1
7.283492538E1,1.779948578E0,3.404819641E0,9.000932465E0,9.786613253E0
7.284487838E1,2.015109558E0,3.716172180E0,7.849227448E0,8.915210246E0
7.285483138E1,1.822460175E0,3.995341644E0,6.669380951E0,7.985283853E0
7.286478338E1,1.346150665E0,4.132306824E0,5.799988861E0,7.247616994E0
7.287473638E1,8.373587036E-1,4.188739471E0,5.217250671E0,6.742878653E0
7.288468838E1,4.370910645E-1,4.185446320E0,4.990172882E0,6.527697518E0
7.289464138E1,2.592608643E-1,4.110901337E0,5.384003906E0,6.778954496E0
7.290459438E1,1.745071106E0,5.063819733E0,7.564220123E0,9.268493379E0
7.291454638E1,1.177750854E0,5.137915649E0,6.652915192E0,8.488024201E0
7.292449938E1,3.245401154E0,6.070626068E0,9.359137573E0,1.161802847E1
7.293445238E1,1.775457916E0,5.732778625E0,7.009773102E0,9.227888194E0
7.294440438E1,6.927593994E-1,4.147425385E0,7.447462921E0,8.552529267E0
7.295435738E1,-3.442840576E-2,3.107388153E0,7.904911652E0,8.493802133E0
7.296430938E1,-2.306703186E-1,3.034938812E0,7.569908295E0,8.158895390E0
7.297426238E1,2.959346008E-1,3.395389252E0,7.623347168E0,8.350548934E0
7.298421538E1,9.831555176E-1,4.139042816E0,7.260651398E0,8.415184426E0
7.299416738E1,1.441352692E0,4.862189026E0,7.143594818E0,8.760669303E0
7.300412038E1,1.684896240E0,5.141059113E0,7.161108398E0,8.975011846E0
7.301407238E1,1.542093201E0,5.402714996E0,7.542066193E0,9.404793630E0
7.302402538E1,9.207353210E-1,5.332660675E0,8.079149323E0,9.724077189E0
7.303397838E1,2.266287231E-1,4.975952454E0,8.381670227E0,9.750069702E0
7.304393038E1,-6.227050781E-1,4.847818909E0,8.501421204E0,9.806287384E0
7.305388338E1,-1.453627167E0,4.680616608E0,8.814120941E0,1.008513420E1
7.306383638E1,-1.265917511E0,4.473746796E0,8.943152618E0,1.007953056E1
7.307378838E1,-6.018983459E-1,4.506678314E0,9.131311340E0,1.020065085E1
7.308374138E1,2.230361938E-2,4.612957306E0,9.173972626E0,1.026847829E1
7.309369338E1,3.498225403E-1,4.699926453E0,8.835376740E0,1.001376885E1
7.310364638E1,4.291575623E-1,4.571343842E0,8.530011749E0,9.687231863E0
7.311359938E1,4.221221924E-1,4.242028656E0,8.443940735E0,9.459023702E0
7.312355137E1,3.246748352E-1,4.071084137E0,8.520731049E0,9.448915144E0
7.313350438E1,1.315763855E-1,4.124223633E0,8.925489349E0,9.833152752E0
7.314345637E1,-2.103126526E-1,4.228257294E0,9.301507416E0,1.021961014E1
7.315340937E1,-5.882766724E-1,4.369413757E0,9.482780457E0,1.045757961E1
7.316336237E1,-8.345146179E-1,4.489015045E0,9.520352325E0,1.055863529E1
7.317331437E1,-8.095166016E-1,4.375700684E0,9.161847839E0,1.018535858E1
7.318326737E1,-5.530998230E-1,4.665947113E0,9.141041107E0,1.027791878E1
7.319322037E1,-2.630030823E-1,4.251908112E0,8.870403900E0,9.840323092E0
7.320317237E1,-1.706451416E-2,3.690725098E0,8.956624603E0,9.687252822E0
7.321312537E1,1.911524963E-1,3.161725159E0,9.261839905E0,9.788499562E0
7.322307737E1,3.423381042E-1,2.737357635E0,9.567653961E0,9.957425597E0
7.323303037E1,3.227288818E-1,2.600991211E0,9.773925018E0,1.011923512E1
7.324298337E1,9.744735718E-2,2.555635529E0,9.811347198E0,1.013919636E1
7.325293537E1,-3.275189209E-1,2.618205414E0,9.796827393E0,1.014593984E1
7.326288837E1,-7.954458618E-1,2.780767365E0,9.700278168E0,1.012229212E1
7.327284137E1,-1.060694275E0,2.999612274E0,9.557325439E0,1.007299438E1
7.328279337E1,-1.109043732E0,3.153192902E0,9.463320923E0,1.003628648E1
7.329274637E1,-8.418493652E-1,3.252735901E0,9.333241425E0,9.919596599E0
7.330269837E1,-5.300477600E-1,3.262615356E0,9.025481415E0,9.611707671E0
7.331265137E1,-2.787203979E-1,3.344794464E0,8.654552765E0,9.282597623E0
7.332260437E1,-9.370513916E-2,3.478616180E0,8.309220886E0,9.008479501E0
7.333255637E1,-4.340972900E-2,3.608246613E0,7.976013794E0,8.754320308E0
7.334250937E1,-1.154100037E-1,3.751049652E0,7.735913086E0,8.598141906E0
7.335246138E1,-1.978884888E-1,3.880829773E0,7.733967133E0,8.655301681E0
7.336241438E1,-2.216889954E-1,4.091292114E0,7.797285461E0,8.808261902E0
7.337236738E1,-1.930984497E-1,4.336482239E0,7.788154449E0,8.916149110E0
7.338231938E1,-2.276765442E-1,4.442910919E0,7.826624451E0,9.002629857E0
7.339227238E1,-1.916015625E-1,4.404141541E0,7.912695465E0,9.057810077E0
7.340222538E1,-1.204994202E-1,4.359085236E0,7.988737335E0,9.101432218E0
7.341217738E1,-4.610412598E-2,4.375101929E0,7.958350525E0,9.081794181E0
7.342213038E1,-5.284011841E-2,4.435276794E0,7.825277252E0,8.994967281E0
7.343208238E1,-1.221459961E-1,4.554878082E0,7.679630127E0,8.929644611E0
7.344203538E1,-2.567161560E-1,4.576582947E0,7.632178802E0,8.902874139E0
7.345198838E1,-3.056643677E-1,4.538112946E0,7.681875458E0,8.927435822E0
7.346194038E1,-4.496649170E-1,4.577481079E0,7.557633820E0,8.847223322E0
7.347189338E1,-7.526348877E-1,4.688101044E0,7.602091370E0,8.963065539E0
7.348184638E1,-6.899153137E-1,4.735702057E0,7.548053741E0,8.937335867E0
7.349179838E1,-7.349716187E-1,4.753964081E0,7.314090271E0,8.754214657E0
7.350175138E1,-7.749385071E-1,4.860093384E0,7.478298798E0,8.952429296E0
7.351170338E1,-5.745053101E-1,4.922663269E0,7.523504791E0,9.009206089E0
7.352165638E1,-4.722679138E-1,4.892276459E0,7.334148560E0,8.828767809E0
7.353160938E1,-4.255650330E-1,4.834346924E0,7.214996338E0,8.695296886E0
7.354156138E1,-5.171745300E-1,4.766238556E0,7.259154510E0,8.699415134E0
7.355151438E1,-6.764433289E-1,4.837041321E0,7.340884552E0,8.817206492E0
7.356146638E1,-9.259744263E-1,4.886887665E0,7.459587708E0,8.965743051E0
7.357141938E1,-1.144070892E0,5.015470276E0,7.580386505E0,9.161118920E0
7.358137238E1,-1.092278595E0,5.165757751E0,7.747439117E0,9.375550040E0
7.359132438E1,-7.158114624E-1,5.041965179E0,7.934550018E0,9.428196164E0
7.360127738E1,-2.326162720E-1,4.628075867E0,7.905211029E0,9.163272231E0
7.361123038E1,1.710942078E-1,4.515509949E0,8.023016052E0,9.208033987E0
7.362118238E1,6.481521606E-2,5.087919617E0,8.303233337E0,9.738316636E0
7.363113538E1,8.113128662E-2,5.093458099E0,8.436156921E0,9.854879061E0
7.364108737E1,5.957611084E-2,4.983586578E0,8.684640198E0,1.001312438E1
7.365104037E1,-6.227050781E-2,4.993765411E0,8.996741180E0,1.028994278E1
7.366099338E1,-2.978805542E-2,5.156027985E0,9.045689392E0,1.041201270E1
7.367094537E1,-6.586303711E-3,5.394482117E0,8.986113281E0,1.048096907E1
7.368089837E1,1.826202393E-2,5.560935974E0,8.911268921E0,1.050404951E1
7.369085137E1,1.275347900E-1,5.666765900E0,8.672515411E0,1.036055136E1
7.370080337E1,2.881507874E-1,5.675896912E0,8.299191742E0,1.005859932E1
7.371075637E1,4.147874451E-1,5.578000488E0,7.941585388E0,9.713645894E0
7.372070837E1,4.352947998E-1,5.517077179E0,7.662116547E0,9.451753918E0
7.373066137E1,3.324586487E-1,5.414091339E0,7.486831055E0,9.245298969E0
7.374061437E1,1.983375549E-1,5.425617371E0,7.361092529E0,9.146712243E0
7.375056637E1,6.885681152E-2,5.551056519E0,7.360344086E0,9.219199249E0
7.376051937E1,-6.227050781E-2,5.731431427E0,7.508086853E0,9.445874867E0
7.377047137E1,-2.130070496E-1,5.868995361E0,7.938890991E0,9.875042720E0
7.378042437E1,-2.254312134E-1,5.780978394E0,8.608897705E0,1.037225386E1
7.379037737E1,-1.815724182E-1,5.501958618E0,9.166338501E0,1.069234673E1
7.380032937E1,-2.112107849E-1,5.258265381E0,9.517208862E0,1.087525767E1
7.381028237E1,-1.463955688E-1,5.281167755E0,9.606123962E0,1.096311006E1
7.382023537E1,-1.763333130E-1,5.453160095E0,9.362879791E0,1.083658463E1
7.383018737E1,-3.812571716E-1,5.104984131E0,9.265731812E0,1.058583988E1
7.384014037E1,-4.833448792E-1,4.410727844E0,9.349557495E0,1.034902738E1
7.385009237E1,-4.496649170E-1,4.008813629E0,9.548044739E0,1.036522762E1
7.386004537E1,-4.562512207E-1,3.949387207E0,9.811197510E0,1.058609565E1
7.386999837E1,-3.474275208E-1,3.935765533E0,9.908644867E0,1.066734265E1
7.387995038E1,-3.348536682E-1,3.964356079E0,9.627679138E0,1.041731499E1
7.388990338E1,-5.279521179E-1,3.981719971E0,9.287586365E0,1.011889756E1
7.389985538E1,-6.268963623E-1,3.833827515E0,9.098080444E0,9.892739774E0
7.390980838E1,-6.249504089E-1,3.741768951E0,8.899892578E0,9.674682724E0
7.391976138E1,-4.198768616E-1,3.883673859E0,8.518635406E0,9.371572355E0
7.392971338E1,-6.406677246E-2,4.128564606E0,8.208031311E0,9.188086213E0
7.393966638E1,3.848497009E-1,4.294868774E0,7.987539825E0,9.077158121E0
7.394961938E1,8.161029053E-1,4.430187378E0,7.979306946E0,9.163073911E0
7.395957138E1,1.225052490E0,4.596491547E0,8.027806091E0,9.331353534E0
7.396952438E1,1.534908142E0,4.831502838E0,8.023764496E0,9.491056810E0
7.397947638E1,1.717079315E0,5.046904907E0,8.099806366E0,9.696724895E0
7.398942938E1,1.708247681E0,5.075196075E0,8.213869171E0,9.805272668E0
7.399938238E1,1.603914642E0,4.930297394E0,8.385861511E0,9.859160606E0
7.400933438E1,1.457968140E0,4.693639526E0,8.576415253E0,9.884878436E0
7.401928738E1,1.397493896E0,4.381688232E0,8.732839966E0,9.869887275E0