"Time (s)","Acceleration x (m/s^2)","Acceleration y (m/s^2)","Acceleration z (m/s^2)","Absolute acceleration (m/s^2)"
3.117833287E-3,-2.570454712E0,7.522007904E0,4.309987335E0,9.042335493E0
1.307083329E-2,-2.486179962E0,8.062683563E0,4.180656281E0,9.416254244E0
2.302283328E-2,-2.588716736E0,7.940088501E0,4.664749603E0,9.565895076E0
3.297583328E-2,-2.535876617E0,8.050109711E0,5.145998840E0,9.885152535E0
4.292783339E-2,-2.623893585E0,8.333021393E0,5.472320251E0,1.030875123E1
5.288083339E-2,-3.003204803E0,8.621770935E0,5.683231659E0,1.075422221E1
6.283383339E-2,-3.312461700E0,8.593330078E0,5.989195404E0,1.098581749E1
7.278583338E-2,-3.158282318E0,8.178542633E0,6.052813110E0,1.065363099E1
8.273883339E-2,-2.613714752E0,8.073311462E0,6.059998169E0,1.042753281E1
9.269083338E-2,-2.299218750E0,8.054600372E0,6.465953979E0,1.058166125E1
1.026438334E-1,-2.646795959E0,8.230933685E0,7.109316101E0,1.119357734E1
1.125958334E-1,-2.375559998E0,8.630752258E0,7.297025757E0,1.154901531E1
1.225488334E-1,-2.075883179E0,8.826694794E0,7.096742249E0,1.151449445E1
1.325018334E-1,-2.063908081E0,8.400381317E0,6.893315277E0,1.106091851E1
1.424538334E-1,-2.067051544E0,7.656877441E0,6.979835358E0,1.056496928E1
1.524068334E-1,-1.719773712E0,7.223977661E0,6.956633606E0,1.017537351E1
1.623589167E-1,-9.373507690E-1,7.275919647E0,7.142097931E0,1.023851532E1
1.723119167E-1,-2.080673218E-2,7.181466064E0,7.522157593E0,1.039984339E1
1.822649167E-1,8.167016602E-1,6.954837341E0,7.928861847E0,1.057845046E1
1.922169167E-1,1.733096008E0,6.966662750E0,7.688162384E0,1.051883323E1
2.021699167E-1,2.382146301E0,6.679859161E0,7.138505402E0,1.006247478E1
2.121219167E-1,2.594704285E0,6.084397430E0,6.389163666E0,9.196401185E0
2.220749167E-1,2.667003937E0,5.519322510E0,5.887856140E0,8.499569453E0
2.320269167E-1,2.821033630E0,5.064119110E0,6.009403381E0,8.349638442E0
2.419799167E-1,3.249891815E0,4.771477661E0,6.248156891E0,8.506953651E0
2.519329167E-1,3.770958252E0,4.643044739E0,6.573580170E0,8.887628864E0
2.618849167E-1,3.902085571E0,4.187691650E0,6.853049011E0,8.929015282E0
2.718379167E-1,4.854105835E0,4.085454254E0,8.050109711E0,1.024975835E1
2.817899167E-1,5.266198883E0,4.042942657E0,9.137747955E0,1.129498445E1
2.917429167E-1,4.302053833E0,4.305047607E0,1.003782623E1,1.173878433E1
3.016959167E-1,3.215613098E0,5.714666290E0,1.116273697E1,1.294620698E1
3.116479167E-1,3.799848175E0,5.959257660E0,1.135523666E1,1.337508870E1
3.216009167E-1,4.430486755E0,5.702242126E0,9.918374634E0,1.226861580E1
3.315529167E-1,4.199067993E0,5.411696320E0,8.165070648E0,1.065772057E1
3.415059167E-1,3.987857208E0,5.118605804E0,6.925797729E0,9.490511297E0
3.514579167E-1,3.799997864E0,5.256618805E0,6.104455719E0,8.907098554E0
3.614109167E-1,3.554658051E0,5.691464539E0,6.623875580E0,9.428896550E0
3.713639167E-1,3.618425446E0,5.803731079E0,7.002138977E0,9.788066581E0
3.813159167E-1,3.856879578E0,5.107678528E0,7.301366730E0,9.709472496E0
3.912689167E-1,3.266956329E0,4.953349457E0,6.949897614E0,9.138366995E0
4.012209167E-1,3.737727356E0,5.223836975E0,8.044720917E0,1.029449431E1
4.111739167E-1,4.462669830E0,5.181175690E0,8.483608246E0,1.089640365E1
4.211269167E-1,4.509821777E0,5.187163239E0,7.265591125E0,1.000169832E1
4.310789166E-1,4.255800018E0,5.010829926E0,7.270530853E0,9.802084943E0
4.410319166E-1,4.003424835E0,4.423301697E0,7.273674316E0,9.407409121E0
4.509839166E-1,4.071233826E0,4.096082153E0,7.318431244E0,9.322675031E0
4.609369166E-1,4.205354919E0,4.300706635E0,7.023843842E0,9.247457481E0
4.708889166E-1,3.957470398E0,4.551734619E0,6.587052155E0,8.931355781E0
4.808419166E-1,4.026177521E0,4.619842987E0,6.852001190E0,9.192549971E0
4.907949166E-1,3.926484833E0,4.434228973E0,7.306156769E0,9.405296192E0
5.007469166E-1,3.785328369E0,4.514312439E0,7.802225189E0,9.776627515E0
5.106999166E-1,4.439917145E0,4.719236298E0,8.258925476E0,1.049732849E1
5.206519166E-1,4.846920776E0,4.601281586E0,8.076305237E0,1.048289748E1
5.306049166E-1,4.690496063E0,4.397405548E0,7.749534760E0,1.006941994E1
5.405579166E-1,4.244573364E0,4.324357452E0,7.614515533E0,9.731254659E0
5.505099166E-1,3.716172180E0,4.385430450E0,7.490273895E0,9.441723303E0
5.604629166E-1,3.398832092E0,4.695286102E0,7.454498291E0,9.442844696E0
5.704149166E-1,3.233426056E0,4.983885956E0,7.728578339E0,9.748081166E0
5.803679166E-1,3.102897491E0,5.133574677E0,7.971074066E0,9.975950259E0
5.903199167E-1,3.062780914E0,4.763244781E0,7.507188721E0,9.403563700E0
6.002729167E-1,2.716401215E0,4.265380096E0,7.110812988E0,8.725592489E0
6.102259167E-1,2.412682800E0,4.032015381E0,6.433621216E0,7.966785316E0
6.201779167E-1,2.412084045E0,4.722978516E0,6.370452576E0,8.288989174E0
6.301309167E-1,2.919828186E0,4.913382568E0,6.676715698E0,8.788928115E0
6.400829167E-1,4.068090363E0,4.131408691E0,6.250402222E0,8.525574755E0
6.500359167E-1,5.306465149E0,4.382885742E0,5.943839722E0,9.093816055E0
6.599889167E-1,4.911436615E0,4.396657104E0,6.076314240E0,8.965176967E0
6.699409167E-1,4.781057739E0,3.136577454E0,5.826483765E0,8.163610983E0
6.798939167E-1,5.173990631E0,2.341880035E0,6.681655426E0,8.769213213E0
6.898459167E-1,5.582491150E0,2.428849182E0,7.148534546E0,9.389625229E0
6.997989167E-1,6.311325531E0,3.419489136E0,7.161108398E0,1.013938901E1
7.097509167E-1,6.370751953E0,6.393205261E0,5.566773834E0,1.060417488E1
7.197039167E-1,6.362219696E0,5.639073486E0,6.095923462E0,1.046122708E1
7.296569167E-1,6.642886047E0,3.469036102E0,4.988376617E0,9.002557847E0
7.396089167E-1,7.551496582E0,3.198249207E0,4.549339600E0,9.378186893E0
7.495619167E-1,8.135432281E0,3.095113678E0,4.818629608E0,9.949079273E0
7.595139167E-1,8.822353821E0,2.641706543E0,3.151246948E0,9.733596341E0
7.694669167E-1,1.083102676E1,2.066303101E0,2.547702026E0,1.131686948E1
7.794199167E-1,1.120450012E1,-3.013233948E-1,7.021748199E0,1.322635878E1
7.893719167E-1,1.081905167E1,-3.139870605E0,7.521558838E0,1.354564556E1
7.993249167E-1,1.126407623E1,4.715194702E0,3.704197083E0,1.276062500E1
8.092769167E-1,9.508227539E0,7.854765930E0,3.685635681E0,1.287197145E1
8.192299167E-1,8.149952087E0,6.640940094E0,3.227288818E0,1.099723590E1
8.291819167E-1,9.286538544E0,5.679339752E0,5.079986115E0,1.201253333E1
8.391349167E-1,5.332211609E0,5.107528839E0,2.596949615E0,7.827099002E0
8.490879167E-1,9.072783051E0,5.706134033E0,1.861828308E0,1.087850001E1
8.590399167E-1,9.678573303E0,4.121080170E0,2.983445892E0,1.093430530E1
8.689929167E-1,7.466772766E0,2.109114075E0,2.934497681E0,8.295320028E0
8.789449167E-1,8.203690338E0,1.884431305E0,1.998793488E0,8.651404043E0
8.888979167E-1,6.775959320E0,3.328927460E0,-2.421963501E-1,7.553412594E0
8.988509167E-1,1.113264954E1,6.306834869E0,-1.029409332E0,1.283634431E1
9.088029166E-1,1.404155045E1,6.705156555E0,1.180145874E0,1.560503148E1
9.187559166E-1,9.680519257E0,2.624642029E0,5.310357056E0,1.134905683E1
9.287079166E-1,9.495354309E0,2.507735138E0,4.649032288E0,1.086572548E1
9.386609166E-1,1.206715622E1,3.261268158E0,3.537144470E0,1.299090144E1
9.486129166E-1,1.241263779E1,2.190395050E0,5.999523926E-1,1.261869051E1
9.585659166E-1,1.352437592E1,3.804488525E0,-9.689350891E-1,1.408267418E1
9.685189166E-1,1.339624237E1,4.934189301E0,-5.819897461E-1,1.428790558E1
9.784709166E-1,1.300555481E1,5.070555725E0,6.333329773E-1,1.397340695E1
9.884239166E-1,1.239841736E1,5.668262787E0,1.522933044E0,1.371748086E1
9.983759166E-1,1.189770859E1,6.100264435E0,1.601519623E0,1.346601503E1
1.008328917E0,1.123758133E1,6.436315613E0,2.032922516E0,1.310885833E1
1.018281917E0,1.062295944E1,6.312073975E0,2.247875519E0,1.255955770E1
1.028233917E0,1.086560486E1,6.000122681E0,1.696721649E0,1.252763767E1
1.038186917E0,1.142544067E1,6.473737793E0,1.288221130E0,1.319505549E1
1.048138917E0,1.166075134E1,6.454128571E0,2.100132751E0,1.349219979E1
1.058091917E0,1.213212112E1,5.462291107E0,2.805166626E0,1.359757136E1
1.068044917E0,1.230186813E1,6.379882965E0,2.611020355E0,1.410164152E1
1.077996917E0,1.187705154E1,6.568191376E0,2.904559937E0,1.387955186E1
1.087949917E0,1.196372131E1,5.767805786E0,3.315305786E0,1.368902713E1
1.097901917E0,1.163919617E1,5.313051453E0,3.438499603E0,1.324849737E1
1.107854917E0,1.170820267E1,4.856351166E0,3.165317688E0,1.306466197E1
1.117806917E0,1.132275421E1,4.765789490E0,3.052302704E0,1.265835946E1
1.127759917E0,1.065948349E1,4.878954163E0,3.104394379E0,1.212707906E1
1.137712917E0,9.874515839E0,5.211113434E0,2.604134674E0,1.146487172E1
1.147664917E0,8.918603668E0,5.129682770E0,2.187401276E0,1.051854843E1
1.157617917E0,7.765102386E0,4.693190460E0,2.285896454E0,9.356718141E0
1.167569708E0,6.648274841E0,4.802912292E0,2.209854584E0,8.494173423E0
1.177522708E0,5.979615326E0,5.005590820E0,1.834584961E0,8.011082379E0
1.187475708E0,5.806575165E0,4.792134705E0,1.805545349E0,7.742148551E0
1.197427708E0,5.905220032E0,4.581672363E0,1.709445190E0,7.667173412E0
1.207380708E0,5.941145325E0,4.659809875E0,2.088606720E0,7.834112194E0
1.217332708E0,5.258115692E0,4.575235748E0,2.784958649E0,7.505768279E0
1.227285708E0,4.431833954E0,4.375700684E0,2.696193237E0,6.786557790E0
1.237237708E0,4.268074493E0,4.281097412E0,2.432741089E0,6.516324435E0
1.247190708E0,4.215833130E0,3.745511169E0,2.273921356E0,6.080528039E0
1.257143708E0,4.633913727E0,3.222498779E0,1.721719666E0,5.901014609E0
1.267095708E0,5.267097015E0,3.376229095E0,2.431693268E0,6.712254913E0
1.277048708E0,5.643863525E0,3.370989990E0,2.474055176E0,7.024081294E0
1.287000708E0,5.790408783E0,3.414998474E0,2.738255768E0,7.258725308E0
1.296953708E0,5.949378204E0,3.690276031E0,2.319576416E0,7.375206638E0
1.306906708E0,6.207441559E0,3.935615845E0,2.049987030E0,7.630455400E0
1.316858708E0,6.244564362E0,3.987857208E0,1.792372742E0,7.623003950E0
1.326811708E0,6.030060425E0,3.903582458E0,1.054706726E0,7.260302405E0
1.336763708E0,6.909331970E0,4.182452545E0,2.222877502E-1,8.079677556E0
1.346716708E0,8.298742676E0,4.422253876E0,-2.790197754E-1,9.407619857E0
1.356668708E0,9.276659088E0,4.728816376E0,-4.538562012E-1,1.042228831E1
1.366621708E0,9.211394806E0,5.386398926E0,-6.976991272E-1,1.069344995E1
1.376574708E0,8.905580750E0,6.020929413E0,-1.163829803E0,1.081274522E1
1.386526708E0,8.288114777E0,6.419700165E0,-1.207389221E0,1.055287570E1
1.396479708E0,8.033344574E0,6.395300903E0,-1.055305481E0,1.032221722E1
1.406431708E0,7.611671448E0,5.816454620E0,-1.143023071E0,9.647548306E0
1.416384708E0,7.575596466E0,5.870342560E0,-1.743723907E0,9.741209199E0
1.426337708E0,8.161627808E0,5.647905121E0,-1.212927704E0,9.999109677E0
1.436289708E0,8.203540649E0,4.594246216E0,-3.267704773E-1,9.408079316E0
1.446242708E0,7.671247559E0,4.894671478E0,-6.418652344E-1,9.122381211E0
1.456194708E0,6.915618896E0,5.363047485E0,-1.094823303E0,8.819676928E0
1.466147708E0,6.244714050E0,5.368585968E0,-9.412426758E-1,8.288794040E0
1.476099708E0,5.482499084E0,5.269791412E0,-1.323248291E0,7.718774759E0
1.486052708E0,5.213358765E0,5.154381409E0,-2.035018158E0,7.608420087E0
1.496005708E0,5.708828430E0,5.263205109E0,-2.057022400E0,8.032645344E0
1.505957708E0,5.157375183E0,7.005881195E0,-2.479144592E0,9.045830421E0
1.515910708E0,4.533322906E0,9.030570831E0,-3.269650726E0,1.062039745E1
1.525862708E0,3.361559601E0,1.169712570E1,-3.159030762E0,1.257387402E1
1.535815708E0,3.082240448E0,1.073387878E1,-3.443289642E0,1.168642818E1
1.545768708E0,2.494861908E0,1.630723892E1,-5.283413086E0,1.732237949E1
1.555720708E0,1.435963898E0,1.599274292E1,-4.561165009E0,1.669233491E1
1.565673708E0,4.730163574E-1,1.583751572E1,-4.161196747E0,1.638188655E1
1.575625708E0,9.517208862E-1,1.520642807E1,-4.555177460E0,1.590254285E1
1.585578708E0,2.010618896E0,1.329924408E1,-4.299509125E0,1.412084488E1
1.595530708E0,1.780247955E0,1.210787155E1,-4.352199554E0,1.298889823E1
1.605483708E0,1.162931671E0,9.926008759E0,-3.369193726E0,1.054654096E1
1.615436708E0,1.703906708E0,8.482560425E0,-1.278042297E0,8.745885978E0
1.625388708E0,6.743476868E-1,7.728578339E0,-2.251468048E0,8.078042851E0
1.635341708E0,3.432512054E0,5.928122406E0,-1.780697021E0,7.077828491E0
1.645293708E0,5.447322235E0,6.002817078E0,-2.364033966E0,8.443683378E0
1.655246708E0,5.653742981E0,4.280199280E0,-1.005758514E0,7.162155106E0
1.665199708E0,3.929478607E0,7.503895569E0,-3.646417236E-1,8.478337951E0
1.675151708E0,8.054750061E-1,8.371940460E0,-2.770738220E-1,8.415161731E0
1.685104708E0,-7.894583130E-1,1.223226288E1,5.577401733E-1,1.227039419E1
1.695056708E0,-1.633852386E0,7.840545502E0,-3.823049927E-1,8.018091075E0
1.705009708E0,-5.435347137E0,7.908354492E0,1.359472961E0,9.691916013E0
1.714962708E0,-1.328487396E0,1.314326843E1,4.770579529E-1,1.321884897E1
1.724914708E0,6.765930176E-1,1.245709534E1,-2.200873260E0,1.266810347E1
1.734867708E0,-1.603166199E-1,1.228480362E1,-2.339185638E0,1.250655392E1
1.744819708E0,1.378932495E0,1.104657852E1,-2.154918823E0,1.133896058E1
1.754772708E0,1.653162231E0,1.094583801E1,-8.071215820E-1,1.109935856E1
1.764724708E0,1.927990723E0,1.175415710E1,2.863545227E-1,1.191466980E1
1.774677708E0,2.724185028E0,1.305914337E1,9.466314697E-1,1.337379979E1
1.784630708E0,1.428629150E0,8.621920624E0,-2.948418732E0,9.223430463E0
1.794582708E0,-2.929408264E-1,8.040379944E0,-2.330952759E0,8.376566405E0
1.804535708E0,1.960024109E0,1.039094193E1,-4.317022705E0,1.142147336E1
1.814487708E0,3.056943054E0,1.153231842E1,-5.569019165E0,1.316636789E1
1.824440708E0,2.153272247E0,1.077444443E1,-6.143075409E0,1.258819326E1
1.834393708E0,1.866618347E0,9.020841064E0,-2.605781250E0,9.573397176E0
1.844345708E0,1.432970123E0,7.460336151E0,-1.998344421E-1,7.599338962E0
1.854298708E0,1.505718842E0,7.480544128E0,-9.812095642E-1,7.693406391E0
1.864250708E0,2.168540497E0,9.096284180E0,-2.035467224E0,9.570166173E0
1.874203708E0,1.842668152E0,9.046138458E0,-1.633702698E0,9.375341670E0
1.884155708E0,1.431473236E0,8.511899414E0,-1.631906433E0,8.784342085E0
1.894108708E0,1.537003784E0,8.788374481E0,-1.840123444E0,9.109553279E0
1.904061708E0,1.451531525E0,8.964857483E0,-1.724563751E0,9.243902509E0
1.914013708E0,1.132844238E0,9.231453094E0,-6.346801758E-1,9.322332392E0
1.923966708E0,8.846603394E-1,9.443262634E0,1.534309387E0,9.607910199E0
1.933918708E0,7.114704895E-1,9.566306763E0,9.478289795E-1,9.639439564E0
1.943871708E0,6.608757019E-1,1.107980942E1,-1.381626892E-1,1.110036136E1
1.953824708E0,2.490820312E-1,1.135748199E1,-5.688171387E-3,1.136021441E1
1.963776708E0,4.173321533E-1,1.112546448E1,-8.119116211E-1,1.116285476E1
1.973729708E0,7.487429810E-1,9.796228638E0,-9.271719360E-1,9.868452734E0
1.983681708E0,1.780996399E0,8.417146454E0,-1.507365417E-1,8.604825629E0
1.993634708E0,2.909499664E0,8.402626648E0,-9.175918579E-2,8.892566707E0
2.003586708E0,2.150577850E0,8.172405396E0,-1.082997894E0,8.519746444E0
2.013539708E0,1.607806549E0,7.683821411E0,-1.753303986E0,8.043645209E0
2.023492708E0,1.623224487E0,8.355325012E0,-9.645941162E-1,8.566023325E0
2.033444708E0,9.315129089E-1,8.415200500E0,-8.131091309E-1,8.505554786E0
2.043397708E0,-6.673123169E-1,8.767867126E0,-2.379002838E0,9.109360800E0
2.053349708E0,-5.659730530E-1,9.389524384E0,-1.746268616E0,9.567285285E0
2.063302708E0,1.450483704E-1,1.024469604E1,-1.076261902E0,1.030209570E1
2.073255708E0,-2.984793091E-1,9.925859070E0,-2.143542480E0,1.015906209E1
2.083207708E0,-4.257147217E-1,8.202792206E0,-2.853216705E0,8.695279096E0
2.093160708E0,-4.405339050E-1,7.859106903E0,-1.052611084E0,7.941512547E0
2.103112708E0,-1.965263214E0,8.757239227E0,4.457730103E-1,8.986112172E0
2.113065708E0,-4.590653687E0,9.219028931E0,-6.556365967E-1,1.031961506E1
2.123017708E0,-5.440885620E0,9.173673248E0,-1.373094635E0,1.075383216E1
2.132970708E0,-5.400619354E0,9.598340149E0,-1.659000092E0,1.113764357E1
2.142923708E0,-5.739813995E0,9.692045288E0,-3.605252838E0,1.182704759E1
2.152875708E0,-4.678071899E0,9.670490112E0,-5.272336121E0,1.196663127E1
2.162828708E0,-2.196831665E0,8.342002716E0,-5.096302185E0,1.001935001E1
2.172780417E0,-1.195414124E0,6.637048187E0,-5.437293091E0,8.662769749E0
2.182733417E0,-1.786983948E0,6.458619232E0,-4.536765747E0,8.092547032E0
2.192686417E0,-2.315684509E-1,3.957919464E0,-2.442171478E0,4.656495674E0
2.202638417E0,9.455836487E-1,3.716621246E0,-8.970845032E-1,3.938548277E0
2.212591417E0,4.966671753E-1,8.821755066E0,-3.992497559E0,9.695879407E0
2.222543417E0,-1.915117493E0,1.181103882E1,-5.871989136E0,1.332848714E1
2.232496417E0,-1.166673889E0,1.130598907E1,-4.071233826E0,1.207317116E1
2.242448417E0,1.939516754E0,1.094434113E1,-3.817361755E0,1.175213081E1
2.252401417E0,1.940714264E0,1.235874985E1,-5.150788879E0,1.352906855E1
2.262354417E0,2.786006470E0,1.182495987E1,-3.994742889E0,1.278864648E1
2.272306417E0,3.788022766E0,1.107052872E1,-3.035238190E0,1.208794414E1
2.282259417E0,4.273014221E0,1.018032990E1,-3.291804657E0,1.152101320E1
2.292211417E0,4.775668945E0,9.447304230E0,-3.822600861E0,1.125481446E1
2.302164417E0,4.261039124E0,8.929381256E0,-3.011138306E0,1.034201421E1
2.312117417E0,3.353775787E0,8.727151794E0,-2.705773315E0,9.733046785E0
2.322069417E0,3.148253174E0,8.563991089E0,-1.178050232E0,9.200067596E0
2.332022417E0,2.930456085E0,7.661817169E0,-1.186881866E0,8.288528444E0
2.341974417E0,1.639390869E0,7.877817993E0,-1.644629974E0,8.212942622E0
2.351927417E0,-3.650907898E-1,8.600365448E0,-1.241218872E0,8.697137541E0
2.361880417E0,1.431473236E0,9.455686798E0,-1.209634552E0,9.639623654E0
2.371832417E0,1.181044006E-1,6.251599731E0,-5.506149902E0,8.331514544E0
2.381785417E0,-2.266137543E0,7.388036499E0,-4.115391998E0,8.755279206E0
2.391737417E0,-5.243895264E0,9.098080444E0,-3.697311401E-1,1.050762611E1
2.401690417E0,-8.153394928E0,8.667425995E0,2.770887909E0,1.221801711E1
2.411642417E0,-9.138646088E0,7.991282043E0,6.686445465E0,1.385943700E1
2.421595417E0,-1.124356888E1,7.837102661E0,9.362879791E0,1.659823898E1
2.431548417E0,-1.014515305E1,7.851472778E0,8.464597778E0,1.536942324E1
2.441500417E0,-6.273304596E0,6.166576538E0,3.224594421E0,9.369046159E0
2.451453417E0,-6.699169006E0,4.145030365E0,-5.617817688E-1,7.897831402E0
2.461405417E0,-8.062384186E0,5.246140594E0,-2.317181396E0,9.894107313E0
2.471358417E0,-9.242829437E0,5.491630096E0,-1.969903564E0,1.093016089E1
2.481311417E0,-8.814869385E0,5.699098663E0,1.379680939E0,1.058702826E1
2.491263417E0,-7.929161224E0,6.827901306E0,2.798131256E0,1.083149909E1
2.501216417E0,-7.459887085E0,7.994275818E0,3.513343964E0,1.148485729E1
2.511168417E0,-6.048771515E0,8.104297028E0,4.198918304E0,1.094980283E1
2.521121417E0,-4.522844696E0,7.777825928E0,3.226690063E0,9.558359120E0
2.531073417E0,-4.017196198E0,7.836503906E0,3.936813354E-2,8.806259627E0
2.541026417E0,-4.143683167E0,7.974965973E0,-3.554208984E0,9.664501744E0
2.550979417E0,-4.672533417E0,9.703122253E0,-5.884263611E0,1.227223322E1
2.560931417E0,-5.629343719E0,1.217508179E1,-6.650520172E0,1.497169148E1
2.570884417E0,-6.929989014E0,1.387105499E1,-5.572761383E0,1.647684993E1
2.580836417E0,-7.702382813E0,1.398556686E1,-3.359014893E0,1.631581327E1
2.590789417E0,-7.051685944E0,1.136646332E1,-1.312770081E0,1.344046607E1
2.600742417E0,-6.842870178E0,9.453591156E0,3.212319946E-1,1.167469263E1
2.610694417E0,-7.242539063E0,8.086633759E0,1.343605957E0,1.093861484E1
2.620647417E0,-7.645800476E0,8.340356140E0,2.819087677E0,1.166049145E1
2.630599417E0,-8.888965302E0,7.844138031E0,3.421135712E0,1.233889684E1
2.640552417E0,-9.582622833E0,7.815397797E0,2.179467773E0,1.255616115E1
2.650505417E0,-8.243208160E0,8.292904816E0,8.072712708E-1,1.172068419E1
2.660457417E0,-4.350403290E0,1.099852844E1,-1.714235229E0,1.195124425E1
2.670410417E0,6.236181793E0,1.748783386E1,-6.177952881E0,1.956735543E1
2.680362417E0,7.539222107E0,1.781445465E1,-1.153830597E1,2.252392437E1
2.690315417E0,1.979483643E0,1.450004700E1,-1.370519989E1,2.004999308E1
2.700267417E0,-2.365979919E0,6.570287018E0,4.850662994E0,8.502673930E0
2.710220417E0,-5.178481293E0,1.887275391E0,1.020877075E1,1.160161528E1
2.720173417E0,-5.220094757E0,1.892364807E0,1.014245865E1,1.156286735E1
2.730125417E0,-4.348008270E0,2.085014191E0,6.511309662E0,8.102444915E0
2.740078417E0,-5.066065063E0,2.380499725E0,2.431393890E0,6.102742860E0
2.750030417E0,-6.113886108E0,3.930227051E0,1.149908752E0,7.358571747E0
2.759983417E0,-7.364385681E0,5.126539307E0,-4.580474854E-1,8.984730893E0
2.769936417E0,-8.259224854E0,5.989794159E0,-1.403631134E0,1.029867028E1
2.779888417E0,-8.337512054E0,6.006259918E0,-1.297950897E0,1.035731345E1
2.789841417E0,-7.417674866E0,6.796616364E0,-2.016307068E-1,1.006263133E1
2.799793417E0,-5.973029022E0,7.942483521E0,1.012045441E0,9.989211988E0
2.809746417E0,-4.857997742E0,8.497229919E0,1.566342773E0,9.912441074E0
2.819698417E0,-4.392316132E0,8.550668793E0,2.028880920E0,9.824598495E0
2.829651417E0,-4.363725586E0,8.374934235E0,2.073039093E0,9.668459831E0
2.839604417E0,-4.769382019E0,8.034841461E0,1.320104828E0,9.436543801E0
2.849556417E0,-5.282664642E0,7.713010712E0,5.182223511E-1,9.362992810E0
2.859509417E0,-5.716013489E0,7.338938599E0,7.095245361E-2,9.302572989E0
2.869461417E0,-5.941893768E0,6.957681427E0,9.415420532E-2,9.150098218E0
2.879414417E0,-5.891897736E0,6.855444031E0,4.180805969E-1,9.049108419E0
2.889367417E0,-5.746699677E0,6.983427887E0,7.560777283E-1,9.075487632E0
2.899319417E0,-5.584287415E0,7.317233734E0,5.703140259E-1,9.222333411E0
2.909272417E0,-5.177283783E0,7.709268494E0,3.649411011E-1,9.293560678E0
2.919224417E0,-5.103187866E0,8.023315430E0,2.368075562E-1,9.511687269E0
2.929177417E0,-5.163512421E0,8.239765320E0,4.354444885E-1,9.733714859E0
2.939130417E0,-5.135969696E0,8.286767578E0,8.259823608E-1,9.784219359E0
2.949082417E0,-5.247188416E0,8.305478668E0,3.266207886E-1,9.829580017E0
2.959035417E0,-5.032235413E0,8.330776062E0,-8.292755127E-2,9.733041663E0
2.968987417E0,-5.007536774E0,8.458011475E0,3.698808289E-1,9.836167672E0
2.978940417E0,-5.606141968E0,8.616681519E0,-2.484832764E-2,1.027991467E1
2.988892417E0,-5.952671356E0,8.018226013E0,-2.339634705E-1,9.989043176E0
2.998845417E0,-6.219117279E0,6.977739716E0,-3.300636292E-1,9.352818467E0
3.008798417E0,-6.459517365E0,6.851103058E0,1.300794983E-1,9.417000497E0
3.018750417E0,-6.286327515E0,7.358996887E0,3.659889221E-1,9.685385728E0
3.028703417E0,-5.832321625E0,7.751031647E0,1.835183716E-1,9.701966095E0
3.038655417E0,-5.194647675E0,7.732769623E0,9.734257507E-1,9.366303870E0
3.048608417E0,-4.727918243E0,7.790848846E0,2.045496368E0,9.339946041E0
3.058561417E0,-4.701273651E0,8.513995056E0,8.481362915E-1,9.762654400E0
3.068513417E0,-4.726121979E0,8.688981171E0,-1.317260742E-2,9.891147368E0
3.078466417E0,-5.318140869E0,9.079369354E0,-5.057981873E-1,1.053439139E1
3.088418417E0,-5.935307465E0,8.470585327E0,-4.704716492E-1,1.035374493E1
3.098371417E0,-6.422544250E0,7.345075836E0,1.601669312E-2,9.757021586E0
3.108324417E0,-6.856491852E0,7.065157928E0,9.279203796E-1,9.888830735E0
3.118276417E0,-6.803502045E0,7.589667206E0,9.443861389E-1,1.023633497E1
3.128229417E0,-6.352340240E0,7.906408539E0,1.240919495E0,1.021779838E1
3.138181417E0,-5.742209015E0,8.016579437E0,1.172511749E0,9.930422652E0
3.148134417E0,-4.907245331E0,8.266709290E0,1.052162018E0,9.670914338E0
3.158086417E0,-4.299509125E0,8.903784485E0,8.005352783E-1,9.919879717E0
3.168040042E0,-4.167483673E0,8.798104248E0,6.548881531E-1,9.757224863E0
3.177993042E0,-4.262985077E0,8.397387543E0,7.656578064E-1,9.448565562E0
3.187945042E0,-4.452940063E0,8.488847351E0,5.614823914E-1,9.602315712E0
3.197898042E0,-4.919220428E0,8.916058960E0,4.390370178E-1,1.019252621E1
3.207850042E0,-5.517526245E0,8.704399109E0,5.424719238E-1,1.032007439E1
3.217803042E0,-5.969735870E0,7.598947906E0,4.008663940E-1,9.671734566E0
3.227756042E0,-6.484665070E0,6.770869904E0,1.977388000E-1,9.377348290E0
3.237708042E0,-6.910978546E0,6.976841583E0,2.318678284E-1,9.823019171E0
3.247661042E0,-7.032226410E0,7.717651062E0,7.244934082E-1,1.046609941E1
3.257613042E0,-6.778504028E0,8.086035004E0,1.093625793E0,1.060792611E1
3.267566042E0,-6.277495880E0,8.304131470E0,1.202449493E0,1.047909532E1
3.277519042E0,-5.729036407E0,8.264763336E0,1.087338867E0,1.011486416E1
3.287471042E0,-5.305267639E0,8.338859253E0,6.744973755E-1,9.906431500E0
3.297424042E0,-4.970264282E0,8.634045410E0,2.677931213E-1,9.966041357E0
3.307376042E0,-4.935686188E0,8.763975220E0,4.463717651E-1,1.006814320E1
3.317329042E0,-4.397405548E0,8.484207001E0,1.353335724E0,9.651448677E0
3.327281042E0,-5.218448181E0,1.063867676E1,1.239422607E-1,1.185027452E1
3.337234042E0,-5.505551147E0,6.619534607E0,1.172661438E0,8.689330624E0
3.347187042E0,-6.026018829E0,7.051685944E0,7.813751221E-1,9.308583386E0
3.357139042E0,-6.211483154E0,8.566835175E0,8.710386658E-1,1.061752778E1
3.367092042E0,-6.166726227E0,8.731343079E0,5.041516113E-1,1.070135660E1
3.377044042E0,-5.860313416E0,9.197473755E0,8.041278076E-1,1.093542035E1
3.386997042E0,-5.312752075E0,9.371561737E0,8.729846191E-1,1.080803433E1
3.396950042E0,-5.132975922E0,9.389674072E0,5.224136353E-1,1.071383857E1
3.406902042E0,-5.228327637E0,9.853559418E0,-5.733078003E-2,1.115487920E1
3.416855042E0,-5.306016083E0,8.375682678E0,3.415896606E-1,9.920814004E0
3.426807042E0,-6.490053864E0,9.326355743E0,-3.086581421E-1,1.136648496E1
3.436760042E0,-7.708669739E0,8.536148987E0,-1.908531189E-1,1.150329751E1
3.446713042E0,-6.729106750E0,4.865781555E0,2.938988342E0,8.808766104E0
3.456665042E0,-6.495143280E0,7.110363922E0,9.792636108E-1,9.680037115E0
3.466618042E0,-5.457800446E0,8.040679321E0,7.198530579E-1,9.744654846E0
3.476570042E0,-4.735552368E0,8.064479828E0,4.287084961E-1,9.361895219E0
3.486523042E0,-4.628524933E0,8.137527924E0,4.336482239E-1,9.371801030E0
3.496475042E0,-4.960983582E0,7.348668365E0,3.592529297E-1,8.873744841E0
3.506428042E0,-5.602549438E0,6.851103058E0,3.239263916E-1,8.856133560E0
3.516381042E0,-5.879922638E0,6.206842804E0,3.207829285E-1,8.555775214E0
3.526333042E0,-5.621559906E0,7.019502869E0,1.019529877E0,9.050679393E0
3.536286042E0,-4.744833069E0,9.753717041E0,1.612297211E0,1.096576214E1
3.546238042E0,-4.158502350E0,1.092637848E1,1.763632507E0,1.182325201E1
3.556191042E0,-4.743186493E0,1.036998550E1,1.557810516E0,1.150917856E1
3.566144042E0,-5.529501343E0,9.711055756E0,1.058149567E0,1.122495744E1
3.576096042E0,-5.921236725E0,8.597221985E0,9.870474243E-1,1.048558691E1
3.586049042E0,-5.849386139E0,8.023764496E0,8.933422852E-1,9.969662749E0
3.596001042E0,-5.330864410E0,7.941136322E0,7.967930603E-1,9.597637242E0
3.605954042E0,-4.930297394E0,7.937693481E0,1.154100037E0,9.415240682E0
3.615907042E0,-4.835394745E0,9.290131073E0,9.804611206E-1,1.051897722E1
3.625859042E0,-4.405937805E0,1.002869522E1,2.374362488E0,1.120823862E1
3.635812042E0,-5.883814545E0,4.786446533E0,5.853278046E0,9.580720635E0
3.645764042E0,-9.077273712E0,-2.987936554E0,-7.856412506E0,1.237125217E1
3.655717042E0,-3.594175873E0,9.852062531E0,1.982627106E0,1.067295866E1
3.665670042E0,-2.585423584E0,9.463171234E0,4.343068542E0,1.072838615E1
3.675622042E0,-3.257226562E0,9.139244843E0,5.803431702E-1,9.719676917E0
3.685575042E0,-3.855682068E0,1.099134338E1,3.185375977E0,1.207570013E1
3.695527042E0,-4.886887665E0,1.045141617E1,3.157084808E0,1.196164518E1
3.705480042E0,-6.309978333E0,1.030891251E1,1.813628540E0,1.222206006E1
3.715433042E0,-5.836512909E0,9.708810425E0,2.011517029E0,1.150530676E1
3.725385042E0,-5.304369507E0,9.349707184E0,1.371448059E0,1.083670753E1
3.735338042E0,-4.111949158E0,9.102271729E0,1.084644470E0,1.004668752E1
3.745290042E0,-3.445534973E0,8.038284302E0,1.537303162E0,8.879697449E0
3.755243042E0,-4.355642395E0,7.295079803E0,1.498683472E0,8.627622046E0
3.765195042E0,-5.484594727E0,6.713688812E0,2.451003113E0,9.008985128E0
3.775148042E0,-5.822292480E0,6.236780548E0,3.085383911E0,9.072822891E0
3.785101042E0,-5.406457214E0,8.293802948E0,1.784139862E0,1.005982614E1
3.795053042E0,-4.458029480E0,9.219328308E0,1.951641541E0,1.042491947E1
3.805006042E0,-4.051025848E0,9.404493256E0,1.795216827E0,1.039606210E1
3.814958042E0,-3.769161987E0,9.329349518E0,2.209405518E0,1.030169002E1
3.824911042E0,-3.385060730E0,8.976982269E0,2.658022614E0,9.955397080E0
3.834864042E0,-3.398383026E0,8.887468414E0,2.185605011E0,9.762836231E0
3.844816042E0,-3.772604828E0,9.349856873E0,1.781146088E0,1.023840086E1
3.854769042E0,-3.637136536E0,1.071411987E1,9.093589783E-1,1.135112596E1
3.864721042E0,-1.975591736E0,1.470646774E1,4.664450226E0,1.555442870E1
3.874674042E0,-4.283791809E0,6.693480835E0,-1.927990723E-1,7.949259678E0
3.884627042E0,-4.814138947E0,5.317093048E0,5.102888489E-1,7.190814070E0
3.894579042E0,-4.200415192E0,6.697372742E0,3.414100342E0,8.611293199E0
3.904532042E0,-3.825744324E0,6.478527832E0,3.441792755E0,8.273667861E0
3.914484042E0,-3.346890106E0,8.042774963E0,2.265239410E0,9.001067275E0
3.924437042E0,-3.623514862E0,9.367370453E0,1.397044830E0,1.014047452E1
3.934390042E0,-4.673880615E0,1.078866486E1,1.369352417E0,1.183704251E1
3.944342042E0,-5.593568115E0,1.155447235E1,1.416354675E0,1.291510341E1
3.954295042E0,-6.454577637E0,1.016176849E1,2.432890778E0,1.228177792E1
3.964247042E0,-6.292764130E0,8.794212341E0,3.921245728E0,1.150274833E1
3.974200042E0,-5.750441895E0,1.035232224E1,5.916446686E0,1.323791898E1
3.984153042E0,-4.908442841E0,1.156450150E1,6.001619568E0,1.392300052E1
3.994105042E0,-4.608167267E0,6.183641052E0,4.139641571E0,8.752671281E0
4.004058042E0,-4.466561737E0,3.043471069E0,2.710713043E0,6.046557293E0
4.014010042E0,-4.023333435E0,5.168003082E0,4.246219940E0,7.805501366E0
4.023963042E0,-4.149820404E0,6.308930511E0,2.332749023E0,7.903501224E0
4.033916042E0,-3.770060120E0,7.276069336E0,4.867877197E-1,8.209232642E0
4.043868042E0,-3.789220276E0,8.151748352E0,-6.798861694E-1,9.015067204E0
4.053821042E0,-4.279301147E0,8.330177307E0,-2.658022614E0,9.734955392E0
4.063773042E0,-5.025349731E0,8.419391785E0,-4.358336792E0,1.073011638E1
4.073726042E0,-4.995262299E0,7.972271576E0,-4.092339935E0,1.025948369E1
4.083678042E0,-5.125491486E0,7.198380890E0,-3.307521973E0,9.435414776E0
4.093631042E0,-5.933211823E0,7.398065643E0,-2.000589752E0,9.692096633E0
4.103584042E0,-6.475384369E0,6.673572235E0,1.369651794E-1,9.299781103E0
4.113536042E0,-6.398594055E0,5.977519684E0,2.960094452E0,9.243100487E0
4.123489042E0,-6.235583038E0,6.801556091E0,4.355642395E0,1.020368962E1
4.133441042E0,-5.963748322E0,7.119345245E0,4.525838470E0,1.033124313E1
4.143394042E0,-5.719306641E0,7.018005981E0,4.053570557E0,9.919390640E0
4.153347042E0,-5.648653564E0,7.138206024E0,2.856958923E0,9.540622968E0
4.163299042E0,-5.509742432E0,7.758665771E0,1.736838226E0,9.673198191E0
4.173251917E0,-5.048102417E0,8.417296143E0,1.004710693E0,9.866288864E0
4.183203917E0,-4.606520691E0,9.045090637E0,5.822891235E-1,1.016723945E1
4.193156917E0,-4.570146332E0,9.548942871E0,-2.544708252E-2,1.058627390E1
4.203109917E0,-4.960384827E0,9.703870697E0,-5.640270996E-1,1.091277466E1
4.213061917E0,-5.450166321E0,9.556127930E0,-4.516108704E-1,1.101035178E1
4.223014917E0,-6.065686340E0,1.008692413E1,9.205856323E-1,1.180618766E1
4.232966917E0,-6.623576202E0,1.060364960E1,1.829495544E0,1.263551346E1
4.242919917E0,-6.851701813E0,1.104104004E1,2.438279572E0,1.322102833E1
4.252872917E0,-6.403084717E0,1.040366547E1,1.519789581E0,1.231038218E1
4.262824917E0,-5.282365265E0,9.079219666E0,7.330256653E-1,1.052962199E1
4.272777917E0,-4.170477448E0,6.961723022E0,6.445596313E-1,8.140879971E0
4.282729917E0,-3.981570282E0,6.343358917E0,6.069877625E-1,7.513956242E0
4.292682917E0,-5.181475067E0,4.265380096E0,-1.458866272E0,6.868001313E0
4.302635917E0,-6.805447998E0,7.348967743E0,-4.727319489E0,1.107560377E1
4.312587917E0,-6.847809906E0,5.499413910E0,-1.943857727E0,8.995256346E0
4.322540917E0,-7.351811829E0,7.891289978E0,-3.016078033E0,1.119903216E1
4.332492917E0,-6.990912323E0,6.946604462E0,-3.152743835E0,1.034736500E1
4.342445917E0,-6.818321228E0,5.704487457E0,-2.784808960E0,9.315891931E0
4.352398917E0,-6.451134796E0,4.842579803E0,-1.518741760E0,8.208184686E0
4.362350917E0,-6.669830017E0,3.870800629E0,5.674699402E-1,7.732512664E0
4.372303917E0,-7.515870667E0,3.718417511E0,-1.743873596E-1,8.387213579E0
4.382255917E0,-7.879464569E0,4.564009094E0,-6.575825500E-1,9.129543018E0
4.392208917E0,-7.420518951E0,4.595593414E0,-2.926414490E-1,8.733225026E0
4.402161917E0,-6.625671844E0,4.809348907E0,4.210743713E-1,8.197967305E0
4.412113917E0,-5.550906830E0,6.417305145E0,1.788780212E-1,8.486835058E0
4.422066917E0,-4.619244232E0,8.400081940E0,2.592608643E-1,9.589891035E0
4.432018917E0,-3.915707245E0,1.045515839E1,1.050515442E0,1.121368284E1
4.441971917E0,-3.390449524E0,1.194201645E1,1.436412964E0,1.249680707E1
4.451924917E0,-3.557502136E0,1.193812454E1,1.120869141E0,1.250723737E1
4.461876917E0,-3.979025574E0,1.137843842E1,5.816903687E-1,1.206813444E1
4.471829917E0,-4.129462738E0,1.176792847E1,-6.201603699E-1,1.248684115E1
4.481781917E0,-4.220922546E0,1.101843704E1,-6.489006042E-1,1.181707299E1
4.491734917E0,-4.443210297E0,1.101334763E1,8.301736450E-1,1.190483649E1
4.501687917E0,-4.882846069E0,1.008363098E1,1.350791016E0,1.128478781E1
4.511639917E0,-5.042713623E0,9.180708618E0,7.538323975E-1,1.050155392E1
4.521592917E0,-4.822970581E0,8.995244293E0,1.522334290E-1,1.020777352E1
4.531544917E0,-4.669240265E0,8.868457947E0,-1.932481384E-1,1.002440501E1
4.541497917E0,-4.045487366E0,9.558522949E0,2.305206299E-1,1.038192991E1
4.551450917E0,-3.820654907E0,1.087293961E1,4.806504822E-1,1.153469742E1
4.561402917E0,-3.877536621E0,9.819580078E0,4.575984192E-1,1.056734780E1
4.571355917E0,-3.532953186E0,1.122141495E1,6.694079590E-1,1.178346378E1
4.581307917E0,-3.407514038E0,9.403295746E0,6.971003723E-1,1.002591999E1
4.591260917E0,-3.511996765E0,8.547675018E0,4.351451111E-1,9.251282115E0
4.601213917E0,-3.584296417E0,8.042176208E0,3.465293884E-1,8.811575432E0
4.611165917E0,-4.049828339E0,7.845185852E0,1.571731567E-2,8.828833312E0
4.621118917E0,-3.414549408E0,9.657167816E0,-4.496649170E-1,1.025291356E1
4.631070917E0,-2.703228607E0,1.151809799E1,-2.147434387E0,1.202437111E1
4.641023917E0,-4.164340210E0,1.031220566E1,-4.399351501E0,1.195983313E1
4.650975917E0,-3.811224518E0,9.010362854E0,6.087690582E0,1.152267537E1
4.660928917E0,-5.516927490E0,1.372705444E1,6.546785889E0,1.617803814E1
4.670881917E0,-7.340285797E0,1.154159912E1,1.198108521E0,1.373039584E1
4.680833917E0,-6.603667603E0,4.387975159E0,8.866062927E-1,7.978021216E0
4.690786917E0,-5.937702484E0,3.899989929E0,1.732197876E0,7.312095576E0
4.700739917E0,-5.888604584E0,4.116739197E0,2.677781525E0,7.667706271E0
4.710691917E0,-5.702541504E0,5.213358765E0,2.395618286E0,8.089318648E0
4.720644917E0,-5.791606293E0,5.811664581E0,1.346150665E0,8.314461514E0
4.730596917E0,-5.723797302E0,6.142776031E0,1.159189453E0,8.475805160E0
4.740549917E0,-5.462440796E0,6.448141022E0,1.093925171E0,8.521352848E0
4.750502917E0,-5.312303009E0,6.573430481E0,5.592370605E-1,8.470141536E0
4.760454917E0,-5.611830139E0,6.146817627E0,3.013233948E-1,8.328673378E0
4.770407917E0,-5.864804077E0,5.699398041E0,4.523593140E-1,8.190463591E0
4.780359917E0,-5.514831848E0,5.718558197E0,1.242865448E0,8.041143743E0
4.790312917E0,-4.952301636E0,6.038592682E0,2.072140961E0,8.079830520E0
4.800265917E0,-4.672982483E0,6.584507446E0,1.490001526E0,8.210518141E0
4.810217917E0,-4.638554077E0,7.490722961E0,4.382885742E-1,8.821519783E0
4.820170917E0,-4.706812134E0,8.360564117E0,2.805166626E-1,9.598531264E0
4.830122917E0,-4.703369293E0,8.573122101E0,1.110989685E0,9.841463476E0
4.840075917E0,-4.600533142E0,8.213120728E0,1.783391418E0,9.581270387E0
4.850028917E0,-4.533173218E0,7.936645660E0,1.603465576E0,9.279606975E0
4.859980917E0,-4.425397339E0,7.480244751E0,2.096390533E0,8.940528866E0
4.869933917E0,-4.473896484E0,6.985373840E0,2.298919373E0,8.607916573E0
4.879885917E0,-4.505331116E0,6.555916901E0,2.126178589E0,8.233996008E0
4.889838917E0,-4.507127380E0,6.110143890E0,2.005978546E0,7.853152584E0
4.899791917E0,-4.764891357E0,5.915249176E0,1.653760986E0,7.773627716E0
4.909743917E0,-5.479355621E0,6.282884674E0,9.312135315E-1,8.388392963E0
4.919696917E0,-6.350693665E0,6.905739441E0,-1.923500061E-1,9.383898218E0
4.929648917E0,-7.235803070E0,7.366481323E0,1.297801208E-1,1.032660332E1
4.939601917E0,-8.089477844E0,7.874225464E0,3.212319946E-1,1.129363841E1
4.949554917E0,-8.945547638E0,8.353079681E0,2.872526550E-1,1.224251922E1
4.959506917E0,-9.221274261E0,8.642877045E0,2.276765442E-1,1.264053239E1
4.969459917E0,-8.727750549E0,8.770262146E0,2.830613708E-1,1.237623737E1
4.979411917E0,-7.783813477E0,8.461005249E0,5.740562439E-1,1.151112082E1
4.989364917E0,-6.864275665E0,8.058192902E0,1.201850739E0,1.065350639E1
4.999317917E0,-6.041586456E0,7.969277802E0,1.932182007E0,1.018545448E1
5.009269917E0,-5.324278107E0,8.160130920E0,1.763632507E0,9.901821732E0
5.019222917E0,-5.185666351E0,8.307274933E0,6.924600220E-1,9.817405625E0
5.029174917E0,-5.590574341E0,8.205486603E0,-5.111869812E-1,9.942124722E0
5.039127917E0,-6.090534668E0,7.972271576E0,-1.180145874E0,1.010170634E1
5.049080917E0,-6.473438416E0,7.624993744E0,-1.497485962E0,1.011377272E1
5.059032917E0,-6.885082397E0,7.031627655E0,-1.257984009E0,9.921223254E0
5.068985917E0,-6.998995514E0,6.834188232E0,-2.324665833E-1,9.784994007E0
5.078937917E0,-6.790778503E0,7.126829681E0,3.933819580E-1,9.851960381E0
5.088890917E0,-6.675069122E0,7.857759705E0,5.689668274E-1,1.032592168E1
5.098843917E0,-6.862180023E0,8.386759644E0,8.548722839E-1,1.087005329E1
5.108795917E0,-7.273225250E0,8.741970978E0,5.855822754E-1,1.138704390E1
5.118748917E0,-7.689060516E0,8.862171021E0,3.722758484E-1,1.173875275E1
5.128700917E0,-7.777227173E0,9.092092896E0,5.409750366E-1,1.197681384E1
5.138653917E0,-7.675139465E0,9.164991302E0,7.554789734E-1,1.197812923E1
5.148606917E0,-7.670499115E0,9.021888885E0,4.926255798E-1,1.185216080E1
5.158558917E0,-7.670798492E0,8.927285614E0,-9.879455566E-2,1.177061334E1
5.168511417E0,-7.651189270E0,8.690028992E0,-2.995271301E-1,1.158218536E1
5.178463417E0,-7.539970551E0,8.163274384E0,-1.106199646E-1,1.111316523E1
5.188416417E0,-7.416327667E0,7.509733429E0,2.917433167E-1,1.055855702E1
5.198369417E0,-7.216642914E0,6.960525513E0,9.271719360E-1,1.006918558E1
5.208321417E0,-6.828649750E0,6.739734650E0,1.485361176E0,9.708799018E0
5.218274417E0,-6.372099152E0,6.829996948E0,1.766775970E0,9.506524246E0
5.228226417E0,-6.020779724E0,7.039411469E0,1.656455383E0,9.409938722E0
5.238179417E0,-5.771697693E0,7.268884277E0,1.443148956E0,9.393181133E0
5.248132417E0,-5.597460022E0,7.460485840E0,1.294957123E0,9.416332705E0
5.258084417E0,-5.475314026E0,7.441325684E0,9.665400696E-1,9.289057612E0
5.268037417E0,-5.433251495E0,7.335495758E0,5.379812622E-1,9.144350369E0
5.277989417E0,-5.489833832E0,7.374714203E0,1.029858398E-1,9.194307541E0
5.287942417E0,-5.388793945E0,7.688461761E0,-4.147874451E-1,9.398063262E0
5.297895417E0,-5.171894989E0,8.051307220E0,-6.533912659E-1,9.591609139E0
5.307847417E0,-4.996310120E0,8.276888123E0,-5.307962036E-1,9.682548033E0
5.317800417E0,-4.822970581E0,8.372838593E0,-4.161346436E-1,9.671537590E0
5.327752417E0,-4.525838470E0,8.376580811E0,-1.305285645E-1,9.521940855E0
5.337705417E0,-4.188889160E0,8.402027893E0,8.801696777E-2,9.388749230E0
5.347658417E0,-4.076472931E0,8.498427429E0,1.350192261E-1,9.426512108E0
5.357610417E0,-4.174369354E0,8.459807739E0,6.301895142E-2,9.433858059E0
5.367563417E0,-4.370611267E0,8.317753143E0,2.634521484E-2,9.396166999E0
5.377515417E0,-4.592449951E0,8.225095825E0,2.155517578E-2,9.420364245E0
5.387468417E0,-4.698429565E0,8.310418396E0,-1.175056458E-1,9.547360990E0
5.397421417E0,-4.598886566E0,8.652457123E0,-1.483415222E-1,9.799835566E0
5.407373417E0,-4.436474304E0,9.019344177E0,-2.109114075E-1,1.005362409E1
5.417326417E0,-4.377946014E0,9.341324615E0,-4.146377563E-1,1.032466374E1
5.427278417E0,-4.404590607E0,9.613009644E0,-6.396199036E-1,1.059336993E1
5.437231417E0,-4.411476288E0,9.685159607E0,-7.849676514E-1,1.067143917E1
5.447184417E0,-4.421355743E0,9.537865906E0,-7.063810730E-1,1.053651968E1
5.457136417E0,-4.391867065E0,9.330996094E0,-3.760180664E-1,1.031975649E1
5.467089417E0,-4.322411499E0,9.059909821E0,-2.740800476E-1,1.004192845E1
5.477042417E0,-4.209396515E0,8.831035767E0,-3.227288818E-1,9.788276951E0
5.486994417E0,-4.077820129E0,8.655899963E0,-2.920426941E-1,9.572800537E0
5.496947417E0,-4.011957092E0,8.530460815E0,-4.321513367E-1,9.436700494E0
5.506899417E0,-4.015100555E0,8.460556183E0,-6.647676086E-1,9.388501444E0
5.516852417E0,-4.191583557E0,8.483308868E0,-6.688092041E-1,9.485947914E0
5.526805417E0,-4.457730103E0,8.521329803E0,-6.601272583E-1,9.639511776E0
5.536757417E0,-4.800816650E0,8.603209534E0,-8.035290527E-1,9.884771810E0
5.546710417E0,-5.103636932E0,8.686436462E0,-8.277786255E-1,1.010873413E1
5.556662417E0,-5.170098724E0,8.750652924E0,-3.233276367E-1,1.016899150E1
5.566615417E0,-4.990771637E0,8.858728180E0,8.981323242E-2,1.016823155E1
5.576568417E0,-4.774920502E0,8.949439545E0,1.133143616E-1,1.014421875E1
5.586520417E0,-4.606670380E0,8.972940674E0,-5.059478760E-2,1.008650763E1
5.596473417E0,-4.520898743E0,8.854836273E0,5.987548828E-2,9.942345596E0
5.606425417E0,-4.714146881E0,8.509654083E0,2.106120300E-1,9.730454813E0
5.616378417E0,-5.037624207E0,8.049211578E0,5.325924683E-1,9.510579342E0
5.626331417E0,-5.359604645E0,7.786807251E0,1.140927429E0,9.521630349E0
5.636283417E0,-5.633385315E0,7.699089661E0,1.551074524E0,9.665238946E0
5.646236417E0,-5.682333527E0,7.857909393E0,1.852996674E0,9.872651671E0
5.656188417E0,-5.397625580E0,8.229137421E0,1.813179474E0,1.000703175E1
5.666141417E0,-4.989424438E0,8.490044861E0,1.562600555E0,9.970804304E0
5.676094417E0,-4.665647736E0,8.482111359E0,1.343456268E0,9.773400464E0
5.686046417E0,-4.589007111E0,8.250093842E0,1.076112213E0,9.501634183E0
5.695999417E0,-4.743785248E0,7.913144531E0,8.267308044E-1,9.263090125E0
5.705951417E0,-4.939428406E0,7.833510132E0,7.126679993E-1,9.288149958E0
5.715904417E0,-5.022056580E0,8.192763062E0,8.226892090E-1,9.644648071E0
5.725857417E0,-5.071453857E0,8.646469574E0,9.455836487E-1,1.006852565E1
5.735809417E0,-5.083129578E0,9.182355194E0,1.236877899E0,1.056805186E1
5.745762417E0,-5.024900665E0,9.743987274E0,1.408570862E0,1.105346039E1
5.755714417E0,-4.848417664E0,1.016760635E1,1.216969299E0,1.132997736E1
5.765667417E0,-4.644841003E0,1.035711227E1,9.300160217E-1,1.138899699E1
5.775620417E0,-4.467310181E0,1.031579819E1,6.547384644E-1,1.126060544E1
5.785572417E0,-4.367168427E0,1.016221756E1,4.120930481E-1,1.106854311E1
5.795525417E0,-4.383035431E0,9.953252106E0,3.564088440E-1,1.088141785E1
5.805477417E0,-4.434079285E0,9.789043579E0,3.911366272E-1,1.075357713E1
5.815430417E0,-4.456532593E0,9.700128479E0,3.998185730E-1,1.068237006E1
5.825383417E0,-4.393813019E0,9.554032288E0,4.266128540E-1,1.052459616E1
5.835335417E0,-4.260440369E0,9.323062592E0,3.972738647E-1,1.025810288E1
5.845288417E0,-4.055067444E0,9.135352936E0,3.279679871E-1,1.000029041E1
5.855241417E0,-3.871100006E0,9.002429352E0,1.811233521E-1,9.801120097E0
5.865193417E0,-3.833977203E0,8.934021606E0,2.260299683E-2,9.721966579E0
5.875146417E0,-3.863166504E0,8.869206390E0,-1.222956848E-1,9.674804063E0
5.885098417E0,-3.968996429E0,8.781638489E0,-1.899549866E-1,9.638785717E0
5.895051417E0,-4.144581299E0,8.605454865E0,-1.589694214E-1,9.552836168E0
5.905004417E0,-4.378993835E0,8.386160889E0,-1.679507446E-1,9.462108059E0
5.914956417E0,-4.553381195E0,8.200846252E0,-1.923500061E-1,9.382119062E0
5.924909417E0,-4.732259216E0,7.998018036E0,-2.764750671E-1,9.297258104E0
5.934861417E0,-4.914280701E0,7.806566162E0,-4.492158508E-1,9.235498088E0
5.944814417E0,-5.117857361E0,7.671846313E0,-7.427554321E-1,9.252101137E0
5.954767417E0,-5.310806122E0,7.793842621E0,-1.039737854E0,9.488398140E0
5.964719417E0,-5.474715271E0,8.085436249E0,-1.285975800E0,9.848884220E0
5.974672417E0,-5.713169403E0,8.379574585E0,-1.277443542E0,1.022200748E1
5.984624417E0,-5.972729645E0,8.592881012E0,-1.048868866E0,1.051718733E1
5.994577417E0,-6.084397430E0,8.814570007E0,-5.499563599E-1,1.072469060E1
6.004530417E0,-6.271957397E0,8.995094604E0,-7.065307617E-1,1.098855597E1
6.014482417E0,-6.608757019E0,8.968300323E0,-1.158590698E0,1.120037555E1
6.024435417E0,-6.857539673E0,8.725205841E0,-1.139580231E0,1.115588232E1
6.034387417E0,-6.853348389E0,8.203540649E0,-6.981481934E-1,1.071232347E1
6.044340417E0,-6.513105927E0,7.852071533E0,-2.978805542E-1,1.020609176E1
6.054293417E0,-5.971382446E0,7.908204803E0,-3.942800903E-1,9.917286339E0
6.064245417E0,-5.560636597E0,8.384963379E0,-9.162446594E-1,1.010286071E1
6.074198417E0,-5.436394958E0,8.791368256E0,-1.224453735E0,1.040873830E1
6.084150417E0,-5.367388458E0,8.910969543E0,-1.097667389E0,1.046035902E1
6.094103417E0,-5.177882538E0,8.907975769E0,-8.240364075E-1,1.033641794E1
6.104056417E0,-5.015021210E0,8.585546265E0,-6.288423157E-1,9.962805080E0
6.114008417E0,-4.923711090E0,8.141719208E0,-5.616320801E-1,9.531314345E0
6.123961417E0,-5.060227203E0,7.562573547E0,-4.571493530E-1,9.110839892E0
6.133914417E0,-5.361700287E0,6.855893097E0,-2.546205139E-1,8.707234448E0
6.143866417E0,-5.480553131E0,6.396648102E0,-4.026626587E-2,8.423490425E0
6.153819417E0,-5.333558807E0,6.361171875E0,-3.038681030E-2,8.301342092E0
6.163771417E0,-5.119204559E0,6.583908691E0,-9.999206543E-2,8.340510020E0
6.173724583E0,-4.643493805E0,7.108118591E0,-1.272354126E-2,8.490438535E0
6.183677583E0,-4.245770874E0,7.663912811E0,2.049238586E-1,8.763796191E0
6.193629583E0,-4.109105072E0,7.946375427E0,2.688409424E-1,8.949966613E0
6.203582583E0,-4.174519043E0,7.930658112E0,2.612068176E-1,8.966056899E0
6.213534583E0,-4.408781891E0,7.552694092E0,6.511459351E-2,8.745558056E0
6.223487583E0,-4.622687073E0,7.135960693E0,-1.781295776E-1,8.504287209E0
6.233440583E0,-4.616100769E0,6.893165588E0,-1.676513672E-1,8.297724093E0
6.243392583E0,-4.343816986E0,6.769672394E0,2.559677124E-2,8.043498339E0
6.253345583E0,-3.822600861E0,6.905290375E0,-2.263293457E-1,7.895982363E0
6.263297583E0,-3.508254547E0,7.000043335E0,-7.454498291E-1,7.865376794E0
6.273250583E0,-3.492537231E0,7.049290924E0,-9.828561401E-1,7.928198095E0
6.283203583E0,-3.613635406E0,7.286547546E0,-1.027014313E0,8.197981117E0
6.293155583E0,-3.817960510E0,7.420069885E0,-9.394464111E-1,8.397429316E0
6.303108583E0,-3.850592651E0,7.669900360E0,-9.518705750E-1,8.634841799E0
6.313060583E0,-3.831582184E0,7.842042389E0,-1.372495880E0,8.835292627E0
6.323013583E0,-3.950435028E0,8.086035004E0,-1.819616089E0,9.181552249E0
6.332966583E0,-4.389921112E0,8.211474152E0,-1.543290710E0,9.438297586E0
6.342918583E0,-4.611161041E0,8.290509796E0,-7.159611511E-1,9.513567112E0
6.352871583E0,-4.424499207E0,8.386310577E0,-7.752378845E-1,9.513537308E0
6.362824583E0,-4.253404999E0,8.398435364E0,-1.429078217E0,9.521944927E0
6.372776583E0,-4.216581573E0,8.243657227E0,-1.842817841E0,9.441049848E0
6.382729583E0,-4.361180878E0,8.057145081E0,-2.235151978E0,9.430450141E0
6.392681583E0,-4.379592590E0,8.052804108E0,-2.091899872E0,9.402368336E0
6.402634583E0,-4.037853241E0,8.094417572E0,-1.855691071E0,9.234037252E0
6.412587583E0,-3.548520813E0,8.211474152E0,-2.201621704E0,9.212352893E0
6.422539583E0,-3.356170807E0,8.128247223E0,-2.361040192E0,9.105316919E0
6.432492583E0,-3.415746918E0,7.893834686E0,-2.559677124E0,8.973956766E0
6.442444583E0,-3.469634857E0,7.938591614E0,-2.589016113E0,9.042267818E0
6.452397583E0,-3.543730774E0,8.144712982E0,-2.367177429E0,9.192274275E0
6.462350583E0,-3.568279724E0,8.396040344E0,-2.086062012E0,9.358299438E0
6.472302583E0,-3.449426880E0,8.589737549E0,-1.713935852E0,9.413804388E0
6.482255583E0,-3.303929443E0,8.819060669E0,-1.731599121E0,9.575500841E0
6.492207583E0,-3.148851929E0,9.129664764E0,-1.908830566E0,9.844271497E0
6.502160583E0,-2.692301331E0,9.172924805E0,-2.284249878E0,9.828979267E0
6.512113583E0,-2.187550964E0,9.413175201E0,-3.466491394E0,1.026692793E1
6.522065583E0,-2.379152527E0,9.288334808E0,-4.015399933E0,1.039504530E1
6.532018583E0,-2.736010437E0,9.285041656E0,-3.695365448E0,1.036115232E1
6.541970583E0,-3.171155548E0,9.042246552E0,-3.703748016E0,1.027308131E1
6.551923583E0,-3.519481201E0,8.541088715E0,-4.209845581E0,1.015183452E1
6.561876583E0,-3.460653534E0,8.254285126E0,-5.147495728E0,1.032502097E1
6.571828583E0,-3.774401093E0,7.801327057E0,-5.848787384E0,1.045538719E1
6.581781583E0,-4.223616943E0,7.520511017E0,-5.649551697E0,1.031089038E1
6.591734583E0,-4.274810486E0,7.369624786E0,-5.563480682E0,1.017534724E1
6.601686583E0,-3.959865417E0,7.502997437E0,-5.947282562E0,1.036077577E1
6.611639583E0,-3.436403961E0,8.229287109E0,-6.196813660E0,1.085958277E1
6.621591583E0,-2.841840363E0,8.921148376E0,-6.800657959E0,1.157203066E1
6.631544583E0,-2.486030273E0,8.677904205E0,-7.593708801E0,1.179621894E1
6.641497583E0,-2.347119141E0,8.159981232E0,-7.967481537E0,1.164366884E1
6.651449583E0,-2.416574707E0,8.278834076E0,-8.499026184E0,1.210835963E1
6.661402583E0,-3.013683014E0,8.448281708E0,-9.142238617E0,1.280766474E1
6.671354583E0,-3.983516235E0,8.362210693E0,-9.020541687E0,1.292923593E1
6.681307583E0,-4.711901550E0,7.980504456E0,-8.424930267E0,1.252477216E1
6.691260583E0,-4.839885406E0,7.980055389E0,-7.954159241E0,1.226272498E1
6.701212583E0,-4.351451111E0,8.560847626E0,-6.767726440E0,1.174841947E1
6.711165583E0,-3.307372284E0,9.025631104E0,-5.776936798E0,1.121488863E1
6.721117583E0,-1.977837067E0,9.037157135E0,-6.530619507E0,1.132391450E1
6.731070583E0,-1.179696808E0,8.865763550E0,-6.829098816E0,1.125300131E1
6.741023583E0,-1.466201019E0,8.322543182E0,-6.218219147E0,1.049193594E1
6.750975583E0,-2.492167511E0,7.600744171E0,-5.607040100E0,9.768372922E0
6.760928583E0,-3.544479218E0,7.543413391E0,-4.693789215E0,9.565462650E0
6.770881583E0,-4.319417725E0,8.091723175E0,-4.420906677E0,1.018222811E1
6.780833583E0,-4.892126770E0,8.867110748E0,-4.109853516E0,1.092929336E1
6.790786583E0,-5.250032501E0,9.248367920E0,-4.142635345E0,1.141300040E1
6.800738583E0,-5.405409393E0,8.954528961E0,-6.420747986E0,1.227306173E1
6.810691583E0,-5.113516388E0,7.972421265E0,-6.468648376E0,1.146956680E1
6.820644583E0,-3.935316467E0,6.313271484E0,-4.786296844E0,8.846058445E0
6.830596583E0,-2.247426453E0,5.057532806E0,-4.067940674E0,6.868602847E0
6.840549583E0,-6.944059753E-1,4.681963806E0,-4.394561462E0,6.458727056E0
6.850501583E0,2.749781799E-1,4.466861115E0,-5.431754608E0,7.037927205E0
6.860454583E0,7.985893250E-1,4.425397339E0,-6.918163605E0,8.251234706E0
6.870407583E0,1.411714325E0,4.867727509E0,-8.630153503E0,1.000835940E1
6.880359583E0,2.229912872E0,5.299729156E0,-9.114845581E0,1.077682934E1
6.890312583E0,2.933300171E0,5.442083130E0,-8.521030426E0,1.052751054E1
6.900264583E0,3.374133453E0,5.233566742E0,-7.561825104E0,9.795723368E0
6.910217583E0,2.616858215E0,4.647535400E0,-7.476502533E0,9.183987279E0
6.920170583E0,9.412426758E-1,4.155059509E0,-7.473808136E0,8.602805668E0
6.930122583E0,-7.921527100E-1,3.983815613E0,-7.549550629E0,8.572864600E0
6.940075583E0,-1.948947144E0,4.303401031E0,-7.666756897E0,9.005377101E0
6.950027583E0,-2.798430634E0,5.014721832E0,-7.713160400E0,9.616209879E0
6.959980583E0,-2.844085693E0,5.441933441E0,-7.738607483E0,9.878740243E0
6.969933583E0,-2.374212799E0,4.963228912E0,-7.827971649E0,9.568054546E0
6.979885583E0,-1.743574219E0,3.702700195E0,-8.296497345E0,9.251049021E0
6.989838583E0,-1.433868256E0,2.525548096E0,-7.150480499E0,7.717755032E0
6.999790583E0,1.443598022E0,3.179089050E0,-6.593937836E0,7.461273257E0
7.009743583E0,2.100432129E0,4.452341309E0,-6.352190552E0,8.036509383E0
7.019696583E0,1.166973267E0,6.171366577E0,-6.353088684E0,8.933606655E0
7.029648583E0,3.477268982E-1,7.928562469E0,-5.323829041E0,9.556472805E0
7.039601583E0,-2.856060791E-1,9.729018402E0,1.816472626E0,9.901259652E0
7.049554583E0,-3.183729401E0,7.608378296E0,-1.968795868E1,2.134570847E1
7.059506583E0,-2.809507599E0,9.355545044E-1,-1.278955399E1,1.312788202E1
7.069459583E0,-9.596543884E-1,2.870879974E0,-9.333540802E0,9.812128835E0
7.079411583E0,-1.496587830E0,4.588707733E0,-1.037672150E1,1.144431574E1
7.089364583E0,-2.811752930E0,4.838837585E0,-1.187555466E1,1.312817970E1
7.099317583E0,-3.184627533E0,5.586532745E0,-1.356045090E1,1.500789889E1
7.109269583E0,-1.857038269E0,6.912325745E0,-1.320134766E1,1.501680453E1
7.119222583E0,-1.079105988E0,7.307354279E0,-1.246023880E1,1.448514574E1
7.129174583E0,-1.683099976E0,7.272626495E0,-1.109178452E1,1.336980200E1
7.139127583E0,-2.045346680E0,7.666457520E0,-9.717492371E0,1.254542434E1
7.149080583E0,-2.570754089E0,5.924978943E0,-9.073082428E0,1.113709912E1
7.159032583E0,-2.572700043E0,5.088668060E0,-8.646020508E0,1.035697826E1
7.168985083E0,-3.006497955E0,5.570516052E0,-8.791517944E0,1.083330360E1
7.178937083E0,-2.925516357E0,5.743855591E0,-8.776998138E0,1.088972999E1
7.188890083E0,-2.633623352E0,5.441484375E0,-8.180638275E0,1.017195000E1
7.198843083E0,-2.275418243E0,4.929998016E0,-7.864346008E0,9.556691204E0
7.208795083E0,-1.783391418E0,4.721032562E0,-8.192613373E0,9.622242321E0
7.218748083E0,-1.772464142E0,4.820725250E0,-8.750054169E0,1.014615538E1
7.228700083E0,-1.799557800E0,5.244793396E0,-8.720565491E0,1.033414382E1
7.238653083E0,-2.068249054E0,5.883664856E0,-8.567284241E0,1.059686395E1
7.248606083E0,-2.531385956E0,6.326893158E0,-8.121062164E0,1.060137456E1
7.258558083E0,-2.446063385E0,6.407276001E0,-8.380173340E0,1.082883729E1
7.268511083E0,-2.164049835E0,6.649172974E0,-8.859776001E0,1.128672865E1
7.278464083E0,-1.878294067E0,6.934030609E0,-9.011111298E0,1.152427420E1
7.288416083E0,-1.451082458E0,6.874454498E0,-9.465416565E0,1.178803952E1
7.298369083E0,-1.385518799E0,6.481820984E0,-1.023990601E1,1.219792362E1
7.308321083E0,-1.417552185E0,5.696404266E0,-1.031639694E1,1.186956282E1
7.318274083E0,-1.080602875E0,5.442232819E0,-9.542057190E0,1.103795525E1
7.328227083E0,-7.072792053E-1,5.063670044E0,-8.921447754E0,1.028266640E1
7.338179083E0,-9.012757874E-1,4.515060883E0,-9.235494690E0,1.031951719E1
7.348132083E0,-1.129850464E0,4.274211731E0,-9.502838745E0,1.048090608E1
7.358084083E0,-1.274599457E0,3.923940125E0,-9.385482788E0,1.025227765E1
7.368037083E0,-1.546134796E0,3.828887787E0,-9.317524109E0,1.019152442E1
7.377990083E0,-1.742676086E0,4.152814178E0,-9.134754181E0,1.018462172E1
7.387942083E0,-1.604513397E0,4.445605316E0,-8.896000671E0,1.007356431E1
7.397895083E0,-1.349743195E0,4.738845520E0,-8.714278564E0,1.001084984E1
7.407847083E0,-1.361119537E0,5.075345764E0,-8.484506378E0,9.979911297E0
7.417800083E0,-1.522933044E0,5.445376282E0,-8.194709015E0,9.956138998E0
7.427753083E0,-1.494192810E0,6.301595764E0,-8.704848175E0,1.084975129E1
7.437705083E0,-1.377435608E0,7.006629639E0,-9.160800018E0,1.161509555E1
7.447658083E0,-1.410965881E0,7.747139740E0,-8.475375366E0,1.156896653E1
7.457610083E0,-1.814826050E0,8.566984863E0,-7.376510468E0,1.144987904E1
7.467563083E0,-2.515518951E0,8.742719421E0,-7.048093414E0,1.150819705E1
7.477516083E0,-2.538421326E0,8.418942719E0,-7.753276978E0,1.172328807E1
7.487468083E0,-2.040706329E0,7.310797119E0,-8.969797211E0,1.175029782E1
7.497421083E0,-1.949845276E0,6.963219910E0,-9.653275909E0,1.206126295E1
7.507373083E0,-1.738484802E0,6.531218262E0,-8.091872864E0,1.054312799E1
7.517326083E0,-1.403930511E0,5.263803864E0,-5.850733337E0,7.994356296E0
7.527279083E0,-1.614392853E0,4.277355194E0,-5.414540405E0,7.086556254E0
7.537231083E0,-2.079326019E0,4.127067719E0,-8.358468475E0,9.550930839E0
7.547184083E0,-2.422711945E0,5.060077515E0,-1.081007034E1,1.217914358E1
7.557137083E0,-2.366728363E0,7.078929291E0,-1.146660507E1,1.368194704E1
7.567089083E0,-2.062111816E0,8.200846252E0,-1.102876556E1,1.389747654E1
7.577042083E0,-1.694626007E0,8.259075165E0,-9.513616333E0,1.271192258E1
7.586994083E0,-1.750160522E0,7.094796295E0,-6.186784515E0,9.574732318E0
7.596947083E0,-2.186802521E0,7.256909180E0,-6.939419403E0,1.027620444E1
7.606900083E0,-2.415676575E0,7.266040192E0,-7.269183655E0,1.055802370E1
7.616852083E0,-2.295626221E0,6.868766327E0,-6.118227081E0,9.480640971E0
7.626805083E0,-1.973047028E0,6.764283600E0,-6.115532684E0,9.329961801E0
7.636757083E0,-1.560355225E0,6.763984222E0,-6.733447723E0,9.670858764E0
7.646710083E0,-1.510359192E0,6.575077057E0,-6.280639343E0,9.217334417E0
7.656663083E0,-1.562151489E0,5.998775482E0,-5.990692291E0,8.620557911E0
7.666615083E0,-1.599423981E0,5.893394623E0,-5.924080811E0,8.507936924E0
7.676568083E0,-2.022593994E0,6.264922028E0,-5.768703918E0,8.753175388E0
7.686520083E0,-2.487976227E0,6.517746277E0,-5.571414185E0,8.928140806E0
7.696473083E0,-2.741848297E0,6.565496979E0,-5.795947266E0,9.176954144E0
7.706426083E0,-2.719993744E0,6.841672668E0,-5.889951782E0,9.428593897E0
7.716378083E0,-2.591860199E0,6.971752167E0,-6.096821594E0,9.617395755E0
7.726331083E0,-2.509830780E0,7.115004272E0,-6.680158539E0,1.007705584E1
7.736283083E0,-2.339934082E0,7.328161011E0,-6.837331696E0,1.029205227E1
7.746236083E0,-2.032623138E0,7.377707977E0,-6.554869080E0,1.007613222E1
7.756189083E0,-1.727108459E0,7.089407501E0,-6.262077942E0,9.615415878E0
7.766141083E0,-1.688488770E0,6.598428497E0,-6.046376495E0,9.107629861E0
7.776094083E0,-1.528471527E0,6.276448059E0,-6.117029572E0,8.896520456E0
7.786046083E0,-1.401236115E0,6.578220520E0,-6.203250275E0,9.149686433E0
7.795999083E0,-1.464554443E0,6.509064331E0,-6.266568604E0,9.153290132E0
7.805952083E0,-1.563498688E0,6.248755646E0,-6.086942139E0,8.862411628E0
7.815904083E0,-1.465452576E0,6.238427124E0,-6.021827545E0,8.793630150E0
7.825857083E0,-1.164578247E0,6.234984283E0,-6.165977783E0,8.845934294E0
7.835809083E0,-8.616082764E-1,6.216572571E0,-6.933282166E0,9.351927338E0
7.845762083E0,-8.319699097E-1,6.438261566E0,-7.967182159E0,1.027712885E1
7.855715083E0,-7.484436035E-1,6.644832001E0,-9.331894226E0,1.148034015E1
7.865667083E0,-5.607339478E-1,6.664441223E0,-1.013467484E1,1.214252171E1
7.875620083E0,-4.248165894E-1,6.535708923E0,-1.028376480E1,1.219228357E1
7.885573083E0,-7.393125916E-1,6.696624298E0,-9.974358215E0,1.203657684E1
7.895525083E0,-1.420396271E0,6.903643799E0,-9.368567963E0,1.172381717E1
7.905478083E0,-1.876198425E0,7.376211090E0,-8.737779694E0,1.158781276E1
7.915430083E0,-2.175875244E0,7.336842957E0,-7.781717834E0,1.091415732E1
7.925383083E0,-2.235151978E0,6.776558075E0,-7.251221008E0,1.017338930E1
7.935336083E0,-1.563798065E0,6.483317871E0,-6.486760712E0,9.303598204E0
7.945288083E0,-1.352437592E0,6.939718781E0,-6.303242340E0,9.472045618E0
7.955241083E0,-1.744921417E0,6.108647003E0,-6.259982300E0,8.918951584E0
7.965193083E0,-1.737586670E0,5.711672516E0,-5.972280579E0,8.444557163E0
7.975146083E0,-1.719624023E0,5.684279480E0,-5.910908203E0,8.378960304E0
7.985099083E0,-1.629212036E0,5.762866058E0,-5.855074310E0,8.375371768E0
7.995051083E0,-1.754651184E0,5.709277496E0,-6.201304321E0,8.609925992E0
8.005004083E0,-1.670376434E0,5.907465363E0,-6.488107910E0,8.932180512E0
8.014956083E0,-1.395248566E0,6.375991058E0,-6.659950562E0,9.324962307E0
8.024909083E0,-1.156195679E0,6.638844452E0,-6.369554443E0,9.272662396E0
8.034862083E0,-1.111738129E0,6.735543365E0,-6.172414398E0,9.203380118E0
8.044814083E0,-1.558858337E0,6.438710632E0,-5.820346527E0,8.818359690E0
8.054767083E0,-2.030228119E0,6.044131165E0,-5.680237885E0,8.539230069E0
8.064719083E0,-2.256856842E0,5.636678467E0,-6.060746613E0,8.578939121E0
8.074672083E0,-2.471660156E0,5.560037842E0,-6.116430817E0,8.627505472E0
8.084625083E0,-2.813399506E0,5.737718353E0,-6.841822357E0,9.362006294E0
8.094577083E0,-2.862946472E0,6.305487671E0,-7.448959808E0,1.017067547E1
8.104530083E0,-2.670895844E0,6.283483429E0,-6.941664734E0,9.736660510E0
8.114482083E0,-2.141147461E0,6.359674988E0,-5.010081482E0,8.374419076E0
8.124435083E0,-2.520608368E0,7.073241119E0,-6.365363159E0,9.843884123E0
8.134388083E0,-3.640279999E0,6.960824890E0,-7.157964935E0,1.062737896E1
8.144340083E0,-3.947441254E0,5.993835754E0,-6.951843567E0,9.991821079E0
8.154293083E0,-3.525019684E0,5.694458313E0,-6.640790405E0,9.431474776E0
8.164245083E0,-4.063150635E0,5.689967651E0,-6.902296600E0,9.824796350E0
8.174198292E0,-4.811444550E0,5.642666016E0,-6.821015625E0,1.007551153E1
8.184151292E0,-4.571044464E0,5.697452087E0,-7.763755188E0,1.065979842E1
8.194103292E0,-4.416416016E0,5.496420135E0,-7.667056274E0,1.041629093E1
8.204056292E0,-4.502487030E0,5.467081146E0,-7.206015015E0,1.010386154E1
8.214008292E0,-4.308041382E0,5.645510101E0,-7.261100464E0,1.015650456E1
8.223961292E0,-4.127367096E0,5.782774658E0,-7.537276154E0,1.035790392E1
8.233914292E0,-3.177143097E0,5.684728546E0,-7.523055725E0,9.950213281E0
8.243866292E0,-2.486629028E0,5.655838623E0,-6.808292084E0,9.193730231E0
8.253819292E0,-2.138453064E0,5.683081970E0,-6.441255341E0,8.852128137E0
8.263772292E0,-2.092947693E0,5.916746063E0,-7.345375214E0,9.661410407E0
8.273724292E0,-2.089205475E0,5.850433960E0,-7.160958710E0,9.480067863E0
8.283677292E0,-2.656076660E0,5.514233093E0,-7.082821198E0,9.360975694E0
8.293629292E0,-3.028053131E0,5.241799622E0,-7.473508759E0,9.617634959E0
8.303582292E0,-3.786825256E0,5.310057678E0,-7.782316589E0,1.015387658E1
8.313535292E0,-3.689826965E0,4.992867279E0,-7.627987518E0,9.835127873E0
8.323487292E0,-3.466641083E0,4.828658752E0,-6.857389984E0,9.075094663E0
8.333440292E0,-3.158132629E0,4.681365051E0,-6.029461670E0,8.260955664E0
8.343392292E0,-3.183879089E0,4.540058899E0,-5.705086212E0,7.955955603E0
8.353345292E0,-3.131338348E0,4.474345551E0,-5.410798187E0,7.687768531E0
8.363298292E0,-3.267704773E0,4.682861938E0,-4.862488403E0,7.500058926E0
8.373250292E0,-3.547922058E0,4.645290070E0,-5.809568939E0,8.241211199E0
8.383203292E0,-3.936364288E0,4.707560577E0,-7.206164703E0,9.464930012E0
8.393155292E0,-3.855831757E0,5.265899506E0,-8.486751709E0,1.070617068E1
8.403108292E0,-3.060834961E0,5.750441895E0,-1.009845016E1,1.201727874E1
8.413061292E0,-2.030377808E0,6.148913269E0,-1.104657852E1,1.280462672E1
8.423013292E0,-1.932930450E0,6.300398254E0,-1.128218857E1,1.306594877E1
8.432966292E0,-2.304008789E0,6.025569763E0,-1.156031021E1,1.323845609E1
8.442918292E0,-3.163072357E0,5.707181854E0,-1.134401001E1,1.308676868E1
8.452871292E0,-3.484004974E0,5.489983521E0,-9.863289185E0,1.181366511E1
8.462824292E0,-3.264860687E0,5.479205933E0,-8.901539154E0,1.095072656E1
8.472776292E0,-3.054847412E0,5.455255737E0,-8.299191742E0,1.039078878E1
8.482729292E0,-3.205883331E0,5.339396667E0,-7.808512115E0,9.987978082E0
8.492681292E0,-3.340453491E0,5.237159271E0,-7.621850281E0,9.832551473E0
8.502634292E0,-3.204685822E0,5.290298767E0,-8.070317688E0,1.016795456E1
8.512587292E0,-2.859803009E0,5.345833282E0,-7.945177917E0,9.994111210E0
8.522539292E0,-2.495760040E0,5.308261414E0,-7.201674042E0,9.288195003E0
8.532492292E0,-2.397264862E0,5.101092224E0,-6.631360016E0,8.703042937E0
8.542444292E0,-2.760559387E0,4.880750427E0,-6.391858063E0,8.502838488E0
8.552397292E0,-3.232378235E0,4.660558319E0,-6.526278534E0,8.646466585E0
8.562350292E0,-3.522624664E0,4.614454193E0,-6.911427612E0,9.026068007E0
8.572302292E0,-3.582500153E0,4.874014435E0,-7.504194946E0,9.638634024E0
8.582255292E0,-3.346141663E0,5.209466858E0,-8.252788239E0,1.031715671E1
8.592207292E0,-3.120261383E0,5.494623871E0,-8.430169373E0,1.053540119E1
8.602160292E0,-3.060685272E0,5.398972778E0,-9.082363129E0,1.100027370E1
8.612113292E0,-2.934497681E0,5.320086823E0,-9.620344391E0,1.137829630E1
8.622065292E0,-3.561094666E0,5.351371765E0,-9.078920288E0,1.112408956E1
8.632018292E0,-4.291425934E0,5.288352814E0,-8.209977264E0,1.066708670E1
8.641970292E0,-4.723876648E0,5.143903198E0,-7.145391083E0,9.991564663E0
8.651923292E0,-4.665048981E0,5.107079773E0,-6.969357147E0,9.819209991E0
8.661876292E0,-4.407584381E0,5.106481018E0,-7.464228058E0,1.006069823E1
8.671828292E0,-4.226011963E0,5.261558533E0,-7.788453827E0,1.030549311E1
8.681781292E0,-4.046984253E0,5.349575500E0,-8.158484344E0,1.056205029E1
8.691733292E0,-3.513194275E0,5.538931732E0,-8.628806305E0,1.083875440E1
8.701686292E0,-2.986289978E0,5.601501617E0,-8.899892578E0,1.093173527E1
8.711639292E0,-2.716251526E0,5.757327576E0,-8.694669342E0,1.077599732E1
8.721591292E0,-2.567460938E0,5.808820496E0,-8.305927734E0,1.045574898E1
8.731544292E0,-2.370021515E0,6.011049957E0,-8.061635742E0,1.033149043E1
8.741496292E0,-2.667752380E0,6.005810852E0,-7.886499939E0,1.026564893E1
8.751449292E0,-3.389102325E0,6.014492798E0,-7.917635193E0,1.050471728E1
8.761402292E0,-3.879781952E0,6.030060425E0,-8.042176208E0,1.077455033E1
8.771354292E0,-3.832180939E0,6.186036072E0,-8.004155273E0,1.081753922E1
8.781307292E0,-3.251538391E0,6.218518524E0,-7.875273285E0,1.054809954E1
8.791260292E0,-2.167043610E0,6.473588104E0,-8.212072906E0,1.067902441E1
8.801212292E0,-1.358574829E0,6.781048737E0,-8.682394867E0,1.110010487E1
8.811165292E0,-1.319955139E0,6.868317261E0,-8.610843658E0,1.109336252E1
8.821117292E0,-1.520687714E0,6.917415161E0,-8.235424347E0,1.086210559E1
8.831070292E0,-1.568288727E0,6.872358856E0,-7.620652771E0,1.038090528E1
8.841022292E0,-1.266815643E0,6.572083282E0,-7.354506226E0,9.944137085E0
8.850975292E0,-9.714797974E-1,6.438860321E0,-7.083120575E0,9.621501562E0
8.860928292E0,-4.105961609E-1,5.980962524E0,-6.206842804E0,8.629333666E0
8.870880292E0,-4.064048767E-1,5.769751740E0,-5.841302948E0,8.220463502E0
8.880833292E0,-1.413809967E0,5.835315399E0,-6.499933319E0,8.848666430E0
8.890785292E0,-1.776805115E0,6.001918945E0,-6.971602478E0,9.369274708E0
8.900738292E0,-1.779050446E0,5.931864624E0,-7.147935791E0,9.457537971E0
8.910691292E0,-1.922452240E0,6.126759338E0,-6.992109833E0,9.493292501E0
8.920643292E0,-2.216291199E0,6.164630585E0,-6.597680054E0,9.297526500E0
8.930596292E0,-2.510878601E0,6.034102020E0,-6.463409271E0,9.191874561E0
8.940549292E0,-3.012335815E0,6.075266418E0,-6.842870178E0,9.633685764E0
8.950501292E0,-3.183430023E0,6.298302612E0,-7.477700043E0,1.028196676E1
8.960454292E0,-3.108286285E0,6.336024170E0,-7.847431183E0,1.055409030E1
8.970406292E0,-2.849624176E0,5.906417542E0,-8.031248932E0,1.036856237E1
8.980359292E0,-2.221979370E0,5.619164886E0,-7.812853088E0,9.876886135E0
8.990312292E0,-1.456920319E0,5.994434509E0,-8.034691772E0,1.012976474E1
9.000264292E0,-4.086502075E-1,7.184310150E0,-8.585995331E0,1.120270606E1
9.010217292E0,3.362008667E-1,8.049510956E0,-8.796307983E0,1.192823087E1
9.020169292E0,6.849755859E-1,8.644074554E0,-8.420439606E0,1.208689454E1
9.030122292E0,9.363029480E-1,8.624016266E0,-7.872429199E0,1.171432718E1
9.040075292E0,9.327104187E-1,7.805668030E0,-7.208260345E0,1.066571232E1
9.050027292E0,6.846762085E-1,7.486381989E0,-6.980284424E0,1.025860943E1
9.059980292E0,-4.909790039E-2,7.582332458E0,-7.334298248E0,1.054922305E1
9.069932292E0,-9.725276184E-1,6.919211426E0,-7.363337860E0,1.015086406E1
9.079885292E0,-1.611848145E0,6.087989960E0,-6.846313019E0,9.302347991E0
9.089838292E0,-2.101779327E0,5.303321686E0,-6.584058380E0,8.711631420E0
9.099790292E0,-2.369123383E0,4.963977356E0,-6.542444916E0,8.547362299E0
9.109743292E0,-2.293380890E0,5.020260315E0,-6.702013092E0,8.682141960E0
9.119695292E0,-1.905537415E0,5.615722046E0,-6.797963562E0,9.021070642E0
9.129648292E0,-1.278940430E0,6.191873932E0,-6.321055298E0,8.940398844E0
9.139601292E0,-6.183641052E-1,6.511908417E0,-6.338119812E0,9.108187973E0
9.149553292E0,-6.765930176E-2,7.099286957E0,-6.392456818E0,9.553426466E0
9.159506292E0,3.588038635E-1,7.893834686E0,-6.522236938E0,1.024602074E1
9.169458292E0,6.041436768E-1,8.191266174E0,-6.347999268E0,1.038069968E1
9.179411458E0,6.797364807E-1,8.206235046E0,-6.023623810E0,1.020237125E1
9.189364458E0,6.378236389E-1,8.042924652E0,-5.769751740E0,9.918946067E0
9.199316458E0,3.999682617E-1,7.781268768E0,-6.090983734E0,9.889802885E0
9.209269458E0,3.832031250E-2,7.580985260E0,-6.694378967E0,1.011372907E1
9.219221458E0,-6.915618896E-2,7.477550354E0,-6.857539673E0,1.014615160E1
9.229174458E0,-1.625619507E-1,7.279512177E0,-6.969806213E0,1.007948027E1
9.239127458E0,-4.664300537E-1,7.072342987E0,-7.034172363E0,9.985748503E0
9.249079458E0,-1.022972717E0,7.085814972E0,-7.200476532E0,1.015392088E1
9.259032458E0,-1.655257874E0,6.862479401E0,-6.867419128E0,9.848601304E0
9.268984458E0,-2.037263489E0,6.799610138E0,-6.283184052E0,9.479638304E0
9.278937458E0,-2.217788086E0,6.736142120E0,-5.851481781E0,9.194239158E0
9.288890458E0,-2.260599060E0,6.562652893E0,-6.028862915E0,9.193797320E0
9.298842458E0,-2.326013031E0,6.634353790E0,-6.011948090E0,9.250324679E0
9.308795458E0,-2.548001404E0,6.599925385E0,-6.044580231E0,9.305282177E0
9.318747458E0,-2.642305298E0,6.482569427E0,-5.743256836E0,9.054859621E0
9.328700458E0,-2.692900085E0,6.049669647E0,-6.089486847E0,8.996224973E0
9.338653458E0,-2.781216431E0,5.617967377E0,-6.652166748E0,9.140461954E0
9.348605458E0,-2.351609802E0,5.638624420E0,-5.019960938E0,7.907222131E0
9.358558458E0,-2.553090820E0,6.875202942E0,-6.137087860E0,9.562977341E0
9.368510458E0,-1.866169281E0,6.461762695E0,-8.612340546E0,1.092745966E1
9.378463458E0,-2.163002014E-1,6.410269775E0,-8.349936218E0,1.052899707E1
9.388416458E0,-2.704875183E-1,6.508016510E0,-8.275241547E0,1.053124233E1
9.398368458E0,-5.833369446E-1,6.799310760E0,-8.779842224E0,1.112009615E1
9.408321458E0,-1.052760773E0,6.535858612E0,-8.953481140E0,1.113510564E1
9.418273458E0,-1.351838837E0,6.734046478E0,-8.622519379E0,1.102373306E1
9.428226458E0,-1.496887207E0,6.636748810E0,-8.135432281E0,1.060529889E1
9.438179458E0,-1.962718506E0,6.122118988E0,-7.977810059E0,1.024588006E1
9.448131458E0,-2.036365356E0,5.879473572E0,-7.603588257E0,9.824945177E0
9.458084458E0,-2.155068512E0,5.514831848E0,-7.425907745E0,9.497462632E0
9.468036458E0,-2.018253021E0,5.493426361E0,-7.380252686E0,9.419087437E0
9.477989458E0,-1.599274292E0,5.551206207E0,-7.324119415E0,9.328252453E0
9.487942458E0,-9.518705750E-1,5.862109680E0,-7.052434387E0,9.219935915E0
9.497894458E0,-1.541793823E-2,6.350993042E0,-7.289541321E0,9.668131309E0
9.507847458E0,6.670129395E-1,6.437662811E0,-7.576943665E0,9.964862469E0
9.517799458E0,9.342073059E-1,5.935606842E0,-7.350015564E0,9.493518877E0
9.527752458E0,8.370593262E-1,5.594915314E0,-7.179669800E0,9.140645717E0
9.537705458E0,4.739144897E-1,5.711822205E0,-7.274273071E0,9.260915536E0
9.547657458E0,-1.496887207E-2,5.616320801E0,-6.735543365E0,8.769881860E0
9.557610458E0,-5.174739075E-1,5.289101257E0,-6.299949188E0,8.242070803E0
9.567562458E0,-1.099014587E0,5.057383118E0,-6.788682861E0,8.536461331E0
9.577515458E0,-1.475182343E0,5.095404053E0,-7.161258087E0,8.911953927E0
9.587468458E0,-1.857936401E0,5.132975922E0,-7.679330750E0,9.421862355E0
9.597420458E0,-2.133363647E0,5.118905182E0,-8.063881073E0,9.786756801E0
9.607373458E0,-2.211501160E0,4.949307861E0,-7.471712494E0,9.231081913E0
9.617325458E0,-2.349214783E0,4.907993774E0,-6.212231598E0,8.258270667E0
9.627278458E0,-2.902464294E0,4.625980225E0,-5.477409668E0,7.734727448E0
9.637231458E0,-3.443289642E0,4.612807617E0,-4.806953888E0,7.499402867E0
9.647183458E0,-3.284918976E0,4.636757812E0,-6.561006317E0,8.679690063E0
9.657136458E0,-2.554288330E0,5.011578369E0,-9.310189362E0,1.087749661E1
9.667088458E0,-1.549727325E0,5.839806061E0,-1.088611221E1,1.245039874E1
9.677041458E0,-6.186634827E-1,6.459966431E0,-1.167212769E1,1.335486711E1
9.686994458E0,-3.276686096E-1,6.368806000E0,-1.173350006E1,1.335455279E1
9.696946458E0,-7.460485840E-1,6.029761047E0,-1.186208267E1,1.332755087E1
9.706899458E0,-1.281485138E0,5.686973877E0,-1.110076584E1,1.253837622E1
9.716851458E0,-1.124012604E0,5.608536987E0,-9.989476776E0,1.151124397E1
9.726804458E0,-7.894583130E-1,5.639672241E0,-9.264833679E0,1.087503060E1
9.736757458E0,-9.401948547E-1,5.536686401E0,-8.805289307E0,1.044375327E1
9.746709458E0,-1.306333466E0,5.461243286E0,-8.326884155E0,1.004334034E1
9.756662458E0,-1.631008301E0,5.500312042E0,-7.832761688E0,9.709056406E0
9.766614458E0,-1.979483643E0,5.551954651E0,-7.850275269E0,9.816790602E0
9.776567458E0,-2.193837891E0,5.622458038E0,-8.036038971E0,1.005001898E1
9.786520458E0,-2.173480225E0,5.705235901E0,-8.283025360E0,1.028990972E1
9.796472458E0,-2.283501434E0,5.813760223E0,-8.648116150E0,1.066790043E1
9.806425458E0,-2.223775635E0,5.727689209E0,-8.970845032E0,1.087325445E1
9.816377458E0,-2.204166412E0,5.945336609E0,-9.108408966E0,1.109813006E1
9.826330458E0,-2.457589417E0,5.588029633E0,-9.398206329E0,1.120678826E1
9.836283458E0,-2.623145142E0,5.387895813E0,-9.187145233E0,1.096877155E1
9.846235458E0,-2.495310974E0,5.238805847E0,-8.633147278E0,1.040206208E1
9.856188458E0,-2.625689850E0,5.540727997E0,-8.466394043E0,1.045340815E1
9.866140458E0,-2.333048401E0,5.254672852E0,-8.543334045E0,1.029773073E1
9.876093458E0,-2.517764282E0,5.610482941E0,-8.449479218E0,1.045037582E1
9.886046458E0,-3.105591888E0,5.748196564E0,-8.831634521E0,1.098563758E1
9.895998458E0,-3.239712982E0,5.665718079E0,-9.071735229E0,1.117553049E1
9.905951458E0,-3.005450134E0,5.781277771E0,-8.647667084E0,1.082765206E1
9.915903458E0,-2.831661530E0,6.021528168E0,-7.996670837E0,1.040306940E1
9.925856458E0,-2.405946808E0,6.086493073E0,-7.413782959E0,9.889295007E0
9.935809458E0,-2.005978546E0,6.349645844E0,-7.078180847E0,9.718158075E0
9.945761458E0,-1.543889465E0,6.339317322E0,-7.364086304E0,9.838714646E0
9.955714458E0,-1.222807159E0,6.394552460E0,-8.040230255E0,1.034557205E1
9.965666458E0,-1.046473846E0,6.419101410E0,-8.392597504E0,1.061770518E1
9.975619458E0,-9.171427917E-1,6.473588104E0,-8.281528473E0,1.055140785E1
9.985572458E0,-7.876620483E-1,6.438560944E0,-7.875872040E0,1.020317788E1
9.995524458E0,-6.984475708E-1,6.821764069E0,-7.122638397E0,9.887177138E0
1.000547746E1,-3.237767029E-1,7.002887421E0,-6.623127136E0,9.644225041E0
1.001542946E1,-3.951782227E-2,7.253316650E0,-6.661447449E0,9.848200150E0
1.002538246E1,4.595443726E-2,7.421566772E0,-6.808890839E0,1.007187965E1
1.003533546E1,-3.673361206E-1,7.534581757E0,-7.072642365E0,1.034055744E1
1.004528746E1,-5.578898621E-1,7.603588257E0,-7.142696686E0,1.044719634E1
1.005524046E1,-9.749226379E-1,7.397167511E0,-7.015161896E0,1.024114533E1
1.006519246E1,-1.226399689E0,7.231312408E0,-6.762487335E0,9.976330503E0
1.007514546E1,-1.004111938E0,7.261399841E0,-5.844895477E0,9.375445140E0
1.008509846E1,-8.771759033E-1,7.157366180E0,-5.570066986E0,9.111694378E0
1.009505046E1,-9.547146606E-1,7.002138977E0,-5.355413361E0,8.866898139E0
1.010500346E1,-1.145118713E0,6.781797180E0,-5.231022034E0,8.641045155E0
1.011495546E1,-1.402134247E0,6.372248840E0,-5.497467957E0,8.531921804E0
1.012490846E1,-1.580862579E0,6.111940155E0,-6.179898834E0,8.834369732E0
1.013486146E1,-1.708846436E0,6.298601990E0,-7.356452179E0,9.834120796E0
1.014481346E1,-1.379082184E0,6.911577301E0,-8.303832092E0,1.089152863E1
1.015476646E1,-6.279441833E-1,7.469916229E0,-8.383466492E0,1.124617592E1
1.016471846E1,-7.334747314E-3,7.851472778E0,-8.028404846E0,1.122946851E1
1.017467204E1,-1.594184875E-1,7.759264526E0,-8.310418396E0,1.137078072E1
1.018462504E1,-4.007167053E-1,7.776179352E0,-8.259673920E0,1.135128858E1
1.019457704E1,-9.416917419E-1,7.665260010E0,-7.799830170E0,1.097635390E1
1.020453004E1,-1.764380951E0,7.475305023E0,-7.085216217E0,1.044957005E1
1.021448204E1,-2.180066528E0,7.310647430E0,-6.629563751E0,1.010689722E1
1.022443504E1,-2.235451355E0,7.204069061E0,-6.482719116E0,9.945928863E0
1.023438804E1,-2.034718781E0,7.251520386E0,-6.344556427E0,9.847742111E0
1.024434004E1,-1.728605347E0,7.407346344E0,-6.399941254E0,9.940628972E0
1.025429304E1,-1.473685455E0,7.412435760E0,-6.389463043E0,9.896524173E0
1.026424504E1,-9.282197571E-1,7.378905487E0,-6.541247406E0,9.904431116E0
1.027419804E1,-2.341131592E-1,7.633975067E0,-6.835086365E0,1.024942876E1
1.028415104E1,2.966830444E-1,7.867339783E0,-6.689289551E0,1.033100435E1
1.029410304E1,6.041436768E-1,7.920928345E0,-6.195466461E0,1.007421958E1
1.030405604E1,6.493496704E-1,7.774532776E0,-5.715714111E0,9.671318560E0
1.031400804E1,3.288661194E-1,7.486531677E0,-5.493576050E0,9.291699914E0
1.032396104E1,-9.145980835E-2,7.048692169E0,-5.417683868E0,8.890653783E0
1.033391404E1,-5.111869812E-1,6.756499786E0,-5.711223450E0,8.861697060E0
1.034386604E1,-8.800199890E-1,6.785389709E0,-5.956413574E0,9.071648767E0
1.035381904E1,-1.014440460E0,6.831344147E0,-5.641318817E0,8.917445278E0
1.036377104E1,-1.327439575E0,6.802903290E0,-5.594615936E0,8.907374275E0
1.037372404E1,-1.398541718E0,6.731801147E0,-5.320386200E0,8.693651416E0
1.038367704E1,-1.393452301E0,6.578519897E0,-4.960534515E0,8.356167545E0
1.039362904E1,-1.521585846E0,6.425388336E0,-4.962480469E0,8.259966777E0
1.040358204E1,-1.694476318E0,6.477929077E0,-5.119354248E0,8.428677419E0
1.041353404E1,-1.805395660E0,6.557713165E0,-5.678291931E0,8.860364253E0
1.042348704E1,-1.768272858E0,6.641838226E0,-6.305637360E0,9.327479104E0
1.043344004E1,-1.705104218E0,6.824009399E0,-7.029382324E0,9.944179229E0
1.044339204E1,-1.502874756E0,7.057972870E0,-7.416776733E0,1.034805251E1
1.045334504E1,-9.873468018E-1,7.205116882E0,-4.163741455E0,8.380054051E0
1.046329704E1,-9.114546204E-1,8.493637390E0,-7.990084534E0,1.169675496E1
1.047325004E1,-8.175997925E-1,7.394024048E0,-9.647587738E0,1.218261098E1
1.048320304E1,-1.191522217E0,7.036268005E0,-8.548722839E0,1.113595325E1
1.049315504E1,-1.830243988E0,6.944059753E0,-8.700357513E0,1.128122244E1
1.050310804E1,-2.418820038E0,6.675069122E0,-8.543184357E0,1.110825086E1
1.051306004E1,-2.557132416E0,6.781048737E0,-7.970475311E0,1.077265171E1
1.052301304E1,-2.324067078E0,6.584806824E0,-7.038962402E0,9.915037085E0
1.053296604E1,-2.100132751E0,6.461163940E0,-7.068600769E0,9.804198788E0
1.054291804E1,-2.139051819E0,6.863976288E0,-8.192763062E0,1.090004953E1
1.055287104E1,-2.234403534E0,6.627318420E0,-8.982520752E0,1.138418147E1
1.056282304E1,-2.161056061E0,6.347250824E0,-9.132957916E0,1.132999014E1
1.057277604E1,-1.769470367E0,6.321953430E0,-8.541986847E0,1.077328454E1
1.058272904E1,-1.614841919E0,6.618636475E0,-8.048014069E0,1.054441054E1
1.059268104E1,-1.490749969E0,6.535708923E0,-7.250921631E0,9.874902080E0
1.060263404E1,-1.159339142E0,6.114335175E0,-6.110443268E0,8.721621340E0
1.061258604E1,-1.055006104E0,6.018534393E0,-5.580245819E0,8.274958461E0
1.062253904E1,-1.517693939E0,5.922583923E0,-5.754483490E0,8.396098824E0
1.063249204E1,-2.197280731E0,5.566474457E0,-5.820795593E0,8.348373604E0
1.064244404E1,-2.653531952E0,5.344486084E0,-6.012995911E0,8.471179560E0
1.065239704E1,-2.594105530E0,5.574707336E0,-6.448590088E0,8.910166076E0
1.066234904E1,-2.101629639E0,5.927523651E0,-7.047794037E0,9.445834244E0
1.067230204E1,-1.732796631E0,6.063291321E0,-7.181466064E0,9.557172209E0
1.068225504E1,-1.751208344E0,5.984555054E0,-7.297624512E0,9.598799579E0
1.069220704E1,-1.970801697E0,5.879323883E0,-7.055727539E0,9.393284822E0
1.070216004E1,-2.197430420E0,5.848937073E0,-6.487808533E0,9.007242913E0
1.071211204E1,-2.598296814E0,5.785319366E0,-6.662944336E0,9.198689783E0
1.072206504E1,-3.020718384E0,5.621410217E0,-7.003186798E0,9.474682988E0
1.073201804E1,-3.216960297E0,5.449717255E0,-6.931336212E0,9.385716456E0
1.074197004E1,-3.048111420E0,5.449567566E0,-7.025640106E0,9.399382362E0
1.075192304E1,-2.743045807E0,5.535638580E0,-6.963818665E0,9.309262333E0
1.076187504E1,-2.670746155E0,5.460644531E0,-6.883136444E0,9.183087228E0
1.077182804E1,-3.056493988E0,5.303471375E0,-6.311924286E0,8.792573702E0
1.078178104E1,-3.527414703E0,5.155429230E0,-5.582940216E0,8.377966728E0
1.079173304E1,-4.097279663E0,4.953050079E0,-5.056634674E0,8.178628244E0
1.080168604E1,-4.770280151E0,4.709057465E0,-4.214485931E0,7.917871342E0
1.081163804E1,-5.171894989E0,4.669839020E0,-4.774621124E0,8.447064646E0
1.082159104E1,-4.621489563E0,4.787045288E0,-7.538922729E0,1.005531324E1
1.083154404E1,-3.184328156E0,5.420677643E0,-1.064152084E1,1.235984052E1
1.084149604E1,-2.041754150E0,6.384673004E0,-1.148726212E1,1.330000001E1
1.085144904E1,-1.060245209E0,6.701264648E0,-1.068942123E1,1.266075804E1
1.086140104E1,-3.767665100E-1,6.690786438E0,-9.640252991E0,1.174065815E1
1.087135404E1,-8.737330627E-1,6.765481110E0,-9.223519592E0,1.147207295E1
1.088130704E1,-2.075134735E0,6.565047913E0,-9.281898193E0,1.155680199E1
1.089125904E1,-2.901117096E0,5.915698242E0,-8.275840302E0,1.057835048E1
1.090121204E1,-3.177741852E0,5.592370605E0,-7.601043549E0,9.957334748E0
1.091116404E1,-3.085084534E0,5.598657532E0,-7.126081238E0,9.573074038E0
1.092111704E1,-2.969375153E0,5.838458862E0,-6.879843292E0,9.499317576E0
1.093107004E1,-3.004701691E0,5.844596100E0,-6.812183990E0,9.465378309E0
1.094102204E1,-3.005599823E0,5.769602051E0,-6.608008575E0,9.272956133E0
1.095097504E1,-2.997666321E0,5.648653564E0,-6.496340790E0,9.115686157E0
1.096092704E1,-3.000061340E0,5.581143951E0,-6.523284760E0,9.094106878E0
1.097088004E1,-3.007246399E0,5.608387299E0,-6.939419403E0,9.415576490E0
1.098083304E1,-2.874921570E0,5.710624695E0,-7.238796844E0,9.657980544E0
1.099078504E1,-2.481240234E0,5.777086487E0,-7.242239685E0,9.590689080E0
1.100073804E1,-2.137554932E0,5.701643372E0,-7.083869019E0,9.341256794E0
1.101069004E1,-2.410587158E0,5.444328461E0,-7.022047577E0,9.206562605E0
1.102064304E1,-3.160228271E0,5.044360199E0,-6.822662201E0,9.054354315E0
1.103059604E1,-3.386258240E0,4.886438599E0,-6.419251099E0,8.749332072E0
1.104054804E1,-3.493734741E0,5.338648224E0,-6.005212097E0,8.761844534E0
1.105050104E1,-3.057092743E0,5.647755432E0,-6.872957611E0,9.406407592E0
1.106045304E1,-2.592908020E0,6.067332916E0,-7.562573547E0,1.003634492E1
1.107040604E1,-2.618804169E0,5.761069794E0,-8.528215485E0,1.061972315E1
1.108035904E1,-2.561323700E0,5.617967377E0,-9.352700958E0,1.120691535E1
1.109031104E1,-2.278711395E0,5.762416992E0,-9.693542175E0,1.150490048E1
1.110026404E1,-2.440225525E0,5.879473572E0,-9.214837646E0,1.119982781E1
1.111021604E1,-2.990630951E0,6.202651520E0,-8.284821625E0,1.077288396E1
1.112016904E1,-3.631448364E0,6.104605408E0,-7.863148499E0,1.059635450E1
1.113012204E1,-4.314028931E0,5.749094696E0,-7.711513824E0,1.054183954E1
1.114007404E1,-4.895120544E0,5.608836365E0,-7.932604065E0,1.087876178E1
1.115002704E1,-5.398523712E0,5.807473297E0,-8.297395477E0,1.147682779E1
1.115997904E1,-5.325924683E0,5.896837463E0,-8.533155212E0,1.165988438E1
1.116993204E1,-4.515060883E0,6.160139923E0,-8.728199615E0,1.159804152E1
1.117988517E1,-2.886746979E0,6.289321289E0,-8.340505829E0,1.083756928E1
1.118983717E1,-1.560953979E0,7.486531677E0,-7.763605499E0,1.089762838E1
1.119979017E1,-1.172661438E0,8.413853302E0,-7.397167511E0,1.126437523E1
1.120974217E1,-1.345102844E0,8.339607697E0,-7.227570190E0,1.111737959E1
1.121969517E1,-1.828298035E0,8.047265625E0,-7.342381439E0,1.104589168E1
1.122964817E1,-2.607876892E0,7.814649353E0,-7.020999756E0,1.082424150E1
1.123960017E1,-3.498524780E0,7.225773926E0,-6.430328064E0,1.028594203E1
1.124955317E1,-3.713627472E0,7.079078979E0,-6.149661713E0,1.008576856E1
1.125950517E1,-3.339405670E0,6.888824615E0,-6.100264435E0,9.788807945E0
1.126945817E1,-3.208877106E0,6.738686829E0,-6.357729034E0,9.804463827E0
1.127941117E1,-3.264561310E0,6.757248230E0,-6.676266632E0,1.004441638E1
1.128936317E1,-3.350632324E0,6.803651733E0,-6.794071655E0,1.018213256E1
1.129931617E1,-2.949017487E0,6.788084106E0,-6.522536316E0,9.865002279E0
1.130926817E1,-2.527044983E0,6.707701263E0,-7.049141235E0,1.005333799E1
1.131922117E1,-1.944755859E0,6.876550140E0,-7.303911438E0,1.021842157E1
1.132917417E1,-1.109642487E0,7.067702637E0,-7.306007080E0,1.022553013E1
1.133912617E1,-2.829116821E-1,7.116800537E0,-7.594307556E0,1.041164714E1
1.134907917E1,5.968089294E-1,7.302713928E0,-8.664731598E0,1.134739553E1
1.135903117E1,4.555027771E-1,7.448660431E0,-9.307644653E0,1.192988994E1
1.136898417E1,4.400848389E-2,7.712561646E0,-8.690328369E0,1.161926637E1
1.137893717E1,1.083746338E-1,8.139024811E0,-8.161627808E0,1.152682256E1
1.138888917E1,-1.155596924E-1,8.375383301E0,-8.075856171E0,1.163528480E1
1.139884217E1,-8.479866028E-1,8.328231354E0,-7.969876556E0,1.155843636E1
1.140879417E1,-1.675765228E0,8.285270691E0,-7.014413452E0,1.098434775E1
1.141874717E1,-2.368075562E0,7.971972198E0,-6.756350098E0,1.071486767E1
1.142869917E1,-3.007845154E0,7.422614594E0,-6.809040527E0,1.051215357E1
1.143865217E1,-3.182531891E0,7.008874969E0,-5.867199097E0,9.678680841E0
1.144860517E1,-3.021915894E0,6.625821533E0,-5.565426636E0,9.165558373E0
1.145855717E1,-2.530936890E0,6.445746002E0,-5.795647888E0,9.030106174E0
1.146851017E1,-1.909579010E0,6.522985382E0,-6.099815369E0,9.132555930E0
1.147846217E1,-1.272204437E0,6.772815857E0,-5.923781433E0,9.087393753E0
1.148841517E1,-6.644682312E-1,6.960675201E0,-5.321434021E0,8.786932191E0
1.149836817E1,-8.232879639E-2,7.084018707E0,-5.195246429E0,8.785253812E0
1.150832017E1,4.073030090E-1,7.028783569E0,-5.161117401E0,8.729652171E0
1.151827317E1,4.462220764E-1,6.959777069E0,-4.859794006E0,8.500306393E0
1.152822517E1,2.439926147E-2,6.860982513E0,-4.733905792E0,8.335678762E0
1.153817817E1,-5.108876038E-1,6.694079590E0,-4.838238831E0,8.275280218E0
1.154813117E1,-8.885522461E-1,6.662794647E0,-4.649481354E0,8.173128805E0
1.155808317E1,-1.076112213E0,6.646179199E0,-4.288432159E0,7.982503732E0
1.156803617E1,-1.216071167E0,6.733896790E0,-4.788242798E0,8.351734200E0
1.157798817E1,-1.488804016E0,6.979236603E0,-5.788313141E0,9.188626120E0
1.158794117E1,-1.602268066E0,7.256310425E0,-5.823040924E0,9.440821444E0
1.159789417E1,-1.585353241E0,7.056176605E0,-5.729635162E0,9.226683710E0
1.160784617E1,-2.163301392E0,6.382427673E0,-5.484145660E0,8.688561995E0
1.161779917E1,-1.746567993E0,7.079977112E0,-7.122488708E0,1.019344991E1
1.162775117E1,-9.801617432E-1,6.942862244E0,-6.850803680E0,9.802936511E0
1.163770417E1,-1.355131989E0,6.698869629E0,-6.938521271E0,9.739317966E0
1.164765717E1,-1.227297821E0,6.187682648E0,-4.538711700E0,7.771330670E0
1.165760917E1,-1.461560669E0,7.424560547E0,-6.368057556E0,9.890015973E0
1.166756217E1,-1.640887756E0,7.299420776E0,-9.511071625E0,1.210101400E1
1.167751417E1,-1.954785004E0,6.624773712E0,-9.203610992E0,1.150718325E1
1.168746717E1,-2.671793976E0,6.341712341E0,-8.668623505E0,1.106800939E1
1.169742017E1,-3.440894623E0,6.152655487E0,-7.942184143E0,1.061947335E1
1.170737217E1,-3.769012299E0,6.089786224E0,-7.921377411E0,1.067891240E1
1.171732517E1,-3.968098297E0,6.475983124E0,-8.699160004E0,1.154814038E1
1.172727717E1,-3.709585876E0,7.030729523E0,-8.650361481E0,1.174823130E1
1.173723017E1,-3.493285675E0,7.101981354E0,-8.744216309E0,1.179417241E1
1.174718317E1,-3.247347107E0,6.750063171E0,-8.747509460E0,1.151640299E1
1.175713517E1,-2.663710785E0,6.298751678E0,-9.008716278E0,1.131046404E1
1.176708817E1,-2.005679169E0,6.025569763E0,-9.080566864E0,1.108092661E1
1.177704017E1,-2.199076996E0,6.464008026E0,-8.590336304E0,1.097329564E1
1.178699317E1,-2.462529144E0,5.657185822E0,-7.555837555E0,9.754920931E0
1.179694617E1,-1.569486237E0,5.057682495E0,-6.330785065E0,8.253622163E0
1.180689817E1,-5.710624695E-1,5.478158112E0,-5.788163452E0,7.989941476E0
1.181685117E1,-5.074447632E-2,5.755980377E0,-5.499413910E0,7.960994816E0
1.182680317E1,-6.885681152E-2,5.811814270E0,-5.702391815E0,8.142431994E0
1.183675617E1,-3.751199341E-1,5.969286804E0,-6.045029297E0,8.503850840E0
1.184670917E1,-7.246430969E-1,6.066135406E0,-6.493347015E0,8.915529252E0
1.185666117E1,-1.035097504E0,6.090534668E0,-6.929839325E0,9.283787614E0
1.186661417E1,-1.270108795E0,6.146967316E0,-7.214547272E0,9.562848732E0
1.187656617E1,-1.683698730E0,6.152056732E0,-7.533384247E0,9.870892648E0
1.188651917E1,-2.106569366E0,5.948180695E0,-7.501051483E0,9.802257976E0
1.189647117E1,-2.395767975E0,5.772146759E0,-7.236102448E0,9.561305404E0
1.190642417E1,-2.478845215E0,5.740562439E0,-6.821764069E0,9.253928664E0
1.191637717E1,-2.517315216E0,5.631439362E0,-6.883435822E0,9.242925613E0
1.192632917E1,-2.687511292E0,5.618117065E0,-6.968009949E0,9.345540057E0
1.193628217E1,-2.898273010E0,5.773943024E0,-6.561754761E0,9.208421690E0
1.194623417E1,-3.488046570E0,5.860762482E0,-6.026018829E0,9.100983940E0
1.195618717E1,-4.756957855E0,5.471721497E0,-5.806575165E0,9.288955771E0
1.196614017E1,-5.018763428E0,4.690945129E0,-7.063810730E0,9.853444808E0
1.197609217E1,-3.435954895E0,5.094505920E0,-1.239018448E1,1.383027288E1
1.198604517E1,-1.823957062E0,6.839726715E0,-1.462144455E1,1.624485524E1
1.199599717E1,-6.628216553E-1,7.914042664E0,-1.256337433E1,1.486303396E1
1.200595017E1,-2.377056885E-1,7.921826477E0,-1.192525131E1,1.431864021E1
1.201590317E1,-1.098565521E0,7.287445679E0,-1.069825287E1,1.299100940E1
1.202585517E1,-1.938468933E0,6.573879547E0,-9.710307312E0,1.188543740E1
1.203580817E1,-2.130968628E0,6.168971558E0,-8.442294159E0,1.067096847E1
1.204576017E1,-1.921105042E0,6.058650970E0,-7.815098419E0,1.007341350E1
1.205571317E1,-1.859133911E0,6.186485138E0,-7.900570679E0,1.020529247E1
1.206566617E1,-2.194137268E0,5.947881317E0,-7.827073517E0,1.007246794E1
1.207561817E1,-2.868784332E0,5.597010956E0,-7.019802246E0,9.425183221E0
1.208557117E1,-3.626508636E0,5.572462006E0,-6.252647552E0,9.126855927E0
1.209552317E1,-3.702849884E0,5.267396393E0,-5.982160034E0,8.788788352E0
1.210547617E1,-3.434308319E0,5.364244995E0,-6.106551361E0,8.823806861E0
1.211542917E1,-3.191513214E0,5.506299591E0,-6.550528107E0,9.133154453E0
1.212538117E1,-3.047213287E0,5.608087921E0,-6.915319519E0,9.410515554E0
1.213533417E1,-2.880010986E0,5.441484375E0,-7.439080353E0,9.656300119E0
1.214528617E1,-2.875370636E0,4.929399261E0,-7.372169495E0,9.322854522E0
1.215523917E1,-3.480262756E0,4.677323456E0,-7.490124207E0,9.491656557E0
1.216519217E1,-4.226311340E0,4.284989319E0,-6.746919708E0,9.041225943E0
1.217514479E1,-4.156107330E0,4.367467804E0,-6.475983124E0,8.847957989E0
1.218509779E1,-3.619173889E0,4.650080109E0,-7.053931274E0,9.191279078E0
1.219504979E1,-3.139271851E0,5.347928925E0,-7.058421936E0,9.395567666E0
1.220500279E1,-2.938988342E0,5.390590210E0,-7.433092804E0,9.640901613E0
1.221495579E1,-2.219584351E0,5.229375458E0,-8.367898865E0,1.011408195E1
1.222490779E1,-1.590292969E0,5.842350769E0,-9.115144958E0,1.094294119E1
1.223486079E1,-1.076261902E0,6.141728210E0,-9.674082642E0,1.150943266E1
1.224481279E1,-1.033301239E0,6.285728760E0,-9.886640625E0,1.176111221E1
1.225476579E1,-6.189628601E-1,6.054908752E0,-9.126072235E0,1.096951364E1
1.226471879E1,1.639091492E-1,5.533393250E0,-8.153394928E0,9.855108113E0
1.227467079E1,-8.921447754E-2,7.108717346E0,-8.433312836E0,1.103007647E1
1.228462379E1,-2.128274231E0,7.846383362E0,-9.138945465E0,1.223174588E1
1.229457579E1,-4.340074768E0,7.315138092E0,-8.525670776E0,1.204302937E1
1.230452879E1,-5.765859833E0,6.633156281E0,-7.415130157E0,1.149904592E1
1.231448079E1,-6.192472687E0,6.099515991E0,-6.291117554E0,1.072981702E1
1.232443379E1,-5.962700500E0,5.530399475E0,-5.441484375E0,9.785135043E0
1.233438679E1,-5.353916473E0,5.316494293E0,-4.860392761E0,8.975129579E0
1.234433879E1,-4.635560303E0,5.288652191E0,-4.485721893E0,8.341460437E0
1.235429179E1,-3.315305786E0,5.460943909E0,-4.965174866E0,8.091113785E0
1.236424379E1,-2.220482483E0,6.086343384E0,-5.405559082E0,8.437664797E0
1.237419679E1,-1.701960754E0,6.757846985E0,-5.701793060E0,9.004199597E0
1.238414979E1,-1.898052979E0,7.288194122E0,-6.080505524E0,9.679510633E0
1.239410179E1,-2.249821472E0,7.655530243E0,-5.741161194E0,9.830044344E0
1.240405479E1,-2.770438843E0,7.073989563E0,-5.094356232E0,9.147082876E0
1.241400679E1,-3.077600098E0,7.076833649E0,-5.070406036E0,9.233754070E0
1.242395979E1,-2.784659271E0,7.230114899E0,-5.590125275E0,9.553972435E0
1.243391279E1,-2.436333618E0,7.545359344E0,-7.023843842E0,1.059257058E1
1.244386479E1,-2.040706329E0,8.192912750E0,-8.660540314E0,1.209517508E1
1.245381779E1,-1.147513733E0,8.530909882E0,-9.368717651E0,1.272266016E1
1.246376979E1,-8.059240723E-1,8.351732483E0,-8.751401367E0,1.212385974E1
1.247372279E1,-8.999285889E-1,8.132139130E0,-7.942034454E0,1.140252032E1
1.248367579E1,-7.490423584E-1,8.146209869E0,-7.431446228E0,1.105206735E1
1.249362779E1,-4.441264343E-1,8.329728241E0,-6.877747650E0,1.081133820E1
1.250358079E1,-6.045927429E-1,8.049810333E0,-6.787485352E0,1.054679744E1
1.251353279E1,-1.067879333E0,8.203840027E0,-7.247778168E0,1.099880202E1
1.252348579E1,-1.277892609E0,8.318052521E0,-7.019951935E0,1.095913922E1
1.253343779E1,-1.915117493E0,7.879913635E0,-7.031328278E0,1.073313986E1
1.254339079E1,-2.798280945E0,7.262297974E0,-6.945556641E0,1.043130410E1
1.255334379E1,-3.434607697E0,7.059769135E0,-6.639742584E0,1.028217155E1
1.256329579E1,-3.461701355E0,7.288493500E0,-6.680008850E0,1.047511489E1
1.257324879E1,-2.668500824E0,7.992329865E0,-6.789580994E0,1.082112025E1
1.258320079E1,-1.443148956E0,8.451574860E0,-6.484515381E0,1.074991796E1
1.259315379E1,-3.685336304E-1,8.620423737E0,-6.197262726E0,1.062325693E1
1.260310679E1,1.451980591E-1,8.649613037E0,-6.062243500E0,1.056350720E1
1.261305879E1,1.492396545E-1,8.129145355E0,-5.755531311E0,9.961496743E0
1.262301179E1,-3.287164307E-1,7.394622803E0,-5.502707062E0,9.223247036E0
1.263296379E1,-9.229806519E-1,6.941365356E0,-5.162314911E0,8.699651805E0
1.264291679E1,-1.375489655E0,6.645580444E0,-4.890031128E0,8.364694595E0
1.265286979E1,-1.645079041E0,6.589896240E0,-5.000501404E0,8.434336476E0
1.266282179E1,-1.788780212E0,6.711593170E0,-5.204826508E0,8.679598868E0
1.267277479E1,-2.036814423E0,6.801256714E0,-4.963079224E0,8.662439683E0
1.268272679E1,-2.518063660E0,7.046446838E0,-5.131628723E0,9.073404598E0
1.269267979E1,-2.620151367E0,7.315587158E0,-5.563929749E0,9.557213135E0
1.270263279E1,-2.669548645E0,7.320526886E0,-5.522615662E0,9.550700896E0
1.271258479E1,-2.893033905E0,6.986421661E0,-5.496420135E0,9.348281506E0
1.272253779E1,-3.083887024E0,6.529871063E0,-5.875581665E0,9.309781694E0
1.273248979E1,-3.506158905E0,6.196663971E0,-6.649921417E0,9.742343121E0
1.274244279E1,-3.691772919E0,6.039640503E0,-7.649692383E0,1.042229525E1
1.275239479E1,-2.904859314E0,5.148543549E0,-5.747897186E0,8.245242893E0
1.276234779E1,-1.735191650E0,7.275620270E0,-7.549400940E0,1.062727599E1
1.277230079E1,-1.975891113E-1,7.282805328E0,-1.081665665E1,1.304140928E1
1.278225279E1,2.767744446E-1,6.642436981E0,-1.023885818E1,1.220789868E1
1.279220579E1,4.550537109E-2,6.519392853E0,-8.821455688E0,1.096916744E1
1.280215779E1,-8.349636841E-1,5.729186096E0,-7.708520050E0,9.640644120E0
1.281211079E1,-1.985770569E0,5.338797913E0,-7.469167786E0,9.393322911E0
1.282206379E1,-3.256777496E0,5.108876038E0,-7.236102448E0,9.437605240E0
1.283201579E1,-4.221521301E0,5.199737091E0,-6.920708313E0,9.630924746E0
1.284196879E1,-4.601730652E0,5.711971893E0,-7.968679047E0,1.083062296E1
1.285192079E1,-4.323010254E0,5.935906219E0,-8.540639648E0,1.126347752E1
1.286187379E1,-3.653452606E0,5.942791901E0,-8.515941010E0,1.100843962E1
1.287182679E1,-2.480491791E0,5.695805511E0,-8.740474091E0,1.072338227E1
1.288177879E1,-1.081501007E0,5.663921814E0,-8.733588409E0,1.046542982E1
1.289173179E1,-1.058299255E-1,6.311774597E0,-8.050858154E0,1.023064101E1
1.290168379E1,5.282514954E-1,6.142476654E0,-7.402256927E0,9.633404212E0
1.291163679E1,7.331753540E-1,6.085744629E0,-7.055577850E0,9.346390351E0
1.292158979E1,4.131408691E-1,6.713239746E0,-7.022796021E0,9.724090560E0
1.293154179E1,-5.176235962E-1,6.760840759E0,-6.924600220E0,9.691593789E0
1.294149479E1,-1.584604797E0,6.003266144E0,-7.140451355E0,9.462358179E0
1.295144679E1,-2.324665833E0,5.625152435E0,-8.188571777E0,1.020289757E1
1.296139979E1,-1.816472626E0,5.579048309E0,-7.930358734E0,9.864884312E0
1.297135179E1,-1.409019928E0,5.827531586E0,-7.207212524E0,9.374933275E0
1.298130479E1,-1.677561493E0,5.471721497E0,-5.383704529E0,7.857367444E0
1.299125779E1,-2.218985596E0,5.188510437E0,-5.602699127E0,7.952029624E0
1.300120979E1,-2.838547211E0,5.145400085E0,-7.411837006E0,9.458743051E0
1.301116279E1,-2.586621094E0,5.358107758E0,-1.025607239E1,1.185693671E1
1.302111479E1,-1.160087585E0,6.656956787E0,-1.206386307E1,1.382742452E1
1.303106779E1,1.212478638E-2,7.775879974E0,-1.149699188E1,1.387967142E1
1.304102079E1,4.766088867E-1,7.807913361E0,-1.151884644E1,1.392388201E1
1.305097279E1,4.661306763E-1,7.004533997E0,-1.051443512E1,1.264255197E1
1.306092579E1,4.475692749E-2,6.235732727E0,-9.208999786E0,1.112169245E1
1.307087779E1,-4.102967834E-1,5.622907104E0,-9.195677490E0,1.078637623E1
1.308083079E1,-7.069798279E-1,5.509592743E0,-8.338559875E0,1.001933199E1
1.309078379E1,-5.369334412E-1,5.471571808E0,-7.190447388E0,9.051460059E0
1.310073579E1,-5.551954651E-1,5.157674561E0,-6.840774536E0,8.585222486E0
1.311068879E1,-7.197033691E-1,4.052373047E0,-7.041357422E0,8.156004818E0
1.312064079E1,-1.872456207E0,3.674259338E0,-6.655759277E0,7.829776848E0
1.313059379E1,-3.165167999E0,4.203408966E0,-6.494694214E0,8.358707336E0
1.314054579E1,-3.898193665E0,5.552553406E0,-6.988367615E0,9.739817508E0
1.315049879E1,-3.638034668E0,4.905748444E0,-7.578440552E0,9.733161112E0
1.316045179E1,-2.844534760E0,5.272934875E0,-8.352331238E0,1.027894242E1
1.317040379E1,-2.359992371E0,5.050347748E0,-8.750652924E0,1.037542784E1
1.318035571E1,-2.101929016E0,4.363276520E0,-8.974138184E0,1.019761951E1
1.319030771E1,-2.439028015E0,4.992567902E0,-9.646090851E0,1.113201063E1
1.320026071E1,-2.468367004E0,4.815486145E0,-1.021595581E1,1.156060101E1
1.321021371E1,-1.953138428E0,4.857099609E0,-9.954299927E0,1.124696641E1
1.322016571E1,-1.620829468E0,5.634283447E0,-9.800270233E0,1.142004968E1
1.323011871E1,-1.506167908E0,5.519621887E0,-1.049811905E1,1.195597219E1
1.324007071E1,-2.036215668E0,5.294639740E0,-1.014605118E1,1.162418766E1
1.325002371E1,-2.967578888E0,5.206173706E0,-9.387129364E0,1.113682930E1
1.325997671E1,-3.217559052E0,5.270240479E0,-8.455317078E0,1.046998127E1
1.326992871E1,-3.017425232E0,5.884712677E0,-7.357500000E0,9.892800643E0
1.327988171E1,-2.698139191E0,6.195915527E0,-7.158264313E0,9.844291355E0
1.328983371E1,-2.296075287E0,6.320157166E0,-7.018754425E0,9.720044341E0
1.329978671E1,-1.787433014E0,6.295009460E0,-7.099137268E0,9.655040696E0
1.330973871E1,-7.235952759E-1,6.768624573E0,-6.896009674E0,9.689830657E0
1.331969171E1,-1.029858398E0,8.047415314E0,-6.735842743E0,1.054481290E1
1.332964471E1,-2.125729523E0,8.151448975E0,-7.167095947E0,1.106038474E1
1.333959671E1,-2.768941956E0,8.315208435E0,-6.799011383E0,1.109217231E1
1.334954971E1,-2.906655579E0,7.879614258E0,-6.300547943E0,1.049923197E1
1.335950171E1,-2.541864166E0,7.476652222E0,-5.090763702E0,9.395598808E0
1.336945471E1,-2.104024658E0,7.310647430E0,-5.023703156E0,9.116472948E0
1.337940771E1,-2.019450531E0,6.969806213E0,-6.219117279E0,9.556871812E0
1.338935971E1,-1.918710022E0,6.854994965E0,-6.627767487E0,9.726238017E0
1.339931271E1,-1.287023621E0,7.034771118E0,-7.206763458E0,1.015292441E1
1.340926471E1,-1.187031555E-1,7.561226349E0,-8.095315704E0,1.107792267E1
1.341921771E1,4.849914551E-1,8.370443573E0,-8.723259888E0,1.209937211E1
1.342917071E1,2.475851440E-1,8.432564392E0,-8.336164856E0,1.186006261E1
1.343912271E1,2.086660767E-1,8.198301544E0,-7.745792542E0,1.128064678E1
1.344907571E1,-3.233276367E-2,8.081095276E0,-7.957602081E0,1.134145393E1
1.345902771E1,-4.510121155E-1,7.761958923E0,-8.143515472E0,1.125914129E1
1.346898071E1,-2.267784119E-1,7.728877716E0,-7.586823120E0,1.083267577E1
1.347893271E1,-2.574645996E-1,7.380252686E0,-7.323820038E0,1.040061333E1
1.348888571E1,-1.025068359E0,6.825655975E0,-8.207582245E0,1.072402681E1
1.349883871E1,-1.975891113E0,6.334377594E0,-8.483907623E0,1.077056980E1
1.350879071E1,-2.263592834E0,6.227499847E0,-7.508386230E0,1.001406364E1
1.351874371E1,-1.590442657E0,6.436914368E0,-7.286098480E0,9.851426571E0
1.352869571E1,-1.067579956E0,6.726112976E0,-8.358318787E0,1.078154978E1
1.353864871E1,-7.285350037E-1,6.421795807E0,-8.011190643E0,1.029317250E1
1.354860171E1,-4.085005188E-1,6.238427124E0,-7.148085480E0,9.496313584E0
1.355855371E1,8.217910767E-2,6.344556427E0,-6.967261505E0,9.423528137E0
1.356850671E1,6.188131714E-1,6.136489105E0,-6.311325531E0,8.824525950E0
1.357845871E1,7.524851990E-1,5.970334625E0,-6.130351868E0,8.590247001E0
1.358841171E1,4.942721558E-1,6.025270386E0,-5.741909637E0,8.337728376E0
1.359836371E1,-1.945953369E-2,6.425088959E0,-5.313650208E0,8.337687049E0
1.360831671E1,-8.198451233E-1,6.213578796E0,-5.119204559E0,8.092401547E0
1.361826971E1,-1.154998169E0,6.116879883E0,-4.686304779E0,7.791770836E0
1.362822171E1,-1.004860382E0,5.843548279E0,-4.603676605E0,7.506706279E0
1.363817471E1,-4.716691589E-1,6.039790192E0,-5.156027985E0,7.955260017E0
1.364812671E1,1.062789917E-1,6.226452026E0,-4.323758698E0,7.581219515E0
1.365807971E1,2.195933533E-1,6.687044220E0,-3.049159241E0,7.352697037E0
1.366803271E1,1.381626892E-1,7.091203766E0,-3.113675079E0,7.745917136E0
1.367798471E1,-5.734574890E-1,7.567662964E0,-4.300706635E0,8.723213501E0
1.368793771E1,-1.186732178E0,7.225773926E0,-3.697610779E0,8.203198618E0
1.369788971E1,-3.144510956E0,7.063211975E0,-4.702471161E0,9.049317520E0
1.370784271E1,-5.222040710E0,6.647975464E0,-7.088659058E0,1.103242377E1
1.371779571E1,-6.268065491E0,6.303242340E0,-8.293802948E0,1.215757691E1
1.372774771E1,-5.724695435E0,6.108347626E0,-1.011027557E1,1.312637500E1
1.373770071E1,-3.924987946E0,6.179449768E0,-9.518855438E0,1.200831956E1
1.374765271E1,-2.151775360E0,6.112688599E0,-9.468709717E0,1.147395149E1
1.375760571E1,-1.178050232E0,6.475983124E0,-1.126227997E1,1.304473495E1
1.376755771E1,-1.468895416E0,6.742279358E0,-1.190160049E1,1.375732819E1
1.377751071E1,-2.222278748E0,6.590944061E0,-1.042462189E1,1.253203128E1
1.378746371E1,-3.027604065E0,5.846841431E0,-9.768236847E0,1.178008456E1
1.379741571E1,-3.044818268E0,6.392456818E0,-9.093739471E0,1.152521236E1
1.380736871E1,-3.024310913E0,6.585854645E0,-8.271499329E0,1.099716505E1
1.381732071E1,-3.151696014E0,7.018455048E0,-8.067623291E0,1.114802425E1
1.382727371E1,-3.549868011E0,6.965764618E0,-8.298592987E0,1.140131945E1
1.383722671E1,-2.534679108E0,7.122638397E0,-8.898096313E0,1.167615921E1
1.384717871E1,-2.302661591E0,6.806346130E0,-7.925868073E0,1.069803640E1
1.385713171E1,-2.509681091E0,6.082900543E0,-7.471413116E0,9.956012864E0
1.386708371E1,-2.008223877E0,5.408253479E0,-7.800129547E0,9.701762200E0
1.387703671E1,-1.510359192E0,4.721481628E0,-7.060517578E0,8.626962509E0
1.388698871E1,-1.126557312E0,4.214036865E0,-7.564070435E0,8.731689391E0
1.389694171E1,-3.619473267E-1,4.614903259E0,-8.480165405E0,9.661342726E0
1.390689471E1,6.738986206E-1,5.034929810E0,-8.152347107E0,9.605489102E0
1.391684671E1,1.465452576E0,5.542823639E0,-8.158484344E0,9.971525056E0
1.392679971E1,1.354832611E0,5.167703705E0,-9.362131348E0,1.077915750E1
1.393675171E1,1.003513184E0,5.053341522E0,-9.736353149E0,1.101543789E1
1.394670471E1,8.637039185E-1,4.837041321E0,-1.042641815E1,1.152619402E1
1.395665771E1,1.624571686E0,4.884193268E0,-1.112142288E1,1.225482044E1
1.396660971E1,2.041754150E0,3.691473541E0,-1.108804230E1,1.186340672E1
1.397656271E1,1.643582153E0,3.194057922E0,-1.108235413E1,1.164997602E1
1.398651471E1,9.148974609E-1,2.996319122E0,-1.141571091E1,1.183779630E1
1.399646771E1,8.352630615E-1,3.071612549E0,-1.268881348E1,1.308198974E1
1.400642071E1,-4.342469788E-1,2.378254395E0,-1.307710602E1,1.329869791E1
1.401637271E1,-1.453178101E0,1.543590088E0,-1.222867035E1,1.241107471E1
1.402632571E1,-3.231330414E0,1.667682037E0,-1.118623810E1,1.176242247E1
1.403627771E1,-5.000202026E0,1.319805450E0,-9.583520966E0,1.088980169E1
1.404623071E1,-4.320016479E0,1.350042572E0,-9.272018738E0,1.031772692E1
1.405618271E1,-4.747826843E0,2.095193024E0,-8.202343140E0,9.706190114E0
1.406613571E1,-5.244943085E0,1.896256714E0,-7.920329590E0,9.686941638E0
1.407608871E1,-5.104834442E0,2.694097595E0,-7.908055115E0,9.790548107E0
1.408604071E1,-5.434748383E0,2.576591949E0,-8.626261597E0,1.051606890E1
1.409599371E1,-6.018833771E0,2.293979645E0,-8.964109039E0,1.103829486E1
1.410594571E1,-5.716312866E0,2.659070435E0,-8.913364563E0,1.091764426E1
1.411589871E1,-5.704038391E0,3.746858368E0,-8.307274933E0,1.075108452E1
1.412585071E1,-5.907615051E0,4.877756653E0,-8.029153290E0,1.109773527E1
1.413580371E1,-4.648134155E0,5.337001648E0,-8.183033295E0,1.081900049E1
1.414575671E1,-3.385809174E0,5.159021759E0,-8.757239227E0,1.071300369E1
1.415570871E1,-2.707719269E0,4.789589996E0,-9.564510498E0,1.103411877E1
1.416566171E1,-1.289718018E0,3.298390961E0,-1.045291306E1,1.103658221E1
1.417561342E1,-4.523593140E-1,1.747765503E0,-1.126901596E1,1.141271370E1
1.418556642E1,-9.147477722E-1,2.774630127E0,-1.164159119E1,1.200258227E1
1.419551942E1,-1.263073425E0,3.783681793E0,-1.152618118E1,1.219690350E1
1.420547142E1,-1.458267517E0,5.898334351E0,-1.062295944E1,1.223781678E1
1.421542442E1,-8.657995605E-1,3.604504395E0,-1.039887543E1,1.103986734E1
1.422537642E1,2.483335876E-1,3.158282318E0,-9.433083801E0,9.950853570E0
1.423532942E1,1.302591248E0,4.209546204E0,-8.173004150E0,9.285204362E0
1.424528142E1,5.872288513E-1,5.582790527E0,-8.493188324E0,1.018069918E1
1.425523442E1,3.839515686E-1,6.153254242E0,-8.205785980E0,1.026376540E1
1.426518742E1,2.174977112E-1,5.642216949E0,-9.297316132E0,1.087759186E1
1.427513942E1,-7.002438354E-1,6.234535217E0,-8.259823608E0,1.037229275E1
1.428509242E1,-1.264720001E0,7.411837006E0,-7.141798553E0,1.037015579E1
1.429504442E1,-1.385219421E0,8.397387543E0,-6.402635651E0,1.065029078E1
1.430499742E1,-8.250842285E-1,8.161328430E0,-6.793323212E0,1.065069416E1
1.431495042E1,-9.650431824E-1,8.642877045E0,-6.617289276E0,1.092790690E1
1.432490242E1,-7.918533325E-1,8.430169373E0,-4.520000610E0,9.598186957E0
1.433485542E1,-1.537303162E-1,8.009544067E0,-5.480702820E0,9.706417082E0
1.434480742E1,4.736151123E-1,6.703210602E0,-5.448968811E0,8.651508814E0
1.435476042E1,3.769161987E-1,5.965843964E0,-5.752238159E0,8.295878727E0
1.436471242E1,-8.337661743E-2,5.870492249E0,-6.094426575E0,8.462367646E0
1.437466542E1,-7.268884277E-1,5.810317383E0,-6.037395172E0,8.410606122E0
1.438461842E1,-1.554816742E0,5.333409119E0,-6.121520233E0,8.266542076E0
1.439457042E1,-2.206561432E0,5.009183350E0,-5.457650757E0,7.729604321E0
1.440452342E1,-2.643053741E0,5.078938293E0,-5.332810364E0,7.824334709E0
1.441447542E1,-2.997965698E0,4.853956146E0,-5.281317444E0,7.774381168E0
1.442442842E1,-3.047662354E0,4.735552368E0,-5.000950470E0,7.531481106E0
1.443438142E1,-2.060914307E0,4.454586639E0,-5.170098724E0,7.128859006E0
1.444433342E1,-1.504970398E0,4.387825470E0,-7.977360992E0,9.228013690E0
1.445428642E1,-1.088985443E0,4.525389404E0,-8.066725159E0,9.313275114E0
1.446423842E1,-2.680924988E-1,5.145250397E0,-8.680149536E0,1.009408100E1
1.447419142E1,7.194039917E-1,4.806355133E0,-8.276139679E0,9.597555926E0
1.448414342E1,8.729846191E-1,5.465284882E0,-1.047312103E1,1.184557745E1
1.449409642E1,-5.210664368E-1,5.028642883E0,-1.180954193E1,1.284616830E1
1.450404942E1,-2.399210815E0,5.419330444E0,-9.688901825E0,1.135782433E1
1.451400142E1,-3.625311127E0,4.979395294E0,-7.587272186E0,9.772612624E0
1.452395442E1,-3.972738647E0,4.603826294E0,-6.758146362E0,9.091227154E0
1.453390642E1,-3.830684052E0,5.030139771E0,-7.013215942E0,9.442544375E0
1.454385942E1,-3.917503510E0,4.864284668E0,-7.576943665E0,9.819275654E0
1.455381242E1,-4.214635620E0,4.118236084E0,-6.970404968E0,9.127407478E0
1.456376442E1,-3.782933350E0,3.621718597E0,-6.967111816E0,8.715966807E0
1.457371742E1,-2.621348877E0,3.692970428E0,-7.148085480E0,8.461951698E0
1.458366942E1,-1.357826385E0,3.902235260E0,-7.059320068E0,8.179555755E0
1.459362242E1,-1.222956848E-1,4.108506317E0,-7.681576080E0,8.712140464E0
1.460357442E1,5.209167480E-2,4.226161652E0,-8.004155273E0,9.051500289E0
1.461352742E1,-1.279838562E-1,4.316723328E0,-7.969427490E0,9.064339726E0
1.462348042E1,-3.796105957E-1,4.287534027E0,-7.483537903E0,8.633098620E0
1.463343242E1,-1.135239258E0,4.369413757E0,-7.668702850E0,8.898850946E0
1.464338542E1,-1.593735809E0,4.396058350E0,-7.798932037E0,9.093330730E0
1.465333742E1,-2.848576355E-1,5.244643707E0,-7.813601532E0,9.414871236E0
1.466329042E1,-5.029541016E-1,5.056634674E0,-7.638465729E0,9.174348791E0
1.467324342E1,-9.726773071E-1,5.420378265E0,-9.670340424E0,1.112843590E1
1.468319542E1,-7.668553162E-1,6.306984558E0,-1.335882019E1,1.479270760E1
1.469314842E1,1.414558411E-1,6.793173523E0,-1.155058044E1,1.340086284E1
1.470310042E1,2.077679443E-1,6.709347839E0,-7.239844666E0,9.872885431E0
1.471305342E1,-9.512718201E-1,7.475754089E0,-5.549110565E0,9.358656172E0
1.472300542E1,-1.233584747E0,8.663534088E0,-7.156318359E0,1.130448790E1
1.473295842E1,-1.180295563E0,8.581654358E0,-6.868167572E0,1.105484577E1
1.474291142E1,-1.802850952E0,8.553063812E0,-7.493567047E0,1.151341475E1
1.475286342E1,-1.922901306E0,5.503006439E0,-9.328152008E0,1.099977496E1
1.476281642E1,-9.081614685E-1,6.503825226E0,-1.097921860E1,1.279326936E1
1.477276842E1,-1.729802856E0,7.013365631E0,-1.360101654E1,1.540023267E1
1.478272142E1,-5.432203674E0,5.626799011E0,-1.464210159E1,1.660002539E1
1.479267342E1,-8.076005859E0,7.433841248E0,-1.285736298E1,1.690549168E1
1.480262642E1,-6.962920532E0,1.169787415E1,-1.037043457E1,1.711339928E1
1.481257942E1,-4.986430664E0,1.531644928E1,-1.124641296E1,1.964535349E1
1.482253142E1,-2.443518677E0,1.444825470E1,-1.257714569E1,1.931081151E1
1.483248442E1,3.957769775E-1,1.093865295E1,-1.161809006E1,1.596216729E1
1.484243642E1,1.487307129E0,9.866282959E0,-1.143187729E1,1.517377475E1
1.485238942E1,9.548643494E-1,7.999514923E0,-1.207314377E1,1.451429659E1
1.486234242E1,-2.559677124E-1,7.783514099E0,-1.154938293E1,1.392971132E1
1.487229442E1,-1.720971222E0,8.359067230E0,-1.102741837E1,1.394416375E1
1.488224742E1,-2.435136108E0,9.381590881E0,-1.095496902E1,1.462721715E1
1.489219942E1,-2.222428436E0,9.689350891E0,-1.146346161E1,1.517345250E1
1.490215242E1,-1.951342163E0,1.109388016E1,-1.210936844E1,1.653840129E1
1.491210442E1,-1.976789246E0,1.112830856E1,-1.225456650E1,1.667097319E1
1.492205742E1,-2.294578400E0,1.047147446E1,-1.201102295E1,1.609911611E1
1.493201042E1,-2.255809021E0,1.000998413E1,-1.169488037E1,1.555823523E1
1.494196242E1,-2.104773102E0,9.874216461E0,-1.178783707E1,1.552041634E1
1.495191542E1,-1.851649475E0,9.814640350E0,-1.164039368E1,1.533800952E1
1.496186742E1,-1.318607941E0,9.345366211E0,-1.076022400E1,1.431282701E1
1.497182042E1,-1.080303497E0,1.059242294E1,-8.384214935E0,1.355217841E1
1.498177342E1,-1.783690796E0,8.973240051E0,-7.625293121E0,1.190989862E1
1.499172542E1,-2.848127289E0,7.423363037E0,-7.254214783E0,1.076298193E1
1.500167842E1,-3.093766479E0,9.068741455E0,-6.298901367E0,1.146689239E1
1.501163042E1,-3.022814026E0,9.146878967E0,-4.940625916E0,1.082647606E1
1.502158342E1,-2.357297974E0,4.399052124E0,-4.399201813E0,6.652930927E0
1.503153542E1,-2.582130432E0,3.510649567E0,-5.180427246E0,6.769703420E0
1.504148842E1,-2.267185364E0,2.153571625E0,-4.948858795E0,5.853990399E0
1.505144142E1,-1.709445190E0,1.169068909E-1,-3.780388641E0,4.150567234E0
1.506139342E1,-1.157093811E0,4.553530884E-1,-1.551523590E0,1.988325419E0
1.507134642E1,-8.107141113E-1,1.732946320E0,1.619631958E-1,1.920050102E0
1.508129842E1,-1.390159149E0,3.365301819E0,-1.128652954E-1,3.642874877E0
1.509125142E1,-2.292632446E0,4.377197571E0,-9.009764099E-1,5.022726411E0
1.510120342E1,-3.096011810E0,4.994513855E0,-1.508413239E0,6.066775773E0
1.511115642E1,-3.268752594E0,5.431155853E0,-2.113455048E0,6.681982465E0
1.512110942E1,-2.900518341E0,5.863456879E0,-2.435585175E0,6.980344430E0
1.513106142E1,-2.258204041E0,5.664370880E0,-2.659369812E0,6.652580759E0
1.514101442E1,-1.647923126E0,5.458997955E0,-3.489842834E0,6.685455281E0
1.515096642E1,-1.562600555E0,6.068380737E0,-5.190007324E0,8.136531281E0
1.516091942E1,-2.168989563E0,6.860683136E0,-6.590195618E0,9.757262275E0
1.517087242E1,-2.758613434E0,7.142546997E0,-6.484066315E0,1.003339632E1
1.518082404E1,-2.894381104E0,7.030879211E0,-5.015769653E0,9.108712844E0
1.519077704E1,-2.538271637E0,6.518494720E0,-3.993246002E0,8.054788014E0
1.520072904E1,-1.992805939E0,5.915997620E0,-4.076772308E0,7.455895372E0
1.521068204E1,-1.564247131E0,5.494025116E0,-4.517904968E0,7.283038265E0
1.522063404E1,-1.407523041E0,5.154231720E0,-4.387226715E0,6.913391641E0
1.523058704E1,-1.369502106E0,4.131857758E0,-4.104315033E0,5.982740713E0
1.524054004E1,-1.208886108E0,3.072959747E0,-5.034331055E0,6.020712283E0
1.525049204E1,-9.764195251E-1,2.764451294E0,-5.837860107E0,6.532702096E0
1.526044504E1,-6.659651184E-1,3.573668518E0,-5.897885284E0,6.928179201E0
1.527039704E1,-2.674937439E-1,4.985532532E0,-6.173462219E0,7.939692897E0
1.528035004E1,3.333567810E-1,6.002068634E0,-6.069278870E0,8.542370902E0
1.529030304E1,7.153623962E-1,6.460265808E0,-6.047274628E0,8.877854926E0
1.530025504E1,3.110531616E-1,7.184609528E0,-6.728957062E0,9.848564935E0
1.531020804E1,-5.337899780E-1,8.143066406E0,-7.168592834E0,1.086200651E1
1.532016004E1,-1.605860596E0,8.892557831E0,-7.220983887E0,1.156715096E1
1.533011304E1,-2.744542694E0,8.791368256E0,-7.012916565E0,1.157590900E1
1.534006504E1,-3.497327271E0,8.013885040E0,-6.990912323E0,1.119493218E1
1.535001804E1,-3.935166779E0,7.287595367E0,-7.008575592E0,1.084964127E1
1.535997104E1,-3.965703278E0,6.633605347E0,-6.621929626E0,1.017749843E1
1.536992304E1,-3.427871704E0,5.855523376E0,-5.904920654E0,8.994751045E0
1.537987604E1,-2.465073853E0,4.599635010E0,-5.387596436E0,7.500628419E0
1.538982804E1,-1.309626617E0,2.843187561E0,-5.194647675E0,6.064915650E0
1.539978104E1,-1.145118713E-1,1.017134857E0,-5.557493134E0,5.650965069E0
1.540973304E1,9.587562561E-1,-1.564247131E-1,-6.047574005E0,6.125098660E0
1.541968604E1,9.208850098E-1,-1.145268402E0,-6.360124054E0,6.527698438E0
1.542963904E1,6.002517700E-2,-1.623224487E0,-7.270530853E0,7.449770443E0
1.543959104E1,-6.839277649E-1,-1.124761047E0,-8.150251465E0,8.255873276E0
1.544954404E1,-1.105451202E0,-6.197113037E-2,-9.151219940E0,9.217954718E0
1.545949604E1,-1.243913269E0,1.152303772E0,-9.936636658E0,1.008027144E1
1.546944904E1,-1.358275452E0,1.773362274E0,-9.672885132E0,9.927458523E0
1.547940204E1,-2.056423645E0,1.609602814E0,-9.278006287E0,9.638521675E0
1.548935404E1,-3.107986908E0,1.188378754E0,-9.590556335E0,1.015138402E1
1.549930704E1,-3.845203857E0,8.774752808E-1,-1.035277130E1,1.107860231E1
1.550925904E1,-3.737427979E0,8.473878479E-1,-1.116303635E1,1.180253424E1
1.551921204E1,-3.064427490E0,1.099463654E0,-1.173230255E1,1.217565026E1
1.552916404E1,-2.793640594E0,7.415579224E-1,-1.211385910E1,1.245391176E1
1.553911704E1,-2.618355103E0,6.242019653E-1,-1.084509750E1,1.117414656E1
1.554907004E1,-2.916984100E0,9.461824036E-1,-9.203610992E0,9.701057297E0
1.555902204E1,-2.943029938E0,1.719324646E0,-7.946674805E0,8.646799576E0
1.556897504E1,-2.314337311E0,2.547252960E0,-7.195985870E0,7.976645127E0
1.557892704E1,-2.077978821E0,2.372566223E0,-6.686295776E0,7.392808510E0
1.558888004E1,-2.201621704E0,2.184856567E0,-6.030808868E0,6.781695360E0
1.559883204E1,-2.321522369E0,2.481689301E0,-4.905898132E0,5.967921278E0
1.560878504E1,-2.653831329E0,3.467090149E0,-3.522774353E0,5.610122456E0
1.561873804E1,-2.856509857E0,5.095254364E0,-3.601360931E0,6.862293068E0
1.562869004E1,-2.915038147E0,6.360273743E0,-4.324058075E0,8.224840893E0
1.563864304E1,-2.764600983E0,7.233108673E0,-4.491410065E0,8.951739721E0
1.564859504E1,-2.559377747E0,7.288493500E0,-4.825365601E0,9.108057154E0
1.565854804E1,-2.180216217E0,7.176226959E0,-4.956193542E0,8.989740294E0
1.566850104E1,-1.546134796E0,8.161478119E0,-3.614982605E0,9.059158743E0
1.567845304E1,-4.808001709E-1,9.849817200E0,-3.376079407E0,1.042343417E1
1.568840604E1,-1.317859497E0,8.388705597E0,-1.154818542E1,1.433414531E1
1.569835804E1,-2.935994568E0,4.137246552E0,-1.627056519E1,1.704312661E1
1.570831104E1,-3.825894012E0,-2.730322266E-1,-1.070409073E1,1.137055715E1
1.571826304E1,-3.146157532E0,-3.864663391E0,-4.888534241E0,6.980809220E0
1.572821604E1,-2.075434113E0,-5.091212769E0,-1.775158539E0,5.777461557E0
1.573816904E1,-1.408421173E0,-4.502337341E0,-1.163829803E0,4.858929054E0
1.574812104E1,-1.052162018E0,-2.652633820E0,-1.447190552E0,3.199667418E0
1.575807404E1,-1.683399353E0,2.243684235E0,-1.558409271E0,3.208830283E0
1.576802604E1,-2.589614868E0,5.602699127E0,-4.017046509E0,7.364306168E0
1.577797904E1,-3.459306335E0,5.982908478E0,-5.617817688E0,8.906282600E0
1.578793204E1,-3.210224304E0,5.169949036E0,-6.062692566E0,8.590119572E0
1.579788404E1,-2.079475708E0,4.860841827E0,-6.103258209E0,8.074760879E0
1.580783704E1,-8.779243469E-1,4.470902710E0,-6.841073914E0,8.219489917E0
1.581778904E1,-6.962022400E-1,4.154311066E0,-8.066126404E0,9.099746873E0
1.582774204E1,-1.300345917E0,4.277504883E0,-8.656947784E0,9.743238295E0
1.583769404E1,-1.504820709E0,4.865332489E0,-8.993597717E0,1.033541221E1
1.584764704E1,-1.775008850E0,4.383783875E0,-8.857231293E0,1.004085473E1
1.585760004E1,-1.597777405E0,3.597469025E0,-1.066621948E1,1.136938495E1
1.586755204E1,-2.071242828E0,4.121828613E0,-1.268641846E1,1.349906409E1
1.587750504E1,-2.251468048E0,5.313350830E0,-1.251158203E1,1.377826151E1
1.588745704E1,-2.016606445E0,6.498586121E0,-1.005848328E1,1.214378067E1
1.589741004E1,-1.417552185E0,6.860383759E0,-8.455915833E0,1.098074825E1
1.590736204E1,-1.090182953E0,5.912405090E0,-8.218659210E0,1.018289704E1
1.591731504E1,-1.591789856E0,6.353238373E0,-8.560548248E0,1.077870211E1
1.592726804E1,-2.623145142E0,8.269403687E0,-7.967481537E0,1.177899358E1
1.593722004E1,-3.997586975E0,8.931626587E0,-7.806266785E0,1.251768574E1
1.594717304E1,-5.215304718E0,9.584269409E0,-8.322094116E0,1.372278667E1
1.595712504E1,-4.481231232E0,6.280040588E0,-7.968978424E0,1.109166175E1
1.596707804E1,-3.367696838E0,3.044518890E0,-8.779542847E0,9.883868163E0
1.597703104E1,-2.720143433E0,3.287912750E0,-9.348809052E0,1.027666197E1
1.598698304E1,-2.686014404E0,4.994663544E0,-9.267677765E0,1.086513638E1
1.599693604E1,-2.699636078E0,7.731272736E0,-9.108708344E0,1.224863996E1
1.600688804E1,-1.774559784E0,9.817334747E0,-8.505762177E0,1.311019123E1
1.601684104E1,-1.047671356E0,1.102502335E1,-7.022796021E0,1.311367298E1
1.602679304E1,-1.320703583E0,1.136870865E1,-6.083798676E0,1.296165115E1
1.603674604E1,-2.389031982E0,1.058778259E1,-6.136788483E0,1.246871232E1
1.604669904E1,-2.746638336E0,1.069870193E1,-5.612578583E0,1.238980563E1
1.605665104E1,-4.330045624E0,1.007929001E1,-1.608105927E0,1.108726237E1
1.606660404E1,-6.184389496E0,8.096064148E0,6.706054688E-1,1.020992849E1
1.607655604E1,-6.668183441E0,6.587351532E0,-2.068698120E-1,9.375535490E0
1.608650904E1,-6.500382385E0,5.862858124E0,-2.301164703E0,9.051156585E0
1.609646104E1,-5.744604034E0,5.310656433E0,-5.005590820E0,9.287598544E0
1.610641404E1,-5.258714447E0,4.970264282E0,-7.196135559E0,1.020499739E1
1.611636704E1,-4.365222473E0,4.959636383E0,-8.476872253E0,1.074758222E1
1.612631904E1,-2.691702576E0,5.734425201E0,-9.217981110E0,1.118481430E1
1.613627204E1,-9.071136475E-1,6.497837677E0,-8.860225067E0,1.102489628E1
1.614622404E1,-2.905458069E-1,8.211174774E0,-9.642049255E0,1.266794861E1
1.615617704E1,-6.002517700E-1,9.479786682E0,-1.083027832E1,1.440560954E1
1.616612904E1,-1.559157715E0,1.017763550E1,-1.133472931E1,1.531310960E1
1.617608204E1,-2.729723511E0,9.714797974E0,-1.052446426E1,1.458057057E1
1.618603554E1,-3.270997925E0,8.407716064E0,-9.131461029E0,1.283638179E1
1.619598754E1,-2.999163208E0,5.998625793E0,-8.888067169E0,1.113446134E1
1.620594054E1,-2.185904388E0,4.513264618E0,-8.584797821E0,9.942157167E0
1.621589254E1,-8.093669128E-1,4.349804535E0,-8.069120178E0,9.202530888E0
1.622584554E1,4.601431274E-1,5.417534180E0,-6.967111816E0,8.837536724E0
1.623579854E1,9.238787842E-1,7.364834747E0,-5.648204498E0,9.327194483E0
1.624575054E1,7.494914246E-1,9.515113220E0,-5.071753235E0,1.080841329E1
1.625570354E1,3.047662354E-1,1.125763962E1,-4.481829987E0,1.212081401E1
1.626565554E1,-7.933502197E-2,1.216250793E1,-3.866160278E0,1.276244838E1
1.627560854E1,-7.714956665E-1,1.232611771E1,-3.456611938E0,1.282484110E1
1.628556054E1,-1.999242554E0,1.158171570E1,-4.223766632E0,1.248892765E1
1.629551354E1,-2.596799927E0,1.043524979E1,-5.238656158E0,1.196166068E1
1.630546654E1,-3.512894897E0,9.228609009E0,-5.778134308E0,1.144091303E1
1.631541854E1,-4.656516724E0,8.013735352E0,-6.247857513E0,1.117760376E1
1.632537154E1,-5.348228302E0,7.131020966E0,-6.782845001E0,1.120098176E1
1.633532354E1,-5.957311707E0,6.391858063E0,-7.126230927E0,1.127513102E1
1.634527654E1,-6.005960541E0,6.003864899E0,-7.194488983E0,1.113007760E1
1.635522854E1,-5.122797089E0,5.860313416E0,-7.127578125E0,1.055408420E1
1.636518154E1,-4.049229584E0,5.734275513E0,-6.859335938E0,9.814716775E0
1.637513454E1,-3.310665436E0,5.293891296E0,-6.851252747E0,9.269598421E0
1.638508654E1,-3.289858704E0,4.695585480E0,-7.212751007E0,9.213873799E0
1.639503954E1,-3.999832306E0,4.109105072E0,-8.001610565E0,9.844245761E0
1.640499154E1,-4.445755005E0,3.557951202E0,-8.758885803E0,1.044709696E1
1.641494454E1,-4.611460419E0,3.107837219E0,-8.854387207E0,1.045583054E1
1.642489654E1,-4.661306763E0,2.989283752E0,-8.724008331E0,1.033304986E1
1.643484954E1,-3.887116699E0,2.495760040E0,-8.878337402E0,1.000816514E1
1.644480254E1,-4.543202362E0,3.232976990E0,-7.294481049E0,9.181627399E0
1.645475454E1,-5.436694336E0,5.097050629E0,-2.519859924E0,7.866845902E0
1.646470754E1,-2.392175446E0,3.581152954E0,-5.736071777E0,7.172843180E0
1.647465954E1,3.013233948E-1,2.920726318E0,-6.606511688E0,7.229622030E0
1.648461254E1,2.597248993E0,1.229992218E0,-5.873186646E0,6.538570529E0
1.649456454E1,1.581461334E0,5.493576050E-1,-3.948638763E0,4.288888179E0
1.650451754E1,4.730163574E-1,8.122109985E-1,-6.831493835E0,6.895849419E0
1.651447054E1,-5.131329346E-1,2.159259796E0,-6.794371033E0,7.147669970E0
1.652442254E1,-1.268611908E0,4.828209686E0,-7.704029388E0,9.180035608E0
1.653437554E1,-9.461824036E-1,7.344477081E0,-6.339317322E0,9.748002300E0
1.654432754E1,5.875282288E-1,9.319320374E0,-4.430337067E0,1.033551199E1
1.655428054E1,2.228865051E0,9.147627411E0,-3.451672211E0,1.002800916E1
1.656423254E1,2.654430084E0,7.001989288E0,-4.865781555E0,8.930267813E0
1.657418554E1,2.496209106E0,4.108656006E0,-6.692732391E0,8.240435725E0
1.658413854E1,3.254532166E0,1.809736633E0,-7.498806152E0,8.372527695E0
1.659409054E1,4.749323730E0,-5.776487732E-1,-5.830974426E0,7.542547100E0
1.660404354E1,5.501210175E0,-2.293829956E0,-5.993087311E0,8.452340786E0
1.661399554E1,4.729864197E0,-2.189496918E0,-7.346423035E0,9.007521495E0
1.662394854E1,1.521436157E0,-1.545835419E0,-7.644902344E0,7.946628654E0
1.663390154E1,-1.993105316E0,-6.602769470E-1,-6.360273743E0,6.697874031E0
1.664385354E1,-4.387376404E0,3.293151855E-1,-2.471809845E0,5.046520000E0
1.665380654E1,-6.041287079E0,6.394702148E-1,3.390449524E0,6.957098512E0
1.666375854E1,-6.689738617E0,1.242715759E0,7.333100739E0,1.000356495E1
1.667371154E1,-6.279142456E0,2.186203766E0,6.638096008E0,9.395287942E0
1.668366354E1,-5.023403778E0,2.313139801E0,3.038381653E0,6.310068488E0
1.669361654E1,-3.080144806E0,1.662293243E0,8.155041504E-1,3.593822181E0
1.670356954E1,-1.104702759E-1,1.408271484E0,1.567091217E0,2.109788411E0
1.671352154E1,2.728526001E0,1.635199585E0,6.203100586E-1,3.240912894E0
1.672347454E1,1.387315063E0,-1.047821045E-2,-3.826792145E0,4.070514832E0
1.673342654E1,5.498066711E-1,-7.000941467E-1,-9.965975647E0,1.000565289E1
1.674337954E1,-2.280956726E0,-2.321672058E-1,-1.097757202E1,1.121444393E1
1.675333154E1,-5.485941925E0,1.475930786E-1,-1.016431320E1,1.155121662E1
1.676328454E1,-6.287525024E0,4.972659302E-1,-9.286239166E0,1.122561723E1
1.677323754E1,-4.705464935E0,2.267784119E0,-6.411916351E0,8.270242824E0
1.678318954E1,-3.531156921E0,8.957971802E0,-3.586541748E0,1.027509658E1
1.679314254E1,-5.358407135E0,2.058549225E1,-2.401905212E0,2.140663838E1
1.680309454E1,-7.078480225E0,3.403966415E1,1.504671021E0,3.480039731E1
1.682175554E1,7.814649353E0,4.240052765E1,8.617579651E0,4.396744442E1
1.683170854E1,1.284568726E1,3.260325119E1,7.122488708E0,3.575910394E1
1.684166054E1,8.967551880E0,2.256856842E1,9.231004028E0,2.598015979E1
1.685161354E1,5.028193817E0,1.445124847E1,1.253208939E1,1.977813388E1
1.686156554E1,7.062463531E0,7.545658722E0,1.660901138E1,1.956207085E1
1.687151854E1,6.291416931E0,2.104024658E0,2.023671753E1,2.129632793E1
1.688147154E1,4.781955872E0,-3.513044586E0,2.557252167E1,2.625190371E1
1.689142354E1,7.200326843E0,-8.624615021E0,3.337774063E1,3.521792527E1
1.690137654E1,1.149489624E1,-1.378737900E1,3.367128021E1,3.815730035E1
1.691132854E1,1.268537064E1,-2.217713242E1,3.867552383E1,4.635234594E1
1.692128154E1,8.108488312E0,-3.211017654E1,3.804892685E1,5.044335293E1
1.693123354E1,5.291047211E0,-3.003144928E1,3.466596176E1,4.616938413E1
1.694118654E1,3.722758484E0,-1.847323471E1,3.291909439E1,3.793133410E1
1.695113954E1,-4.611909485E-1,-7.874674530E0,3.105621826E1,3.204234524E1
1.696109154E1,-2.521805878E0,6.979985046E-1,2.683349945E1,2.696077520E1
1.697104454E1,-5.847290497E0,5.117258606E0,1.800964874E1,1.961439751E1
1.698099654E1,-8.085735626E0,8.406967621E0,9.217981110E0,1.486699031E1
1.699094954E1,-2.965782623E0,9.640252991E0,9.144933014E0,1.361470323E1
1.700090154E1,1.966460724E0,7.987390137E0,1.169473068E1,1.429797520E1
1.701085454E1,1.273851013E0,7.364385681E0,1.359218491E1,1.551142686E1
1.702080754E1,-1.807191925E0,1.279853531E1,1.013452515E1,1.642489113E1
1.703075954E1,-3.465593262E0,1.543949341E1,-2.241438904E0,1.598162513E1
1.704071254E1,-3.322191467E0,2.572146194E1,7.411238251E0,2.697326478E1
1.705066454E1,-4.240531769E0,2.555934906E1,1.344968124E1,2.919171731E1
1.706061754E1,-6.148314514E0,2.292916855E1,4.996160431E0,2.425922836E1
1.707056954E1,-5.400170288E0,1.016116974E1,3.859573975E0,1.213703097E1
1.708052254E1,-2.345173187E0,5.021757202E0,6.260281677E0,8.361160766E0
1.709047554E1,6.990463257E0,-1.868863678E0,1.483310440E1,1.650394541E1
1.710042754E1,2.067575455E1,-1.138577316E1,8.881031799E0,2.521894888E1
1.711038054E1,7.489675140E0,4.736151123E-1,-6.967411194E0,1.024033025E1
1.712033254E1,6.309828644E0,1.839195374E1,-4.449197845E0,1.994676067E1
1.713028554E1,2.164498901E-1,1.403152130E1,1.348590591E1,1.946278754E1
1.714023754E1,6.246809692E0,-3.528163147E-1,2.469265137E1,2.547300811E1
1.715019054E1,5.575306091E0,4.226311340E0,2.625854507E1,2.717456412E1
1.716014354E1,5.334906006E-1,9.849368134E0,7.206164703E0,1.221570606E1
1.717009554E1,-5.423222351E0,9.715546417E0,4.427193604E0,1.197510860E1
1.718004854E1,-1.074061478E1,7.289990387E0,1.205997116E1,1.771856851E1
1.719000067E1,4.215384064E0,2.323618011E0,-8.100854187E0,9.422977344E0
1.719995367E1,1.312485672E1,1.008677444E1,9.392518158E0,1.903219062E1
1.720990567E1,5.769302673E0,1.333726501E1,9.509425049E0,1.736653840E1
1.721985867E1,-2.913541260E0,6.484365692E0,1.081530945E1,1.294243561E1
1.722981167E1,-6.982080688E0,-2.017953644E0,1.336316116E1,1.521169497E1
1.723976367E1,-3.861819305E0,-7.603588257E0,1.076935501E1,1.373707429E1
1.724971667E1,-2.956352234E-1,-8.979826355E0,6.900500336E0,1.132879457E1
1.725966867E1,8.666976929E-1,-9.104367371E0,1.089254883E1,1.422280880E1
1.726962167E1,1.122201370E1,-6.418502655E0,9.452693024E0,1.601512327E1
1.727957367E1,9.395960999E0,-1.214649124E1,6.009553070E0,1.649048394E1
1.728952667E1,9.495054932E0,-1.260887970E1,1.053449341E1,1.897670853E1
1.729947967E1,1.278880554E1,-1.245290405E1,1.463641342E1,2.308360813E1
1.730943167E1,1.340447525E1,-6.852150879E0,1.369097946E1,2.034882913E1
1.731938467E1,9.582173767E0,-3.685485992E0,1.340252930E1,1.688279161E1
1.732933667E1,1.063957489E1,-7.610174561E-1,1.199829941E1,1.605424835E1
1.733928967E1,7.519612885E0,3.008743286E-1,2.032877609E1,2.167704410E1
1.734924167E1,1.047776138E1,1.170266418E0,1.892903687E1,2.166705895E1
1.735919467E1,1.119147720E1,3.341351624E0,1.860151794E1,2.196429517E1
1.736914767E1,6.862928467E0,3.131488037E0,1.852981705E1,2.000650205E1
1.737909967E1,1.023870850E1,3.315904541E0,1.752121445E1,2.056257110E1
1.738905267E1,1.388332947E1,5.620512085E0,1.652518570E1,2.230288671E1
1.739900467E1,1.439616302E1,2.805166626E0,1.820095093E1,2.337505261E1
1.740895767E1,1.294328430E1,2.116598511E-1,1.351449646E1,1.871403278E1
1.741891067E1,1.502994507E1,-3.590433655E0,1.226040436E1,1.972582007E1
1.742886267E1,1.513337997E1,-8.692124634E0,1.279179932E1,2.163798396E1
1.743881567E1,1.090167984E1,-5.583089905E0,1.216819611E0,1.230845913E1
1.744876767E1,1.076112213E1,-8.151149597E0,6.227350159E0,1.486683824E1
1.745872067E1,1.068238586E1,-7.831414490E0,4.988975372E0,1.415394983E1
1.746867267E1,9.346114655E0,-4.213887177E0,5.308111725E0,1.154481504E1
1.747862567E1,8.645272064E0,-3.274141388E0,8.034242706E0,1.224784825E1
1.748857867E1,7.403903503E0,-1.619781647E0,9.887838135E0,1.245836356E1
1.749853067E1,3.101699982E0,3.338058472E-2,1.085138443E1,1.128601795E1
1.750848367E1,7.469467163E-1,1.986369324E0,9.333840179E0,9.572051242E0
1.751843567E1,-1.197509766E-1,4.635260925E0,1.096993790E1,1.190963986E1
1.752838867E1,-6.950047302E-1,5.877976685E0,1.117965179E1,1.264983224E1
1.753834067E1,-5.313949585E-1,4.484225006E0,1.123458755E1,1.210812174E1
1.754829367E1,-1.900447998E0,3.119063873E0,1.080812439E1,1.140858514E1
1.755824667E1,-2.971321106E-1,9.851014709E-1,9.436826019E0,9.492755012E0
1.756819867E1,5.839356995E-1,-2.142794037E0,9.501790924E0,9.757898234E0
1.757815167E1,-1.153501282E0,-4.103716278E0,7.741451569E0,8.837484081E0
1.758810367E1,-3.852987671E0,-5.693859558E0,6.547234955E0,9.493778816E0
1.759805667E1,-4.207899628E0,-5.356311493E0,7.468569031E0,1.010821525E1
1.760800867E1,-3.313958588E0,-4.380191345E0,1.025218048E1,1.163080403E1
1.761796167E1,-1.819915466E0,-3.025658112E0,1.107442062E1,1.162366085E1
1.762791467E1,-2.154020691E-1,-2.568209381E0,1.096499817E1,1.126380408E1
1.763786667E1,6.417155457E-1,-2.764750671E0,1.250559448E1,1.282363203E1
1.764781967E1,-1.064735870E0,-3.567381592E0,1.128308670E1,1.188141066E1
1.765777167E1,-2.129771118E0,-4.549339600E0,1.053494247E1,1.167122225E1
1.766772467E1,-1.807640991E0,-3.914060669E0,1.106034988E1,1.187092147E1
1.767767667E1,-3.334016876E0,-1.829495544E0,9.782906342E0,1.049609351E1
1.768762967E1,-3.810476074E0,-2.263892212E0,7.136858826E0,8.401171928E0
1.769758267E1,-3.759731598E0,-3.664679260E0,6.471043396E0,8.333058166E0
1.770753467E1,-3.138373718E0,-3.883524170E0,5.169949036E0,7.187455920E0
1.771748767E1,-2.632425842E0,-1.985770569E0,6.897207184E0,7.644894865E0
1.772743967E1,-3.860621796E0,-2.474204865E0,6.827302551E0,8.224241636E0
1.773739267E1,-3.915258179E0,-3.327430573E0,7.139702911E0,8.796385535E0
1.774734467E1,-3.494034119E0,-5.271138611E0,6.932683411E0,9.383777275E0
1.775729767E1,-3.213367767E0,-6.998845825E0,6.620881805E0,1.015606475E1
1.776725067E1,-3.230881348E0,-5.177433472E0,7.605983276E0,9.751686687E0
1.777720267E1,-3.755690002E0,-3.492387543E0,9.986183624E0,1.122612317E1
1.778715567E1,-5.174290009E0,-2.611619110E0,9.320966949E0,1.097607655E1
1.779710767E1,-5.633984070E0,-2.623145142E0,6.809788971E0,9.219321708E0
1.780706067E1,-5.270839233E0,-2.541115723E0,5.588778076E0,8.091566951E0
1.781701267E1,-5.867947540E0,-1.384770355E0,4.541705475E0,7.548343255E0
1.782696567E1,-6.400390320E0,-3.186872864E0,3.630400543E0,8.018788125E0
1.783691867E1,-5.827381897E0,-4.500241699E0,3.789519653E0,8.280761700E0
1.784687067E1,-6.367758179E0,-3.626957703E0,5.679639130E0,9.271540705E0
1.785682367E1,-6.982529755E0,-3.143612823E0,6.377487946E0,9.965459139E0
1.786677567E1,-6.958878937E0,-4.194727020E0,3.349434814E0,8.788654300E0
1.787672867E1,-6.377188568E0,-8.305778046E0,4.689897308E0,1.147386682E1
1.788668067E1,-7.353757782E0,-9.116791534E0,2.154170380E0,1.190941188E1
1.789663367E1,-8.831484833E0,-9.452094269E0,-8.891510010E-1,1.296641045E1
1.790658667E1,-9.308692474E0,-5.507197723E0,1.592987366E0,1.093245586E1
1.791653867E1,-9.610464935E0,-1.431024170E0,1.262025604E0,9.798039348E0
1.792649167E1,-9.426198120E0,-2.111958160E0,-3.073558502E0,1.013707749E1
1.793644367E1,-1.181657730E1,-3.500470734E0,-4.617148590E0,1.316065559E1
1.794639667E1,-1.165760788E1,-3.418591003E0,-2.427951050E-1,1.215094792E1
1.795634867E1,-1.064047302E1,-2.552342377E0,3.119213562E0,1.137820772E1
1.796630167E1,-1.052641022E1,-3.327430573E0,2.842588806E0,1.139988673E1
1.797625467E1,-1.195324310E1,-2.914439392E0,1.726360016E0,1.242394046E1
1.798620667E1,-1.230426315E1,-2.933749237E0,1.317260742E0,1.271758437E1
1.799615967E1,-1.368768631E1,-2.887645111E0,-4.086502075E-2,1.398902859E1
1.800611167E1,-1.259914993E1,-1.896107025E0,1.451830902E0,1.282347901E1
1.801606467E1,-1.186627396E1,-3.145259399E0,1.909579010E0,1.242367121E1
1.802601667E1,-1.231983078E1,-5.581143951E0,2.971321106E0,1.384760439E1
1.803596967E1,-1.125090363E1,-5.170547791E0,2.057321777E0,1.255189108E1
1.804592267E1,-1.033555710E1,-3.748804321E0,3.685336304E-1,1.100059505E1
1.805587467E1,-9.684111786E0,-3.559597778E0,-7.454498291E-2,1.031786385E1
1.806582767E1,-9.931996307E0,-2.584525452E0,-1.205293579E0,1.033329836E1
1.807577967E1,-1.155746613E1,-2.114652557E0,-2.578837280E0,1.202901411E1
1.808573267E1,-1.133263367E1,-2.880160675E0,1.094972992E0,1.174405710E1
1.809568467E1,-1.143337418E1,-3.731440430E0,2.711311798E0,1.232870246E1
1.810563767E1,-1.061263092E1,-2.570155334E0,6.442602539E-1,1.093840504E1
1.811559067E1,-9.664502563E0,-2.170037384E0,3.203338623E-2,9.905185419E0
1.812554267E1,-1.068508026E1,-1.822609863E0,-1.034498749E0,1.088866542E1
1.813549567E1,-1.152094208E1,-6.423143005E-1,-5.096900940E-1,1.155008476E1
1.814544767E1,-1.097233292E1,-1.904040527E-1,2.601589966E-1,1.097706819E1
1.815540067E1,-1.033690430E1,-4.601431274E-1,-9.595046997E-2,1.034758564E1
1.816535267E1,-1.021655457E1,-1.164877625E0,-9.026229858E-2,1.028314516E1
1.817530567E1,-1.050111282E1,-1.178349609E0,-1.030157776E0,1.061711370E1
1.818525867E1,-1.183124680E1,-1.384770355E0,-5.673202515E-1,1.192551223E1
1.819521121E1,-1.251188141E1,-8.264314270E-1,-1.919159088E0,1.268516208E1
1.820516421E1,-1.208871140E1,-1.260379028E-1,-2.861000519E0,1.242329074E1
1.821511621E1,-1.135927826E1,7.978408813E-2,-2.833158417E0,1.170753410E1
1.822506921E1,-1.101229980E1,4.812492371E-1,-3.932622070E0,1.170332706E1
1.823502121E1,-1.142005188E1,7.780819702E-1,-3.713777161E0,1.203391612E1
1.824497421E1,-1.247595612E1,6.123765564E-1,-3.403322754E0,1.294631576E1
1.825492721E1,-1.232761459E1,6.511459351E-1,-3.939507751E0,1.295815550E1
1.826487921E1,-1.231010101E1,3.378474426E-1,-3.152594147E0,1.271186759E1
1.827483221E1,-1.229812592E1,3.113525391E-1,-1.941911774E0,1.245439130E1
1.828478421E1,-1.261920822E1,-1.092727661E-1,-2.310146027E0,1.282938546E1
1.829473721E1,-1.318982162E1,-4.715194702E-1,-3.418740692E0,1.363383706E1
1.830468921E1,-1.389949585E1,-6.795867920E-2,-3.782035217E0,1.440501280E1
1.831464221E1,-1.435814209E1,-8.981323242E-2,-3.622317352E0,1.480829138E1
1.832459521E1,-1.380773666E1,-9.136999512E-1,-3.071163483E0,1.417464231E1
1.833454721E1,-1.261950760E1,-2.241289215E0,-3.417094116E0,1.326468551E1
1.834450021E1,-1.194066925E1,-2.452350311E0,-4.653223572E0,1.304783866E1
1.835445221E1,-1.145313309E1,-2.051633606E0,-5.065466309E0,1.269024850E1
1.836440521E1,-1.122366028E1,-2.612068176E0,-5.701044617E0,1.285672431E1
1.837435721E1,-1.154938293E1,-4.052672424E0,-6.548881531E0,1.388165153E1
1.838431021E1,-1.168485123E1,-4.549788666E0,-6.661447449E0,1.419898613E1
1.839426321E1,-1.138352783E1,-3.623814240E0,-6.211782532E0,1.346487942E1
1.840421521E1,-1.127335693E1,-3.173550568E0,-5.026397552E0,1.274459384E1
1.841416821E1,-1.007120682E1,-3.169658661E0,-5.370382233E0,1.184554550E1
1.842412021E1,-9.204359436E0,-2.155816956E0,-4.137994995E0,1.031943709E1
1.843407321E1,-9.783954163E0,-1.141376495E0,-3.308270416E0,1.039101306E1
1.844402521E1,-1.095242432E1,-3.761677551E-1,-3.384461975E0,1.146959823E1
1.845397821E1,-1.144594803E1,6.538403320E-1,-3.866908722E0,1.209918247E1
1.846393121E1,-1.194156738E1,1.455722809E0,-3.670217743E0,1.257738680E1
1.847388321E1,-1.170520889E1,2.252216492E0,-4.100722504E0,1.260556700E1
1.848383621E1,-1.123877884E1,2.802771606E0,-3.895199890E0,1.222040346E1
1.849378821E1,-1.013976425E1,3.059188385E0,-4.099974060E0,1.135707885E1
1.850374121E1,-9.751322021E0,2.299368439E0,-4.391417999E0,1.093891806E1
1.851369321E1,-9.692194977E0,1.814077606E0,-4.028572540E0,1.065170962E1
1.852364621E1,-9.618398438E0,1.386716309E0,-3.562591553E0,1.035029609E1
1.853359921E1,-1.009141479E1,1.546284485E0,-3.191363525E0,1.069637553E1
1.854355121E1,-9.621990967E0,2.074685669E0,-3.535348206E0,1.045876272E1
1.855350421E1,-9.995464325E0,1.235680389E0,-3.094963989E0,1.053636632E1
1.856345621E1,-9.702373810E0,1.672621765E0,-2.914289703E0,1.026775563E1
1.857340921E1,-8.604107666E0,1.955533447E0,-3.588338013E0,9.525279496E0
1.858336121E1,-8.450077972E0,1.754501495E0,-4.335584106E0,9.658125221E0
1.859331421E1,-8.310568085E0,1.932481384E0,-3.957021332E0,9.405213661E0
1.860326721E1,-8.181985474E0,2.567011871E0,-4.109404449E0,9.509029455E0
1.861321921E1,-8.682245178E0,2.716251526E0,-3.909570007E0,9.901724159E0
1.862317221E1,-9.303153992E0,2.594704285E0,-3.108286285E0,1.014606368E1
1.863312421E1,-9.624685364E0,2.461032257E0,-2.538720703E0,1.025360185E1
1.864307721E1,-9.310039673E0,2.301613770E0,-2.475552063E0,9.904676808E0
1.865302921E1,-8.605903931E0,2.042352905E0,-2.153421936E0,9.103296869E0
1.866298221E1,-8.436905365E0,1.749112701E0,-1.783541107E0,8.798965068E0
1.867293521E1,-8.451724548E0,1.494043121E0,-1.726809082E0,8.754751984E0
1.868288721E1,-8.224646759E0,1.190324707E0,-1.106798401E0,8.383715758E0
1.869284021E1,-8.234376526E0,1.257085876E0,-1.158441010E0,8.409946923E0
1.870279221E1,-8.026907959E0,1.614243164E0,-1.274749146E0,8.286254749E0
1.871274521E1,-7.380552063E0,2.298619995E0,-1.156794434E0,7.816289145E0
1.872269721E1,-6.795867920E0,2.956352234E0,-8.000862122E-1,7.454124849E0
1.873265021E1,-6.314169617E0,3.417842560E0,-9.048683167E-1,7.236654778E0
1.874260321E1,-6.095025330E0,3.971690826E0,-1.510957947E0,7.430118149E0
1.875255521E1,-5.982160034E0,3.793561249E0,-1.800006866E0,7.308718789E0
1.876250821E1,-6.140381012E0,2.826871490E0,-1.750310211E0,6.982769310E0
1.877246021E1,-6.407126312E0,2.301763458E0,-1.218166809E0,6.916163169E0
1.878241321E1,-6.628216553E0,2.001188507E0,-4.031117249E-1,6.935453062E0
1.879236521E1,-6.254294128E0,2.058070221E0,4.550537109E-2,6.584369280E0
1.880231821E1,-5.754034424E0,3.305276642E0,-5.845344543E-1,6.661489800E0
1.881227121E1,-5.647755432E0,4.039499817E0,-9.273216248E-1,7.005328371E0
1.882222321E1,-5.329517212E0,4.807103577E0,-1.535207520E0,7.339540901E0
1.883217621E1,-5.193599854E0,5.587730255E0,-2.427352295E0,8.005513600E0
1.884212821E1,-5.444777527E0,5.950875092E0,-2.625839539E0,8.482543837E0
1.885208121E1,-6.071374512E0,5.703439636E0,-2.399061127E0,8.668696928E0
1.886203321E1,-6.518045654E0,5.187163239E0,-1.626667328E0,8.487498348E0
1.887198621E1,-6.985822906E0,4.802014160E0,-1.218765564E0,8.564254268E0
1.888193921E1,-7.396568756E0,4.208648071E0,-1.508413239E0,8.642757572E0
1.889189121E1,-7.572003937E0,3.743565216E0,-2.069895630E0,8.696780557E0
1.890184421E1,-7.041806488E0,4.016597443E0,-2.171234894E0,8.392517774E0
1.891179621E1,-6.594386902E0,4.402195587E0,-2.782264252E0,8.402753059E0
1.892174921E1,-6.240971832E0,4.168830872E0,-2.622097321E0,7.950111610E0
1.893170121E1,-5.980812836E0,3.504063263E0,-2.221679993E0,7.279041387E0
1.894165421E1,-6.519093475E0,2.937940521E0,-2.815046082E0,7.684696395E0
1.895160721E1,-7.357050934E0,1.794618073E0,-2.701132965E0,8.040085308E0
1.896155921E1,-8.137527924E0,1.341360626E0,-2.980302429E0,8.769310783E0
1.897151221E1,-8.523425446E0,1.893113251E0,-3.215164032E0,9.304296795E0
1.898146421E1,-8.418194275E0,2.645149384E0,-4.305945740E0,9.818552787E0
1.899141721E1,-8.330925751E0,3.076252899E0,-4.940027161E0,1.016225979E1
1.900136921E1,-7.358996887E0,3.259471893E0,-4.531676331E0,9.236616403E0
1.901132221E1,-4.985382843E0,2.316882019E0,-2.891087952E0,6.211310162E0
1.902127521E1,-4.046684875E0,1.463656311E0,-5.025050354E-1,4.332488845E0
1.903122721E1,-5.492079163E0,2.757116547E0,1.521436157E0,6.330828789E0
1.904118021E1,-7.775131531E0,5.495522003E0,8.961863708E-1,9.563293492E0
1.905113221E1,-8.365952911E0,6.770869904E0,-3.665876770E-1,1.076885481E1
1.906108521E1,-6.737788696E0,6.053112488E0,-1.434616699E0,9.170392161E0
1.907103721E1,-5.347180481E0,5.443430328E0,-1.876348114E0,7.857732184E0
1.908099021E1,-5.190456390E0,5.018763428E0,-2.151925049E0,7.533897086E0
1.909094321E1,-5.525609436E0,4.930746460E0,-2.311642914E0,7.758112738E0
1.910089521E1,-6.011199646E0,4.742737427E0,-2.189945984E0,7.963915048E0
1.911084821E1,-6.998097382E0,4.522545319E0,-1.929038544E0,8.552658816E0
1.912080021E1,-7.499404907E0,4.334236908E0,-1.165027313E0,8.739792456E0
1.913075321E1,-7.637268219E0,4.385580139E0,-1.012793884E0,8.864926985E0
1.914070521E1,-7.505242767E0,4.629722443E0,-1.382525024E0,8.926050321E0
1.915065821E1,-7.208260345E0,5.072052612E0,-1.492995300E0,8.939450200E0
1.916061121E1,-6.864575043E0,5.522615662E0,-1.582658844E0,8.951339748E0
1.917056321E1,-6.932533722E0,5.873785400E0,-1.295855255E0,9.178268877E0
1.918051621E1,-6.889872437E0,6.545588379E0,-1.155297546E0,9.573389256E0
1.919046971E1,-6.592740326E0,6.875801697E0,-1.022972717E0,9.580571338E0
1.920042271E1,-6.284830627E0,6.707252197E0,-7.530839539E-1,9.222443467E0
1.921037471E1,-5.963149567E0,6.537505188E0,-3.528163147E-1,8.855653911E0
1.922032771E1,-6.033652954E0,6.609954529E0,-2.469863892E-2,8.949697027E0
1.923028071E1,-6.264922028E0,6.769073639E0,4.360432434E-1,9.233620073E0
1.924023271E1,-6.550677795E0,6.760990448E0,9.888436890E-1,9.465737333E0
1.925018571E1,-6.395151215E0,6.777456207E0,9.062155151E-1,9.362323337E0
1.926013771E1,-5.905070343E0,6.703959045E0,4.337979126E-1,8.944333584E0
1.927009071E1,-5.394182739E0,6.334227905E0,3.611988831E-1,8.327671656E0
1.928004271E1,-4.912334747E0,5.877976685E0,3.357518005E-1,7.667748812E0
1.928999571E1,-4.426894226E0,5.491181030E0,3.436853027E-1,7.061768984E0
1.929994871E1,-3.887416077E0,5.067112885E0,3.439846802E-1,6.395776903E0
1.930990071E1,-3.499722290E0,4.703518982E0,3.095562744E-1,5.870857860E0
1.931985371E1,-3.061882782E0,4.796325989E0,1.824705505E-1,5.693256069E0
1.932980571E1,-2.769241333E0,5.049449615E0,2.103126526E-1,5.762800568E0
1.933975871E1,-2.581831055E0,5.308560791E0,3.585044861E-1,5.913982984E0
1.934971071E1,-2.866539001E0,5.881419525E0,2.838098145E-1,6.548945678E0
1.935966371E1,-3.306025085E0,6.747069397E0,1.212478638E-2,7.513514113E0
1.936961671E1,-3.802093506E0,7.689060516E0,-2.435435486E-1,8.581193397E0
1.937956871E1,-4.376748505E0,8.525970154E0,8.831634521E-3,9.583745225E0
1.938952171E1,-5.122797089E0,8.950786743E0,4.358935547E-1,1.032228834E1
1.939947371E1,-5.913452911E0,9.223369904E0,6.342311096E-1,1.097459461E1
1.940942671E1,-6.078858948E0,9.388476563E0,7.761360168E-1,1.121153002E1
1.941937871E1,-5.782624969E0,9.380243683E0,1.172062683E0,1.108158175E1
1.942933171E1,-5.400319977E0,8.945397949E0,1.626218262E0,1.057488469E1
1.943928471E1,-4.890629883E0,8.486602020E0,1.568887482E0,9.919782378E0
1.944923671E1,-4.470902710E0,8.130043488E0,1.418150940E0,9.386039113E0
1.945918971E1,-3.880829773E0,7.799530792E0,1.576371918E0,8.853161510E0
1.946914171E1,-3.770808563E0,7.209158478E0,2.028880920E0,8.384946092E0
1.947909471E1,-4.027973785E0,6.659351807E0,2.452799377E0,8.160132602E0
1.948904671E1,-4.270020447E0,6.363866272E0,3.003803558E0,8.231324581E0
1.949899971E1,-4.697531433E0,6.311026154E0,3.090922394E0,8.452789712E0
1.950895271E1,-5.319488068E0,6.496490479E0,3.162623291E0,8.972375824E0
1.951890471E1,-5.671406250E0,6.671925659E0,3.577859802E0,9.459414444E0
1.952885771E1,-5.724545746E0,6.757248230E0,3.803590393E0,9.638367472E0
1.953880971E1,-5.676046600E0,6.900350647E0,4.381688232E0,9.951458980E0
1.954876271E1,-5.462440796E0,6.882388000E0,4.696184235E0,9.962914754E0
1.955871571E1,-5.543572083E0,6.819369049E0,4.239633636E0,9.757534475E0
1.956866771E1,-5.596112823E0,6.903194733E0,3.866160278E0,9.691118178E0
1.957862071E1,-5.722300415E0,7.156318359E0,3.724105682E0,9.890731906E0
1.958857271E1,-5.828579407E0,7.621401215E0,3.701951752E0,1.028409165E1
1.959852571E1,-5.906866608E0,8.191266174E0,3.664828949E0,1.074331820E1
1.960847771E1,-6.067482605E0,8.714428253E0,3.269650726E0,1.111063548E1
1.961843071E1,-5.924679565E0,9.333540802E0,3.113675079E0,1.148528556E1
1.962838271E1,-5.315147095E0,9.822573853E0,2.993475037E0,1.156263977E1
1.963833571E1,-4.766537933E0,9.890981598E0,2.705773315E0,1.130807721E1
1.964828871E1,-4.423451385E0,9.848619690E0,2.695744171E0,1.112786002E1
1.965824071E1,-4.856500854E0,9.223220215E0,3.037184143E0,1.085715797E1
1.966819371E1,-5.409151611E0,8.826395416E0,3.073857880E0,1.079873972E1
1.967814571E1,-6.582411804E0,8.112829285E0,2.473157043E0,1.073604443E1
1.968809871E1,-7.914791107E0,7.296127625E0,2.258952484E0,1.099910282E1
1.969805071E1,-8.568182373E0,7.352260895E0,2.614762573E0,1.158906695E1
1.970800371E1,-9.116342468E0,7.050488434E0,2.936293945E0,1.189280914E1
1.971795671E1,-9.123078461E0,6.616241455E0,3.054548035E0,1.167627831E1
1.972790871E1,-8.901988220E0,6.264023895E0,3.091970215E0,1.131563827E1
1.973786171E1,-8.733588409E0,5.871091003E0,3.248694305E0,1.101359572E1
1.974781371E1,-8.462951202E0,5.938301239E0,3.174299011E0,1.081485732E1
1.975776671E1,-8.248447266E0,6.518644409E0,2.962339783E0,1.092268576E1
1.976771971E1,-8.122858429E0,7.544610901E0,2.467917938E0,1.135749099E1
1.977767171E1,-8.153394928E0,8.605454865E0,1.864822083E0,1.200038598E1
1.978762471E1,-7.894732819E0,9.275461578E0,1.904938660E0,1.232841373E1
1.979757671E1,-7.736212463E0,9.695787506E0,1.956880646E0,1.255733493E1
1.980752971E1,-7.686665497E0,9.990973663E0,1.791624298E0,1.273241135E1
1.981748171E1,-7.637417908E0,9.958790588E0,1.370549927E0,1.262481958E1
1.982743471E1,-7.863597565E0,9.390721893E0,9.418414307E-1,1.228449794E1
1.983738771E1,-8.145910492E0,8.691076813E0,7.216493225E-1,1.193362693E1
1.984733971E1,-8.176446991E0,8.191565552E0,5.936654663E-1,1.158915313E1
1.985729271E1,-7.871381378E0,8.261170807E0,7.776329041E-1,1.143723309E1
1.986724471E1,-7.586673431E0,8.752000122E0,1.124461670E0,1.163698990E1
1.987719771E1,-7.576943665E0,8.969797211E0,1.379381561E0,1.182243760E1
1.988714971E1,-7.617209930E0,9.198671265E0,1.579964447E0,1.204714604E1
1.989710271E1,-7.586972809E0,9.349557495E0,1.661694489E0,1.215473613E1
1.990705571E1,-7.278763733E0,9.696835327E0,1.759890289E0,1.225178480E1
1.991700771E1,-7.007378082E0,1.029618896E1,1.744472351E0,1.257608996E1
1.992696071E1,-6.891519012E0,1.086710175E1,1.526675262E0,1.295830514E1
1.993691271E1,-6.912924500E0,1.148621429E1,1.345551910E0,1.347338688E1
1.994686571E1,-6.985673218E0,1.195444061E1,1.470841370E0,1.392378020E1
1.995681771E1,-6.810836792E0,1.220277420E1,1.500479736E0,1.405512844E1
1.996677071E1,-6.727160797E0,1.262175293E1,1.048868866E0,1.434097156E1
1.997672371E1,-6.674320679E0,1.274704239E1,1.153950348E0,1.443486223E1
1.998667571E1,-6.325545959E0,1.269839355E1,1.327289886E0,1.424862902E1
1.999662871E1,-5.928421783E0,1.239991425E1,1.351988525E0,1.381057316E1
2.000658071E1,-5.490731964E0,1.178514267E1,1.357077942E0,1.307208422E1
2.001653371E1,-5.474415894E0,1.112995514E1,1.437460785E0,1.248644963E1
2.002648571E1,-5.740861816E0,1.035292099E1,1.486858063E0,1.193110281E1
2.003643871E1,-6.111491089E0,9.598340149E0,1.345102844E0,1.145808704E1
2.004639171E1,-6.591542816E0,8.830137634E0,1.179846497E0,1.108204878E1
2.005634371E1,-6.862030334E0,8.361312561E0,1.031654663E0,1.086569461E1
2.006629671E1,-7.069947968E0,8.269403687E0,1.011147308E0,1.092655575E1
2.007624871E1,-7.384743347E0,8.420140228E0,1.240021362E0,1.126813422E1
2.008620171E1,-7.515720978E0,8.506660309E0,1.135538635E0,1.140783851E1
2.009615371E1,-7.345674591E0,8.666078796E0,8.183482361E-1,1.138988809E1
2.010610671E1,-6.936126251E0,8.851094055E0,4.158352661E-1,1.125276110E1
2.011605971E1,-6.485114136E0,8.942104797E0,2.636018372E-1,1.104931806E1
2.012601171E1,-6.408024445E0,8.997938690E0,1.154100037E-1,1.104712621E1
2.013596471E1,-6.280789032E0,9.092841339E0,-6.870712280E-2,1.105137074E1
2.014591671E1,-5.930367737E0,9.120384064E0,-3.965254211E-1,1.088613335E1
2.015586971E1,-5.496719513E0,9.085805969E0,-7.149133301E-1,1.064316196E1
2.016582171E1,-5.164560242E0,8.915160828E0,-8.023315430E-1,1.033423974E1
2.017577471E1,-5.026247864E0,8.525970154E0,-9.324110413E-1,9.941062569E0
2.018572671E1,-5.114564209E0,8.267308044E0,-1.110091553E0,9.784653934E0
2.019567733E1,-5.198539581E0,7.945776672E0,-1.447789307E0,9.605012992E0
2.020563033E1,-5.022355957E0,7.569010162E0,-1.821112976E0,9.264471203E0
2.021558233E1,-4.764292603E0,7.325167236E0,-2.073637848E0,8.980898227E0
2.022553533E1,-4.451443176E0,7.181915131E0,-2.199226685E0,8.731085231E0
2.023548733E1,-4.264032898E0,7.257807312E0,-2.310595093E0,8.729065999E0
2.024544033E1,-4.256249084E0,7.177125092E0,-2.732717285E0,8.780348775E0
2.025539233E1,-4.406985626E0,7.123686218E0,-2.860252075E0,8.851523574E0
2.026534533E1,-4.507576447E0,7.302564240E0,-2.605182495E0,8.968426045E0
2.027529833E1,-4.695585480E0,7.383994904E0,-2.348765717E0,9.060276162E0
2.028525033E1,-5.050497437E0,7.466024323E0,-1.932780762E0,9.218713848E0
2.029520333E1,-5.723198547E0,7.200476532E0,-1.750609589E0,9.363038921E0
2.030515533E1,-6.076613617E0,7.435787201E0,-1.473386078E0,9.715298806E0
2.031510833E1,-5.833070068E0,7.484585724E0,-7.143145752E-1,9.515985246E0
2.032506033E1,-5.761967926E0,7.424410858E0,-4.137396240E-1,9.407089425E0
2.033501333E1,-5.463039551E0,7.331154785E0,-6.077362061E-1,9.162967582E0
2.034496633E1,-4.889132996E0,6.942862244E0,-9.150471497E-1,8.540741705E0
2.035491833E1,-4.486919403E0,6.513554993E0,-8.500822449E-1,7.954966008E0
2.036487133E1,-4.368216248E0,6.270161133E0,-8.533753967E-1,7.689244656E0
2.037482333E1,-4.123774567E0,6.038442993E0,-6.824308777E-1,7.343978647E0
2.038477633E1,-3.802841949E0,5.748046875E0,-6.542893982E-1,6.923131111E0
2.039472833E1,-3.765120392E0,5.758525085E0,-5.240602112E-1,6.900100132E0
2.040468133E1,-3.867657166E0,5.656138000E0,3.537144470E-1,6.861179413E0
2.041463433E1,-3.686384125E0,5.949976959E0,5.821394348E-1,7.023570321E0
2.042458633E1,-3.226839752E0,6.306236115E0,8.063731384E-1,7.129610533E0
2.043453933E1,-2.785108337E0,6.264023895E0,1.193168793E0,6.958338565E0
2.044449133E1,-2.188598785E0,6.232738953E0,1.628164215E0,6.803522485E0
2.045444433E1,-1.977986755E0,6.264023895E0,1.468296661E0,6.730997107E0
2.046439633E1,-1.780247955E0,6.448290710E0,7.985893250E-1,6.737023139E0
2.047434933E1,-1.647324371E0,6.556665344E0,6.960525513E-1,6.796177394E0
2.048430233E1,-1.681004333E0,6.471043396E0,-1.139131165E-1,6.686789544E0
2.049425433E1,-1.738784180E0,6.483467560E0,4.733157349E-1,6.729245857E0
2.050420733E1,-1.691482544E0,6.711293793E0,1.439556427E0,7.069292771E0
2.051415933E1,-1.972597961E0,6.546187134E0,1.168769531E0,6.936117857E0
2.052411233E1,-2.733914795E0,6.445446625E0,8.785231018E-1,7.056194097E0
2.053406433E1,-3.043321381E0,6.741231537E0,7.429051208E-1,7.433566821E0
2.054401733E1,-2.941982117E0,7.185956726E0,9.843530273E-1,7.827016272E0
2.055397033E1,-2.959795074E0,7.408693542E0,4.218228149E-1,7.989184024E0
2.056392233E1,-3.131338348E0,7.604486389E0,3.477268982E-1,8.231306524E0
2.057387533E1,-3.023263092E0,8.007298737E0,6.968009949E-1,8.587344433E0
2.058382733E1,-3.220103760E0,8.202193451E0,7.893086243E-1,8.846923405E0
2.059378033E1,-3.485501862E0,8.291707306E0,5.287005615E-1,9.010030941E0
2.060373233E1,-3.527115326E0,8.059091034E0,7.860154724E-1,8.832174768E0
2.061368533E1,-3.391946411E0,7.487579498E0,9.828561401E-1,8.278596100E0
2.062363833E1,-3.159629517E0,6.841822357E0,6.819818115E-1,7.566960489E0
2.063359033E1,-2.608625336E0,6.640341339E0,3.290158081E-1,7.141940258E0
2.064354333E1,-2.290536804E0,6.630312195E0,2.357597351E-1,7.018773490E0
2.065349533E1,-2.477348328E0,6.825805664E0,7.066804504E-1,7.295771033E0
2.066344833E1,-3.067121887E0,7.262597351E0,1.222657471E0,7.977935087E0
2.067340033E1,-3.962410126E0,7.633975067E0,1.135388947E0,8.675677345E0
2.068335333E1,-4.976401520E0,7.971972198E0,1.364562378E0,9.496259437E0
2.069330633E1,-5.536237335E0,8.356522522E0,1.806443481E0,1.018551081E1
2.070325833E1,-5.368286591E0,9.138795776E0,2.469115448E0,1.088267523E1
2.071321133E1,-4.628824310E0,9.815089417E0,2.972668304E0,1.125161107E1
2.072316333E1,-3.902834015E0,9.892328796E0,2.891686707E0,1.102053240E1
2.073311633E1,-3.913611603E0,9.321865082E0,3.208577728E0,1.060700219E1
2.074306833E1,-3.384312286E0,8.916208649E0,3.176843719E0,1.005209840E1
2.075302133E1,-2.285148010E0,8.616681519E0,2.493365021E0,9.256671699E0
2.076297433E1,-1.540446625E0,8.615783386E0,1.826202393E0,8.940901204E0
2.077292633E1,-1.599423981E0,8.614286499E0,1.857637024E0,8.956277367E0
2.078287933E1,-2.251018982E0,8.864116974E0,2.074086914E0,9.377712552E0
2.079283133E1,-3.287763062E0,1.020233414E1,2.398761749E0,1.098412790E1
2.080278433E1,-3.665577393E0,1.124072479E1,2.423460388E0,1.206911396E1
2.081273633E1,-3.971092072E0,1.139475449E1,2.230511627E0,1.227131550E1
2.082268933E1,-4.419409790E0,1.143651764E1,1.850002899E0,1.239950117E1
2.083264233E1,-4.721781006E0,1.154713760E1,1.563049622E0,1.257277721E1
2.084259433E1,-4.987927551E0,1.183753372E1,1.647324371E0,1.295068737E1
2.085254733E1,-5.314698029E0,1.225277023E1,1.867815857E0,1.348573801E1
2.086249933E1,-5.373974762E0,1.281634827E1,1.777852936E0,1.401067981E1
2.087245233E1,-5.220543823E0,1.317530182E1,2.430944824E0,1.437887856E1
2.088240433E1,-5.132077789E0,1.306004150E1,2.630629578E0,1.427666342E1
2.089235733E1,-5.197791138E0,1.260214371E1,2.339485016E0,1.383127792E1
2.090231033E1,-5.592969360E0,1.235156479E1,2.588267670E0,1.380368025E1
2.091226233E1,-5.766159210E0,1.222118591E1,3.197800140E0,1.388639272E1
2.092221533E1,-5.784870300E0,1.202599182E1,3.382815399E0,1.376708552E1
2.093216733E1,-5.752537537E0,1.187899750E1,3.677851868E0,1.370141832E1
2.094212033E1,-5.599555664E0,1.176987442E1,4.523443451E0,1.379661220E1
2.095207233E1,-5.338199158E0,1.159818146E1,5.311105499E0,1.382830521E1
2.096202533E1,-4.949607239E0,1.155911270E1,5.638774109E0,1.378069199E1
2.097197733E1,-4.607568512E0,1.151989426E1,5.570965118E0,1.360048910E1
2.098193033E1,-4.243675232E0,1.097233292E1,5.204976196E0,1.286439452E1
2.099188333E1,-3.911815338E0,1.023541534E1,4.669389954E0,1.191088700E1
2.100183533E1,-3.728296967E0,9.725276184E0,4.664749603E0,1.141232159E1
2.101178833E1,-3.514691162E0,9.480984192E0,5.021457825E0,1.128969237E1
2.102174033E1,-3.481310577E0,9.246871033E0,5.063819733E0,1.110254104E1
2.103169333E1,-3.546724548E0,9.138945465E0,5.098098450E0,1.104944284E1
2.104164533E1,-3.746109924E0,9.085506592E0,5.272785187E0,1.115266933E1
2.105159833E1,-3.824247437E0,9.011410675E0,5.110672302E0,1.104306851E1
2.106155133E1,-3.835623779E0,8.969946899E0,4.487967224E0,1.073842665E1
2.107150333E1,-3.823498993E0,8.716823273E0,3.955075378E0,1.030751055E1
2.108145633E1,-3.788322144E0,8.432265015E0,3.438649292E0,9.863000907E0
2.109140833E1,-3.759132843E0,8.153544617E0,2.998564453E0,9.465873353E0
2.110136133E1,-3.725452881E0,7.828570404E0,2.446063385E0,9.008259533E0
2.111131333E1,-3.608695679E0,7.717201996E0,1.964215393E0,8.742770342E0
2.112126633E1,-3.252885590E0,7.630382538E0,1.671124878E0,8.461480999E0
2.113121933E1,-3.012186127E0,7.471712494E0,1.499731293E0,8.194446095E0
2.114117133E1,-2.847079468E0,7.305857391E0,1.264720001E0,7.942350433E0
2.115112433E1,-2.801723785E0,7.152725830E0,1.312021637E0,7.793108734E0
2.116107633E1,-3.051105194E0,7.038962402E0,1.424587555E0,7.802927932E0
2.117102933E1,-3.313359833E0,6.978188782E0,1.217867432E0,7.820273214E0
2.118098133E1,-3.614982605E0,6.946454773E0,1.184486847E0,7.919870090E0
2.119093446E1,-3.864364014E0,6.922504578E0,9.548643494E-1,7.985370673E0
2.120088746E1,-4.025578766E0,6.794221344E0,6.177653503E-1,7.921386375E0
2.121083946E1,-4.102219391E0,6.697223053E0,5.601351929E-1,7.873674618E0
2.122079246E1,-4.144132233E0,6.732848969E0,6.114784241E-1,7.929627548E0
2.123074446E1,-4.063150635E0,6.876999207E0,7.396119690E-1,8.021803852E0
2.124069746E1,-3.806434479E0,7.025789795E0,8.122109985E-1,8.031833688E0
2.125064946E1,-3.531605988E0,7.205865326E0,8.943901062E-1,8.074445468E0
2.126060246E1,-3.320245514E0,7.264692993E0,9.771679688E-1,8.047027513E0
2.127055546E1,-3.303929443E0,7.239844666E0,1.120270386E0,8.036560600E0
2.128050746E1,-3.367247772E0,7.174730072E0,1.340163116E0,8.038105893E0
2.129046046E1,-3.489094391E0,7.044051819E0,1.528172150E0,8.007980758E0
2.130041246E1,-3.535797272E0,6.852599945E0,1.674418030E0,7.890732798E0
2.131036546E1,-3.386856995E0,6.563101959E0,1.326840820E0,7.503706697E0
2.132031746E1,-3.109334106E0,6.526278534E0,1.125210114E0,7.316171669E0
2.133027046E1,-2.891087952E0,6.514153748E0,1.638043671E0,7.312713290E0
2.134022246E1,-2.903512115E0,6.421496429E0,1.609004059E0,7.228754599E0
2.135017546E1,-2.987188110E0,6.439608765E0,1.655257874E0,7.289151698E0
2.136012846E1,-3.057392120E0,6.568341064E0,1.575324097E0,7.414337255E0
2.137008046E1,-3.178490295E0,6.601122894E0,1.330583038E0,7.446346436E0
2.138003346E1,-3.318149872E0,6.686146088E0,1.546284485E0,7.622707117E0
2.138998546E1,-3.347937927E0,6.752158813E0,1.692230988E0,7.724246418E0
2.139993846E1,-3.180735626E0,6.600374451E0,1.729952545E0,7.528263931E0
2.140989046E1,-2.949466553E0,6.433621216E0,1.545536041E0,7.244274743E0
2.141984346E1,-2.758763123E0,6.428382111E0,1.234033813E0,7.103359063E0
2.142979646E1,-2.805615692E0,6.547534332E0,8.345146179E-1,7.172035966E0
2.143974846E1,-3.080144806E0,6.788383484E0,5.683680725E-1,7.476127648E0
2.144970146E1,-3.453917542E0,7.075336761E0,3.900888062E-1,7.883026446E0
2.145965346E1,-3.692221985E0,7.232360229E0,1.835183716E-1,8.122389837E0
2.146960646E1,-3.765719147E0,7.526348877E0,1.071771240E-1,8.416534622E0
2.147955846E1,-3.642076263E0,7.725584564E0,4.569996643E-1,8.553258155E0
2.148951146E1,-3.589535522E0,7.704179077E0,8.948391724E-1,8.546337090E0
2.149946446E1,-3.639681244E0,7.526049500E0,1.302291870E0,8.460772113E0
2.150941646E1,-3.667074280E0,7.519014130E0,1.311722260E0,8.467799156E0
2.151936946E1,-3.894301758E0,7.817044373E0,1.043180695E0,8.795453079E0
2.152932146E1,-4.117038574E0,8.241711273E0,6.593788147E-1,9.236373301E0
2.153927446E1,-4.305945740E0,8.688382416E0,3.525169373E-1,9.703268826E0
2.154922646E1,-4.419409790E0,8.952732697E0,2.857557678E-1,9.988206145E0
2.155917946E1,-4.461921387E0,8.916657715E0,7.448510742E-1,9.998516409E0
2.156913146E1,-4.330943756E0,8.735234985E0,1.257085876E0,9.830649468E0
2.157908446E1,-4.294719086E0,8.763825531E0,1.045426025E0,9.815404502E0
2.158903746E1,-4.238585815E0,8.833430786E0,7.116201782E-1,9.823518333E0
2.159898946E1,-3.995790710E0,8.898695068E0,2.721340942E-1,9.758441181E0
2.160894246E1,-3.848796387E0,9.083111572E0,-9.116043091E-2,9.865315995E0
2.161889446E1,-3.745062103E0,9.301657104E0,8.741821289E-2,1.002765960E1
2.162884746E1,-3.888014832E0,9.312584381E0,-2.326162720E-1,1.009430520E1
2.163879946E1,-4.169729004E0,9.315578156E0,-1.185684357E0,1.027484714E1
2.164875246E1,-4.492607574E0,9.480834503E0,-1.067280579E0,1.054555990E1
2.165870546E1,-4.609065399E0,9.631421356E0,-7.113208008E-1,1.070110922E1
2.166865746E1,-4.749473419E0,9.913584595E0,-9.635462952E-1,1.103472151E1
2.167861046E1,-4.929548950E0,1.016835480E1,-6.816824341E-1,1.132080311E1
2.168856246E1,-5.097499695E0,1.041653870E1,-3.613485718E-1,1.160255809E1
2.169851546E1,-5.382507019E0,1.062191162E1,1.631607056E-2,1.190784004E1
2.170846746E1,-5.834117889E0,1.089239914E1,2.025288391E-1,1.235808676E1
2.171842046E1,-6.294859772E0,1.124491608E1,4.930746460E-1,1.289637622E1
2.172837346E1,-6.582112427E0,1.124356888E1,1.041234741E0,1.307005030E1
2.173832546E1,-6.647526398E0,1.114821716E1,1.033750305E0,1.302079079E1
2.174827846E1,-6.443500671E0,1.097023727E1,9.255253601E-1,1.275623001E1
2.175823046E1,-6.163582764E0,1.066038162E1,8.087681580E-1,1.234048600E1
2.176818346E1,-5.886359253E0,1.021490799E1,3.824546814E-1,1.179575526E1
2.177813546E1,-5.645510101E0,9.936786346E0,3.960763550E-1,1.143540046E1
2.178808846E1,-5.379513245E0,9.633516998E0,4.424798584E-1,1.104262654E1
2.179804046E1,-5.100942535E0,9.466165009E0,2.459385681E-1,1.075585331E1
2.180799346E1,-4.892426147E0,9.450747070E0,6.870712280E-2,1.064223541E1
2.181794646E1,-4.793631592E0,9.528585205E0,3.592529297E-3,1.066643580E1
2.182789846E1,-4.597988434E0,9.635912018E0,8.337661743E-2,1.067704312E1
2.183785146E1,-4.359384613E0,9.780062256E0,8.996292114E-2,1.070803181E1
2.184780346E1,-4.152514801E0,9.874366150E0,1.058299255E-1,1.071250139E1
2.185775646E1,-4.104764099E0,9.844129028E0,9.131011963E-2,1.066603498E1
2.186770846E1,-4.127965851E0,9.837991791E0,9.280700684E-2,1.066933914E1
2.187766146E1,-4.240082703E0,9.818232880E0,1.755848694E-1,1.069611276E1
2.188761446E1,-4.367318115E0,9.710007935E0,2.371069336E-1,1.064959818E1
2.189756646E1,-4.463118896E0,9.450747070E0,4.790039063E-2,1.045171493E1
2.190751946E1,-4.585264893E0,9.339977417E0,9.011260986E-2,1.040518873E1
2.191747146E1,-4.650080109E0,9.257349243E0,3.784130859E-1,1.036653059E1
2.192742446E1,-4.806654510E0,9.178014221E0,3.141966248E-1,1.036525890E1
2.193737646E1,-4.992717590E0,9.230255585E0,1.583706665E-1,1.049523360E1
2.194732946E1,-5.015619965E0,9.353449402E0,1.916015625E-2,1.061337960E1
2.195728246E1,-4.973707123E0,9.585017853E0,-1.038839722E-1,1.079912597E1
2.196723446E1,-4.597988434E0,9.744136963E0,-1.407073975E-1,1.077541189E1
2.197718746E1,-4.669839020E0,9.958042145E0,-2.859054565E-2,1.099867343E1
2.198713946E1,-4.606071625E0,9.843679962E0,1.273851013E-1,1.086876985E1
2.199709246E1,-4.471800842E0,9.715845795E0,2.218386841E-1,1.069784439E1
2.200704446E1,-4.266876984E0,9.563612366E0,2.291734314E-1,1.047480029E1
2.201699746E1,-4.030668182E0,9.351952515E0,2.056723022E-1,1.018565673E1
2.202694946E1,-3.823648682E0,9.219028931E0,1.053808594E-1,9.981076535E0
2.203690246E1,-3.587140503E0,9.187893677E0,4.311035156E-2,9.863408422E0
2.204685546E1,-3.435356140E0,9.177265778E0,1.091230774E-1,9.799785039E0
2.205680746E1,-3.455713806E0,9.213939514E0,1.032852173E-1,9.841204556E0
2.206676046E1,-3.529360657E0,9.214538269E0,1.278341675E-1,9.868153005E0
2.207671246E1,-3.687431946E0,9.123677216E0,2.576142883E-1,9.844034001E0
2.208666546E1,-3.798500977E0,8.975635071E0,4.867877197E-1,9.758462834E0
2.209661746E1,-3.844605103E0,8.867559814E0,5.390290833E-1,9.680142448E0
2.210657046E1,-4.208498383E0,8.707243195E0,4.400848389E-1,9.680971922E0
2.211652346E1,-4.552932129E0,8.313711548E0,1.052611084E0,9.537032073E0
2.212647546E1,-4.826263733E0,7.804320831E0,9.542655945E-1,9.225555164E0
2.213642846E1,-4.885989532E0,7.637567596E0,6.129753113E-1,9.087412791E0
2.214638046E1,-4.917873230E0,7.831264801E0,5.254074097E-1,9.262302005E0
2.215633346E1,-5.138215027E0,7.866291962E0,1.281335449E-1,9.396606893E0
2.216628546E1,-5.213508453E0,7.938441925E0,2.558180237E-1,9.500788044E0
2.217623846E1,-5.160518646E0,7.988138580E0,3.573069763E-1,9.516773558E0
2.218619046E1,-5.110971680E0,7.987988892E0,1.799258423E-1,9.484849569E0
2.219614354E1,-5.020859070E0,7.986941071E0,1.609153748E-1,9.435366830E0
2.220609654E1,-4.904700623E0,7.922724609E0,2.001338196E-1,9.320177411E0
2.221604854E1,-4.775369568E0,7.778873749E0,4.117936707E-1,9.136991044E0
2.222600154E1,-4.741390228E0,7.668702850E0,5.059478760E-1,9.030269540E0
2.223595354E1,-4.686753845E0,7.639363861E0,4.668791199E-1,8.974604054E0
2.224590654E1,-4.756359100E0,7.581134949E0,4.526586914E-1,8.961108129E0
2.225585854E1,-4.870721283E0,7.574249268E0,5.004093933E-1,9.019067986E0
2.226581154E1,-4.830155640E0,7.644303589E0,6.466552734E-1,9.065536052E0
2.227576454E1,-4.670437775E0,7.741451569E0,8.044271851E-1,9.076902803E0
2.228571654E1,-4.497996368E0,7.871381378E0,9.382489014E-1,9.114325380E0
2.229566954E1,-4.522994385E0,8.090076599E0,9.131011963E-1,9.313461836E0
2.230562154E1,-4.671335907E0,8.190068665E0,8.663983154E-1,9.468328782E0
2.231557454E1,-4.873116302E0,8.246651001E0,6.677613831E-1,9.602105003E0
2.232552654E1,-5.109774170E0,8.247249756E0,4.828958130E-1,9.713913165E0
2.233547954E1,-5.262456665E0,8.192613373E0,3.564088440E-1,9.743684688E0
2.234543154E1,-5.301226044E0,8.157436523E0,5.340893555E-1,9.743306402E0
2.235538454E1,-5.353317719E0,8.062084808E0,6.373745728E-1,9.698529187E0
2.236533754E1,-5.354365540E0,7.990234222E0,5.927673340E-1,9.636620070E0
2.237528954E1,-5.365442505E0,7.918383636E0,6.843768311E-1,9.589428780E0
2.238524254E1,-5.315745850E0,7.750881958E0,7.553292847E-1,9.428883677E0
2.239519454E1,-5.323379974E0,7.623796234E0,7.967930603E-1,9.332498195E0
2.240514754E1,-5.409001923E0,7.490423584E0,7.059320068E-1,9.266179756E0
2.241509954E1,-5.453010406E0,7.433092804E0,6.728507996E-1,9.243317550E0
2.242505254E1,-5.436095581E0,7.494764557E0,6.797364807E-1,9.283570036E0
2.243500554E1,-5.545518036E0,7.604636078E0,5.721102905E-1,9.429240179E0
2.244495754E1,-5.763464813E0,7.758067017E0,4.816983032E-1,9.676629772E0
2.245491054E1,-5.842051392E0,7.960745544E0,4.126918030E-1,9.882982779E0
2.246486254E1,-5.676944733E0,8.256231079E0,4.216731262E-1,1.002850245E1
2.247481554E1,-5.786666565E0,8.258775787E0,7.319778442E-1,1.011081990E1
2.248476754E1,-5.867049408E0,8.120014343E0,9.672885132E-1,1.006441994E1
2.249472054E1,-5.819897461E0,7.911797333E0,9.213340759E-1,9.864917636E0
2.250467254E1,-6.046825562E0,7.960446167E0,8.053253174E-1,1.002902545E1
2.251462554E1,-6.365512848E0,7.865393829E0,1.348246307E0,1.020793525E1
2.252457854E1,-6.438261566E0,7.618856506E0,1.191671906E0,1.004580850E1
2.253453054E1,-6.387666779E0,7.463030548E0,9.473799133E-1,9.868973631E0
2.254448354E1,-6.308182068E0,7.507937164E0,9.550140381E-1,9.852630780E0
2.255443554E1,-6.290518799E0,7.582482147E0,6.725514221E-1,9.875068997E0
2.256438854E1,-6.277495880E0,7.669750671E0,7.331753540E-1,9.938288383E0
2.257434054E1,-6.320306854E0,7.684120789E0,8.027806091E-1,9.981805835E0
2.258429354E1,-6.392307129E0,7.677384796E0,8.532257080E-1,1.002655583E1
2.259424654E1,-6.397695923E0,7.764952698E0,1.016386414E0,1.011227199E1
2.260419854E1,-6.292764130E0,8.005203094E0,1.089733887E0,1.024058968E1
2.261415154E1,-6.104156342E0,8.215216370E0,1.314416656E0,1.031882725E1
2.262410354E1,-6.060596924E0,8.337811432E0,1.653012543E0,1.043946287E1
2.263405654E1,-5.998625793E0,8.319998474E0,1.963017883E0,1.044314729E1
2.264400854E1,-5.900429993E0,8.202642517E0,2.126477966E0,1.032571193E1
2.265396154E1,-6.072422333E0,8.150101776E0,2.152523804E0,1.038902453E1
2.266391354E1,-6.372847595E0,7.945626984E0,2.043251038E0,1.038850564E1
2.267386654E1,-6.698121185E0,7.928412781E0,1.827848969E0,1.053876599E1
2.268381954E1,-6.892566833E0,7.919730835E0,1.665586395E0,1.063032418E1
2.269377154E1,-6.849905548E0,7.971074066E0,1.738634491E0,1.065279671E1
2.270372454E1,-6.729406128E0,8.080496521E0,1.857038269E0,1.067838574E1
2.271367654E1,-6.629114685E0,8.070317688E0,1.817969513E0,1.060095289E1
2.272362954E1,-6.627468109E0,8.135432281E0,1.660796356E0,1.062388048E1
2.273358154E1,-6.556365967E0,8.247100067E0,1.670376434E0,1.066727480E1
2.274353454E1,-6.444249115E0,8.384813690E0,1.696122894E0,1.071028852E1
2.275348654E1,-6.381529541E0,8.493487701E0,1.898801422E0,1.079206651E1
2.276343954E1,-6.344406738E0,8.513246613E0,2.125130768E0,1.082788278E1
2.277339254E1,-6.320456543E0,8.459658051E0,2.171683960E0,1.078101092E1
2.278334454E1,-6.314169617E0,8.420738983E0,2.167941742E0,1.074604831E1
2.279329754E1,-6.396199036E0,8.432714081E0,2.144590302E0,1.079913406E1
2.280324954E1,-6.453230438E0,8.430768127E0,2.063608704E0,1.081575310E1
2.281320254E1,-6.513704681E0,8.450676727E0,2.014061737E0,1.085811818E1
2.282315454E1,-6.481072540E0,8.533604279E0,2.062411194E0,1.091238944E1
2.283310754E1,-6.372847595E0,8.532556458E0,2.173929291E0,1.086939165E1
2.284306054E1,-6.249803467E0,8.435558167E0,2.185754700E0,1.072362852E1
2.285301254E1,-6.093378754E0,8.283324738E0,2.171384583E0,1.050988317E1
2.286296554E1,-5.863307190E0,8.102051697E0,2.170785828E0,1.023395935E1
2.287291754E1,-5.583538971E0,7.933651886E0,2.101629639E0,9.926509297E0
2.288287054E1,-5.403463440E0,7.893834686E0,1.974543915E0,9.767746253E0
2.289282254E1,-5.477559357E0,7.936346283E0,1.948647766E0,9.838011839E0
2.290277554E1,-5.349874878E0,7.763755188E0,1.915267181E0,9.621086436E0
2.291272754E1,-5.175337830E0,7.600444794E0,1.716330872E0,9.353965703E0
2.292268054E1,-5.090614014E0,7.616910553E0,2.111209717E0,9.401536251E0
2.293263354E1,-4.971910858E0,7.595205688E0,2.238145752E0,9.349670766E0
2.294258554E1,-4.984784088E0,7.454049225E0,2.309247894E0,9.259781212E0
2.295253854E1,-5.072801056E0,7.269183655E0,2.412383423E0,9.186617187E0
2.296249054E1,-5.177882538E0,7.209757233E0,2.257904663E0,9.159104781E0
2.297244354E1,-5.320535889E0,7.339986420E0,2.015708313E0,9.286903832E0
2.298239554E1,-5.331463165E0,7.499255219E0,1.892364807E0,9.393847608E0
2.299234854E1,-5.254523163E0,7.726183319E0,1.918410645E0,9.538564973E0
2.300230054E1,-5.213658142E0,7.828869781E0,2.044298859E0,9.625621596E0
2.301225354E1,-5.192851410E0,7.787855072E0,2.186203766E0,9.612277529E0
2.302220654E1,-5.200784912E0,7.610024872E0,2.339485016E0,9.509670467E0
2.303215854E1,-5.194048920E0,7.385042725E0,2.424358521E0,9.348503327E0
2.304211154E1,-5.213209076E0,7.132817230E0,2.379451904E0,9.149667856E0
2.305206354E1,-5.238955536E0,6.937024384E0,2.005978546E0,8.921485994E0
2.306201654E1,-5.336253204E0,6.754703522E0,1.778002625E0,8.789932381E0
2.307196854E1,-5.477259979E0,6.604715424E0,1.765279083E0,8.760071515E0
2.308192154E1,-5.625751190E0,6.633305969E0,1.785187683E0,8.879004426E0
2.309187454E1,-5.770200806E0,6.748865662E0,1.943708038E0,9.089576778E0
2.310182654E1,-5.842500458E0,6.941515045E0,1.819167023E0,9.253583705E0
2.311177954E1,-5.890400848E0,7.039411469E0,1.688788147E0,9.332852800E0
2.312173154E1,-5.774990845E0,7.090455322E0,1.665287018E0,9.295066260E0
2.313168454E1,-5.606591034E0,7.229516144E0,1.760938110E0,9.316687701E0
2.314163654E1,-5.444029083E0,7.402107239E0,1.930685120E0,9.389152745E0
2.315158954E1,-5.318739624E0,7.583679657E0,2.030826874E0,9.482902832E0
2.316154154E1,-5.287604370E0,7.733967133E0,2.085163879E0,9.597964158E0
2.317149454E1,-5.174589386E0,7.773035889E0,2.174078979E0,9.587652562E0
2.318144754E1,-5.020410004E0,7.672295380E0,2.293979645E0,9.451506526E0
2.319139954E1,-4.955894165E0,7.516469421E0,2.366279297E0,9.308999799E0
2.320135317E1,-5.046306152E0,7.404951324E0,2.398462372E0,9.276374920E0
2.321130517E1,-5.232369232E0,7.355404358E0,2.442171478E0,9.351142314E0
2.322125817E1,-5.351521454E0,7.358847198E0,2.510579224E0,9.438984161E0
2.323121017E1,-5.353916473E0,7.467221832E0,2.622696075E0,9.555226748E0
2.324116317E1,-5.285209351E0,7.544012146E0,2.657723236E0,9.586920775E0
2.325111517E1,-5.210065613E0,7.630083160E0,2.782863007E0,9.649211327E0
2.326106817E1,-5.127287750E0,7.640112305E0,2.749781799E0,9.603212777E0
2.327102117E1,-5.024900665E0,7.648045807E0,2.626737671E0,9.520608287E0
2.328097317E1,-5.221292267E0,7.607779541E0,2.452350311E0,9.547472154E0
2.329092617E1,-5.479954376E0,7.450157318E0,2.333347778E0,9.538304665E0
2.330087817E1,-5.570965118E0,7.442373505E0,2.057022400E0,9.521340078E0
2.331083117E1,-5.581443329E0,7.506140900E0,2.076332245E0,9.581535181E0
2.332078317E1,-5.462889862E0,7.757917328E0,2.043700104E0,9.705934114E0
2.333073617E1,-5.331912231E0,7.887098694E0,2.054627380E0,9.739461357E0
2.334068817E1,-5.375771027E0,7.943830719E0,2.089654541E0,9.816823148E0
2.335064117E1,-5.510490875E0,7.925718384E0,2.084116058E0,9.875528408E0
2.336059417E1,-5.607040100E0,7.965385895E0,2.039359131E0,9.952148351E0
2.337054617E1,-5.683381348E0,8.045469360E0,2.153272247E0,1.008300462E1
2.338049917E1,-5.692063293E0,8.182883606E0,2.247426453E0,1.021812577E1
2.339045117E1,-5.685776367E0,8.273744659E0,2.420765991E0,1.032681033E1
2.340040417E1,-5.761668549E0,8.297994232E0,2.490820312E0,1.040469695E1
2.341035617E1,-5.894891510E0,8.266858978E0,2.532433777E0,1.046441227E1
2.342030917E1,-6.014043732E0,8.256231079E0,2.611170044E0,1.054287829E1
2.343026117E1,-6.138285370E0,8.285570068E0,2.654729462E0,1.064785458E1
2.344021417E1,-6.147416382E0,8.320447540E0,2.605481873E0,1.066813532E1
2.345016717E1,-6.112987976E0,8.300838318E0,2.564916229E0,1.062315085E1
2.346011917E1,-6.121819611E0,8.188871155E0,2.553240509E0,1.053818406E1
2.347007217E1,-6.118376770E0,8.047115936E0,2.629581757E0,1.044534870E1
2.348002417E1,-6.163133698E0,7.912994843E0,2.642005920E0,1.037207306E1
2.348997717E1,-6.089037781E0,7.808811493E0,2.713856506E0,1.026737236E1
2.349992917E1,-5.926176453E0,7.772736511E0,2.783761139E0,1.016288966E1
2.350988217E1,-5.886658630E0,7.834707642E0,2.677931213E0,1.015907029E1
2.351983517E1,-5.961802368E0,7.936645660E0,2.559976501E0,1.025119074E1
2.352978717E1,-5.964496765E0,7.978708191E0,2.499951324E0,1.027057752E1
2.353974017E1,-5.925727386E0,8.055498505E0,2.431244202E0,1.029156206E1
2.354969217E1,-5.889353027E0,8.177195435E0,2.363135834E0,1.035062391E1
2.355964517E1,-5.933361511E0,8.219257965E0,2.205513611E0,1.037426000E1
2.356959717E1,-5.925577698E0,8.304430847E0,2.164349213E0,1.042882785E1
2.357955017E1,-5.914500732E0,8.361611938E0,2.364033966E0,1.051125729E1
2.358950217E1,-5.920188904E0,8.368048553E0,2.455493774E0,1.054050867E1
2.359945517E1,-5.999972992E0,8.396339722E0,2.388283539E0,1.059254903E1
2.360940817E1,-6.015540619E0,8.474926300E0,2.395767975E0,1.066540243E1
2.361936017E1,-6.046077118E0,8.641829224E0,2.277962952E0,1.079005913E1
2.362931317E1,-6.053860931E0,8.772357788E0,2.144440613E0,1.087207979E1
2.363926517E1,-5.975424042E0,8.806935883E0,2.194137268E0,1.086655651E1
2.364921817E1,-5.886359253E0,8.787925415E0,2.333198090E0,1.083146674E1
2.365917017E1,-5.836812286E0,8.664432220E0,2.393822021E0,1.071779582E1
2.366912317E1,-5.885012054E0,8.545579376E0,2.495760040E0,1.067188418E1
2.367907517E1,-5.690416718E0,8.419391785E0,2.597248993E0,1.048869405E1
2.368902817E1,-5.579347687E0,8.397237854E0,2.307301941E0,1.034245457E1
2.369898117E1,-5.540129242E0,8.492290192E0,2.340682526E0,1.040628749E1
2.370893317E1,-5.614674225E0,8.543334045E0,2.247576141E0,1.046731684E1
2.371888617E1,-5.682333527E0,8.521180115E0,2.280357971E0,1.049282885E1
2.372883817E1,-5.629942474E0,8.506061554E0,2.272125092E0,1.045044917E1
2.373879117E1,-5.570815430E0,8.401429138E0,2.134561157E0,1.030409372E1
2.374874317E1,-5.421126709E0,8.299640808E0,2.179467773E0,1.015001143E1
2.375869617E1,-5.280569000E0,8.276439056E0,2.145937500E0,1.004932337E1
2.376864817E1,-5.184618530E0,8.281378784E0,2.087858276E0,9.991028779E0
2.377860117E1,-5.123096466E0,8.294850769E0,2.006577301E0,9.953743976E0
2.378855417E1,-4.993316345E0,8.280780029E0,1.902543640E0,9.855160999E0
2.379850617E1,-4.808001709E0,8.234376526E0,1.782343597E0,9.700442562E0
2.380845917E1,-4.682861938E0,8.153544617E0,1.572929077E0,9.533288605E0
2.381841117E1,-4.522395630E0,8.045469360E0,1.519490204E0,9.353635119E0
2.382836417E1,-4.358336792E0,7.987839203E0,1.620530090E0,9.242661548E0
2.383831617E1,-4.273014221E0,7.981701965E0,1.806593170E0,9.232009298E0
2.384826917E1,-4.340224457E0,8.035290527E0,2.014211426E0,9.352031323E0
2.385822117E1,-4.322411499E0,8.061935120E0,2.254761200E0,9.421358029E0
2.386817417E1,-4.427193604E0,8.124055939E0,2.380649414E0,9.553419269E0
2.387812717E1,-4.397106171E0,8.124355316E0,2.263293457E0,9.511161299E0
2.388807917E1,-4.260739746E0,8.008496246E0,2.131268005E0,9.318380687E0
2.389803217E1,-4.131259003E0,7.801626434E0,2.096689911E0,9.073521067E0
2.390798417E1,-4.239483948E0,7.543712769E0,2.024090881E0,8.886943815E0
2.391793717E1,-4.457730103E0,7.331603851E0,1.950294342E0,8.799285239E0
2.392788917E1,-4.658762054E0,7.289990387E0,1.834435272E0,8.843821374E0
2.393784217E1,-4.947810974E0,7.410040741E0,1.749861145E0,9.080283654E0
2.394779417E1,-5.173840942E0,7.666457520E0,1.818867645E0,9.426106328E0
2.395774717E1,-5.165308685E0,7.948022003E0,1.811383209E0,9.650522095E0
2.396770017E1,-4.965474243E0,8.095016327E0,1.703008575E0,9.648080742E0
2.397765217E1,-4.627177734E0,8.107739868E0,1.763782196E0,9.500376160E0
2.398760517E1,-4.217330017E0,7.861651611E0,2.080673218E0,9.160820900E0
2.399755717E1,-3.893104248E0,7.508835297E0,2.180066528E0,8.734503894E0
2.400751017E1,-3.839815063E0,7.218139801E0,2.128423920E0,8.448426498E0
2.401746217E1,-4.105063477E0,7.062762909E0,2.093696136E0,8.433132844E0
2.402741517E1,-4.394860840E0,7.100185089E0,1.995799713E0,8.585490469E0
2.403736717E1,-4.497696991E0,7.343129883E0,1.732646942E0,8.783672360E0
2.404732017E1,-4.577181702E0,7.527696075E0,1.469643860E0,8.931777741E0
2.405727317E1,-4.472698975E0,7.604935455E0,1.758543091E0,8.996252175E0
2.406722517E1,-4.340673523E0,7.745044098E0,2.051932983E0,9.112496018E0
2.407717817E1,-4.348157959E0,7.952063599E0,2.361489258E0,9.365811477E0
2.408713017E1,-4.296964417E0,8.194858704E0,3.219055939E0,9.797036976E0
2.409708317E1,-4.423900452E0,8.223449249E0,3.369493103E0,9.927209907E0
2.410703517E1,-4.791835327E0,8.219707031E0,2.970422974E0,9.967380906E0
2.411698817E1,-5.064268799E0,8.203989716E0,2.741698608E0,1.002343140E1
2.412694017E1,-5.356161804E0,8.251740417E0,2.638114014E0,1.018525084E1
2.413689317E1,-5.554050293E0,8.253836060E0,2.388732605E0,1.023129160E1
2.414684617E1,-5.512586517E0,8.193361816E0,2.343227234E0,1.014940894E1
2.415679817E1,-5.271887054E0,8.093519440E0,2.656226349E0,1.001765384E1
2.416675117E1,-4.913532257E0,7.991731110E0,2.879861298E0,9.813468625E0
2.417670317E1,-4.659809875E0,7.982899475E0,3.038082275E0,9.729874409E0
2.418665617E1,-4.571942596E0,8.031398621E0,3.030747528E0,9.725813770E0
2.419660817E1,-4.520299988E0,8.133037262E0,3.059038696E0,9.794749860E0
2.420656117E1,-4.486021271E0,8.218958588E0,3.167862396E0,9.884888430E0
2.421651317E1,-4.535867615E0,8.210576019E0,3.159479828E0,9.897977893E0
2.422646617E1,-4.538711700E0,8.138725433E0,3.126847687E0,9.829340366E0
2.423641917E1,-4.564009094E0,8.096213837E0,2.976859589E0,9.759126524E0
2.424637117E1,-4.604874115E0,8.070018311E0,3.027154999E0,9.772089261E0
2.425632417E1,-4.605921936E0,8.072712708E0,3.104244690E0,9.798956191E0
2.426627617E1,-4.594545593E0,8.126750336E0,3.213816833E0,9.873324611E0
2.427622917E1,-4.595443726E0,8.199948120E0,3.206033020E0,9.931560800E0
2.428618117E1,-4.572840729E0,8.329877930E0,3.267704773E0,1.004866325E1
2.429613417E1,-4.589755554E0,8.364156647E0,3.391796722E0,1.012567319E1
2.430608617E1,-4.607867889E0,8.332123260E0,3.231779480E0,1.005490543E1
2.431603917E1,-4.599485321E0,8.365054779E0,3.211122437E0,1.007177809E1
2.432599217E1,-4.580923920E0,8.408015442E0,3.190166016E0,1.009241036E1
2.433594417E1,-4.610113220E0,8.439749451E0,3.073857880E0,1.009609414E1
2.434589717E1,-4.657863922E0,8.490044861E0,3.058140564E0,1.015523421E1
2.435584917E1,-4.762047272E0,8.502918091E0,2.947221222E0,1.018149415E1
2.436580217E1,-4.896318054E0,8.457861786E0,2.976410522E0,1.021608419E1
2.437575417E1,-4.899162140E0,8.469986572E0,2.971171417E0,1.022596312E1
2.438570717E1,-4.799619141E0,8.603209534E0,2.923570404E0,1.027612875E1
2.439565917E1,-4.606520691E0,8.703351288E0,2.825823669E0,1.024468818E1
2.440561217E1,-4.398752747E0,8.785380707E0,2.797682190E0,1.021562360E1
2.441556517E1,-4.154909821E0,8.859776001E0,2.948568420E0,1.022022319E1
2.442551717E1,-3.957470398E0,8.748706970E0,3.023712158E0,1.006698966E1
2.443547017E1,-4.104614410E0,8.575217743E0,3.244652710E0,1.004539646E1
2.444542217E1,-4.248764648E0,8.319549408E0,3.799848175E0,1.008492685E1
2.445537517E1,-4.251608734E0,8.114775238E0,3.399281158E0,9.771431133E0
2.446532717E1,-4.489464111E0,8.214018860E0,2.754871216E0,9.757802481E0
2.447528017E1,-4.702321472E0,8.458011475E0,3.283122711E0,1.021903518E1
2.448523217E1,-4.944068756E0,8.541837158E0,3.052153015E0,1.033065515E1
2.449518517E1,-5.068909149E0,8.587641907E0,2.621797943E0,1.031092905E1
2.450513817E1,-5.090614014E0,8.543783112E0,2.606080627E0,1.028115933E1
2.451509017E1,-5.034630432E0,8.369994507E0,2.721041565E0,1.013944667E1
2.452504317E1,-4.942871246E0,8.316106567E0,2.842289429E0,1.008306569E1
2.453499517E1,-4.857398987E0,8.398884430E0,2.800675964E0,1.009848357E1
2.454494817E1,-4.680616608E0,8.603658600E0,2.922223206E0,1.022108123E1
2.455490017E1,-4.526586914E0,8.637338562E0,3.018772430E0,1.020816308E1
2.456485317E1,-4.468657379E0,8.518934784E0,3.011287994E0,1.008012917E1
2.457480517E1,-4.349505157E0,8.311915283E0,3.160527649E0,9.899245719E0
2.458475817E1,-4.314777374E0,8.132887573E0,2.997067566E0,9.682126732E0
2.459471117E1,-4.561015320E0,8.099656677E0,2.680326233E0,9.674267298E0
2.460466317E1,-4.917573853E0,8.140821075E0,2.512974243E0,9.837201834E0
2.461461617E1,-5.325325928E0,8.198301544E0,2.349065094E0,1.005432003E1
2.462456817E1,-5.577551422E0,8.241561584E0,2.309247894E0,1.021592106E1
2.463452117E1,-5.535788269E0,8.311316528E0,2.280657349E0,1.024325789E1
2.464447317E1,-5.276527405E0,8.382268982E0,2.286644897E0,1.016528011E1
2.465442617E1,-4.914430389E0,8.486751709E0,2.338287506E0,1.008187329E1
2.466437817E1,-4.666246490E0,8.499774628E0,2.523452454E0,1.001937310E1
2.467433117E1,-4.633314972E0,8.335865479E0,2.543510742E0,9.870344867E0
2.468428317E1,-4.611460419E0,8.036488037E0,2.629881134E0,9.631561760E0
2.469423617E1,-4.641098785E0,7.811056824E0,2.626887360E0,9.457956642E0
2.470418917E1,-4.750670929E0,7.597451019E0,2.542163544E0,9.314114652E0
2.471414117E1,-4.839586029E0,7.389383698E0,2.418820038E0,9.158344541E0
2.472409417E1,-4.904850311E0,7.377558289E0,2.301314392E0,9.153249194E0
2.473404617E1,-4.851860504E0,7.571405182E0,2.323468323E0,9.287907828E0
2.474399917E1,-4.681814117E0,7.803422699E0,2.305805054E0,9.387732750E0
2.475395117E1,-4.489464111E0,7.938441925E0,2.359842682E0,9.420350614E0
2.476390417E1,-4.355941772E0,7.989485779E0,2.469863892E0,9.429015822E0
2.477385617E1,-4.292174377E0,8.090076599E0,2.387235718E0,9.464195404E0
2.478380917E1,-4.197271729E0,8.105644226E0,2.374811554E0,9.431770152E0
2.479376217E1,-4.187991028E0,8.034093018E0,2.496957550E0,9.397910218E0
2.480371417E1,-4.315974884E0,7.969726868E0,2.635120239E0,9.438646313E0
2.481366717E1,-4.595892792E0,8.027506714E0,2.336491241E0,9.540560042E0
2.482361917E1,-4.899910583E0,8.064180450E0,1.928140411E0,9.631087971E0
2.483357217E1,-4.974455566E0,8.084538116E0,1.988614655E0,9.698430439E0
2.484352417E1,-4.866380310E0,8.256829834E0,1.852697296E0,9.761628117E0
2.485347717E1,-4.842430115E0,8.480913849E0,1.651964722E0,9.904747173E0
2.486342917E1,-4.809199219E0,8.545279999E0,2.056273956E0,1.001890563E1
2.487338217E1,-4.903802490E0,8.452323303E0,1.957778778E0,9.966039626E0
2.488333517E1,-4.909340973E0,8.353528748E0,1.869462433E0,9.868027215E0
2.489328717E1,-4.871170349E0,8.312963104E0,2.115101624E0,9.864446818E0
2.490324017E1,-4.856650543E0,8.266559601E0,2.083517303E0,9.811427342E0
2.491319217E1,-4.792883148E0,8.233777771E0,1.999691620E0,9.734762032E0
2.492314517E1,-4.651427307E0,8.299191742E0,2.181563416E0,9.760716085E0
2.493309717E1,-4.478087769E0,8.364605713E0,2.368524628E0,9.779049428E0
2.494305017E1,-4.307592316E0,8.344846802E0,2.365530853E0,9.684397551E0
2.495300217E1,-4.206402740E0,8.275989990E0,2.189496918E0,9.538329575E0
2.496295517E1,-4.225263519E0,8.215815125E0,1.958078156E0,9.443862559E0
2.497290717E1,-4.311184845E0,8.282725983E0,1.907183990E0,9.530331329E0
2.498286017E1,-4.464017029E0,8.283624115E0,1.824855194E0,9.585195511E0
2.499281317E1,-4.656367035E0,8.362210693E0,1.713786163E0,9.723445102E0
2.500276517E1,-4.698878632E0,8.483308868E0,1.723815308E0,9.849747660E0
2.501271817E1,-4.624333649E0,8.681496735E0,1.497785339E0,9.949683823E0
2.502267017E1,-4.628524933E0,8.825347595E0,1.271905060E0,1.004628019E1
2.503262317E1,-4.623136139E0,8.818910980E0,1.225950623E0,1.003242411E1
2.504257517E1,-4.686753845E0,8.774004364E0,9.581575012E-1,9.993341783E0
2.505252817E1,-4.856201477E0,8.812324677E0,7.294331360E-1,1.008820260E1
2.506248017E1,-4.747228088E0,9.125922546E0,8.650511169E-1,1.032312696E1
2.507243317E1,-4.596940613E0,9.482630768E0,7.768844604E-1,1.056672602E1
2.508238617E1,-4.431384888E0,9.695637817E0,7.466473389E-1,1.068644220E1
2.509233817E1,-4.055366821E0,9.990225220E0,9.578581238E-1,1.082442110E1
2.510229117E1,-3.821253662E0,9.950857086E0,1.215173035E0,1.072838207E1
2.511224317E1,-3.642675018E0,9.592651978E0,1.249002686E0,1.033673357E1
2.512219617E1,-3.392994232E0,9.342372437E0,1.232836304E0,1.001559873E1
2.513214817E1,-3.274740143E0,9.218579865E0,1.238374786E0,9.861019716E0
2.514210117E1,-3.259771271E0,9.093140717E0,1.008752289E0,9.712306524E0
2.515205317E1,-3.266507263E0,9.276958466E0,1.028361511E0,9.888860170E0
2.516200617E1,-3.451971588E0,9.202263794E0,1.267564087E0,9.909817632E0
2.517195917E1,-3.559298401E0,9.140142975E0,1.523232422E0,9.926281062E0
2.518191117E1,-3.653901672E0,9.044192505E0,1.999541931E0,9.957237741E0
2.519186417E1,-3.942651215E0,8.945397949E0,2.477048950E0,1.008466234E1
2.520181546E1,-4.392914886E0,8.447383575E0,2.469265137E0,9.836323540E0
2.521176846E1,-4.567152557E0,8.022417297E0,2.546504517E0,9.576155128E0
2.522172046E1,-4.578977966E0,8.042475586E0,2.590063934E0,9.610248902E0
2.523167346E1,-4.422553253E0,8.260272675E0,2.052082672E0,9.591773831E0
2.524162546E1,-4.425397339E0,8.486452332E0,1.466799774E0,9.682743225E0
2.525157846E1,-4.296814728E0,8.694669342E0,1.423390045E0,9.802343138E0
2.526153046E1,-4.047882385E0,8.822054443E0,1.692530365E0,9.852850118E0
2.527148346E1,-4.030368805E0,8.713979187E0,2.031425629E0,9.813459943E0
2.528143646E1,-3.980672150E0,8.529113617E0,2.393971710E0,9.711983855E0
2.529138846E1,-3.892056427E0,8.564889221E0,2.464175720E0,9.725101161E0
2.530134146E1,-3.835025024E0,8.638835449E0,2.308499451E0,9.729648738E0
2.531129346E1,-3.821553040E0,8.937165070E0,2.053579559E0,9.934504322E0
2.532124646E1,-3.968098297E0,9.348809052E0,2.087708588E0,1.036844067E1
2.533119846E1,-3.937711487E0,9.212442627E0,2.270478516E0,1.027276709E1
2.534115146E1,-4.116739197E0,9.421707458E0,2.191143494E0,1.051271720E1
2.535110346E1,-4.703968048E0,9.676777039E0,2.682870941E0,1.108896414E1
2.536105646E1,-4.802014160E0,9.373807068E0,2.378254395E0,1.079739288E1
2.537100946E1,-4.245920563E0,8.817264404E0,2.443219299E0,1.008668992E1
2.538096146E1,-3.920646973E0,8.858279114E0,2.533032532E0,1.001283353E1
2.539091446E1,-3.548969879E0,8.680149536E0,2.023941193E0,9.593566653E0
2.540086646E1,-3.019371185E0,8.415499878E0,1.511107635E0,9.067562343E0
2.541081946E1,-3.051853638E0,8.417595520E0,1.587897949E0,9.093467153E0
2.542077146E1,-3.249742126E0,8.516090698E0,1.690135345E0,9.270446707E0
2.543072446E1,-3.506607971E0,8.620423737E0,1.898202667E0,9.497956529E0
2.544067646E1,-3.865112457E0,8.974587250E0,2.334395599E0,1.004647766E1
2.545062946E1,-4.257296906E0,9.405241699E0,2.537822571E0,1.063126012E1
2.546058246E1,-4.344715118E0,9.423503723E0,2.244881744E0,1.061689531E1
2.547053446E1,-4.228706360E0,9.396859131E0,1.989812164E0,1.049486882E1
2.548048746E1,-4.110452271E0,9.520352325E0,1.876048737E0,1.053814429E1
2.549043946E1,-4.133354645E0,9.571845245E0,1.699416046E0,1.056375203E1
2.550039246E1,-4.166884918E0,9.372459869E0,1.897005157E0,1.043094255E1
2.551034446E1,-4.163591766E0,9.073980560E0,2.098037109E0,1.020168512E1
2.552029746E1,-4.058360596E0,8.710686035E0,2.197131042E0,9.857673496E0
2.553024946E1,-3.885021057E0,8.415799255E0,2.119741974E0,9.508542042E0
2.554020246E1,-3.744912415E0,8.184829559E0,2.266436920E0,9.281839269E0
2.555015446E1,-3.750450897E0,8.171207886E0,2.231559448E0,9.263605012E0
2.556010746E1,-3.810176697E0,8.243058472E0,2.012415161E0,9.301358729E0
2.557006046E1,-3.870950317E0,8.373437347E0,1.819616089E0,9.402643888E0
2.558001246E1,-3.997736664E0,8.466843109E0,1.814826050E0,9.537448519E0
2.558996546E1,-4.082310791E0,8.444838867E0,1.826950836E0,9.556061649E0
2.559991746E1,-4.064348145E0,8.374934235E0,1.854194183E0,9.491916842E0
2.560987046E1,-4.364474030E0,8.810378723E0,1.910626831E0,1.001608215E1
2.561982246E1,-4.310735779E0,9.219627686E0,2.535577240E0,1.048871439E1
2.562977546E1,-4.051325226E0,9.103020172E0,2.441273346E0,1.025855876E1
2.563972746E1,-4.036356354E0,8.979676666E0,1.678609314E0,9.987216573E0
2.564968046E1,-4.026626587E0,8.966803436E0,1.438807983E0,9.934155925E0
2.565963346E1,-3.859274597E0,9.154513092E0,1.182690582E0,1.000489217E1
2.566958546E1,-3.815715179E0,9.126221924E0,1.437610474E0,9.995715723E0
2.567953846E1,-3.960613861E0,8.901239777E0,1.926194458E0,9.931201176E0
2.568949046E1,-3.937711487E0,8.725654907E0,1.993704071E0,9.778419158E0
2.569944346E1,-3.854035492E0,8.661139069E0,1.966311035E0,9.681699160E0
2.570939546E1,-3.653003540E0,8.731043701E0,1.861977997E0,9.645855122E0
2.571934846E1,-3.822750549E0,8.905580750E0,1.730850677E0,9.844726218E0
2.572930046E1,-4.549339600E0,9.117989044E0,1.922901306E0,1.036975238E1
2.573925346E1,-5.375172272E0,9.399104462E0,2.041754150E0,1.101836656E1
2.574920546E1,-5.512436829E0,9.480984192E0,2.035467224E0,1.115433314E1
2.575915846E1,-4.883145447E0,9.029672699E0,1.886077881E0,1.043730752E1
2.576911146E1,-4.456083527E0,8.905131683E0,2.011517029E0,1.015894933E1
2.577906346E1,-4.248764648E0,8.515042877E0,2.243534546E0,9.777085634E0
2.578901646E1,-3.928730164E0,8.151299286E0,2.128872986E0,9.295735632E0
2.579896846E1,-3.752247162E0,8.140372009E0,1.940714264E0,9.171226039E0
2.580892146E1,-3.836222534E0,8.140372009E0,2.046693878E0,9.228825256E0
2.581887346E1,-4.002377014E0,8.489895172E0,2.101180573E0,9.618331539E0
2.582882646E1,-4.059857483E0,8.406518555E0,1.991458740E0,9.545569910E0
2.583877846E1,-4.287234650E0,8.132887573E0,1.907333679E0,9.389470858E0
2.584873146E1,-4.654720459E0,8.428822174E0,2.018253021E0,9.837927172E0
2.585868446E1,-4.586312714E0,8.387508087E0,1.797611847E0,9.727073793E0
2.586863646E1,-4.692591705E0,8.482560425E0,1.893562317E0,9.877237798E0
2.587858946E1,-5.025649109E0,8.735384674E0,2.458487549E0,1.037343990E1
2.588854146E1,-4.763095093E0,8.269553375E0,2.601440277E0,9.891414429E0
2.589849446E1,-4.634063416E0,7.801027679E0,2.453847198E0,9.399571409E0
2.590844646E1,-4.667294312E0,7.719297638E0,2.028282166E0,9.245816392E0
2.591839946E1,-4.687651978E0,8.012986908E0,1.780996399E0,9.452723863E0
2.592835146E1,-4.592749329E0,8.315507812E0,1.460512848E0,9.611145320E0
2.593830446E1,-4.470603333E0,8.514294434E0,1.511107635E0,9.734626348E0
2.594825646E1,-4.464466095E0,8.787626038E0,1.621727600E0,9.989185617E0
2.595820946E1,-4.496948547E0,8.563242645E0,1.717378693E0,9.823495326E0
2.596816246E1,-4.521796875E0,8.261919250E0,1.980232086E0,9.624306510E0
2.597811446E1,-4.294270020E0,7.922874298E0,2.114053802E0,9.256452648E0
2.598806746E1,-3.951782227E0,8.153694305E0,2.296674042E0,9.347407408E0
2.599801946E1,-4.105662231E0,8.716374207E0,2.445015564E0,9.940308988E0
2.600797246E1,-4.196373596E0,8.606203308E0,2.440674591E0,9.880950319E0
2.601792446E1,-4.238286438E0,8.258626099E0,2.277962952E0,9.558090404E0
2.602787746E1,-4.540507965E0,7.833959198E0,2.213746490E0,9.321362713E0
2.603782946E1,-4.826712799E0,6.920558624E0,2.575993195E0,8.821962880E0
2.604778246E1,-4.407434692E0,6.079158325E0,3.022963715E0,8.094439828E0
2.605773546E1,-4.307292938E0,5.354814606E0,2.881058807E0,7.451665033E0
2.606768746E1,-4.645589447E0,5.311105499E0,2.464924164E0,7.474302246E0
2.607764046E1,-5.168901215E0,5.905220032E0,2.724185028E0,8.307246683E0
2.608759246E1,-5.744304657E0,6.903793488E0,2.814297638E0,9.411677412E0
2.609754546E1,-6.126310272E0,7.716453552E0,2.887794800E0,1.026716571E1
2.610749746E1,-6.205495605E0,8.074508972E0,2.946472778E0,1.060130052E1
2.611745046E1,-6.112538910E0,7.895780640E0,3.144361267E0,1.046869102E1
2.612740246E1,-6.009253693E0,7.746540985E0,3.211421814E0,1.031664952E1
2.613735546E1,-5.933062134E0,7.885601807E0,3.084336090E0,1.033910399E1
2.614730746E1,-5.859265594E0,8.195457458E0,2.846031647E0,1.046883052E1
2.615726046E1,-5.716163177E0,8.790470123E0,2.833308105E0,1.086160767E1
2.616721346E1,-5.567522278E0,8.903485107E0,2.995420990E0,1.091979388E1
2.617716546E1,-5.587430878E0,8.434959412E0,2.892584839E0,1.052306852E1
2.618711846E1,-6.171516266E0,8.459059296E0,2.738555145E0,1.082326113E1
2.619707096E1,-6.779701538E0,8.716374207E0,2.379451904E0,1.129607558E1
2.620702396E1,-7.291487274E0,9.003776550E0,2.141895905E0,1.178225347E1
2.621697596E1,-7.511380005E0,9.148375854E0,1.971699829E0,1.200005044E1
2.622692896E1,-7.307803345E0,9.000782776E0,1.722019043E0,1.172106778E1
2.623688096E1,-6.916816406E0,8.793763275E0,1.556912384E0,1.129586641E1
2.624683396E1,-6.620133362E0,8.697663116E0,1.625020752E0,1.105061998E1
2.625678696E1,-6.465953979E0,8.444988556E0,1.877545624E0,1.080053564E1
2.626673896E1,-6.356381836E0,8.060138855E0,2.227517853E0,1.050386901E1
2.627669196E1,-6.312822418E0,7.795489197E0,2.289039917E0,1.028888150E1
2.628664396E1,-6.302942963E0,7.617958374E0,2.387235718E0,1.017149321E1
2.629659696E1,-6.214626617E0,7.487878876E0,2.511177979E0,1.004967307E1
2.630654896E1,-5.964496765E0,7.394323425E0,2.283501434E0,9.770650919E0
2.631650196E1,-5.593418427E0,7.211553497E0,2.174228668E0,9.381902997E0
2.632645396E1,-5.477259979E0,7.454647980E0,2.302511902E0,9.532770554E0
2.633640696E1,-5.520520020E0,7.838150482E0,2.298021240E0,9.858683781E0
2.634635896E1,-5.501359863E0,7.850275269E0,2.162552948E0,9.826923089E0
2.635631196E1,-5.347629547E0,7.563920746E0,1.974394226E0,9.471445053E0
2.636626496E1,-5.118456116E0,7.263495483E0,1.782792664E0,9.062853266E0
2.637621696E1,-5.152285767E0,7.165599060E0,1.439556427E0,8.942269355E0
2.638616996E1,-5.258415070E0,7.320526886E0,1.484163666E0,9.134756960E0
2.639612196E1,-5.173541565E0,7.657176819E0,1.472338257E0,9.357652970E0
2.640607496E1,-5.136867828E0,7.772137756E0,1.337768097E0,9.411862721E0
2.641602696E1,-5.230872345E0,7.960745544E0,1.656904449E0,9.668548364E0
2.642597996E1,-5.312752075E0,8.199499054E0,1.706152039E0,9.918068064E0
2.643593196E1,-5.561983795E0,8.375682678E0,1.723964996E0,1.020096953E1
2.644588496E1,-5.793252869E0,8.441845093E0,2.230511627E0,1.047863109E1
2.645583696E1,-5.772745514E0,8.431666260E0,2.185904388E0,1.044967773E1
2.646578996E1,-5.840704193E0,8.540340271E0,1.402882690E0,1.044123160E1
2.647574296E1,-5.899382172E0,8.754395142E0,9.107061768E-1,1.059582607E1
2.648569496E1,-5.951623535E0,9.268276520E0,6.938072205E-1,1.103649133E1
2.649564796E1,-5.764063568E0,9.447603607E0,8.954379272E-1,1.110330815E1
2.650559996E1,-5.172344055E0,9.054670715E0,1.254990234E0,1.050310455E1
2.651555296E1,-4.777016144E0,8.600066071E0,8.756790161E-1,9.876630670E0
2.652550496E1,-4.573289795E0,8.310568085E0,3.808081055E-1,9.493447016E0
2.653545796E1,-4.686454468E0,8.646768951E0,5.733078003E-2,9.835281165E0
2.654540996E1,-4.974455566E0,9.683513031E0,1.282832336E-1,1.088724434E1
2.655536296E1,-5.120252380E0,9.931846619E0,9.047186279E-1,1.121057882E1
2.656531596E1,-5.262306976E0,9.737400970E0,1.521885223E0,1.117251033E1
2.657526796E1,-5.223387909E0,9.487869873E0,1.426084442E0,1.092415547E1
2.658522096E1,-4.874613190E0,8.954828339E0,9.632469177E-1,1.024102773E1
2.659517296E1,-3.860023041E0,7.212301941E0,1.058748322E0,8.248516544E0
2.660512596E1,-3.603007507E0,6.770271149E0,7.679031372E-1,7.707652675E0
2.661507796E1,-3.733985138E0,7.014263763E0,7.062313843E-1,7.977549995E0
2.662503096E1,-3.581602020E0,6.686146088E0,7.250921631E-1,7.619591930E0
2.663498296E1,-3.704646149E0,6.770570526E0,2.772235107E-1,7.722815627E0
2.664493596E1,-3.898792419E0,6.801855469E0,1.739382935E-1,7.841943297E0
2.665488796E1,-3.968397675E0,6.531966705E0,4.917274475E-1,7.658757407E0
2.666484096E1,-4.450395355E0,7.144942017E0,1.310375061E0,8.518996305E0
2.667479396E1,-5.034331055E0,8.237669678E0,1.877246246E0,9.835026403E0
2.668474596E1,-5.318739624E0,8.668324127E0,1.962718506E0,1.035765892E1
2.669469896E1,-5.392985229E0,9.026229858E0,1.975591736E0,1.069860168E1
2.670465096E1,-5.424270172E0,9.222920837E0,2.299218750E0,1.094401126E1
2.671460396E1,-5.501509552E0,9.202413483E0,2.415377197E0,1.099022603E1
2.672455596E1,-5.423821106E0,9.132059784E0,2.336341553E0,1.087523991E1
2.673450896E1,-5.263354797E0,9.145681458E0,2.329006805E0,1.080604765E1
2.674446096E1,-5.020559692E0,8.946894836E0,2.359992371E0,1.052722712E1
2.675441396E1,-4.814288635E0,8.901389465E0,2.238894196E0,1.036459149E1
2.676436596E1,-4.668491821E0,8.935967560E0,1.728904724E0,1.022914677E1
2.677431896E1,-4.684508514E0,9.044791260E0,2.178869019E0,1.041634961E1
2.678427196E1,-4.660558319E0,9.271419983E0,1.889969788E0,1.054760722E1
2.679422396E1,-4.494553528E0,9.261091461E0,1.316063232E0,1.037790195E1
2.680417696E1,-4.284390564E0,8.953331451E0,1.934726715E0,1.011243364E1
2.681412896E1,-4.268224182E0,8.587043152E0,1.909429321E0,9.777574755E0
2.682408196E1,-4.384532318E0,8.382718048E0,1.521286469E0,9.581669898E0
2.683403396E1,-4.544699249E0,8.227939911E0,1.209035797E0,9.477080458E0
2.684398696E1,-4.601880341E0,8.249195709E0,1.260079651E0,9.529655463E0
2.685393896E1,-4.561913452E0,8.391849060E0,1.489253082E0,9.667060553E0
2.686389196E1,-4.568649445E0,8.601712646E0,1.666185150E0,9.881203932E0
2.687384396E1,-4.452041931E0,8.685837708E0,1.794318695E0,9.923912213E0
2.688379696E1,-4.332590332E0,8.716374207E0,1.988315277E0,9.934783135E0
2.689374996E1,-4.256548462E0,8.712931366E0,2.144739990E0,9.931429274E0
2.690370196E1,-4.149071960E0,8.696315918E0,2.274071045E0,9.900106454E0
2.691365496E1,-4.009711761E0,8.537795563E0,2.421215057E0,9.738276225E0
2.692360696E1,-3.890858917E0,8.331973572E0,2.342778168E0,9.489424443E0
2.693355996E1,-3.730841675E0,8.040230255E0,2.068997498E0,9.101935662E0
2.694351196E1,-3.688330078E0,7.827073517E0,1.688638458E0,8.815801634E0
2.695346496E1,-3.716321869E0,7.687863007E0,1.737436981E0,8.713952783E0
2.696341696E1,-3.784430237E0,7.639812927E0,2.053280182E0,8.769527541E0
2.697336996E1,-3.841311951E0,7.723788300E0,1.821112976E0,8.816407186E0
2.698332196E1,-3.873045959E0,7.788902893E0,1.836530914E0,8.890463378E0
2.699327496E1,-3.903881836E0,7.940836945E0,2.023192749E0,9.076920935E0
2.700322796E1,-3.925886078E0,8.115673370E0,2.133812714E0,9.264442371E0
2.701317996E1,-3.909270630E0,8.168962555E0,2.123035126E0,9.301700072E0
2.702313296E1,-3.886218567E0,8.143066406E0,2.071542206E0,9.257619152E0
2.703308496E1,-3.835174713E0,8.176297302E0,1.932331696E0,9.235491781E0
2.704303796E1,-3.804338837E0,8.288713531E0,1.925446014E0,9.321110897E0
2.705298996E1,-3.906276855E0,8.412506104E0,1.921703796E0,9.472180493E0
2.706294296E1,-4.014202423E0,8.625812531E0,1.968855743E0,9.715701511E0
2.707289496E1,-4.002077637E0,8.777447205E0,1.954785004E0,9.842834411E0
2.708284796E1,-3.927083588E0,8.968450012E0,1.876797180E0,9.968823841E0
2.709279996E1,-3.781286774E0,9.098080444E0,1.926942902E0,1.003923834E1
2.710275296E1,-3.653452606E0,9.137298889E0,1.991309052E0,1.004008260E1
2.711270596E1,-3.594774628E0,9.101672974E0,1.957329712E0,9.979679110E0
2.712265796E1,-3.608096924E0,9.004375305E0,1.912572784E0,9.887116501E0
2.713261096E1,-3.703149261E0,8.827892303E0,2.123633881E0,9.805856303E0
2.714256296E1,-3.891607361E0,8.649762726E0,2.448757782E0,9.795887797E0
2.715251596E1,-4.182452545E0,8.586743774E0,2.449057159E0,9.860170329E0
2.716246796E1,-4.279750214E0,8.513995056E0,2.728975067E0,9.912198476E0
2.717242096E1,-4.307442627E0,8.542735291E0,2.061812439E0,9.786902409E0
2.718237296E1,-4.344415741E0,8.618777161E0,1.579365692E0,9.780166863E0
2.719232596E1,-4.275858307E0,8.746461639E0,1.975142670E0,9.934019531E0
2.720227779E1,-4.181255035E0,8.999585266E0,2.130220184E0,1.014954515E1
2.721223079E1,-4.236190796E0,9.117090912E0,2.125130768E0,1.027535109E1
2.722218379E1,-4.289779358E0,9.150022430E0,2.363884277E0,1.037849056E1
2.723213579E1,-4.354893951E0,9.084159393E0,2.311193848E0,1.033579558E1
2.724208879E1,-4.367318115E0,8.941056976E0,2.208357697E0,1.019278230E1
2.725204079E1,-4.254452820E0,8.792715454E0,2.394420776E0,1.005711016E1
2.726199379E1,-4.073928223E0,8.764723663E0,2.561174011E0,9.998844152E0
2.727194579E1,-4.077371063E0,8.767418060E0,2.559228058E0,1.000211090E1
2.728189879E1,-3.931723938E0,8.851393433E0,2.513123932E0,1.000606869E1
2.729185079E1,-3.967200165E0,9.063352661E0,2.780168610E0,1.027678822E1
2.730180379E1,-4.092789001E0,9.044791260E0,2.691103821E0,1.028597154E1
2.731175579E1,-4.342170410E0,8.865913239E0,2.453098755E0,1.017234265E1
2.732170879E1,-4.592000885E0,8.795709229E0,1.833686829E0,1.009026166E1
2.733166179E1,-4.713997192E0,8.744665375E0,9.870474243E-1,9.983246199E0
2.734161379E1,-4.281546478E0,8.481213226E0,3.386108551E0,1.008604725E1
2.735156679E1,-7.978857880E0,8.079149323E0,-3.254232788E-1,1.135960946E1
2.736151879E1,-7.447163544E0,7.319179688E0,-9.020242310E-1,1.048066238E1
2.737147179E1,-4.506528625E0,7.114106140E0,5.847889252E0,1.025266381E1
2.738142379E1,-9.791139221E-1,7.286248169E0,4.160597992E0,8.447405051E0
2.739137679E1,-1.378034363E0,7.811655579E0,2.527643738E0,8.325258221E0
2.740132879E1,-2.152972870E0,8.445138245E0,2.835104370E0,9.164795084E0
2.741128179E1,-3.022814026E0,8.781189423E0,2.359692993E0,9.582006227E0
2.742123379E1,-3.705244904E0,9.282496948E0,2.267484741E0,1.024866218E1
2.743118679E1,-3.900438995E0,9.812694397E0,1.941612396E0,1.073649172E1
2.744113979E1,-3.944297791E0,9.494007111E0,1.970801697E0,1.046793750E1
2.745109179E1,-4.088897095E0,9.111851807E0,2.071242828E0,1.019975341E1
2.746104479E1,-4.319567413E0,8.806486816E0,2.199076996E0,1.005230383E1
2.747099679E1,-4.578079834E0,8.223149872E0,2.249671783E0,9.676777972E0
2.748094979E1,-4.943170624E0,8.115673370E0,2.435884552E0,9.809822813E0
2.749090179E1,-5.377417603E0,8.258326721E0,2.341281281E0,1.012907589E1
2.750085479E1,-5.589077454E0,8.328830109E0,2.221380615E0,1.027335046E1
2.751080679E1,-5.729485474E0,8.578660583E0,1.977537689E0,1.050386008E1
2.752075979E1,-5.737418976E0,8.771609344E0,1.834285583E0,1.064066307E1
2.753071179E1,-5.577401733E0,8.819809113E0,1.672172699E0,1.056847219E1
2.754066479E1,-5.604794769E0,9.144633636E0,1.510508881E0,1.083142123E1
2.755061779E1,-5.673052826E0,9.311835938E0,1.810185699E0,1.105308053E1
2.756056979E1,-5.353018341E0,9.331445160E0,1.351389771E0,1.084236729E1
2.757052279E1,-4.964426422E0,9.169332275E0,1.379980316E0,1.051791471E1
2.758047479E1,-4.750221863E0,9.302555237E0,1.683249664E0,1.057995610E1
2.759042779E1,-4.653073883E0,8.429271240E0,1.408121796E0,9.730699728E0
2.760037979E1,-4.741689606E0,8.073311462E0,1.242715759E0,9.444909780E0
2.761033279E1,-4.796176300E0,8.271649017E0,9.358538818E-1,9.607252836E0
2.762028479E1,-4.725074158E0,8.259973297E0,7.979905701E-1,9.549359854E0
2.763023779E1,-4.764891357E0,8.199798431E0,8.677455139E-1,9.523332728E0
2.764018979E1,-4.964127045E0,8.056696014E0,9.918374634E-1,9.515074857E0
2.765014279E1,-4.955295410E0,8.088130646E0,9.912387085E-1,9.537052171E0
2.766009579E1,-4.873415680E0,8.267906799E0,1.080602875E0,9.657958677E0
2.767004779E1,-4.846322021E0,8.326584778E0,1.066981201E0,9.693157385E0
2.768000079E1,-4.848717041E0,8.452772369E0,8.794212341E-1,9.784313945E0
2.768995279E1,-4.837340698E0,8.661887512E0,7.803273010E-1,9.951737085E0
2.769990579E1,-4.865781555E0,8.747808838E0,8.587641907E-1,1.004676393E1
2.770985779E1,-4.919070740E0,8.792116699E0,9.530680847E-1,1.011963002E1
2.771981079E1,-4.968018951E0,8.761879578E0,1.129251709E0,1.013543070E1
2.772976279E1,-4.929548950E0,8.700507202E0,1.237326965E0,1.007622233E1
2.773971579E1,-4.816833344E0,8.628207550E0,1.346000977E0,9.972941773E0
2.774966779E1,-4.670737152E0,8.575966187E0,1.400038605E0,9.865246559E0
2.775962079E1,-4.623136139E0,8.467142487E0,1.231788483E0,9.725389067E0
2.776957379E1,-4.569846954E0,8.414601746E0,1.006956024E0,9.628238892E0
2.777952579E1,-4.567451935E0,8.308921509E0,9.125024414E-1,9.525358498E0
2.778947879E1,-4.648283844E0,8.171956329E0,9.735754395E-1,9.451733284E0
2.779943079E1,-4.690196686E0,8.047864380E0,9.604028320E-1,9.364210572E0
2.780938379E1,-4.673581238E0,7.949518890E0,9.047186279E-1,9.265836604E0
2.781933579E1,-4.512067108E0,7.915988617E0,7.505392456E-1,9.142479671E0
2.782928879E1,-4.388424225E0,7.980055389E0,7.183561707E-1,9.135402935E0
2.783924079E1,-4.279001770E0,8.114176483E0,6.878196716E-1,9.199065825E0
2.784919379E1,-4.240531769E0,8.352480927E0,6.146218872E-1,9.387428155E0
2.785914579E1,-4.242777100E0,8.671168213E0,5.996530151E-1,9.672119697E0
2.786909879E1,-4.299808502E0,8.894204407E0,5.622308350E-1,9.895015346E0
2.787905179E1,-4.472399597E0,8.951834564E0,5.789959717E-1,1.002361894E1
2.788900379E1,-4.651576996E0,8.883726196E0,5.677693176E-1,1.004390968E1
2.789895679E1,-4.793481903E0,8.835825806E0,7.355703735E-1,1.007920385E1
2.790890879E1,-4.811893616E0,8.777896271E0,8.625064087E-1,1.004737281E1
2.791886179E1,-4.843028870E0,8.744665375E0,4.114942932E-1,1.000467034E1
2.792881379E1,-4.812941437E0,8.812174988E0,3.585044861E-1,1.004725628E1
2.793876679E1,-4.884792023E0,8.945697327E0,7.258406067E-1,1.021829430E1
2.794871879E1,-4.883444824E0,9.168733521E0,2.128573608E-1,1.039033281E1
2.795867179E1,-4.782554626E0,9.360185394E0,3.053649902E-1,1.051566199E1
2.796862379E1,-4.786596222E0,9.630223846E0,4.617897034E-1,1.076410537E1
2.797857679E1,-4.820575562E0,9.847871246E0,3.878434753E-1,1.097127793E1
2.798852879E1,-4.863386536E0,9.718839569E0,2.995271301E-1,1.087189439E1
2.799848179E1,-4.884043579E0,9.462722168E0,3.623963928E-1,1.065496709E1
2.800843479E1,-4.826712799E0,9.277257843E0,2.671943665E-1,1.046116926E1
2.801838679E1,-4.648732910E0,9.141789551E0,-1.014889526E-1,1.025638015E1
2.802833979E1,-4.532873840E0,8.964258728E0,-3.132984924E-1,1.005002665E1
2.803829179E1,-4.490362244E0,8.842412109E0,-2.541714478E-1,9.920494348E0
2.804824479E1,-4.646786957E0,8.806935883E0,-9.220825195E-2,9.958074664E0
2.805819679E1,-4.820425873E0,8.884624329E0,6.960525513E-2,1.010830846E1
2.806814979E1,-4.932243347E0,8.965306549E0,8.352630615E-2,1.023282574E1
2.807810179E1,-5.122348022E0,8.997489624E0,8.232879639E-2,1.035374555E1
2.808805479E1,-5.179379425E0,9.112600250E0,8.681945801E-3,1.048167591E1
2.809800679E1,-5.180876312E0,9.156608734E0,-3.128494263E-2,1.052073864E1
2.810795979E1,-5.145549774E0,9.151818695E0,5.388793945E-2,1.049930340E1
2.811791279E1,-5.155279541E0,9.095236359E0,1.224453735E-1,1.045539212E1
2.812786479E1,-5.178630981E0,9.044192505E0,3.397933960E-2,1.042193799E1
2.813781779E1,-5.136568451E0,9.020691376E0,4.490661621E-3,1.038061793E1
2.814776979E1,-4.964426422E0,9.101672974E0,-2.080673218E-2,1.036756546E1
2.815772279E1,-4.755760345E0,9.197922821E0,-1.630110168E-1,1.035594579E1
2.816767479E1,-4.616998901E0,9.249116364E0,-1.923500061E-1,1.033923744E1
2.817762779E1,-4.366719360E0,9.270671539E0,-2.052232361E-1,1.024966855E1
2.818757979E1,-4.203259277E0,9.130113831E0,-3.817062378E-1,1.005843262E1
2.819753279E1,-4.170926514E0,8.923393707E0,-5.140310669E-1,9.863458378E0
2.820748479E1,-4.201313324E0,8.743467865E0,-4.275109863E-1,9.709893387E0
2.821743779E1,-4.310735779E0,8.614286499E0,-4.065545654E-1,9.641247920E0
2.822738979E1,-4.471950531E0,8.525072021E0,-3.930825806E-1,9.634817509E0
2.823734279E1,-4.627926178E0,8.520132294E0,-2.606080627E-1,9.699395423E0
2.824729579E1,-4.707261200E0,8.590635681E0,-1.895059204E-1,9.797614092E0
2.825724779E1,-4.761298828E0,8.615783386E0,-2.032772827E-1,9.845964226E0
2.826720079E1,-4.798721008E0,8.623716888E0,-1.980381775E-1,9.870938932E0
2.827715279E1,-4.792733459E0,8.600215759E0,-2.070195007E-1,9.847683088E0
2.828710579E1,-4.803211670E0,8.557255096E0,-1.715432739E-1,9.814626036E0
2.829705779E1,-4.827610931E0,8.519533539E0,-1.676513672E-1,9.793691133E0
2.830701079E1,-4.879552917E0,8.416847076E0,-3.224295044E-1,9.734336761E0
2.831696279E1,-4.840484161E0,8.242010651E0,-3.457809448E-2,9.558358757E0
2.832691579E1,-4.741240540E0,8.137527924E0,1.204994202E-1,9.418770762E0
2.833686779E1,-4.689747620E0,7.982600098E0,3.173400879E-2,9.258328364E0
2.834682079E1,-4.556075592E0,7.901468811E0,-1.683998108E-1,9.122466370E0
2.835677379E1,-4.460125122E0,7.940537567E0,-1.886077881E-1,9.109359245E0
2.836672579E1,-4.419709167E0,8.023614807E0,-2.664459229E-2,9.160400299E0
2.837667879E1,-4.387077026E0,8.005652161E0,1.935475159E-1,9.130956795E0
2.838663079E1,-4.364324341E0,7.903863831E0,3.040177917E-1,9.033870556E0
2.839658379E1,-4.371210022E0,7.778424683E0,2.136058044E-1,8.925076753E0
2.840653579E1,-4.355941772E0,7.778873749E0,1.369651794E-1,8.916493985E0
2.841648879E1,-4.375401306E0,7.958500214E0,-1.347198486E-3,9.081952657E0
2.842644079E1,-4.292174377E0,8.256979523E0,5.284011841E-2,9.306087459E0
2.843639379E1,-4.179009705E0,8.513396301E0,2.742297363E-1,9.487741599E0
2.844634579E1,-4.132007446E0,8.548124084E0,4.944218445E-1,9.507279519E0
2.845629879E1,-4.131558380E0,8.323291626E0,7.108717346E-1,9.319457965E0
2.846625179E1,-4.234244843E0,8.044571228E0,6.993457031E-1,9.117732176E0
2.847620379E1,-4.332141266E0,7.807164917E0,7.623646545E-1,8.961053055E0
2.848615679E1,-4.390819244E0,7.515271912E0,7.113208008E-1,8.732959568E0
2.849610879E1,-4.479884033E0,7.276219025E0,6.463558960E-1,8.569159830E0
2.850606179E1,-4.492008820E0,7.302115173E0,6.125262451E-1,8.595011207E0
2.851601379E1,-4.520150299E0,7.494315491E0,6.704557800E-1,8.777587046E0
2.852596679E1,-4.639003143E0,7.599846039E0,7.345225525E-1,8.934065892E0
2.853591879E1,-4.971611481E0,7.789950714E0,3.971241760E-1,9.249754616E0
2.854587179E1,-5.423671417E0,8.055348816E0,1.402583313E-1,9.712081579E0
2.855582379E1,-5.876928864E0,8.459957428E0,3.068618774E-2,1.030097637E1
2.856577679E1,-6.291117554E0,8.925040283E0,-7.723937988E-2,1.091972848E1
2.857572879E1,-6.615193634E0,9.480086060E0,-8.696914673E-2,1.156029334E1
2.858568179E1,-7.129823456E0,1.010773087E1,-4.924758911E-1,1.237914126E1
2.859563479E1,-7.823630676E0,1.106139771E1,-1.294208679E0,1.361024218E1
2.860558679E1,-8.407566376E0,1.234617599E1,-1.681154022E0,1.503135100E1
2.861553979E1,-8.661139069E0,1.381552048E1,-1.597777405E0,1.638404189E1
2.862549179E1,-8.767418060E0,1.535641617E1,-1.209484863E0,1.772427687E1
2.863544479E1,-8.755592651E0,1.678788940E1,-4.959187317E-1,1.894042156E1
2.864539679E1,-8.574918365E0,1.775383072E1,-5.105882263E-1,1.972278962E1
2.865534979E1,-8.407416687E0,1.808329559E1,-4.590953064E-1,1.994745606E1
2.866530179E1,-8.295599213E0,1.772359360E1,6.706054688E-2,1.956903762E1
2.867525479E1,-7.967182159E0,1.676139450E1,-5.448669434E-2,1.855864505E1
2.868520679E1,-7.178172913E0,1.572360260E1,-5.116360474E-1,1.729218368E1
2.869515979E1,-6.567293243E0,1.480885483E1,-6.078858948E-1,1.621113960E1
2.870511179E1,-6.213578796E0,1.380369507E1,-9.879455566E-1,1.516992404E1
2.871506479E1,-5.966442719E0,1.282772461E1,-1.705702972E0,1.424985544E1
2.872501779E1,-5.957311707E0,1.198617462E1,-1.879042511E0,1.351624007E1
2.873496979E1,-5.993536377E0,1.115704880E1,-2.739752655E0,1.295794971E1
2.874492279E1,-5.843099213E0,1.041294617E1,-4.199816437E0,1.265739762E1
2.875487479E1,-5.580694885E0,9.425299988E0,-4.935536499E0,1.201415647E1
2.876482779E1,-5.041216736E0,8.220904541E0,-4.997507629E0,1.086150174E1
2.877477979E1,-4.364773407E0,7.908055115E0,-5.423970795E0,1.053603539E1
2.878473279E1,-4.009562073E0,8.417445831E0,-5.704936523E0,1.093052071E1
2.879468479E1,-3.538192291E0,8.943901062E0,-5.423970795E0,1.104226562E1
2.880463779E1,-2.970722351E0,9.455686798E0,-5.104235687E0,1.114847192E1
2.881458979E1,-2.819985809E0,9.789941711E0,-5.020260315E0,1.135774151E1
2.882454279E1,-2.764750671E0,9.805060272E0,-4.985981598E0,1.134209265E1
2.883449579E1,-2.701731720E0,9.612111511E0,-4.852159882E0,1.110114848E1
2.884444779E1,-2.658172302E0,9.367520142E0,-4.550387421E0,1.074813190E1
2.885440079E1,-2.751877441E0,9.069789276E0,-4.369862823E0,1.043693480E1
2.886435279E1,-2.736609192E0,8.805738373E0,-4.277355194E0,1.016493117E1
2.887430579E1,-2.452050934E0,8.805588684E0,-4.343517609E0,1.012013296E1
2.888425779E1,-2.349514160E0,8.782686310E0,-4.408781891E0,1.010411566E1
2.889421079E1,-2.433489532E0,8.740923157E0,-4.580175476E0,1.016383866E1
2.890416279E1,-2.349065094E0,8.894354095E0,-4.543501740E0,1.026016811E1
2.891411579E1,-2.429447937E0,9.037306824E0,-4.729564819E0,1.048541441E1
2.892406779E1,-2.572999420E0,9.200317841E0,-4.808001709E0,1.069500139E1
2.893402079E1,-2.582280121E0,9.460177460E0,-4.581223297E0,1.082361932E1
2.894397279E1,-2.518662415E0,9.694140930E0,-3.989354095E0,1.078123253E1
2.895392579E1,-2.506986694E0,1.003064117E1,-3.123704224E0,1.080075334E1
2.896387879E1,-2.661315765E0,1.030921188E1,-2.708318024E0,1.098623856E1
2.897383079E1,-2.853366394E0,1.058688446E1,-2.161505127E0,1.117568462E1
2.898378379E1,-2.929258575E0,1.084404968E1,-1.394949188E0,1.131900404E1
2.899373579E1,-3.233725433E0,1.083776276E1,-1.066232758E0,1.136005872E1
2.900368879E1,-3.654201050E0,1.062116318E1,-6.721023560E-1,1.125228928E1
2.901364079E1,-4.144431610E0,1.024110352E1,-3.161425781E-1,1.105244139E1
2.902359379E1,-4.529730377E0,9.897268524E0,2.758763123E-1,1.088808933E1
2.903354579E1,-4.429588623E0,9.769284668E0,5.945635986E-1,1.074307610E1
2.904349879E1,-3.992198181E0,9.638756104E0,9.469308472E-1,1.047568344E1
2.905345079E1,-3.330274658E0,9.565708008E0,1.360071716E0,1.021975020E1
2.906340379E1,-2.819087677E0,9.215436401E0,1.290915527E0,9.723064656E0
2.907335579E1,-2.621049500E0,8.436456299E0,1.375938721E0,8.940743969E0
2.908330879E1,-2.745291138E0,7.212451630E0,1.762285309E0,7.915916337E0
2.909326179E1,-2.936593323E0,5.968089294E0,1.693727875E0,6.863700480E0
2.910321379E1,-3.077151031E0,4.562063141E0,1.500180359E0,5.703667213E0
2.911316679E1,-3.359014893E0,3.229085083E0,1.169967041E0,4.804039384E0
2.912311879E1,-3.572620697E0,1.959425354E0,9.301657104E-1,4.179494540E0
2.913307179E1,-3.426823883E0,9.270222473E-1,1.311871948E0,3.784640033E0
2.914302379E1,-2.852468262E0,1.948947144E-1,2.102677460E0,3.549057852E0
2.915297679E1,-2.044598236E0,-4.939727783E-3,2.176473999E0,2.986209205E0
2.916292879E1,-9.243278503E-1,2.656974792E-1,1.689835968E0,1.944356635E0
2.917288179E1,8.562194824E-2,5.554948425E-1,1.446891174E0,1.552224117E0
2.918283379E1,4.246669006E-1,7.014413452E-1,9.629475403E-1,1.264764762E0
2.919278679E1,2.932402039E-1,5.216651917E-1,4.992118835E-1,7.793182238E-1
2.920273904E1,-2.384541321E-1,4.623884583E-1,5.409750366E-1,7.505447686E-1
2.921269204E1,-5.028044128E-1,7.116201782E-1,1.065933380E0,1.376745992E0
2.922264504E1,-4.050576782E-1,1.253792725E0,1.457668762E0,1.964908685E0
2.923259704E1,1.438508606E-1,1.929038544E0,1.274150391E0,2.316320788E0
2.924255004E1,3.965254211E-1,2.608775024E0,1.047072601E0,2.838890729E0
2.925250204E1,2.838098145E-1,2.978356476E0,1.102158051E0,3.188402057E0
2.926245504E1,4.535568237E-2,2.913092194E0,1.020128632E0,3.086879604E0
2.927240704E1,-1.942959595E-1,2.392923889E0,8.503816223E-1,2.546955940E0
2.928236004E1,-2.978805542E-1,1.661694489E0,8.490344238E-1,1.889661570E0
2.929231204E1,-4.924758911E-1,8.755293274E-1,5.195695496E-1,1.130945013E0
2.930226504E1,-6.713539124E-1,1.799258423E-1,1.666035461E-1,7.147350040E-1
2.931221704E1,-4.643344116E-1,-5.316943359E-1,-1.989363098E-1,7.334036870E-1
2.932217004E1,-6.762936401E-1,-1.281934204E0,-3.532653809E-1,1.491819299E0
2.933212304E1,-6.315367126E-1,-1.692380676E0,-2.667453003E-1,1.825963863E0
2.934207504E1,-4.607418823E-1,-1.931134186E0,-1.802252197E-1,1.993500302E0
2.935202804E1,-3.029699707E-1,-2.116299133E0,-2.001338196E-1,2.147222944E0
2.936198004E1,-4.677772522E-1,-2.178719330E0,-9.937834167E-1,2.439926014E0
2.937193304E1,-1.096619568E0,-1.627565460E0,-1.952240295E0,2.768173762E0
2.938188504E1,-1.957629089E0,-3.056643677E-1,-2.534828796E0,3.217312447E0
2.939183804E1,-2.784659271E0,1.603016510E0,-2.985092468E0,4.385745801E0
2.940179004E1,-3.171903992E0,4.145479431E0,-2.340383148E0,5.720434243E0
2.941174304E1,-3.000660095E0,7.308551788E0,-9.333091736E-1,7.955498492E0
2.942169504E1,-2.588417358E0,1.069466034E1,7.105723572E-1,1.102635830E1
2.943164804E1,-3.219505005E0,1.368918320E1,1.540446625E0,1.414679910E1
2.944160004E1,-4.863386536E0,1.632969223E1,2.987038422E0,1.729837494E1
2.945155304E1,-7.469766541E0,1.906315796E1,4.752916260E0,2.101883956E1
2.946150604E1,-1.015772690E1,2.106778931E1,5.933511200E0,2.412960251E1
2.947145804E1,-1.211685287E1,2.170336761E1,5.551655273E0,2.546910218E1
2.948141104E1,-1.317545151E1,2.193164291E1,5.561684418E0,2.618247156E1
2.949136304E1,-1.353560257E1,2.175994995E1,5.159321136E0,2.614051555E1
2.950131604E1,-1.324430832E1,2.058309723E1,4.094884644E0,2.481619783E1
2.951126804E1,-1.262175293E1,1.954725128E1,3.674558716E0,2.355644416E1
2.952122104E1,-1.216744766E1,1.845108078E1,1.151106262E0,2.213174666E1
2.953117304E1,-1.141556122E1,1.613165405E1,-1.415755920E0,1.981286615E1
2.954112604E1,-1.017763550E1,1.499821106E1,-2.479893036E0,1.829427421E1
2.955107804E1,-9.209448853E0,1.508308456E1,-1.856888580E0,1.776967707E1
2.956103104E1,-8.323890381E0,1.494132935E1,-2.735711060E0,1.732092921E1
2.957098304E1,-7.537126465E0,1.425081528E1,-3.374432831E0,1.647060437E1
2.958093604E1,-6.877597961E0,1.311467789E1,-3.763024750E0,1.527928287E1
2.959088904E1,-6.236331482E0,1.143292511E1,-3.445984039E0,1.347139239E1
2.960084104E1,-6.042634277E0,8.905730438E0,-2.816393280E0,1.112463639E1
2.961079404E1,-5.508844299E0,7.416776733E0,-3.651506653E0,9.934256060E0
2.962074604E1,-5.180277557E0,6.271508331E0,-5.559888153E0,9.852890368E0
2.963069904E1,-5.174290009E0,5.322032776E0,-6.943610687E0,1.016420382E1
2.964065104E1,-5.521268463E0,4.654421082E0,-8.083639984E0,1.083943156E1
2.965060404E1,-5.887556763E0,4.473896484E0,-9.178612976E0,1.178668785E1
2.966055604E1,-6.151907043E0,4.934937744E0,-9.849368134E0,1.261782959E1
2.967050904E1,-6.580914917E0,5.309758301E0,-9.909093933E0,1.302659268E1
2.968046104E1,-6.677763519E0,5.750591583E0,-9.946216736E0,1.328868152E1
2.969041404E1,-6.240223389E0,6.821764069E0,-1.004920258E1,1.365515746E1
2.970036604E1,-5.918692017E0,8.249495087E0,-9.142687683E0,1.366286289E1
2.971031904E1,-5.104235687E0,9.690398712E0,-8.845705261E0,1.407847828E1
2.972027204E1,-3.159629517E0,1.072235275E1,-1.049452652E1,1.533255341E1
2.973022404E1,-1.216520233E0,1.086320984E1,-1.218645813E1,1.637067534E1
2.974017704E1,1.552272034E-1,1.072160431E1,-1.173888885E1,1.589900645E1
2.975012904E1,1.092278595E0,1.030397278E1,-9.906698914E0,1.433553665E1
2.976008204E1,1.725461884E0,8.756490784E0,-8.629554749E0,1.241461094E1
2.977003404E1,2.985840912E0,4.207300873E0,-8.527317352E0,9.966532387E0
2.977998704E1,5.521118774E0,-7.178621979E0,-1.016715729E1,1.361566940E1
2.978993904E1,5.724994812E0,-1.504745865E1,-1.422686508E1,2.148500099E1
2.979989204E1,2.687511292E0,-5.719606018E0,-1.319775513E1,1.463274924E1
2.980984404E1,-6.146218872E-1,3.479514313E0,-7.857610016E0,8.615498539E0
2.981979704E1,-1.696721649E0,3.945345612E0,-4.184997253E0,5.996567215E0
2.982974904E1,-2.242037659E0,7.839647369E0,-5.789959717E-1,8.174474911E0
2.983970204E1,-4.320764923E0,9.075327759E0,2.274520111E0,1.030553372E1
2.984965504E1,-4.108356628E0,1.364562378E0,2.345921631E0,4.923816910E0
2.985960704E1,-1.731449432E0,-4.297114105E0,2.214494934E0,5.134889929E0
2.986956004E1,7.592211914E-1,-5.390889587E0,5.284011841E-1,5.469672309E0
2.987951204E1,3.663781128E0,-4.629273376E0,1.580712891E0,6.111637865E0
2.988946504E1,5.142406311E0,-1.919458466E0,1.937421112E0,5.820847364E0
2.989941704E1,4.114643555E0,1.764830017E0,9.993218994E-1,4.587326109E0
2.990937004E1,1.278191986E0,2.545456696E0,-1.957629089E0,3.456217035E0
2.991932204E1,-1.221160583E0,3.531456299E0,-8.780740356E-1,3.838415138E0
2.992927504E1,-1.648821259E0,3.459605713E0,1.428180084E0,4.089887723E0
2.993922704E1,-2.858904877E0,2.646646271E0,-1.591490479E0,4.208433856E0
2.994918004E1,-3.354075165E0,1.827998657E0,-9.583071899E-1,3.938242244E0
2.995913204E1,-3.052452393E0,2.080673218E-1,1.683998108E-1,3.064166463E0
2.996908504E1,-2.866688690E0,-1.812880096E0,-1.974094849E0,3.924473055E0
2.997903804E1,-1.527872772E0,-3.934867401E0,-3.106639709E0,5.241067349E0
2.998899004E1,-3.840563507E0,-2.912792816E0,-3.413351898E0,5.906374626E0
2.999894304E1,5.013524323E0,-5.008883972E0,-1.294837372E1,1.476091890E1
3.000889504E1,6.114933929E0,-5.880222015E0,-9.201215973E0,1.251526281E1
3.001884804E1,2.410587158E0,-4.923561401E0,-1.564696198E0,5.700935144E0
3.002880004E1,4.415817261E-2,-4.622238007E0,-4.951702881E0,6.773949775E0
3.003875304E1,9.542655945E-1,-5.576353912E0,-1.404514297E1,1.514174319E1
3.004870504E1,-1.374890900E0,-2.115401001E0,-1.455677902E1,1.477379646E1
3.005865804E1,-1.946701813E0,1.916015625E-1,-1.554217987E1,1.566479219E1
3.006861004E1,3.600013733E-1,-3.059936829E0,-7.202123108E0,7.833478898E0
3.007856304E1,3.722758484E0,-5.320984955E0,-8.073760529E0,1.036134261E1
3.008851504E1,4.025129700E-1,-4.101770325E0,-1.493414429E1,1.549242402E1
3.009846804E1,1.070274353E0,-2.710563354E0,-1.165296753E1,1.201183971E1
3.010842104E1,-1.525328064E0,-5.864504700E0,-1.462668365E1,1.583221134E1
3.011837304E1,-1.257085876E0,-5.335205383E0,-1.809078003E1,1.890293637E1
3.012832604E1,-2.628683624E0,-1.944007416E0,-1.792103302E1,1.821682099E1
3.013827804E1,-1.980232086E0,-1.560654602E0,-1.692036392E1,1.710718203E1
3.014823104E1,-1.833237762E0,-1.590592346E0,-1.630379608E1,1.648346175E1
3.015818304E1,-1.228794708E0,-2.064955902E0,-1.866468658E1,1.881872750E1
3.016813604E1,-2.688858490E0,-3.262914734E0,-1.954785004E1,1.999987534E1
3.017808804E1,-1.513352966E0,-3.693868561E0,-2.095971405E1,2.133645976E1
3.018804104E1,-1.336271210E0,-3.979025574E0,-2.064372116E1,2.106612182E1
3.019799304E1,-2.645897827E0,-3.349584503E0,-1.834300552E1,1.883311826E1
3.020794629E1,-3.039878540E0,-2.391876068E0,-2.078667389E1,2.114350359E1
3.021789929E1,-3.166215820E0,-7.843688965E-1,-1.983570145E1,2.010211952E1
3.022785129E1,-3.211421814E0,2.237247620E0,-1.939711349E1,1.978803979E1
3.023780429E1,-2.237097931E0,2.810256042E0,-1.861558868E1,1.895896327E1
3.024775629E1,-2.553689575E-1,1.945504303E0,-1.264121246E1,1.279259367E1
3.025770929E1,-7.397616577E-1,1.667232971E0,-1.327559326E1,1.340030931E1
3.026766129E1,-1.032253418E0,1.736389160E-2,-1.745939301E1,1.748989002E1
3.027761429E1,-1.070424042E0,-1.919009399E-1,-1.644016251E1,1.647609107E1
3.028756629E1,-3.607498169E-1,-4.297563171E-1,-1.627999557E1,1.628966196E1
3.029751929E1,-1.838776245E0,-7.108717346E-1,-1.672262512E1,1.683842711E1
3.030747129E1,-2.956651611E0,-1.511856079E-1,-1.613569565E1,1.640503947E1
3.031742429E1,-2.297422485E0,4.309538269E-1,-1.578512466E1,1.595725640E1
3.032737629E1,-3.253035278E0,5.495072937E-1,-1.538006699E1,1.572992871E1
3.033732929E1,-4.143683167E0,4.676275635E-1,-1.504266861E1,1.560995402E1
3.034728129E1,-4.459975433E0,9.491761780E-1,-1.429871567E1,1.500818397E1
3.035723429E1,-3.421884155E0,-9.229806519E-1,-1.392284729E1,1.436686678E1
3.036718729E1,-2.249222717E0,-3.142115936E0,-1.404888519E1,1.457062355E1
3.037713929E1,-2.894081726E0,-2.574645996E0,-1.528785873E1,1.577095862E1
3.038709229E1,-2.117646332E0,-9.882449341E-1,-1.499521729E1,1.517621809E1
3.039704429E1,-1.255439301E0,1.274000702E0,-1.518636978E1,1.529133849E1
3.040699729E1,-2.258802795E-1,1.820065155E0,-1.378393616E1,1.390541459E1
3.041694929E1,-1.540446625E0,5.034031677E-1,-1.355326584E1,1.364981339E1
3.042690229E1,-2.099384308E0,-4.514611816E-1,-1.373932892E1,1.390612781E1
3.043685429E1,-2.087708588E0,1.178199921E0,-1.388587418E1,1.409128042E1
3.044680729E1,-2.565814362E0,2.072290649E0,-1.464015564E1,1.500706330E1
3.045675929E1,-2.924468536E0,2.104024658E0,-1.391850632E1,1.437721302E1
3.046671229E1,-3.094514923E0,3.506607971E0,-1.216175949E1,1.302999294E1
3.047666429E1,-3.184777222E0,3.790417786E0,-1.265124161E1,1.358543290E1
3.048661729E1,-2.972219238E0,3.152294769E0,-1.228585144E1,1.302740170E1
3.049657029E1,-2.479743347E0,1.402134247E0,-1.175370804E1,1.209399686E1
3.050652229E1,-2.445464630E0,1.824106750E0,-1.188139252E1,1.226683133E1
3.051647529E1,-2.630928955E0,1.732497253E0,-1.233973938E1,1.273548200E1
3.052642729E1,-3.059637451E0,1.779050446E0,-1.271515869E1,1.319854774E1
3.053638029E1,-2.992876282E0,2.403851166E0,-1.226654160E1,1.285316504E1
3.054633229E1,-2.340233459E0,2.175276489E0,-1.124790985E1,1.169290368E1
3.055628529E1,-2.389181671E0,1.990261230E0,-1.111169312E1,1.153858972E1
3.056623729E1,-2.778372345E0,1.877246246E0,-1.092054062E1,1.142373029E1
3.057619029E1,-2.765648804E0,2.289339294E0,-9.933792572E0,1.056267592E1
3.058614229E1,-3.224295044E0,2.988086243E0,-9.810299377E0,1.075019590E1
3.059609529E1,-3.600612488E0,2.621498566E0,-9.190438385E0,1.021277742E1
3.060604729E1,-3.603306885E0,1.821262665E0,-8.863368530E0,9.739616004E0
3.061600029E1,-3.854334869E0,2.377056885E0,-1.013841705E1,1.110377400E1
3.062595329E1,-3.289110260E0,3.069816284E0,-9.463769989E0,1.047878622E1
3.063590529E1,-3.239413605E0,3.655548248E0,-8.156837769E0,9.507409525E0
3.064585829E1,-3.119812317E0,3.817511444E0,-7.510631561E0,8.984219998E0
3.065581029E1,-2.895877991E0,3.881727905E0,-7.278164978E0,8.742174004E0
3.066576329E1,-3.445085907E0,4.099225616E0,-7.190896454E0,8.965559624E0
3.067571529E1,-3.351081390E0,4.319567413E0,-6.546336823E0,8.528946882E0
3.068566829E1,-3.411106567E0,4.370311890E0,-6.190526733E0,8.310108018E0
3.069562029E1,-3.798351288E0,4.517755280E0,-6.828949127E0,9.026191415E0
3.070557329E1,-4.083059235E0,4.710254974E0,-6.674320679E0,9.132602650E0
3.071552529E1,-4.336631927E0,4.821174316E0,-6.655609589E0,9.292321414E0
3.072547829E1,-4.814588013E0,4.818928986E0,-6.853498077E0,9.662958667E0
3.073543029E1,-5.407055969E0,4.551135864E0,-6.885681152E0,9.867203091E0
3.074538329E1,-5.433251495E0,4.739294586E0,-6.321204987E0,9.588470549E0
3.075533629E1,-5.489384766E0,5.099894714E0,-5.989644470E0,9.592607158E0
3.076528829E1,-5.508095856E0,5.183121643E0,-5.680088196E0,9.458714069E0
3.077524129E1,-5.315596161E0,5.326822815E0,-5.256319427E0,9.179297237E0
3.078519329E1,-5.141957245E0,5.505251770E0,-4.837191010E0,8.952426387E0
3.079514629E1,-5.384602661E0,5.845344543E0,-4.562961273E0,9.164202869E0
3.080509829E1,-5.236859894E0,5.994883575E0,-5.052742767E0,9.428337080E0
3.081505129E1,-4.816833344E0,6.217321014E0,-4.948559418E0,9.292212028E0
3.082500329E1,-5.073549500E0,6.579268341E0,-3.913012848E0,9.183645571E0
3.083495629E1,-5.304519196E0,6.335874481E0,-5.222340088E0,9.775175974E0
3.084490829E1,-5.179678802E0,6.529871063E0,-5.060227203E0,9.750599364E0
3.085486129E1,-5.182971954E0,6.681805115E0,-4.634063416E0,9.642834729E0
3.086481329E1,-5.194947052E0,6.984026642E0,-4.955744476E0,1.001616226E1
3.087476629E1,-5.138215027E0,7.083869019E0,-4.546046448E0,9.861490366E0
3.088471929E1,-5.211712189E0,6.954837341E0,-4.566404114E0,9.817522748E0
3.089467129E1,-5.479505310E0,6.645879822E0,-4.599036255E0,9.764416599E0
3.090462429E1,-5.720504150E0,6.354136505E0,-4.283043365E0,9.562618832E0
3.091457629E1,-5.922583923E0,6.536607056E0,-4.256997528E0,9.794195224E0
3.092452929E1,-6.126310272E0,6.392756195E0,-4.694537659E0,1.002186076E1
3.093448129E1,-6.367009735E0,6.405330048E0,-4.700525208E0,1.018145388E1
3.094443429E1,-6.616840210E0,6.413263550E0,-4.835843811E0,1.040662813E1
3.095438629E1,-6.862329712E0,6.553970947E0,-4.718936920E0,1.059785214E1
3.096433929E1,-6.358178101E0,6.693780212E0,-4.606969757E0,1.031781433E1
3.097429129E1,-6.265071716E0,6.893914032E0,-4.848267975E0,1.050156544E1
3.098424429E1,-6.042783966E0,7.364685059E0,-5.032684479E0,1.077412350E1
3.099419629E1,-4.515360260E0,7.158863068E0,-2.775827637E0,8.907469774E0
3.100414929E1,-5.296885071E0,6.846013641E0,-4.359683990E0,9.691838769E0
3.101410129E1,-5.438939667E0,7.380701752E0,-5.694907379E0,1.079299741E1
3.102405429E1,-5.255271606E0,7.928562469E0,-4.533921661E0,1.053738241E1
3.103400729E1,-5.179080048E0,8.273145905E0,-4.256698151E0,1.064834693E1
3.104395929E1,-4.949457550E0,7.970475311E0,-4.021686859E0,1.020781916E1
3.105391229E1,-5.166805573E0,7.928263092E0,-3.815565491E0,1.020351780E1
3.106386429E1,-5.145998840E0,7.702981567E0,-3.781735840E0,1.000593599E1
3.107381729E1,-5.023553467E0,7.414531403E0,-3.905977478E0,9.770774044E0
3.108376929E1,-5.120701447E0,7.332801361E0,-4.294419708E0,9.921370860E0
3.109372229E1,-5.223986664E0,7.281907196E0,-4.454287262E0,1.000784113E1
3.110367429E1,-5.222489777E0,7.210206299E0,-4.262386322E0,9.870633794E0
3.111362729E1,-5.150339813E0,7.308252411E0,-4.338727570E0,9.937862467E0
3.112357929E1,-5.222190399E0,7.225773926E0,-4.246369629E0,9.874955008E0
3.113353229E1,-5.325475616E0,6.997498627E0,-4.240232391E0,9.762440694E0
3.114348429E1,-5.525759125E0,6.841073914E0,-3.670517120E0,9.529270808E0
3.115343729E1,-5.667963409E0,6.735393677E0,-3.546724548E0,9.490552788E0
3.116339029E1,-5.710924072E0,6.571783905E0,-3.851640472E0,9.520406072E0
3.117334229E1,-5.439538422E0,6.546336823E0,-3.425925751E0,9.174969825E0
3.118329529E1,-5.213658142E0,6.605912933E0,-3.162772980E0,8.990186307E0
3.119324729E1,-4.978497162E0,6.653813324E0,-2.757715302E0,8.755778630E0
3.120319992E1,-4.855303345E0,6.487958221E0,-2.500849457E0,8.480673349E0
3.121315192E1,-4.806355133E0,6.426735535E0,-2.593806152E0,8.433967610E0
3.122310492E1,-4.665198669E0,6.614894257E0,-2.483784943E0,8.467000194E0
3.123305692E1,-4.485422516E0,6.611750793E0,-2.195634155E0,8.285835688E0
3.124300992E1,-4.497397614E0,6.557563477E0,-2.045945435E0,8.210610012E0
3.125296192E1,-4.631818085E0,6.647376709E0,-1.911974030E0,8.324482000E0
3.126291492E1,-4.951553192E0,6.716981964E0,-1.677112427E0,8.511664456E0
3.127286692E1,-5.179379425E0,6.837780762E0,-1.735491028E0,8.751751029E0
3.128281992E1,-5.188660126E0,6.955885162E0,-1.629511414E0,8.829600203E0
3.129277192E1,-5.023852844E0,6.877148895E0,-1.608105927E0,8.667195567E0
3.130272492E1,-4.912484436E0,6.764283600E0,-1.598076782E0,8.511279889E0
3.131267792E1,-4.701872406E0,6.453978882E0,-1.462458801E0,8.117895865E0
3.132262992E1,-4.463567963E0,6.206543427E0,-1.231638794E0,7.743484641E0
3.133258292E1,-4.383185120E0,6.094127197E0,-8.834628296E-1,7.558518682E0
3.134253492E1,-4.286785583E0,6.186185760E0,-5.995033264E-1,7.550154246E0
3.135248792E1,-4.311035156E0,6.589896240E0,-4.287084961E-1,7.886415380E0
3.136243992E1,-4.389472046E0,6.726562042E0,-8.445437622E-1,8.076345455E0
3.137239292E1,-4.167184296E0,6.654112701E0,-1.331780548E0,7.963433947E0
3.138234492E1,-4.125720520E0,6.460864563E0,-1.209484863E0,7.760618168E0
3.139229792E1,-4.333039398E0,6.153403931E0,-1.187779999E0,7.619083389E0
3.140224992E1,-4.481380920E0,5.906567230E0,-1.569935303E0,7.578588804E0
3.141220292E1,-4.738396454E0,5.618416443E0,-1.586550751E0,7.519052305E0
3.142215492E1,-4.924309845E0,5.194947052E0,-1.663191376E0,7.348639866E0
3.143210792E1,-4.870272217E0,4.838987274E0,-1.873653717E0,7.116595222E0
3.144206092E1,-4.554728394E0,4.458179169E0,-1.792672119E0,6.620769258E0
3.145201292E1,-4.497846680E0,4.378095703E0,-1.796564026E0,6.528858173E0
3.146196592E1,-4.509223022E0,4.410278778E0,-1.908082123E0,6.589721432E0
3.147191792E1,-4.603826294E0,4.548591156E0,-2.109712830E0,6.807039465E0
3.148187092E1,-4.689298553E0,4.561913452E0,-2.597698059E0,7.039077388E0
3.149182292E1,-4.673132172E0,4.325255585E0,-2.991529083E0,7.035285810E0
3.150177592E1,-4.636308746E0,4.164340210E0,-3.106789398E0,6.963420750E0
3.151172792E1,-4.872517548E0,4.345313873E0,-3.479214935E0,7.397845394E0
3.152168092E1,-5.014272766E0,4.655019836E0,-3.632196808E0,7.746289092E0
3.153163292E1,-5.007087708E0,4.951553192E0,-3.562292175E0,7.891687517E0
3.154158592E1,-5.110821991E0,5.175038452E0,-3.660038910E0,8.142322103E0
3.155153792E1,-5.292544098E0,5.538931732E0,-3.298091583E0,8.340755113E0
3.156149092E1,-5.478008423E0,5.957910461E0,-2.521356812E0,8.477176034E0
3.157144292E1,-5.987997894E0,6.256240082E0,-2.326162720E0,8.967033609E0
3.158139592E1,-6.540648651E0,6.471043396E0,-2.599344635E0,9.560914179E0
3.159134892E1,-6.539301453E0,6.324498138E0,-2.519560547E0,9.439805376E0
3.160130092E1,-6.348298645E0,5.905070343E0,-2.357148285E0,8.984814939E0
3.161125392E1,-6.413562927E0,5.804928589E0,-2.620301056E0,9.038637230E0
3.162120592E1,-6.974296875E0,6.222859497E0,-3.156635742E0,9.865553529E0
3.163115892E1,-7.545059967E0,6.658902740E0,-3.330424347E0,1.060003028E1
3.164111092E1,-7.731871490E0,7.272626495E0,-3.219954071E0,1.109238645E1
3.165106392E1,-7.629484406E0,7.882009277E0,-2.850372620E0,1.133400753E1
3.166101592E1,-7.337142334E0,8.473429413E0,-2.556533661E0,1.149645719E1
3.167096892E1,-7.022796021E0,8.927435303E0,-2.216440887E0,1.157287238E1
3.168092092E1,-6.588998108E0,9.331744537E0,-2.054926758E0,1.160685471E1
3.169087392E1,-6.306535492E0,9.731563110E0,-1.760489044E0,1.172923835E1
3.170082592E1,-6.021677856E0,1.014126114E1,-1.346899109E0,1.187096959E1
3.171077892E1,-5.945635986E0,1.013931519E1,-1.038091278E0,1.179974293E1
3.172073092E1,-5.954766998E0,9.939630432E0,-9.818083191E-1,1.162838986E1
3.173068392E1,-6.063890076E0,9.994865570E0,-7.619155884E-1,1.171531545E1
3.174063692E1,-6.320306854E0,9.920021210E0,-5.382806396E-1,1.177466966E1
3.175058892E1,-6.383625183E0,9.692793732E0,-5.581892395E-1,1.161948777E1
3.176054192E1,-6.178401947E0,9.523944855E0,-6.617738342E-1,1.137172462E1
3.177049392E1,-6.389612732E0,9.366023254E0,-1.047521667E0,1.138625681E1
3.178044692E1,-6.833290100E0,9.316176910E0,-1.341660004E0,1.163121049E1
3.179039892E1,-7.295379181E0,9.210496674E0,-1.663640442E0,1.186690802E1
3.180035192E1,-7.504943390E0,9.121880951E0,-1.435065765E0,1.189925633E1
3.181030392E1,-7.823181610E0,8.863967285E0,-1.419049072E0,1.190738371E1
3.182025692E1,-8.020321655E0,8.446485443E0,-1.470841370E0,1.174018953E1
3.183020892E1,-8.078400879E0,8.059839478E0,-1.607207794E0,1.152409172E1
3.184016192E1,-8.170309753E0,7.607480164E0,-1.822759552E0,1.131150601E1
3.185011392E1,-8.193212128E0,7.278464355E0,-2.045196991E0,1.114843483E1
3.186006692E1,-8.156388702E0,7.096891937E0,-2.296973419E0,1.105299230E1
3.187001892E1,-7.880662079E0,7.067253571E0,-2.457290039E0,1.086688466E1
3.187997192E1,-7.476502533E0,7.208559723E0,-2.519410858E0,1.068685428E1
3.188992492E1,-7.179969177E0,7.399712219E0,-2.526446228E0,1.061558424E1
3.189987692E1,-7.131470032E0,7.487878876E0,-2.490970001E0,1.063631169E1
3.190982992E1,-7.073091431E0,7.515870667E0,-2.484084320E0,1.061544201E1
3.191978192E1,-6.972500610E0,7.535779266E0,-2.309098206E0,1.052310165E1
3.192973492E1,-7.036118317E0,7.725584564E0,-2.226470032E0,1.068404355E1
3.193968692E1,-7.273075562E0,8.089028778E0,-2.258503418E0,1.110994385E1
3.194963992E1,-7.454797668E0,8.340505829E0,-2.394869843E0,1.143999333E1
3.195959192E1,-7.340585175E0,8.284522247E0,-2.474504242E0,1.134198708E1
3.196954492E1,-7.052284698E0,7.581134949E0,-2.506837006E0,1.065328862E1
3.197949692E1,-6.924151154E0,7.046297150E0,-2.458786926E0,1.018036374E1
3.198944992E1,-6.972650299E0,6.471941528E0,-2.484832764E0,9.832511032E0
3.199940192E1,-7.053482208E0,5.759872284E0,-2.723885651E0,9.505119306E0
3.200935492E1,-7.425907745E0,5.361700287E0,-2.750979309E0,9.563462917E0
3.201930692E1,-8.216563568E0,5.460045776E0,-2.845732269E0,1.026753178E1
3.202925992E1,-8.700956268E0,6.528224487E0,-2.833757172E0,1.124075330E1
3.203921292E1,-9.131461029E0,7.993826752E0,-2.621797943E0,1.241606504E1
3.204916492E1,-9.371561737E0,9.021290131E0,-2.239642639E0,1.319946378E1
3.205911792E1,-9.555678864E0,9.919123077E0,-1.692829742E0,1.387680344E1
3.206906992E1,-9.883197784E0,1.060484711E1,-1.394200745E0,1.456311012E1
3.207902292E1,-1.004396347E1,1.105091949E1,-1.291214905E0,1.498903799E1
3.208897492E1,-9.937534790E0,1.115450409E1,-1.186582489E0,1.498617820E1
3.209892792E1,-9.516759796E0,1.064436493E1,-1.130299530E0,1.432301640E1
3.210887992E1,-8.985664215E0,9.727072449E0,-1.268312531E0,1.330288377E1
3.211883292E1,-8.869505768E0,8.967851257E0,-1.294657745E0,1.267937804E1
3.212878492E1,-8.716224518E0,8.670120392E0,-1.116827545E0,1.234466934E1
3.213873792E1,-8.446335754E0,8.672964478E0,-1.194066925E0,1.216497827E1
3.214868992E1,-8.367749176E0,8.339607697E0,-1.114133148E0,1.186632106E1
3.215864292E1,-8.242010651E0,7.879763947E0,-1.367705841E0,1.148442592E1
3.216859492E1,-8.178093567E0,7.107220459E0,-1.804048462E0,1.098400600E1
3.217854792E1,-8.205037537E0,6.513854370E0,-1.901795197E0,1.064752388E1
3.218849992E1,-8.270451508E0,6.274053040E0,-2.097737732E0,1.059077963E1
3.219845292E1,-8.154143372E0,6.504423981E0,-2.084116058E0,1.063678171E1
3.220840629E1,-7.848628693E0,7.028783569E0,-1.823657684E0,1.069254405E1
3.221835829E1,-7.431595917E0,7.550748138E0,-1.575922852E0,1.071101994E1
3.222831129E1,-7.126679993E0,7.825426941E0,-1.280886383E0,1.066149823E1
3.223826329E1,-6.792275391E0,8.002359009E0,-1.350192261E0,1.058280557E1
3.224821629E1,-6.362818451E0,8.079897766E0,-1.465003510E0,1.038828387E1
3.225816829E1,-5.998476105E0,8.170309753E0,-1.502276001E0,1.024658530E1
3.226812129E1,-5.779481506E0,8.283025360E0,-1.636097717E0,1.023170227E1
3.227807329E1,-5.658233643E0,8.561745758E0,-1.682800598E0,1.039956327E1
3.228802629E1,-5.620212708E0,8.651858368E0,-1.647324371E0,1.044773285E1
3.229797829E1,-5.787714386E0,8.522677002E0,-1.695224762E0,1.044066320E1
3.230793129E1,-5.925877075E0,8.146958313E0,-1.570683746E0,1.019588134E1
3.231788329E1,-5.804629211E0,7.807164917E0,-1.490001526E0,9.842034793E0
3.232783629E1,-5.803880768E0,7.671247559E0,-1.300196228E0,9.706883192E0
3.233778829E1,-5.657485199E0,7.375911713E0,-1.145118713E0,9.366029534E0
3.234774129E1,-5.538033600E0,7.098388824E0,-9.117539978E-1,9.049211867E0
3.235769429E1,-5.476960602E0,6.846612396E0,-7.912545776E-1,8.803367682E0
3.236764629E1,-5.130730591E0,6.645281067E0,-6.176156616E-1,8.418171177E0
3.237759929E1,-4.829257507E0,6.502927094E0,-4.132905579E-1,8.110523901E0
3.238755129E1,-4.573589172E0,6.386169891E0,-2.288740540E-1,7.858324703E0
3.239750429E1,-4.355043640E0,6.308481445E0,7.933502197E-2,7.666135747E0
3.240745629E1,-4.218078461E0,6.234984283E0,2.164498901E-1,7.530874150E0
3.241740929E1,-4.068240051E0,6.177503815E0,7.679031372E-2,7.397163460E0
3.242736129E1,-3.835623779E0,6.252348175E0,-3.061134338E-1,7.341496640E0
3.243731429E1,-3.378474426E0,6.338419189E0,-4.604425049E-1,7.197336630E0
3.244726629E1,-2.781366119E0,6.311475220E0,-3.047662354E-1,6.903882922E0
3.245721929E1,-2.448757782E0,6.107000427E0,-1.425036621E-1,6.581198689E0
3.246717129E1,-2.138453064E0,5.826783142E0,9.175918579E-2,6.207479604E0
3.247712429E1,-1.990410919E0,5.755830688E0,1.754351807E-1,6.092790826E0
3.248707629E1,-1.992207184E0,5.754034424E0,4.086502075E-2,6.089291549E0
3.249702929E1,-1.844614105E0,5.724545746E0,3.969744873E-1,6.027488195E0
3.250698129E1,-1.766476593E0,5.859115906E0,9.475296021E-2,6.120347774E0
3.251693429E1,-1.933379517E0,6.248456268E0,-6.724017334E-1,6.575202368E0
3.252688729E1,-2.240840149E0,6.671177216E0,-4.969665527E-1,7.054994385E0
3.253683929E1,-2.574645996E0,7.182513885E0,-1.173559570E-1,7.630929179E0
3.254679229E1,-2.961291962E0,7.398814087E0,-2.237846375E-1,7.972564176E0
3.255674429E1,-3.274440765E0,7.387288055E0,1.095721436E-1,8.081212359E0
3.256669729E1,-3.485651550E0,7.371570740E0,5.474116516E-1,8.172483186E0
3.257664929E1,-3.522474976E0,7.470065918E0,8.967851257E-1,8.307462810E0
3.258660229E1,-3.444936218E0,7.545958099E0,1.088985443E0,8.366298972E0
3.259655429E1,-3.432811432E0,7.395970001E0,1.030606842E0,8.218680980E0
3.260650729E1,-3.524570618E0,7.043303375E0,8.972341919E-1,7.926900382E0
3.261645929E1,-3.659140778E0,6.546336823E0,6.457571411E-1,7.527339458E0
3.262641229E1,-3.732338562E0,6.225254517E0,3.719764709E-1,7.267909702E0
3.263636429E1,-3.786226501E0,6.197861481E0,1.026864624E-1,7.263576431E0
3.264631729E1,-3.807482300E0,6.427184601E0,8.292755127E-2,7.470776421E0
3.265626929E1,-3.618126068E0,6.832841034E0,6.975494385E-2,7.731973784E0
3.266622229E1,-3.412603455E0,7.358098755E0,9.131011963E-2,8.111462085E0
3.267617529E1,-3.323538666E0,7.713609467E0,2.237846375E-1,8.402128292E0
3.268612729E1,-3.330873413E0,7.763156433E0,-1.230441284E-1,8.448458756E0
3.269608029E1,-3.420237579E0,7.524851990E0,-9.633966064E-1,8.321631786E0
3.270603229E1,-3.570225677E0,7.412435760E0,-1.531614990E0,8.368784844E0
3.271598529E1,-3.781735840E0,7.556585999E0,-1.789528656E0,8.637472473E0
3.272593729E1,-3.923041992E0,7.987390137E0,-2.098037109E0,9.142779631E0
3.273589029E1,-3.926185455E0,8.600664825E0,-2.422562256E0,9.759875796E0
3.274584229E1,-4.030368805E0,9.243577881E0,-2.742896118E0,1.045041070E1
3.275579529E1,-4.369862823E0,1.001672012E1,-2.848875732E0,1.129364760E1
3.276574729E1,-4.735402679E0,1.104059097E1,-2.376458130E0,1.224607042E1
3.277570029E1,-5.123994598E0,1.231863327E1,-1.952539673E0,1.348393331E1
3.278565229E1,-5.396278381E0,1.340073303E1,-1.787133636E0,1.455655566E1
3.279560529E1,-5.571264496E0,1.449645447E1,-1.549727325E0,1.560730070E1
3.280555729E1,-5.695506134E0,1.489013580E1,-1.168320465E0,1.598499006E1
3.281551029E1,-5.774691467E0,1.492246857E1,-1.235381012E0,1.604846709E1
3.282546229E1,-5.908213806E0,1.465976486E1,-1.647174683E0,1.589115731E1
3.283541529E1,-5.840255127E0,1.394709686E1,-1.976190491E0,1.524911210E1
3.284536829E1,-5.395080872E0,1.298729279E1,-1.229842529E0,1.411698212E1
3.285532029E1,-5.049748993E0,1.206296494E1,-1.757195892E0,1.319480297E1
3.286527329E1,-4.930147705E0,1.138936569E1,-2.265239410E0,1.261567742E1
3.287522529E1,-5.051096191E0,1.085886887E1,-2.596051483E0,1.225430900E1
3.288517829E1,-5.122198334E0,1.071576645E1,-2.679727478E0,1.217561110E1
3.289513029E1,-4.895419922E0,1.080019089E1,-3.210823059E0,1.228489496E1
3.290508329E1,-4.532873840E0,1.092218719E1,-3.802991638E0,1.242191063E1
3.291503529E1,-4.188140717E0,1.094688583E1,-4.050127716E0,1.240074057E1
3.292498829E1,-4.186494141E0,1.111199249E1,-4.064198456E0,1.255072984E1
3.293494029E1,-4.375251617E0,1.139370667E1,-3.496878204E0,1.269596532E1
3.294489329E1,-4.567901001E0,1.190130112E1,-2.715203705E0,1.303376457E1
3.295484529E1,-4.690046997E0,1.234842133E1,-2.169139252E0,1.338600819E1
3.296479829E1,-4.784201202E0,1.219154755E1,-2.067350922E0,1.325882169E1
3.297475029E1,-5.053042145E0,1.152453461E1,-2.259850616E0,1.278495435E1
3.298470329E1,-5.305417328E0,1.079105988E1,-2.062111816E0,1.220027587E1
3.299465629E1,-5.567222900E0,1.020712418E1,-1.844165039E0,1.177201340E1
3.300460829E1,-5.815556488E0,9.563911743E0,-1.603315887E0,1.130750755E1
3.301456129E1,-5.992189178E0,9.077273712E0,-1.613345032E0,1.099573151E1
3.302451329E1,-6.042334900E0,8.852590942E0,-1.654659119E0,1.084509448E1
3.303446629E1,-5.940696259E0,8.951235809E0,-1.839674377E0,1.089958239E1
3.304441829E1,-5.844745789E0,9.212891693E0,-2.099983063E0,1.111073155E1
3.305437129E1,-5.660478973E0,9.470356293E0,-2.199975128E0,1.125026938E1
3.306432329E1,-5.372328186E0,9.352251892E0,-1.654060364E0,1.091157373E1
3.307427629E1,-5.150938568E0,8.974886627E0,-1.393751678E0,1.044142241E1
3.308422829E1,-4.953199768E0,8.593180389E0,-1.327439575E0,1.000694923E1
3.309418129E1,-4.822970581E0,8.378227386E0,-1.356030121E0,9.761893108E0
3.310413329E1,-4.836592255E0,8.434061279E0,-1.559008026E0,9.846650208E0
3.311408629E1,-4.849615173E0,8.491841125E0,-1.571432190E0,9.904520794E0
3.312403829E1,-4.901856537E0,8.420289917E0,-1.555565186E0,9.866573004E0
3.313399129E1,-4.978347473E0,8.317902832E0,-1.515448608E0,9.811627570E0
3.314394329E1,-5.157824249E0,7.959847412E0,-1.288370819E0,9.571949706E0
3.315389629E1,-5.274132385E0,7.401807861E0,-1.047222290E0,9.148765302E0
3.316384829E1,-5.318889313E0,6.914720764E0,-1.018931122E0,8.783061391E0
3.317380129E1,-5.317542114E0,6.652615814E0,-1.161734161E0,8.595532419E0
3.318375429E1,-5.324577484E0,6.597979431E0,-1.283131714E0,8.575015158E0
3.319370629E1,-5.420977020E0,6.618337097E0,-1.313219147E0,8.655282914E0
3.320365908E1,-5.409001923E0,6.732848969E0,-1.191073151E0,8.718211530E0
3.321361108E1,-5.450615387E0,6.734944611E0,-1.193168793E0,8.745989868E0
3.322356408E1,-5.200635223E0,6.738686829E0,-1.057850189E0,8.577619362E0
3.323351608E1,-4.275558929E0,7.391479340E0,-6.536906433E-1,8.563975855E0
3.324346908E1,-4.424050140E0,7.057523804E0,-2.239942017E0,8.625439242E0
3.325342108E1,-4.508624268E0,6.486311646E0,-5.927673340E-1,7.921572108E0
3.326337408E1,-2.990331573E0,8.509504395E0,-1.199605408E0,9.099054956E0
3.327332608E1,-2.489323425E0,1.008767258E1,-3.140020294E0,1.085438145E1
3.328327908E1,-1.960173798E0,9.038504333E0,-5.658233643E-2,9.248786054E0
3.329323108E1,-2.858156433E0,6.265820160E0,1.248254242E0,6.999121311E0
3.330318408E1,-3.536994781E0,5.272485809E0,-4.384382629E-1,6.364091986E0
3.331313608E1,-2.646496582E0,5.716761932E0,4.345463562E-1,6.314597508E0
3.332308908E1,-2.515668640E0,6.000272369E0,1.364712067E0,6.647879078E0
3.333304108E1,-2.376907196E0,6.748715973E0,1.126257935E0,7.243156221E0
3.334299408E1,-2.359393616E0,7.354506226E0,7.918533325E-1,7.764182620E0
3.335294708E1,-2.551593933E0,7.640112305E0,6.390211487E-1,8.080241064E0
3.336289908E1,-2.881058807E0,7.666457520E0,4.201762390E-1,8.200708434E0
3.337285208E1,-3.177442474E0,7.593409424E0,1.678010559E-1,8.233113904E0
3.338280408E1,-3.604953461E0,7.418423309E0,1.173559570E-1,8.248785745E0
3.339275708E1,-4.107458496E0,7.149133301E0,2.198927307E-1,8.248010370E0
3.340270908E1,-4.606969757E0,6.904392242E0,1.878593445E-1,8.302414933E0
3.341266208E1,-5.116210785E0,6.754404144E0,-4.864883423E-2,8.473485401E0
3.342261408E1,-5.606291656E0,6.798861694E0,-1.493893433E-1,8.813475118E0
3.343256708E1,-5.813760223E0,6.886130219E0,-2.155517578E-2,9.012161891E0
3.344251908E1,-5.672304382E0,7.014563141E0,-9.415420532E-2,9.021529697E0
3.345247208E1,-5.243595886E0,7.096592560E0,2.769241333E-2,8.823700508E0
3.346242408E1,-4.835843811E0,7.037615204E0,-3.267704773E-1,8.545185315E0
3.347237708E1,-4.517455902E0,6.916816406E0,-8.089178467E-1,8.300849662E0
3.348232908E1,-4.101470947E0,6.959178314E0,-3.920347595E-1,8.087392534E0
3.349228208E1,-3.666325836E0,7.472910004E0,2.210902405E-1,8.326776685E0
3.350223508E1,-3.303779755E0,8.188871155E0,6.460565186E-1,8.853810506E0
3.351218708E1,-2.908152466E0,8.698411560E0,9.255253601E-1,9.218259685E0
3.352214008E1,-2.800975342E0,8.916807404E0,1.285227356E0,9.434337629E0
3.353209208E1,-3.007246399E0,8.766819305E0,1.536405029E0,9.394742788E0
3.354204508E1,-3.441493378E0,8.531209259E0,1.685794373E0,9.352395990E0
3.355199708E1,-3.964805145E0,8.178093567E0,1.890718231E0,9.283087291E0
3.356195008E1,-4.392615509E0,7.863597565E0,1.915566559E0,9.208725911E0
3.357190208E1,-4.772076416E0,7.724237366E0,2.022144928E0,9.301915196E0
3.358185508E1,-5.092110901E0,7.853119354E0,2.281256104E0,9.633545891E0
3.359180708E1,-5.529800720E0,8.242908783E0,2.590063934E0,1.025829773E1
3.360176008E1,-5.712870026E0,8.847202148E0,2.875819702E0,1.091696884E1
3.361171208E1,-5.642666016E0,9.295669556E0,3.360362091E0,1.138161613E1
3.362166508E1,-5.519023132E0,9.596843262E0,3.668271790E0,1.166255696E1
3.363161708E1,-5.497018890E0,9.868378601E0,3.791764984E0,1.191551907E1
3.364157008E1,-5.451812897E0,9.635013885E0,4.153562622E0,1.182403649E1
3.365152208E1,-5.210963745E0,9.138047333E0,4.365821228E0,1.138940065E1
3.366147508E1,-4.732259216E0,8.742719421E0,4.025429077E0,1.072536710E1
3.367142808E1,-4.155209198E0,8.080646210E0,4.515360260E0,1.014648141E1
3.368138008E1,-3.588637390E0,7.211254120E0,3.826343079E0,8.917477539E0
3.369133308E1,-3.138673096E0,6.664890289E0,1.559307404E0,7.530170712E0
3.370128508E1,-2.754571838E0,6.279890900E0,-3.555107117E-1,6.866664663E0
3.371123808E1,-2.434687042E0,5.956712952E0,-1.613195343E0,6.634193952E0
3.372119008E1,-2.485730896E0,6.072721710E0,-2.253264313E0,6.937867621E0
3.373114308E1,-2.718646545E0,7.288493500E0,-2.609224091E0,8.204951364E0
3.374109508E1,-2.942281494E0,8.543483734E0,-3.608695679E0,9.729893073E0
3.375104808E1,-3.922592926E0,9.510173492E0,-3.653602295E0,1.091691096E1
3.376100008E1,-5.562732239E0,1.056727524E1,-3.464246063E0,1.243431931E1
3.377095308E1,-6.749464417E0,1.208481949E1,-2.965782623E0,1.415605872E1
3.378090508E1,-7.033423920E0,1.401924683E1,-2.418071594E0,1.586995286E1
3.379085808E1,-6.562503204E0,1.567240906E1,-1.885030060E0,1.709515113E1
3.380081008E1,-5.611530762E0,1.619317612E1,-8.282276917E-1,1.715791920E1
3.381076308E1,-4.616699524E0,1.542931458E1,-2.136058044E-1,1.610662256E1
3.382071508E1,-3.871848450E0,1.447250427E1,-1.713935852E-1,1.498245528E1
3.383066808E1,-3.360661469E0,1.353335724E1,-2.442919922E-1,1.394652223E1
3.384062008E1,-3.075354767E0,1.258118729E1,-2.139051819E-1,1.295337160E1
3.385057308E1,-3.065625000E0,1.151764893E1,-1.764830017E-1,1.191995972E1
3.386052608E1,-3.264112244E0,1.039198975E1,-2.826123047E-1,1.089622638E1
3.387047808E1,-3.391796722E0,9.489516449E0,-5.788462830E-1,1.009407105E1
3.388043108E1,-3.362457733E0,8.920699310E0,-6.595285034E-1,9.556148599E0
3.389038308E1,-3.311114502E0,8.673114166E0,-7.209008789E-1,9.311610315E0
3.390033608E1,-3.218756561E0,8.599467316E0,-6.141728210E-1,9.202632241E0
3.391028808E1,-3.154839478E0,8.500523071E0,-5.786965942E-1,9.085526642E0
3.392024108E1,-3.039130096E0,8.384813690E0,-4.276606750E-1,8.928846847E0
3.393019308E1,-2.790796509E0,8.380173340E0,-9.190887451E-2,8.833136340E0
3.394014608E1,-2.683469696E0,8.501421204E0,3.174897766E-1,8.920536522E0
3.395009808E1,-2.516716461E0,8.528065796E0,3.945794678E-1,8.900419143E0
3.396005108E1,-2.307301941E0,8.568781128E0,4.327500916E-1,8.884532903E0
3.397000308E1,-2.129322052E0,8.485404510E0,4.567002869E-1,8.760403944E0
3.397995608E1,-1.990560608E0,8.369844818E0,3.746708679E-1,8.611446573E0
3.398990808E1,-1.918710022E0,8.304730225E0,3.158432007E-1,8.529346351E0
3.399986108E1,-1.936822357E0,8.367150421E0,2.706372070E-1,8.592655673E0
3.400981308E1,-2.145338745E0,8.609646149E0,1.634600830E-1,8.874412901E0
3.401976608E1,-2.412233734E0,8.728349304E0,6.140231323E-1,9.076341640E0
3.402971908E1,-2.703527985E0,8.914711761E0,1.225950623E0,9.395962127E0
3.403967108E1,-3.050656128E0,9.078770599E0,1.576222229E0,9.706443990E0
3.404962408E1,-3.293301544E0,9.320667572E0,1.604812775E0,1.001479421E1
3.405957608E1,-3.452270966E0,9.522897034E0,1.459914093E0,1.023401641E1
3.406952908E1,-3.589236145E0,9.715396729E0,1.359772339E0,1.044607728E1
3.407948108E1,-3.635040894E0,9.779463501E0,1.662442932E0,1.056480692E1
3.408943408E1,-3.563190308E0,9.599387970E0,1.827549591E0,1.040117840E1
3.409938608E1,-3.445984039E0,9.276210022E0,1.615440674E0,1.002659099E1
3.410933908E1,-3.222798157E0,8.887318726E0,1.387614441E0,9.554911613E0
3.411929108E1,-2.932851105E0,8.532257080E0,9.696835327E-1,9.074211406E0
3.412924408E1,-2.592458954E0,8.200097809E0,6.825805664E-1,8.627187475E0
3.413919608E1,-2.380350037E0,7.837551727E0,5.210664368E-1,8.207605839E0
3.414914908E1,-2.339035950E0,7.455546112E0,4.327500916E-1,7.825824535E0
3.415910108E1,-2.411634979E0,7.079827423E0,3.124003601E-1,7.485822173E0
3.416905408E1,-2.706222382E0,6.720873871E0,6.496490479E-2,7.245550745E0
3.417900608E1,-3.082390137E0,6.336473236E0,3.441343689E-1,7.054817538E0
3.418895908E1,-3.571123810E0,5.976771240E0,4.881349182E-1,6.979469566E0
3.419891108E1,-4.060156860E0,5.733527069E0,4.414320374E-1,7.039394052E0
3.420886379E1,-4.411775665E0,5.635930023E0,6.083349609E-1,7.183142987E0
3.421881679E1,-4.543352051E0,5.627397766E0,8.530760193E-1,7.282677541E0
3.422876879E1,-4.475543060E0,5.585185547E0,1.053359528E0,7.234248376E0
3.423872179E1,-4.303550720E0,5.523663483E0,1.133892059E0,7.093456018E0
3.424867379E1,-4.021537170E0,5.388943634E0,9.193881226E-1,6.786659651E0
3.425862679E1,-3.646417236E0,5.049000549E0,6.777905273E-1,6.264835609E0
3.426857879E1,-3.353177032E0,4.593198395E0,9.172924805E-1,5.760442101E0
3.427853179E1,-3.124452667E0,4.211791534E0,1.318458252E0,5.407376865E0
3.428848379E1,-3.040177917E0,4.036805420E0,1.269210663E0,5.210506259E0
3.429843679E1,-3.154989166E0,4.207001495E0,9.617500305E-1,5.345819053E0
3.430838879E1,-3.433709564E0,4.543801117E0,7.958949280E-1,5.750646807E0
3.431834179E1,-3.894451447E0,5.164410553E0,1.067879333E0,6.555780251E0
3.432829379E1,-4.623136139E0,6.195167084E0,2.019450531E0,7.989472035E0
3.433824679E1,-5.478906555E0,7.651039581E0,3.081192627E0,9.902048865E0
3.434819879E1,-6.437363434E0,9.727671204E0,3.798800354E0,1.226776749E1
3.435815179E1,-7.226522369E0,1.251816833E1,4.344415741E0,1.509308160E1
3.436810379E1,-8.126151581E0,1.599034790E1,4.527185669E0,1.849921554E1
3.437805679E1,-9.470206604E0,1.902977737E1,4.740342407E0,2.177815617E1
3.438800879E1,-9.958640900E0,1.909399384E1,4.251459045E0,2.195062717E1
3.439796179E1,-8.851692810E0,1.724997849E1,3.620221710E0,1.972359573E1
3.440791479E1,-7.640261993E0,1.542572205E1,3.093018036E0,1.748980459E1
3.441786679E1,-6.893165588E0,1.349488724E1,2.710563354E0,1.539398802E1
3.442781979E1,-6.485563202E0,1.141062149E1,2.806663513E0,1.342170529E1
3.443777179E1,-6.604266357E0,1.001013382E1,3.139720917E0,1.239665119E1
3.444772479E1,-6.983128510E0,9.411229248E0,2.902763672E0,1.207316680E1
3.445767679E1,-7.098538513E0,9.384884033E0,2.602637787E0,1.205151529E1
3.446762979E1,-7.127129059E0,9.844578094E0,2.868934021E0,1.248769270E1
3.447758179E1,-7.207062836E0,1.045126648E1,2.971620483E0,1.303845290E1
3.448753479E1,-7.068600769E0,1.074375824E1,2.833906860E0,1.316907309E1
3.449748679E1,-6.685996399E0,1.070334229E1,2.536924438E0,1.287245390E1
3.450743979E1,-5.904321899E0,1.031385223E1,2.520608368E0,1.214866378E1
3.451739179E1,-5.102140045E0,9.552236023E0,2.424059143E0,1.109743704E1
3.452734479E1,-4.460723877E0,8.648415527E0,2.215842133E0,9.980135520E0
3.453729679E1,-3.974684601E0,7.689958649E0,1.944456482E0,8.872118840E0
3.454724979E1,-3.414100342E0,6.844965820E0,1.593735809E0,7.813426397E0
3.455720179E1,-2.889291687E0,6.179300079E0,1.680106201E0,7.025276704E0
3.456715479E1,-2.436632996E0,5.798491974E0,1.554966431E0,6.479013052E0
3.457710679E1,-2.266736298E0,5.598208466E0,1.177301788E0,6.153378825E0
3.458705979E1,-2.332299957E0,5.511538696E0,1.066083069E0,6.078915611E0
3.459701179E1,-2.535577240E0,5.503455505E0,9.852511597E-1,6.139046692E0
3.460696479E1,-2.907853088E0,5.524411926E0,9.782157898E-1,6.319148902E0
3.461691779E1,-3.122806091E0,5.690865784E0,1.065634003E0,6.578255626E0
3.462686979E1,-3.121608582E0,5.871240692E0,1.360820160E0,6.787321925E0
3.463682279E1,-3.101849670E0,6.077362061E0,1.427880707E0,6.970985892E0
3.464677479E1,-3.340902557E0,6.451733551E0,1.139729919E0,7.354283106E0
3.465672779E1,-3.636986847E0,6.968459015E0,8.358618164E-1,7.904793441E0
3.466667979E1,-3.967349854E0,7.430847473E0,5.767506409E-1,8.443340591E0
3.467663279E1,-4.289929047E0,7.637268219E0,3.855981445E-1,8.768126539E0
3.468658479E1,-4.541406097E0,7.565118256E0,4.590953064E-1,8.835505196E0
3.469653779E1,-4.667743378E0,7.389084320E0,7.129673767E-1,8.768963326E0
3.470648979E1,-4.870721283E0,7.259603577E0,1.050216064E0,8.805039676E0
3.471644279E1,-5.356910248E0,7.282356262E0,1.090931396E0,9.106005241E0
3.472639479E1,-5.774392090E0,7.507039032E0,1.075812836E0,9.531873493E0
3.473634779E1,-5.925727386E0,7.959847412E0,9.877958679E-1,9.972419795E0
3.474629979E1,-5.971382446E0,8.433013458E0,6.369255066E-1,1.035271937E1
3.475625279E1,-5.823489990E0,8.882977753E0,5.020559692E-1,1.063355019E1
3.476620479E1,-5.790259094E0,9.269324341E0,6.105802917E-1,1.094624513E1
3.477615779E1,-5.857469330E0,9.590107269E0,5.255570984E-1,1.124972509E1
3.478610979E1,-5.922733612E0,9.605375519E0,6.948550415E-1,1.130596461E1
3.479606279E1,-5.589975586E0,9.521998901E0,5.613327026E-1,1.105583034E1
3.480601579E1,-5.344935150E0,9.441017303E0,4.695735168E-1,1.085917302E1
3.481596779E1,-5.314398651E0,9.204808502E0,7.863148499E-1,1.065784329E1
3.482592079E1,-5.491630096E0,8.906478882E0,6.471043396E-1,1.048342078E1
3.483587279E1,-5.891598358E0,8.811875610E0,2.926414490E-1,1.060404272E1
3.484582579E1,-6.196214905E0,8.818761292E0,1.829196167E-1,1.077947538E1
3.485577779E1,-6.333479462E0,8.944649506E0,5.357359314E-1,1.097300004E1
3.486573079E1,-6.595883789E0,9.274563446E0,6.090834045E-1,1.139711335E1
3.487568279E1,-6.747069397E0,9.732461243E0,5.342390442E-1,1.185449951E1
3.488563579E1,-6.704707489E0,1.016057098E1,3.617976379E-1,1.217871926E1
3.489558779E1,-6.604715424E0,1.034663406E1,-2.918930054E-2,1.227501341E1
3.490554079E1,-6.356381836E0,1.025996429E1,-2.692900085E-1,1.207240550E1
3.491549279E1,-6.064488831E0,9.918224945E0,-1.743873596E-1,1.162667716E1
3.492544579E1,-5.943091278E0,9.508077850E0,-3.367996216E-1,1.121772313E1
3.493539779E1,-5.919141083E0,9.247469788E0,-5.819897461E-1,1.099502800E1
3.494535079E1,-5.855373688E0,9.379195862E0,-8.746311951E-1,1.109142442E1
3.495530279E1,-5.631289673E0,9.886490936E0,-1.225950623E0,1.144364808E1
3.496525579E1,-5.366789703E0,1.055320450E1,-1.567091217E0,1.194271040E1
3.497520779E1,-5.235213318E0,1.129072083E1,-2.121089172E0,1.262485067E1
3.498516079E1,-5.147346039E0,1.210233307E1,-2.431094513E0,1.337429839E1
3.499511279E1,-5.073549500E0,1.278521301E1,-2.360291748E0,1.395612960E1
3.500506579E1,-4.942272491E0,1.332289490E1,-1.865121460E0,1.433193162E1
3.501501779E1,-4.701423340E0,1.357736572E1,-1.217717743E0,1.441981546E1
3.502497079E1,-4.289030914E0,1.333861221E1,-4.364923096E-1,1.401802010E1
3.503492379E1,-3.766617279E0,1.258867172E1,-1.811233521E-2,1.314010615E1
3.504487579E1,-3.288511505E0,1.151675079E1,-4.535568237E-2,1.197714131E1
3.505482879E1,-2.805615692E0,1.040231827E1,-5.342390442E-1,1.078726639E1
3.506478079E1,-2.284399567E0,9.432485046E0,-1.378483429E0,9.802574769E0
3.507473379E1,-1.843566284E0,8.671617279E0,-2.388882294E0,9.181636101E0
3.508468579E1,-1.515298920E0,8.183033295E0,-3.134930878E0,8.893028524E0
3.509463879E1,-1.314416656E0,8.080945587E0,-3.331023102E0,8.838839722E0
3.510459079E1,-1.229243774E0,8.282426605E0,-3.028202820E0,8.903911671E0
3.511454379E1,-1.364412689E0,8.591982880E0,-2.323019257E0,9.004455023E0
3.512449579E1,-1.657952271E0,9.009913788E0,-1.662293243E0,9.310777144E0
3.513444879E1,-1.900897064E0,9.382189636E0,-9.848020935E-1,9.623342828E0
3.514440079E1,-2.106719055E0,9.479187927E0,-5.352868652E-1,9.725214700E0
3.515435379E1,-2.232906647E0,9.318272552E0,-8.381071472E-1,9.618653702E0
3.516430579E1,-2.233954468E0,8.944499817E0,-1.160985718E0,9.292067444E0
3.517425879E1,-1.994901581E0,8.519383850E0,-1.318009186E0,8.848541220E0
3.518421079E1,-1.787732391E0,8.279732208E0,-1.908231812E0,8.682816432E0
3.519416379E1,-1.787433014E0,8.153245239E0,-1.457219696E0,8.473123034E0
3.520411617E1,-1.860331421E0,8.101902008E0,-8.497828674E-1,8.356062474E0
3.521406917E1,-1.955533447E0,8.293653259E0,-7.155120850E-1,8.551067360E0
3.522402117E1,-2.044598236E0,8.521928558E0,-7.500901794E-1,8.795810570E0
3.523397417E1,-2.038311310E0,8.574618988E0,-5.725593567E-1,8.832136095E0
3.524392617E1,-2.055226135E0,8.409063263E0,-4.173321533E-1,8.666629423E0
3.525387917E1,-2.068398743E0,8.022267609E0,-5.257067871E-1,8.301290175E0
3.526383217E1,-2.156116333E0,7.455246735E0,-7.788304138E-1,7.799751171E0
3.527378417E1,-2.375410309E0,7.057673492E0,-1.193468170E0,7.541730275E0
3.528373717E1,-2.540367279E0,6.985373840E0,-1.379231873E0,7.559840882E0
3.529368917E1,-2.636766815E0,7.230563965E0,-1.141226807E0,7.780487974E0
3.530364217E1,-2.750829620E0,7.850125580E0,-8.348139954E-1,8.359931197E0
3.531359417E1,-2.773282928E0,8.540939026E0,-3.999682617E-1,8.988810392E0
3.532354717E1,-2.695893860E0,9.038055267E0,1.561253357E-1,9.432850144E0
3.533349917E1,-2.594704285E0,9.342372437E0,3.773652649E-1,9.703340539E0
3.534345217E1,-2.594105530E0,9.528136139E0,3.667373657E-1,9.881763915E0
3.535340417E1,-2.674188995E0,9.645492096E0,2.104623413E-1,1.001154828E1
3.536335717E1,-2.843337250E0,9.639654236E0,7.185058594E-3,1.005025135E1
3.537330917E1,-2.985691223E0,9.518556061E0,-6.002517700E-2,9.976014464E0
3.538326217E1,-3.065175934E0,9.334588623E0,4.430786133E-2,9.825060379E0
3.539321417E1,-3.029400330E0,9.241931305E0,1.095721436E-1,9.726385077E0
3.540316717E1,-3.021317139E0,9.173523560E0,1.122665405E-1,9.658907574E0
3.541311917E1,-3.113076324E0,9.123527527E0,2.809657288E-1,9.644114292E0
3.542307217E1,-3.192860413E0,9.122928772E0,4.498146057E-1,9.675976445E0
3.543302417E1,-3.290307770E0,9.146429901E0,4.520599365E-1,9.730758621E0
3.544297717E1,-3.364553375E0,9.204509125E0,3.191363525E-1,9.805358517E0
3.545292917E1,-3.594026184E0,9.339079285E0,3.176394653E-1,1.001180907E1
3.546288217E1,-3.859424286E0,9.595346375E0,4.126918030E-1,1.035065903E1
3.547283517E1,-3.923790436E0,9.926158447E0,6.976991272E-1,1.069633288E1
3.548278717E1,-3.690425720E0,1.013198044E1,9.624984741E-1,1.082601833E1
3.549274017E1,-3.414699097E0,1.001746857E1,1.017284546E0,1.063224879E1
3.550269217E1,-3.296145630E0,9.782157898E0,9.753717041E-1,1.036853602E1
3.551264517E1,-3.290906525E0,9.569300537E0,9.955796814E-1,1.016822292E1
3.552259717E1,-3.356320496E0,9.403595123E0,1.096170502E0,1.004460444E1
3.553255017E1,-3.572321320E0,9.273066559E0,9.334588623E-1,9.981111585E0
3.554250217E1,-3.880081329E0,9.113199005E0,1.008452911E0,9.956023529E0
3.555245517E1,-3.833977203E0,9.044940948E0,1.144370270E0,9.890395405E0
3.556240717E1,-3.327879639E0,9.092541962E0,1.543889465E0,9.804728293E0
3.557236017E1,-2.788551178E0,9.133556671E0,1.525627441E0,9.670853852E0
3.558231217E1,-2.579735413E0,9.211694183E0,1.128353577E0,9.632420585E0
3.559226517E1,-2.632276154E0,9.285341034E0,9.160949707E-1,9.694620460E0
3.560221717E1,-2.718197479E0,9.311835938E0,1.313368835E0,9.788964387E0
3.561217017E1,-2.992876282E0,9.171278229E0,1.691931610E0,9.794502813E0
3.562212217E1,-3.260370026E0,9.009464722E0,1.747615814E0,9.739334079E0
3.563207517E1,-3.248694305E0,9.108259277E0,1.434017944E0,9.776032386E0
3.564202717E1,-2.971021729E0,9.288035431E0,1.303040314E0,9.838317251E0
3.565198017E1,-2.749033356E0,9.243577881E0,1.303190002E0,9.731352455E0
3.566193217E1,-2.567610626E0,9.017248535E0,1.503922577E0,9.495534666E0
3.567188517E1,-2.632575531E0,8.650211792E0,1.695973206E0,9.199616464E0
3.568183717E1,-2.916535034E0,8.245902557E0,1.747915192E0,8.919433452E0
3.569179017E1,-3.271446991E0,7.887547760E0,1.734143829E0,8.713382231E0
3.570174317E1,-3.669918365E0,7.582631836E0,1.820663910E0,8.618551122E0
3.571169517E1,-3.892954559E0,7.626490631E0,1.786534882E0,8.747008713E0
3.572164817E1,-3.773053894E0,7.907606049E0,1.823807373E0,8.949438108E0
3.573160017E1,-3.539090424E0,8.202492828E0,1.880389709E0,9.129179322E0
3.574155317E1,-3.391197968E0,8.293802948E0,2.012864227E0,9.183627464E0
3.575150517E1,-3.334765320E0,8.239615631E0,2.161355438E0,9.147862199E0
3.576145817E1,-3.257525940E0,8.247848511E0,2.165546722E0,9.128421162E0
3.577141017E1,-3.224744110E0,8.265960846E0,2.071242828E0,9.111263915E0
3.578136317E1,-3.197650452E0,8.225544891E0,1.969304810E0,9.042273973E0
3.579131517E1,-3.198099518E0,8.235873413E0,2.003882904E0,9.059414887E0
3.580126817E1,-3.091221771E0,8.384364624E0,2.234104156E0,9.211104362E0
3.581122017E1,-2.864742737E0,8.492439880E0,2.422711945E0,9.284278068E0
3.582117317E1,-2.666105804E0,8.598419495E0,2.404449921E0,9.317849397E0
3.583112517E1,-2.550695801E0,8.657845917E0,2.185455322E0,9.286579561E0
3.584107817E1,-2.502945099E0,8.674461365E0,1.844913483E0,9.214918334E0
3.585103017E1,-2.548749847E0,8.701854401E0,1.615889740E0,9.210292908E0
3.586098317E1,-2.681374054E0,8.774303741E0,1.530417480E0,9.301631611E0
3.587093517E1,-2.833457794E0,8.980275421E0,1.323697357E0,9.509258878E0
3.588088817E1,-2.863694916E0,9.304950256E0,1.220711517E0,9.811879761E0
3.589084017E1,-2.722089386E0,9.597142639E0,1.347797241E0,1.006635360E1
3.590079317E1,-2.527194672E0,9.891280975E0,1.505868530E0,1.031948605E1
3.591074517E1,-2.439776459E0,1.012913635E1,1.318308563E0,1.050189744E1
3.592069817E1,-2.524500275E0,1.026969406E1,1.301992493E0,1.065527579E1
3.593065117E1,-3.011138306E0,1.062849792E1,7.044351196E-1,1.106924346E1
3.594060317E1,-4.550836487E0,1.178409485E1,-7.144642639E-1,1.265248842E1
3.595055617E1,-5.196443939E0,1.229183899E1,6.590794373E-1,1.336138919E1
3.596050817E1,-5.514382782E0,1.202000427E1,1.112037506E0,1.327123007E1
3.597046117E1,-5.443729706E0,1.211670319E1,5.785469055E-1,1.329599209E1
3.598041317E1,-5.736371155E0,1.266860550E1,1.267863464E-1,1.390739350E1
3.599036617E1,-6.209986267E0,1.295076874E1,7.634124756E-2,1.436287465E1
3.600031817E1,-6.039341125E0,1.271321274E1,3.393443298E-1,1.407886977E1
3.601027117E1,-6.051765289E0,1.196776291E1,-9.819580078E-2,1.341122122E1
3.602022317E1,-6.605463867E0,1.140807678E1,-6.810836792E-1,1.320000923E1
3.603017617E1,-7.388036499E0,1.090676926E1,-8.767268372E-1,1.320262659E1
3.604012817E1,-7.759114838E0,1.006656647E1,-5.909710693E-1,1.272355573E1
3.605008117E1,-7.733667755E0,8.940158844E0,-5.673202515E-2,1.182113682E1
3.606003317E1,-7.237749023E0,8.086184692E0,2.321672058E-1,1.085473608E1
3.606998617E1,-6.376739502E0,7.826624451E0,5.754034424E-1,1.011187154E1
3.607993817E1,-5.495522003E0,8.069569244E0,6.274951172E-1,9.783274503E0
3.608989117E1,-5.098248138E0,8.531059570E0,5.593867493E-1,9.954095891E0
3.609984317E1,-5.255870361E0,9.059610443E0,4.966671753E-1,1.048558024E1
3.610979617E1,-5.636379089E0,9.514065399E0,3.032693481E-1,1.106246726E1
3.611974817E1,-6.085445251E0,9.771679688E0,3.656895447E-1,1.151746920E1
3.612970117E1,-6.326893158E0,9.746981049E0,5.950126648E-1,1.163560298E1
3.613965317E1,-6.192173309E0,9.476942596E0,6.521937561E-1,1.133934778E1
3.614960617E1,-5.603896637E0,9.133406982E0,7.994874573E-1,1.074532274E1
3.615955817E1,-4.509971466E0,8.972042542E0,8.677455139E-1,1.007920494E1
3.616951117E1,-3.466341705E0,8.912616119E0,7.629634094E-1,9.593349992E0
3.617946317E1,-2.916535034E0,8.790769501E0,5.348377991E-1,9.277384141E0
3.618941617E1,-2.736010437E0,8.465495911E0,3.541635132E-1,8.903696194E0
3.619936917E1,-2.789748688E0,8.020920410E0,3.975732422E-1,8.501524948E0
3.620932029E1,-3.072959747E0,7.552544403E0,4.429289246E-1,8.165794181E0
3.621927329E1,-3.424728241E0,7.094197540E0,5.387297058E-1,7.895988346E0
3.622922529E1,-3.774101715E0,6.748117218E0,5.752537537E-1,7.753183000E0
3.623917829E1,-4.036506042E0,6.528823242E0,6.245013428E-1,7.701228206E0
3.624913029E1,-4.164489899E0,6.359674988E0,7.450007629E-1,7.638289612E0
3.625908329E1,-4.130211182E0,6.227200470E0,9.026229858E-1,7.526712320E0
3.626903529E1,-3.851939850E0,6.198460236E0,1.043779449E0,7.372097764E0
3.627898829E1,-3.560346222E0,6.233337708E0,1.021625519E0,7.250812568E0
3.628894029E1,-3.542832642E0,6.366560669E0,6.394702148E-1,7.313937382E0
3.629889329E1,-3.694617004E0,6.442901917E0,9.912387085E-1,7.492912257E0
3.630884529E1,-3.942950592E0,6.686295776E0,1.040486298E0,7.831731757E0
3.631879829E1,-4.250860291E0,6.977590027E0,8.069718933E-1,8.210224079E0
3.632875029E1,-4.460723877E0,7.330106964E0,5.370831299E-1,8.597498700E0
3.633870329E1,-4.717889099E0,7.584428101E0,6.162684631E-1,8.953313017E0
3.634865529E1,-4.902455292E0,7.817643127E0,7.209008789E-1,9.255771715E0
3.635860829E1,-5.083578644E0,7.854616241E0,7.701484680E-1,9.387805750E0
3.636856029E1,-5.148842926E0,7.760312347E0,6.646179199E-1,9.336741840E0
3.637851329E1,-5.151836700E0,7.623197479E0,5.402265930E-1,9.216637454E0
3.638846529E1,-5.056335297E0,7.524552612E0,2.885998535E-1,9.070209949E0
3.639841829E1,-4.874613190E0,7.574099579E0,1.648072815E-1,9.008662477E0
3.640837029E1,-4.610113220E0,7.784412231E0,8.262817383E-2,9.047488331E0
3.641832329E1,-4.208199005E0,8.009993134E0,1.233435059E-1,9.048985716E0
3.642827529E1,-3.673510895E0,8.321944427E0,8.861572266E-2,9.097103610E0
3.643822829E1,-3.283422089E0,8.706794128E0,-1.314266968E-1,9.306255831E0
3.644818129E1,-3.136876831E0,8.865314484E0,7.708969116E-2,9.404240531E0
3.645813329E1,-2.998564453E0,9.083111572E0,3.908372498E-1,9.573247013E0
3.646808629E1,-2.919977875E0,9.213490448E0,4.701722717E-1,9.676556153E0
3.647803829E1,-2.917133789E0,9.404493256E0,7.252418518E-1,9.873203061E0
3.648799129E1,-3.087030487E0,9.512867889E0,9.645941162E-1,1.004762930E1
3.649794329E1,-3.363954620E0,9.515262909E0,9.767189026E-1,1.013954628E1
3.650789629E1,-3.732937317E0,9.555978241E0,7.825726318E-1,1.028902139E1
3.651784829E1,-4.092639313E0,9.573491821E0,5.545967102E-1,1.042636177E1
3.652780129E1,-4.373455353E0,9.552385712E0,5.029541016E-1,1.051799160E1
3.653775329E1,-4.491110687E0,9.484277344E0,4.155358887E-1,1.050210750E1
3.654770629E1,-4.356690216E0,9.384434967E0,3.092568970E-1,1.035103904E1
3.655765829E1,-4.111649780E0,9.151669006E0,2.785707092E-1,1.003674804E1
3.656761129E1,-3.958667908E0,8.857530670E0,1.570234680E-1,9.703172551E0
3.657756329E1,-3.846700745E0,8.569978638E0,3.547622681E-2,9.393769160E0
3.658751629E1,-3.756588135E0,8.360713806E0,-4.670288086E-2,9.166006269E0
3.659746829E1,-3.731889496E0,8.413254547E0,-4.445755005E-2,9.203902855E0
3.660742129E1,-3.696263580E0,8.574918365E0,2.679428101E-2,9.337682119E0
3.661737329E1,-3.447630615E0,8.741821289E0,1.965412903E-1,9.399160856E0
3.662732629E1,-3.109184418E0,8.867709503E0,2.502795410E-1,9.400315922E0
3.663727829E1,-2.770438843E0,9.022188263E0,1.676513672E-1,9.439455462E0
3.664723129E1,-2.547851715E0,9.184301147E0,2.844085693E-3,9.531156489E0
3.665718329E1,-2.582729187E0,9.341174927E0,-3.308120728E-2,9.691704362E0
3.666713629E1,-2.970872040E0,9.319769440E0,-1.630110168E-1,9.783187399E0
3.667708829E1,-3.424578552E0,9.181007996E0,-2.294728088E-1,9.801597005E0
3.668704129E1,-3.842359772E0,8.991651764E0,-2.194436646E-1,9.780679198E0
3.669699429E1,-4.167333984E0,8.690178680E0,-1.451980591E-1,9.638825681E0
3.670694629E1,-4.389921112E0,8.300838318E0,-5.748046875E-2,9.390347606E0
3.671689929E1,-4.416416016E0,7.794740753E0,1.757345581E-1,8.960669421E0
3.672685129E1,-4.313729553E0,7.256011047E0,2.362088013E-1,8.444747100E0
3.673680429E1,-4.150868225E0,6.851103058E0,2.917433167E-1,8.015761617E0
3.674675629E1,-4.010011139E0,6.602170715E0,4.230203247E-1,7.736135578E0
3.675670929E1,-4.083508301E0,6.552773438E0,5.914201355E-1,7.743620442E0
3.676666129E1,-4.338877258E0,6.551276550E0,7.444020081E-1,7.892985155E0
3.677661429E1,-4.663252716E0,6.442452850E0,8.780740356E-1,8.001383545E0
3.678656629E1,-4.838238831E0,6.248156891E0,8.131091309E-1,7.944127767E0
3.679651929E1,-4.940027161E0,6.091432800E0,-3.143463135E-3,7.842794897E0
3.680647129E1,-5.150788879E0,6.109694824E0,-1.501377869E0,8.130998243E0
3.681642429E1,-5.256020050E0,6.438261566E0,-2.841990051E0,8.783727353E0
3.682637629E1,-4.985532532E0,7.142397308E0,-3.592080231E0,9.421911394E0
3.683632929E1,-4.469705200E0,7.919880524E0,-3.704945526E0,9.819846915E0
3.684628129E1,-4.114044800E0,8.670569458E0,-3.429069214E0,1.019130291E1
3.685623429E1,-3.830234985E0,9.308842163E0,-2.947071533E0,1.048858775E1
3.686618629E1,-3.695664825E0,9.670340424E0,-2.717299347E0,1.070313684E1
3.687613929E1,-3.705544281E0,9.945617981E0,-2.976709900E0,1.102302941E1
3.688609129E1,-3.550616455E0,1.032852173E1,-3.230282593E0,1.138946724E1
3.689604429E1,-4.033362579E0,1.055994049E1,-3.347937927E0,1.178936153E1
3.690599629E1,-5.316194916E0,1.062550415E1,-3.756139069E0,1.246081247E1
3.691594929E1,-6.225404205E0,1.082743423E1,-4.255201263E0,1.319453400E1
3.692590129E1,-6.504573669E0,1.109283234E1,-4.155209198E0,1.351392509E1
3.693585429E1,-6.488407288E0,1.133652557E1,-3.733087006E0,1.358499834E1
3.694580629E1,-6.256838837E0,1.167886368E1,-3.522774353E0,1.370962538E1
3.695575929E1,-5.734574890E0,1.201536392E1,-3.570824432E0,1.378423398E1
3.696571229E1,-4.900659027E0,1.234677475E1,-3.703897705E0,1.379050992E1
3.697566429E1,-3.928430786E0,1.257490036E1,-3.617527313E0,1.366188828E1
3.698561729E1,-3.110830994E0,1.259435989E1,-3.381168823E0,1.340624754E1
3.699556929E1,-2.569406891E0,1.240859619E1,-3.156635742E0,1.305907579E1
3.700552229E1,-2.425256653E0,1.188588318E1,-3.072360992E0,1.251381200E1
3.701547429E1,-2.539918213E0,1.114582214E1,-3.237168274E0,1.188106873E1
3.702542729E1,-2.983595581E0,1.045246399E1,-3.583248596E0,1.144532728E1
3.703537929E1,-3.621119843E0,1.008273285E1,-4.269272003E0,1.153259269E1
3.704533229E1,-4.433630219E0,1.009575577E1,-4.616250458E0,1.195370778E1
3.705528429E1,-5.057832184E0,9.751322021E0,-3.991150360E0,1.168756727E1
3.706523729E1,-5.274581451E0,9.026978302E0,-2.595153351E0,1.077229630E1
3.707518929E1,-5.301226044E0,8.640182648E0,-1.550475769E0,1.025474177E1
3.708514229E1,-5.264851685E0,8.968599701E0,-1.434916077E0,1.049825833E1
3.709509429E1,-5.033283234E0,9.841883698E0,-2.143991547E0,1.126025375E1
3.710504729E1,-4.858746185E0,1.088671097E1,-3.331771545E0,1.237855370E1
3.711499929E1,-4.686903534E0,1.162632294E1,-3.786974945E0,1.309502306E1
3.712495229E1,-4.398303680E0,1.190264832E1,-2.713257751E0,1.297612730E1
3.713490429E1,-4.335135040E0,1.183558777E1,-1.145118713E0,1.265645411E1
3.714485729E1,-4.423301697E0,1.162078445E1,-2.805166626E-1,1.243731960E1
3.715480929E1,-4.597539368E0,1.154893387E1,-6.328839111E-1,1.244651693E1
3.716476229E1,-4.779860229E0,1.157018967E1,-1.310824127E0,1.258708118E1
3.717471429E1,-4.865631866E0,1.149818939E1,-1.722468109E0,1.260355621E1
3.718466729E1,-4.764142914E0,1.136990616E1,-1.886976013E0,1.247126707E1
3.719461929E1,-4.521647186E0,1.122051682E1,-2.039658508E0,1.226806821E1
3.720457279E1,-4.173471222E0,1.097353043E1,-1.958227844E0,1.190255806E1
3.721452479E1,-3.867357788E0,1.063688049E1,-1.719474335E0,1.144798126E1
3.722447779E1,-3.628005524E0,1.032477951E1,-1.510508881E0,1.104740391E1
3.723442979E1,-3.449875946E0,1.008692413E1,-1.319955139E0,1.074197208E1
3.724438279E1,-3.311114502E0,9.946815491E0,-1.160087585E0,1.054743670E1
3.725433479E1,-3.159330139E0,9.862091675E0,-1.006357269E0,1.040456506E1
3.726428779E1,-3.121758270E0,9.692494354E0,-6.994953918E-1,1.020681710E1
3.727424079E1,-3.153342590E0,9.470356293E0,-3.302133179E-1,9.987004488E0
3.728419279E1,-3.243305511E0,9.303153992E0,-4.445755005E-2,9.852394699E0
3.729414579E1,-3.354374542E0,9.231453094E0,-9.759704590E-2,9.822478302E0
3.730409779E1,-3.473227386E0,9.320068817E0,-4.577481079E-1,9.956732625E0
3.731405079E1,-3.571872253E0,9.474846954E0,-8.030799866E-1,1.015755550E1
3.732400279E1,-3.741768951E0,9.520951080E0,-1.081351318E0,1.028681997E1
3.733395579E1,-3.987557831E0,9.324858856E0,-8.348139954E-1,1.017597782E1
3.734390779E1,-4.170178070E0,9.103918304E0,-3.100053406E-1,1.001837397E1
3.735386079E1,-4.252506866E0,8.861871643E0,4.640350342E-3,9.829374609E0
3.736381279E1,-4.306843872E0,8.509803772E0,-1.291813660E-1,9.538466973E0
3.737376579E1,-4.158951416E0,8.227790222E0,-4.896318054E-1,9.232180031E0
3.738371779E1,-3.926784210E0,7.986641693E0,-7.222480774E-1,8.929038137E0
3.739367079E1,-3.581602020E0,7.601342926E0,-8.357121277E-1,8.444329581E0
3.740362279E1,-3.056943054E0,7.068750458E0,-6.902146912E-1,7.732304326E0
3.741357579E1,-2.502945099E0,6.514004059E0,-8.014334106E-1,7.024192378E0
3.742352779E1,-2.398761749E0,5.759123840E0,-8.279283142E-1,6.293411685E0
3.743348079E1,-2.728076935E0,4.925058289E0,-6.421646118E-1,5.666654948E0
3.744343279E1,-3.034938812E0,4.233646088E0,-5.270539856E-1,5.235685122E0
3.745338579E1,-3.260070648E0,3.879632263E0,-6.075865173E-1,5.103799419E0
3.746333779E1,-3.347189484E0,3.981570282E0,-3.978726196E-1,5.216788473E0
3.747329079E1,-3.371588745E0,4.601281586E0,-1.339714050E-1,5.705904944E0
3.748324279E1,-3.532504120E0,5.479954376E0,7.604187012E-2,6.520296595E0
3.749319579E1,-3.657943268E0,6.290069733E0,4.180805969E-1,7.288368650E0
3.750314779E1,-3.602558441E0,7.130871277E0,5.755531311E-1,8.009932203E0
3.751310079E1,-3.467838593E0,8.037086792E0,5.336402893E-1,8.769574708E0
3.752305279E1,-3.257825317E0,8.852291565E0,6.848258972E-1,9.457561962E0
3.753300579E1,-3.212170258E0,9.212742004E0,1.091081085E0,9.817490053E0
3.754295779E1,-3.113076324E0,9.262288971E0,1.666334839E0,9.912512950E0
3.755291079E1,-2.846181335E0,9.157955933E0,2.013912048E0,9.799221744E0
3.756286279E1,-2.581831055E0,9.041348419E0,1.878743134E0,9.588613487E0
3.757281579E1,-2.524051208E0,8.825347595E0,1.627415771E0,9.322342880E0
3.758276879E1,-2.709814911E0,8.647966461E0,1.771416321E0,9.234085583E0
3.759272079E1,-3.106490021E0,8.714428253E0,2.026785278E0,9.470976644E0
3.760267379E1,-3.653602295E0,8.945547638E0,2.237546997E0,9.918580989E0
3.761262579E1,-4.003724213E0,9.520801392E0,1.869911499E0,1.049628676E1
3.762257879E1,-4.076622620E0,1.019215530E1,1.471140747E0,1.107533913E1
3.763253079E1,-3.922742615E0,1.086590424E1,1.751058655E0,1.168426253E1
3.764248379E1,-3.492986298E0,1.137454651E1,2.059267731E0,1.207567162E1
3.765243579E1,-3.006348267E0,1.155177795E1,2.123334503E0,1.212395370E1
3.766238879E1,-2.641556854E0,1.121692429E1,2.055974579E0,1.170573554E1
3.767234079E1,-2.373314667E0,1.055155792E1,1.817969513E0,1.096690523E1
3.768229379E1,-2.088007965E0,9.870773621E0,1.557810516E0,1.020875716E1
3.769224579E1,-1.604513397E0,9.333989868E0,1.207688599E0,9.547583037E0
3.770219879E1,-1.093326416E0,8.791667633E0,6.917115784E-1,8.886351745E0
3.771215079E1,-8.705895996E-1,8.282276917E0,3.119512939E-1,8.333747703E0
3.772210379E1,-9.981243896E-1,7.912545776E0,1.272354126E-2,7.975261428E0
3.773205579E1,-1.361867981E0,7.762707367E0,-5.062472534E-1,7.897505704E0
3.774200879E1,-1.787882080E0,7.944130096E0,-9.744735718E-1,8.200934341E0
3.775196079E1,-2.202519836E0,8.318950653E0,-1.209484863E0,8.690160369E0
3.776191379E1,-2.487227783E0,8.776249695E0,-1.108444977E0,9.188988574E0
3.777186579E1,-2.463127899E0,9.246871033E0,-7.213499451E-1,9.596456048E0
3.778181879E1,-2.160157928E0,9.584419098E0,-5.987548828E-2,9.825016885E0
3.779177079E1,-2.010169830E0,9.694739685E0,6.661148071E-2,9.901171516E0
3.780172379E1,-2.037712555E0,9.697883148E0,3.038681030E-2,9.909698955E0
3.781167579E1,-2.024689636E0,9.760303345E0,4.830455017E-1,9.979790702E0
3.782162879E1,-1.945953369E0,9.817484436E0,8.991801453E-1,1.004879396E1
3.783158079E1,-1.974843292E0,9.863887939E0,6.164181519E-1,1.007850498E1
3.784153379E1,-2.002835083E0,9.868228912E0,2.424957275E-1,1.007234304E1
3.785148579E1,-1.876198425E0,9.873168640E0,1.670526123E-1,1.005124301E1
3.786143879E1,-1.760788422E0,9.919272766E0,4.004173279E-1,1.008229548E1
3.787139079E1,-1.645677795E0,9.817634125E0,8.514294434E-1,9.990952272E0
3.788134379E1,-1.575324097E0,9.588909760E0,1.272803192E0,9.800452252E0
3.789129579E1,-1.596729584E0,9.325158234E0,1.318757629E0,9.552342285E0
3.790124879E1,-1.686393127E0,9.280850372E0,9.644444275E-1,9.481996544E0
3.791120179E1,-1.798659668E0,9.690099335E0,4.787045288E-1,9.867236682E0
3.792115379E1,-1.827848969E0,1.023346939E1,1.377136230E-1,1.039634035E1
3.793110679E1,-1.771416321E0,1.055979080E1,-8.696914673E-2,1.070769168E1
3.794105879E1,-1.706601105E0,1.037582336E1,1.667532349E-1,1.051655858E1
3.795101179E1,-1.864822083E0,9.927355957E0,6.818321228E-1,1.012397416E1
3.796096379E1,-2.213147736E0,9.417366486E0,6.903643799E-1,9.698526558E0
3.797091679E1,-2.520308990E0,9.303453369E0,1.889071655E-1,9.640637319E0
3.798086879E1,-2.868784332E0,9.965825958E0,-3.957769775E-1,1.037806581E1
3.799082179E1,-3.230731659E0,1.093775482E1,-1.504371643E-1,1.140590807E1
3.800077379E1,-3.149600372E0,1.193228668E1,-1.299298096E-1,1.234165020E1
3.801072679E1,-2.541714478E0,1.208975922E1,-2.908451843E-1,1.235747471E1
3.802067879E1,-1.641935577E0,1.170880142E1,2.993774414E-2,1.182340389E1
3.803063179E1,-8.144563293E-1,1.124910736E1,4.598437500E-1,1.128792327E1
3.804058379E1,-2.647993469E-1,1.059811111E1,1.012195129E0,1.064962989E1
3.805053679E1,-1.875599670E-1,1.011222153E1,1.398841095E0,1.021023797E1
3.806048879E1,-5.379812622E-1,9.876012726E0,1.163680115E0,9.958875569E0
3.807044179E1,-8.657995605E-1,9.690997467E0,8.545729065E-1,9.767053580E0
3.808039379E1,-1.153950348E0,9.502838745E0,6.379733276E-1,9.593881154E0
3.809034679E1,-1.526824951E0,9.451794891E0,5.132826233E-1,9.588069678E0
3.810029879E1,-1.974693604E0,9.598340149E0,3.222798157E-1,9.804662805E0
3.811025179E1,-2.337688751E0,9.916578369E0,2.296224976E-1,1.019097845E1
3.812020379E1,-2.472707977E0,1.029304550E1,2.266287231E-1,1.058831578E1
3.813015679E1,-2.305056610E0,1.058987823E1,4.468208313E-1,1.084704826E1
3.814010879E1,-1.976489868E0,1.061966629E1,6.474037170E-1,1.082141192E1
3.815006179E1,-1.722468109E0,1.041040146E1,7.400610352E-1,1.057785636E1
3.816001379E1,-1.565145264E0,1.003917343E1,1.101708984E0,1.022000223E1
3.816996679E1,-1.421593781E0,9.678423615E0,8.967851257E-1,9.823290493E0
3.817991879E1,-1.193318481E0,9.367669830E0,9.271719360E-1,9.488777310E0
3.818987179E1,-8.246351624E-1,9.309440918E0,1.552421722E0,9.473949892E0
3.819982379E1,-5.432203674E-1,9.537716217E0,1.559457092E0,9.679619074E0
3.820977654E1,-4.670288086E-1,1.011985565E1,9.199868774E-1,1.017231390E1
3.821972854E1,-5.004093933E-1,1.063508423E1,8.738827515E-1,1.068265403E1
3.822968154E1,-6.183641052E-1,1.079764618E1,1.033450928E0,1.086460114E1
3.823963354E1,-9.978250122E-1,1.064331711E1,1.421144714E0,1.078403942E1
3.824958654E1,-1.428629150E0,1.030696655E1,1.895657959E0,1.057676982E1
3.825953854E1,-1.669627991E0,1.014605118E1,2.215842133E0,1.051855354E1
3.826949154E1,-1.516945496E0,1.032642609E1,2.293231201E0,1.068621115E1
3.827944454E1,-1.094074860E0,1.074600357E1,2.361938324E0,1.105677825E1
3.828939654E1,-6.577322388E-1,1.121976837E1,2.273771667E0,1.146672803E1
3.829934954E1,-4.704716492E-1,1.153171967E1,2.032024384E0,1.171883207E1
3.830930154E1,-6.114784241E-1,1.152303772E1,1.842368774E0,1.168540230E1
3.831925454E1,-1.012494507E0,1.124401794E1,1.720671844E0,1.141988600E1
3.832920654E1,-1.364412689E0,1.093416229E1,2.010319519E0,1.120084424E1
3.833915954E1,-1.534608765E0,1.079091019E1,2.285148010E0,1.113645671E1
3.834911154E1,-1.505569153E0,1.087383774E1,2.395767975E0,1.123595967E1
3.835906454E1,-1.335672455E0,1.108444977E1,2.549647980E0,1.145206324E1
3.836901654E1,-1.164877625E0,1.130194748E1,2.812800751E0,1.170481972E1
3.837896954E1,-1.131347351E0,1.140523270E1,3.078947296E0,1.186756909E1
3.838892154E1,-1.038091278E0,1.127081223E1,3.370391235E0,1.180967310E1
3.839887454E1,-8.092172241E-1,1.090736801E1,3.460803223E0,1.147182062E1
3.840882654E1,-5.393284607E-1,1.042821442E1,3.421884155E0,1.098853140E1
3.841877954E1,-3.414399719E-1,9.857151947E0,3.393143921E0,1.043040994E1
3.842873154E1,-2.766247559E-1,9.173523560E0,2.988385620E0,9.651968937E0
3.843868454E1,-1.800755310E-1,8.429570618E0,2.512225800E0,8.797804639E0
3.844863654E1,5.987548828E-4,7.616910553E0,2.471360779E0,8.007805619E0
3.845858954E1,2.993774414E-4,6.871311035E0,2.118095398E0,7.190357679E0
3.846854154E1,-1.076261902E-1,6.339916077E0,1.640588379E0,6.549629721E0
3.847849454E1,-2.127076721E-1,5.926475830E0,1.433868256E0,6.101175173E0
3.848844654E1,-2.824626160E-1,5.550457764E0,1.446891174E0,5.742896533E0
3.849839954E1,-3.743714905E-1,5.202581177E0,1.415306854E0,5.404636751E0
3.850835154E1,-3.963757324E-1,4.860542450E0,1.466350708E0,5.092363992E0
3.851830454E1,-3.544628906E-1,4.555327148E0,1.182690582E0,4.719682869E0
3.852825654E1,-2.532733154E-1,4.498295746E0,7.442523193E-1,4.566478239E0
3.853820954E1,-1.841171265E-2,4.891228638E0,5.854325867E-1,4.926173758E0
3.854816154E1,1.673519897E-1,5.549260254E0,6.414161682E-1,5.588712799E0
3.855811454E1,2.528242493E-1,6.192023621E0,1.266216888E0,6.325217927E0
3.856806654E1,3.769161987E-1,6.687942352E0,1.831441498E0,6.944409024E0
3.857801954E1,4.025129700E-1,7.001091156E0,1.699715424E0,7.215700007E0
3.858797154E1,2.710862732E-1,7.218888245E0,1.285676422E0,7.337492700E0
3.859792454E1,8.846603394E-2,7.139852600E0,1.359472961E0,7.268664810E0
3.860787654E1,-1.933978271E-1,6.787784729E0,1.569785614E0,6.969623456E0
3.861782954E1,-6.021977234E-1,6.296356659E0,1.687440948E0,6.546312415E0
3.862778154E1,-1.016536102E0,5.839955750E0,1.731449432E0,6.175463217E0
3.863773454E1,-1.388961639E0,5.519023132E0,1.489851837E0,5.882898033E0
3.864768654E1,-1.716779938E0,5.601501617E0,1.072519684E0,5.956043334E0
3.865763954E1,-1.842967529E0,6.181096344E0,1.099463654E0,6.543034591E0
3.866759154E1,-2.075883179E0,7.034322052E0,1.759740601E0,7.542391178E0
3.867754454E1,-2.605481873E0,7.974816284E0,2.201022949E0,8.673565160E0
3.868749654E1,-3.158731384E0,9.079968109E0,2.165995789E0,9.854691399E0
3.869744954E1,-3.364403687E0,1.020742355E1,2.642604675E0,1.106770379E1
3.870740254E1,-3.191213837E0,1.132215546E1,3.927382965E0,1.240158808E1
3.871735454E1,-2.982996826E0,1.243374390E1,4.842130737E0,1.367269130E1
3.872730754E1,-2.821931763E0,1.334534821E1,5.326373749E0,1.464349258E1
3.873725954E1,-2.718047791E0,1.393751678E1,5.722300415E0,1.530969889E1
3.874721254E1,-2.700683899E0,1.414917664E1,6.120622101E0,1.565103536E1
3.875716454E1,-2.771336975E0,1.382749557E1,6.436614990E0,1.550193391E1
3.876711754E1,-2.975063324E0,1.316512299E1,6.428980865E0,1.495002542E1
3.877706954E1,-3.223845978E0,1.248763184E1,6.317911835E0,1.436141155E1
3.878702254E1,-3.486849060E0,1.204515198E1,6.247857513E0,1.400997952E1
3.879697454E1,-3.644620972E0,1.186747147E1,6.374943237E0,1.395564554E1
3.880692754E1,-3.730991364E0,1.170895111E1,6.553372192E0,1.392718635E1
3.881687954E1,-3.764821014E0,1.169622757E1,6.431824951E0,1.386881353E1
3.882683254E1,-3.741918640E0,1.183409088E1,6.360573120E0,1.394648890E1
3.883678454E1,-3.665278015E0,1.195773376E1,6.341113586E0,1.402253120E1
3.884673754E1,-3.533551941E0,1.205563019E1,6.388265533E0,1.409376263E1
3.885668954E1,-3.485651550E0,1.214963470E1,6.413712616E0,1.417388795E1
3.886664254E1,-3.484304352E0,1.229094086E1,6.424639893E0,1.429977628E1
3.887659454E1,-3.446433105E0,1.244003082E1,6.408772888E0,1.441196163E1
3.888654754E1,-3.386856995E0,1.254825577E1,6.508166199E0,1.453567165E1
3.889649954E1,-3.379971313E0,1.275377838E1,6.484964447E0,1.470162688E1
3.890645254E1,-3.313060455E0,1.299836975E1,6.492448883E0,1.490254603E1
3.891640454E1,-3.362607422E0,1.309372147E1,5.692961426E0,1.466841778E1
3.892635754E1,-3.307821350E0,1.287143372E1,4.684209137E0,1.409103627E1
3.893630954E1,-2.907104645E0,1.187869812E1,4.493356018E0,1.302862137E1
3.894626254E1,-2.409539337E0,1.044707520E1,3.656296692E0,1.132765490E1
3.895621454E1,-2.092348938E0,8.950038300E0,2.447560272E0,9.511659210E0
3.896616754E1,-1.829345856E0,7.586074677E0,1.423390045E0,7.932280535E0
3.897611954E1,-1.674717407E0,6.203849030E0,8.385562134E-1,6.480401045E0
3.898607254E1,-1.591640167E0,5.017715607E0,5.343887329E-1,5.291158630E0
3.899602454E1,-1.497935028E0,4.029171295E0,2.231858826E-1,4.304398055E0
3.900597754E1,-1.465901642E0,3.473826141E0,2.543211365E-1,3.779023012E0
3.901592954E1,-1.492695923E0,3.428769836E0,1.784289551E-1,3.743853710E0
3.902588254E1,-1.583556976E0,3.837420044E0,-2.320175171E-2,4.151383337E0
3.903583454E1,-1.648222504E0,4.516108704E0,7.604187012E-2,4.808082529E0
3.904578754E1,-1.720522156E0,5.240302734E0,3.415896606E-1,5.526088375E0
3.905573954E1,-1.697170715E0,5.971831512E0,6.973997498E-1,6.247361560E0
3.906569254E1,-1.595532074E0,6.676865387E0,8.524772644E-1,6.917584223E0
3.907564454E1,-1.566193085E0,7.182663574E0,1.109492798E0,7.434688364E0
3.908559754E1,-1.569336548E0,7.370822296E0,1.588197327E0,7.701571870E0
3.909554954E1,-1.647024994E0,7.242539063E0,1.714384918E0,7.622740915E0
3.910550254E1,-1.734143829E0,6.962321777E0,1.706301727E0,7.375136944E0
3.911545554E1,-1.789079590E0,6.671925659E0,1.503323822E0,7.069326721E0
3.912540754E1,-1.898202667E0,6.411167908E0,1.068927155E0,6.771178078E0
3.913536054E1,-2.035916290E0,6.293662262E0,7.758366394E-1,6.660109781E0
3.914531254E1,-2.219584351E0,6.295009460E0,7.686515808E-1,6.718967484E0
3.915526554E1,-2.775228882E0,6.653513947E0,-9.056167603E-2,7.209670214E0
3.916521754E1,-4.347708893E0,8.253087616E0,-1.018332367E0,9.383657529E0
3.917517054E1,-5.745502167E0,1.030277527E1,2.389481049E0,1.203609542E1
3.918512254E1,-6.854994965E0,1.141391464E1,4.495301971E0,1.405262051E1
3.919507554E1,-6.747069397E0,1.237371872E1,4.768334198E0,1.487847006E1
3.920502754E1,-6.227350159E0,1.410920975E1,3.096760254E0,1.573021340E1
3.921498079E1,-5.707181854E0,1.619796616E1,1.677561493E0,1.725573078E1
3.922493279E1,-5.109923859E0,1.616383713E1,3.106040955E-1,1.695515932E1
3.923488579E1,-4.252506866E0,1.387779099E1,-4.664300537E-1,1.452220556E1
3.924483779E1,-3.621269531E0,1.143532013E1,-1.700463867E-1,1.199621004E1
3.925479079E1,-3.528462524E0,9.991422729E0,3.225791931E-1,1.060106755E1
3.926474279E1,-3.784729614E0,9.313781891E0,5.197192383E-1,1.006681774E1
3.927469579E1,-4.162094879E0,9.239835663E0,5.071453857E-1,1.014666415E1
3.928464779E1,-4.552333374E0,9.415121155E0,8.515791321E-1,1.049254176E1
3.929460079E1,-4.993466034E0,9.482032013E0,8.626560974E-1,1.075117713E1
3.930455279E1,-5.532495117E0,9.328900452E0,8.505313110E-1,1.087935151E1
3.931450579E1,-5.757626953E0,8.936566315E0,9.090596008E-1,1.066953021E1
3.932445779E1,-5.628445587E0,8.344846802E0,7.144642639E-1,1.009090318E1
3.933441079E1,-5.119354248E0,7.685018921E0,8.424481201E-1,9.272379553E0
3.934436279E1,-4.506977692E0,7.079977112E0,3.638932800E-1,8.400675100E0
3.935431579E1,-3.921395416E0,6.735543365E0,-5.008584595E-1,7.809977313E0
3.936426779E1,-3.468137970E0,6.745572510E0,-4.448748779E-1,7.597936767E0
3.937422079E1,-3.212469635E0,6.912924500E0,1.549278259E-1,7.624466468E0
3.938417279E1,-3.041076050E0,7.200177155E0,9.358538818E-1,7.871881420E0
3.939412579E1,-2.854863281E0,7.559280396E0,1.520388336E0,8.222198316E0
3.940407779E1,-2.682870941E0,7.889942780E0,1.799108734E0,8.525595920E0
3.941403079E1,-2.704725494E0,8.143964539E0,1.750010834E0,8.757981293E0
3.942398279E1,-3.009791107E0,8.177345123E0,1.500629425E0,8.841928774E0
3.943393579E1,-3.462898865E0,8.025710449E0,1.275198212E0,8.833449340E0
3.944388779E1,-3.865112457E0,7.871231689E0,1.101110229E0,8.837863223E0
3.945384079E1,-4.100273438E0,7.807015228E0,1.191073151E0,8.898336040E0
3.946379279E1,-4.178560638E0,7.889194336E0,1.680854645E0,9.084328738E0
3.947374579E1,-4.159550171E0,8.118966522E0,1.694476318E0,9.278508771E0
3.948369779E1,-4.092489624E0,8.411308594E0,1.691332855E0,9.505745126E0
3.949365079E1,-4.019441528E0,8.656199341E0,1.904938660E0,9.732136894E0
3.950360279E1,-3.910617828E0,8.822503510E0,2.182012482E0,9.893971824E0
3.951355579E1,-3.746858368E0,8.876241760E0,2.468816071E0,9.945937271E0
3.952350779E1,-3.548371124E0,8.953481140E0,2.708318024E0,1.000453641E1
3.953346079E1,-3.338507538E0,9.058562622E0,2.786605225E0,1.004830125E1
3.954341279E1,-3.156486053E0,9.173373871E0,2.795436859E0,1.009597245E1
3.955336579E1,-3.052751770E0,9.244625702E0,2.896476746E0,1.015736065E1
3.956331779E1,-3.037782898E0,9.266031189E0,2.887794800E0,1.016989763E1
3.957327079E1,-3.083887024E0,9.285041656E0,2.773731995E0,1.016936315E1
3.958322279E1,-3.170856171E0,9.341174927E0,2.812052307E0,1.025765646E1
3.959317579E1,-3.356170807E0,9.440568237E0,2.978805542E0,1.045282228E1
3.960312779E1,-3.656596069E0,9.491462402E0,2.999163208E0,1.060441103E1
3.961308079E1,-4.054019623E0,9.506131897E0,2.984493713E0,1.075680350E1
3.962303279E1,-4.374054108E0,9.458830261E0,2.980152740E0,1.083896349E1
3.963298579E1,-4.578229523E0,9.342821503E0,2.971171417E0,1.082018294E1
3.964293779E1,-4.644691315E0,9.200317841E0,3.035836945E0,1.074408264E1
3.965289079E1,-4.646637268E0,9.000483398E0,3.116668854E0,1.059780940E1
3.966284279E1,-4.492008820E0,8.887169037E0,2.812950439E0,1.034758942E1
3.967279579E1,-4.402195587E0,8.728498993E0,2.584076385E0,1.011155139E1
3.968274879E1,-4.227209473E0,8.397686920E0,2.904709625E0,9.840110952E0
3.969270079E1,-4.006717987E0,8.092621307E0,2.989882507E0,9.512292366E0
3.970265379E1,-3.889960785E0,7.908055115E0,2.628384247E0,9.196604501E0
3.971260579E1,-3.790866852E0,7.920179901E0,2.563119965E0,9.147103646E0
3.972255879E1,-3.698359222E0,7.984695740E0,2.746788025E0,9.218355138E0
3.973251079E1,-3.669169922E0,8.085136871E0,2.855462036E0,9.326623697E0
3.974246379E1,-3.708837433E0,8.094267883E0,3.024161224E0,9.403095170E0
3.975241579E1,-3.838916931E0,8.022117920E0,3.077450409E0,9.410757682E0
3.976236879E1,-3.977678375E0,8.044122162E0,2.903961182E0,9.432010239E0
3.977232079E1,-4.099075928E0,8.069718933E0,2.738854523E0,9.456432267E0
3.978227379E1,-4.186194763E0,8.130193176E0,2.798580322E0,9.563279746E0
3.979222579E1,-4.261937256E0,8.177195435E0,2.874771881E0,9.658930982E0
3.980217879E1,-4.358037415E0,8.231532440E0,2.919079742E0,9.760719388E0
3.981213079E1,-4.349355469E0,8.375233612E0,2.982098694E0,9.897188675E0
3.982208379E1,-4.241579590E0,8.520132294E0,2.935844879E0,9.960062092E0
3.983203579E1,-4.022285614E0,8.634195099E0,2.945574646E0,9.970181371E0
3.984198879E1,-3.812871094E0,8.687933350E0,3.256029053E0,1.003094697E1
3.985194079E1,-3.729045410E0,8.743018799E0,3.310665436E0,1.006512111E1
3.986189379E1,-3.690425720E0,8.839717712E0,3.355422363E0,1.014981332E1
3.987184579E1,-3.774999847E0,8.948691101E0,3.743415527E0,1.040878745E1
3.988179879E1,-4.118086395E0,9.111402740E0,3.841611328E0,1.071140855E1
3.989175079E1,-4.435576172E0,9.312883759E0,4.174968109E0,1.112809501E1
3.990170379E1,-4.421954498E0,9.661508789E0,4.864883423E0,1.168612529E1
3.991165579E1,-4.311035156E0,1.014335678E1,5.403463440E0,1.227477609E1
3.992160879E1,-4.314328308E0,1.056218582E1,5.453160095E0,1.264555863E1
3.993156079E1,-4.525988159E0,1.078073135E1,5.179678802E0,1.278819025E1
3.994151379E1,-4.938979340E0,1.072310120E1,4.557871857E0,1.265514172E1
3.995146579E1,-5.354964294E0,1.016371445E1,3.980971527E0,1.215832506E1
3.996141879E1,-5.460644531E0,9.234895935E0,3.669020233E0,1.133859123E1
3.997137079E1,-5.140160980E0,8.446186066E0,3.286116486E0,1.041911107E1
3.998132379E1,-4.361180878E0,8.119116211E0,1.575623474E0,9.350001927E0
3.999127579E1,-2.971021729E0,8.674611053E0,1.377585297E0,9.272194362E0
4.000122879E1,-2.598296814E0,8.537645874E0,1.355581055E0,9.026635220E0
4.001118079E1,-4.171525269E0,7.819589081E0,3.553610229E-1,8.869829644E0
4.002113379E1,-5.854625244E0,7.561825104E0,-1.258133698E0,9.645762596E0
4.003108579E1,-6.776109009E0,8.645421753E0,-1.864373016E0,1.114158235E1
4.004103879E1,-6.690936127E0,1.071561676E1,-1.349443817E0,1.270488361E1
4.005099079E1,-6.263125763E0,1.293205765E1,-8.093669128E-1,1.439166197E1
4.006094379E1,-5.405858459E0,1.430994232E1,-5.822891235E-2,1.529709598E1
4.007089579E1,-3.919599152E0,1.501856873E1,2.375559998E-1,1.552343702E1
4.008084879E1,-2.485730896E0,1.464524506E1,1.992356873E-1,1.485603432E1
4.009080079E1,-1.877994690E0,1.346614700E1,3.674858093E-1,1.360143467E1
4.010075379E1,-1.850302277E0,1.216894455E1,2.676434326E-1,1.231172055E1
4.011070579E1,-2.058219910E0,1.115914444E1,-1.064286804E-1,1.134786768E1
4.012065879E1,-2.246528320E0,1.035157379E1,-1.091230774E-1,1.059310518E1
4.013061079E1,-2.620301056E0,9.748328247E0,-7.634124756E-3,1.009435186E1
4.014056379E1,-3.057541809E0,9.397607574E0,-2.279759216E-1,9.885118262E0
4.015051579E1,-3.353925476E0,9.025331726E0,-5.530998230E-1,9.644239124E0
4.016046879E1,-3.500171356E0,8.590485992E0,-5.791456604E-1,9.294248695E0
4.017042079E1,-3.597169647E0,8.232879639E0,-4.963677979E-1,8.998128561E0
4.018037379E1,-3.618874512E0,8.037086792E0,-4.224215698E-1,8.824367219E0
4.019032579E1,-3.348536682E0,7.961643677E0,-3.486250305E-1,8.644189225E0
4.020027879E1,-2.800526276E0,7.967930603E0,-6.409671021E-1,8.470047482E0
4.021023067E1,-2.323168945E0,8.027357025E0,-1.110989685E0,8.430294944E0
4.022018367E1,-2.019600220E0,8.132139130E0,-1.242865448E0,8.470843311E0
4.023013567E1,-1.875000916E0,8.259075165E0,-1.262025604E0,8.562748369E0
4.024008867E1,-1.957030334E0,8.263715515E0,-1.091230774E0,8.562111098E0
4.025004067E1,-2.088606720E0,8.203540649E0,-8.485853577E-1,8.507670323E0
4.025999367E1,-2.302960968E0,8.134983215E0,-6.480024719E-1,8.479474532E0
4.026994567E1,-2.495460663E0,8.033943329E0,-4.706213379E-1,8.425737580E0
4.027989867E1,-2.691702576E0,7.930508423E0,-3.613485718E-1,8.382648710E0
4.028985067E1,-2.723586273E0,7.868986359E0,3.842509460E-1,8.335857322E0
4.029980367E1,-2.644850006E0,7.843838654E0,7.533833313E-1,8.311956618E0
4.030975567E1,-2.663860474E0,7.952662354E0,5.134323120E-1,8.402654573E0
4.031970867E1,-2.761457520E0,8.194409637E0,2.525248718E-1,8.650882368E0
4.032966067E1,-2.779120789E0,8.411907349E0,2.242337036E-1,8.861939875E0
4.033961367E1,-2.752027130E0,8.582253113E0,3.219804382E-1,9.018447384E0
4.034956567E1,-2.775228882E0,8.620573425E0,3.138972473E-1,9.061716891E0
4.035951867E1,-2.928061066E0,8.569679260E0,1.008901978E-1,9.056661806E0
4.036947067E1,-3.006497955E0,8.488847351E0,-2.206411743E-1,9.008231893E0
4.037942367E1,-2.963537292E0,8.360414429E0,-2.468367004E-1,8.873556844E0
4.038937667E1,-2.678679657E0,8.235873413E0,9.204359436E-1,8.709313286E0
4.039932867E1,-2.294129333E0,8.219257965E0,2.056872711E0,8.777810447E0
4.040928167E1,-2.082619171E0,8.636440430E0,1.909579010E0,9.086908050E0
4.041923367E1,-2.170187073E0,9.213041382E0,1.060394897E0,9.524404484E0
4.042918667E1,-2.479893036E0,9.593999176E0,6.146218872E-1,9.928365914E0
4.043913867E1,-2.529739380E0,9.751920776E0,1.025367737E0,1.012674277E1
4.044909167E1,-2.281256104E0,9.909393311E0,1.145118713E0,1.023286382E1
4.045904367E1,-2.158661041E0,9.979597321E0,1.897603912E0,1.038523379E1
4.046899667E1,-2.356100464E0,9.945318604E0,2.241588593E0,1.046352192E1
4.047894867E1,-2.687660980E0,1.005159760E1,1.747316437E0,1.055041471E1
4.048890167E1,-2.963986359E0,1.010458740E1,1.450932770E0,1.062982162E1
4.049885367E1,-3.063679047E0,9.951306152E0,1.589095459E0,1.053279867E1
4.050880667E1,-3.074905701E0,9.817035370E0,1.445244598E0,1.038835697E1
4.051875867E1,-3.064427490E0,9.840536499E0,1.291364594E0,1.038722759E1
4.052871167E1,-3.026406555E0,9.838440857E0,1.242416382E0,1.036810752E1
4.053866367E1,-3.020119629E0,9.739795990E0,1.159189453E0,1.026296588E1
4.054861667E1,-3.016078033E0,9.517358551E0,1.099613342E0,1.004420181E1
4.055856867E1,-2.992726593E0,9.205856323E0,1.091530151E0,9.741439379E0
4.056852167E1,-2.930605774E0,8.969048767E0,9.503736877E-1,9.483432719E0
4.057847367E1,-2.796634369E0,8.897647247E0,7.815248108E-1,9.359490978E0
4.058842667E1,-2.623145142E0,8.815318451E0,1.070424042E0,9.259402651E0
4.059837867E1,-2.448907471E0,8.642877045E0,1.382375336E0,9.088863129E0
4.060833167E1,-2.296973419E0,8.533155212E0,1.273851013E0,8.928242894E0
4.061828367E1,-2.215991821E0,8.497529297E0,1.165177002E0,8.858682822E0
4.062823667E1,-2.137405243E0,8.428971863E0,1.212778015E0,8.779914484E0
4.063818867E1,-2.082020416E0,8.228089600E0,1.280287628E0,8.583437766E0
4.064814167E1,-2.127675476E0,8.035739594E0,1.159189453E0,8.393082505E0
4.065809367E1,-2.174528046E0,7.873926086E0,1.163081360E0,8.251063112E0
4.066804667E1,-2.198478241E0,7.747588806E0,1.329684906E0,8.162505794E0
4.067799867E1,-2.278561707E0,7.669151917E0,1.575623474E0,8.154159914E0
4.068795167E1,-2.346370697E0,7.654482422E0,1.822909241E0,8.210941158E0
4.069790367E1,-2.407443695E0,7.611372070E0,1.978735199E0,8.224607159E0
4.070785667E1,-2.444865875E0,7.538922729E0,1.961071930E0,8.164467416E0
4.071780867E1,-2.495460663E0,7.500003662E0,1.829794922E0,8.113293308E0
4.072776167E1,-2.561922455E0,7.472610626E0,1.816772003E0,8.105801425E0
4.073771367E1,-2.658621368E0,7.482340393E0,1.807191925E0,8.143686388E0
4.074766667E1,-2.726430359E0,7.532037048E0,1.902693329E0,8.233179611E0
4.075761867E1,-2.703527985E0,7.670499115E0,1.983525238E0,8.371379373E0
4.076757167E1,-2.615211639E0,7.967182159E0,2.045945435E0,8.631408703E0
4.077752367E1,-2.520159302E0,8.331374817E0,2.187101898E0,8.974765956E0
4.078747667E1,-2.476749573E0,8.607251129E0,2.045945435E0,9.187216835E0
4.079742867E1,-2.506837006E0,8.768166504E0,1.912123718E0,9.317789047E0
4.080738167E1,-2.432890778E0,8.968300323E0,2.302960968E0,9.573557199E0
4.081733367E1,-2.279010773E0,9.305848389E0,2.201322327E0,9.830489526E0
4.082728667E1,-2.383942566E0,9.801467743E0,2.044149170E0,1.029225427E1
4.083723867E1,-2.540217590E0,1.031445099E1,2.275118866E0,1.086355239E1
4.084719167E1,-2.642305298E0,1.091335556E1,2.925067291E0,1.160341008E1
4.085714367E1,-2.662513275E0,1.163246017E1,3.406166840E0,1.240987829E1
4.086709667E1,-2.655178528E0,1.226504471E1,3.516337738E0,1.303249500E1
4.087704867E1,-2.565365295E0,1.270228546E1,3.372337189E0,1.339036270E1
4.088700167E1,-2.479294281E0,1.293699738E1,3.245101776E0,1.356626281E1
4.089695367E1,-2.409239960E0,1.312575485E1,3.252885590E0,1.373576144E1
4.090690667E1,-2.514620819E0,1.325478653E1,3.385360107E0,1.390946968E1
4.091685867E1,-2.757266235E0,1.325703186E1,3.701802063E0,1.403761908E1
4.092681167E1,-2.836152191E0,1.300226166E1,4.141587524E0,1.393755053E1
4.093676367E1,-2.789898376E0,1.245993942E1,4.129013672E0,1.341947753E1
4.094671667E1,-2.792293396E0,1.181927170E1,3.478616180E0,1.263300663E1
4.095666867E1,-2.610421600E0,1.116947296E1,3.112776947E0,1.188531899E1
4.096662167E1,-2.148033142E0,1.047970734E1,2.812950439E0,1.106123874E1
4.097657367E1,-1.805096283E0,9.797276459E0,2.009870453E0,1.016290204E1
4.098652667E1,-1.815125427E0,9.288185120E0,8.259823608E-1,9.499858420E0
4.099647867E1,-2.103126526E0,8.985364838E0,-1.275048523E0,9.315882738E0
4.100643167E1,-2.195484467E0,8.702153778E0,-2.648143158E0,9.357365794E0
4.101638367E1,-2.167193298E0,8.728948059E0,-2.849773865E0,9.434642128E0
4.102633667E1,-2.482288055E0,9.259444885E0,-2.498753815E0,9.906707031E0
4.103628867E1,-3.351380768E0,1.027687912E1,-1.923949127E0,1.097941609E1
4.104624167E1,-4.334386597E0,1.158455978E1,-1.567839661E0,1.246784078E1
4.105619367E1,-5.056934052E0,1.265498383E1,-1.284628601E0,1.368836982E1
4.106614667E1,-5.285508728E0,1.351479584E1,-1.208437042E0,1.456182094E1
4.107609867E1,-5.284311218E0,1.407807449E1,-1.167422333E0,1.508240702E1
4.108605167E1,-5.134472809E0,1.392389511E1,-6.036946106E-1,1.485268034E1
4.109600367E1,-4.578379211E0,1.306812469E1,-2.709365845E-2,1.384695538E1
4.110595667E1,-3.842509460E0,1.224738144E1,-7.514373779E-2,1.283623300E1
4.111590867E1,-3.321892090E0,1.165476379E1,-5.668711853E-1,1.213218155E1
4.112586167E1,-2.984643402E0,1.113624207E1,-1.253193970E0,1.159717546E1
4.113581367E1,-2.559078369E0,1.082518890E1,-1.827848969E0,1.127273830E1
4.114576667E1,-2.091151428E0,1.058359131E1,-2.085612946E0,1.098795252E1
4.115571867E1,-1.803150330E0,1.043315414E1,-1.944606171E0,1.076492219E1
4.116567167E1,-1.853445740E0,1.032193542E1,-2.095941467E0,1.069441829E1
4.117562367E1,-2.020648041E0,1.017838394E1,-1.697021027E0,1.051486560E1
4.118557667E1,-2.083816681E0,9.992919617E0,-1.266067200E0,1.028609064E1
4.119552867E1,-2.269131317E0,9.686357117E0,-1.454076233E0,1.005429305E1
4.120548167E1,-2.480491791E0,9.420360260E0,-1.411564636E0,9.843197736E0
4.121543354E1,-2.774480438E0,9.356592865E0,-1.492246857E0,9.872708464E0
4.122538654E1,-3.119363251E0,9.393416290E0,-1.587748260E0,1.002435241E1
4.123533854E1,-3.307821350E0,9.407187653E0,-1.499581604E0,1.008392813E1
4.124529154E1,-3.361110535E0,9.242530060E0,-1.194965057E0,9.907036258E0
4.125524354E1,-3.301983490E0,8.982969818E0,-1.007554779E0,9.623513306E0
4.126519654E1,-3.124752045E0,8.771759033E0,-1.004710693E0,9.365750128E0
4.127514854E1,-2.877017212E0,8.563991089E0,-1.341210938E0,9.133346494E0
4.128510154E1,-2.642754364E0,8.396788788E0,-1.453477478E0,8.922040650E0
4.129505354E1,-2.503992920E0,8.170010376E0,-1.147962799E0,8.621883128E0
4.130500654E1,-2.316283264E0,8.152945862E0,-7.252418518E-1,8.506566295E0
4.131495854E1,-1.915117493E0,8.147557068E0,-1.556762695E-1,8.371057059E0
4.132491154E1,-1.545536041E0,8.131989441E0,3.209326172E-1,8.283775206E0
4.133486354E1,-1.462608490E0,8.133037262E0,1.163081360E-1,8.264323704E0
4.134481654E1,-1.545685730E0,8.187673645E0,-3.532653809E-2,8.332370134E0
4.135476854E1,-1.667682037E0,8.250243530E0,-2.514770508E-2,8.417144058E0
4.136472154E1,-1.786834259E0,8.367000732E0,7.813751221E-2,8.556026145E0
4.137467354E1,-1.876198425E0,8.436456299E0,3.444337463E-1,8.649424837E0
4.138462654E1,-1.933080139E0,8.406817932E0,6.415658569E-1,8.650028515E0
4.139457854E1,-2.128274231E0,8.297096100E0,7.940986633E-1,8.602438467E0
4.140453154E1,-2.360740814E0,8.236621857E0,1.041085052E0,8.631274233E0
4.141448354E1,-2.634970551E0,8.261470184E0,1.147513733E0,8.747099358E0
4.142443654E1,-2.869383087E0,8.299790497E0,1.316512299E0,8.879926026E0
4.143438854E1,-3.115770721E0,8.181087341E0,1.503174133E0,8.882440529E0
4.144434154E1,-3.232976990E0,8.081993408E0,1.700763245E0,8.869236341E0
4.145429354E1,-3.219055939E0,8.100854187E0,1.650767212E0,8.871932827E0
4.146424654E1,-3.110381927E0,8.431666260E0,1.623972931E0,9.132620639E0
4.147419854E1,-2.977907410E0,8.754544830E0,1.609602814E0,9.386203117E0
4.148415154E1,-2.884801025E0,8.932075653E0,1.873953094E0,9.571611809E0
4.149410354E1,-2.720742188E0,8.842112732E0,2.261197815E0,9.523571346E0
4.150405654E1,-2.567311249E0,8.812474365E0,2.250569916E0,9.450706663E0
4.151400854E1,-2.405647430E0,8.976682892E0,2.229463806E0,9.557116938E0
4.152396154E1,-2.224524078E0,9.174870758E0,2.396965485E0,9.740236359E0
4.153391354E1,-2.248474274E0,9.250164185E0,2.529889069E0,9.849949883E0
4.154386654E1,-2.468965759E0,9.317224731E0,2.455044708E0,9.946542773E0
4.155381854E1,-2.795736237E0,9.380093994E0,2.221081238E0,1.003670794E1
4.156377154E1,-3.069666595E0,9.393266602E0,2.395019531E0,1.016820677E1
4.157372354E1,-2.822380829E0,9.507778473E0,2.699336700E0,1.027862363E1
4.158367654E1,-2.488125916E0,9.583520966E0,2.825823669E0,1.029659769E1
4.159362854E1,-2.256407776E0,9.419462128E0,2.946023712E0,1.012406532E1
4.160358154E1,-2.167792053E0,9.047036591E0,2.690804443E0,9.684452592E0
4.161353354E1,-2.205663300E0,8.623716888E0,2.502496033E0,9.246400919E0
4.162348654E1,-2.383044434E0,8.316256256E0,2.357148285E0,8.966335200E0
4.163343854E1,-2.550246735E0,8.241711273E0,2.233355713E0,8.911646361E0
4.164339154E1,-2.587219849E0,8.183033295E0,2.113754425E0,8.838761125E0
4.165334354E1,-2.608625336E0,8.088879089E0,2.132315826E0,8.762514585E0
4.166329654E1,-2.642305298E0,7.983947296E0,2.228865051E0,8.700174201E0
4.167324854E1,-2.770887909E0,7.945177917E0,2.207758942E0,8.699302931E0
4.168320154E1,-2.913690948E0,8.083190918E0,2.212399292E0,8.872557748E0
4.169315454E1,-2.932402039E0,8.425079956E0,2.266287231E0,9.204184472E0
4.170310654E1,-2.840044098E0,8.864566040E0,2.117047577E0,9.546112926E0
4.171305954E1,-2.694696350E0,9.168733521E0,2.126777344E0,9.790313818E0
4.172301154E1,-2.653681641E0,9.223070526E0,2.259401550E0,9.859612140E0
4.173296454E1,-2.697390747E0,9.034762115E0,2.408491516E0,9.731581306E0
4.174291654E1,-2.849324799E0,8.761280823E0,2.500400391E0,9.546239866E0
4.175286854E1,-3.006198578E0,8.750503235E0,2.595602417E0,9.609666418E0
4.176282154E1,-3.079995117E0,9.015302582E0,2.682272186E0,9.897304413E0
4.177277454E1,-3.043022003E0,9.335636444E0,2.790497131E0,1.020788739E1
4.178272654E1,-2.961142273E0,9.466314697E0,2.747237091E0,1.029207409E1
4.179267954E1,-2.884501648E0,9.346264343E0,2.835703125E0,1.018401783E1
4.180263154E1,-2.800226898E0,9.057963867E0,2.908601532E0,9.917053140E0
4.181258454E1,-2.773282928E0,8.758586426E0,2.767894135E0,9.595059787E0
4.182253654E1,-2.822979584E0,8.501720581E0,2.644550629E0,9.340348741E0
4.183248954E1,-2.991828461E0,8.283773804E0,2.622247009E0,9.189566113E0
4.184244154E1,-3.227588196E0,8.091723175E0,2.604284363E0,9.092612746E0
4.185239454E1,-3.511098633E0,7.972570953E0,2.472258911E0,9.055482612E0
4.186234654E1,-3.779640198E0,7.864795074E0,2.381397858E0,9.044984099E0
4.187229854E1,-4.051175537E0,7.704927521E0,2.443668365E0,9.041540047E0
4.188225154E1,-4.136947174E0,7.583080902E0,2.386936340E0,8.961858791E0
4.189220354E1,-4.086352386E0,7.549999695E0,2.237247620E0,8.871642922E0
4.190215654E1,-3.906426544E0,7.553891602E0,1.998344421E0,8.735835799E0
4.191210854E1,-3.712579651E0,7.550598450E0,1.820663910E0,8.608693379E0
4.192206154E1,-3.501817932E0,7.589816895E0,1.847607880E0,8.560473363E0
4.193201454E1,-3.224594421E0,7.718249817E0,1.758393402E0,8.547592455E0
4.194196654E1,-3.041525116E0,7.822732544E0,2.107168121E0,8.653679967E0
4.195191954E1,-3.020119629E0,7.942633209E0,2.297123108E0,8.802460988E0
4.196187154E1,-3.185675354E0,7.987839203E0,2.272574158E0,8.894869077E0
4.197182454E1,-3.343147888E0,7.987090759E0,2.782114563E0,9.094526818E0
4.198177654E1,-3.481011200E0,8.246950378E0,3.250939636E0,9.523562256E0
4.199172954E1,-3.734883270E0,8.721164246E0,3.522774353E0,1.012017776E1
4.200168154E1,-4.038451996E0,9.128616943E0,3.801045685E0,1.068123074E1
4.201163454E1,-4.331692200E0,9.434281311E0,4.107159119E0,1.116413800E1
4.202158654E1,-4.694687347E0,9.811197510E0,4.364923096E0,1.171973718E1
4.203153954E1,-5.136867828E0,1.047177383E1,4.378694458E0,1.245866861E1
4.204149154E1,-5.441634064E0,1.123503662E1,4.367767181E0,1.322553664E1
4.205144454E1,-5.661826172E0,1.188648193E1,4.338727570E0,1.386251367E1
4.206139654E1,-5.734874268E0,1.234872070E1,4.452341309E0,1.432490939E1
4.207134954E1,-5.763015747E0,1.247056732E1,4.196223907E0,1.436438982E1
4.208130154E1,-5.600004730E0,1.258702515E1,3.254831543E0,1.415581800E1
4.209125454E1,-4.823419647E0,1.305929306E1,2.316133575E0,1.411293687E1
4.210120654E1,-3.996090088E0,1.358544891E1,1.379531250E0,1.422800986E1
4.211115854E1,-3.758384399E0,1.369502106E1,5.084925842E-1,1.421047570E1
4.212111154E1,-3.977828064E0,1.325568466E1,-6.042933655E-1,1.385285034E1
4.213106354E1,-3.882476349E0,1.273626480E1,-1.797162781E0,1.343561899E1
4.214101654E1,-3.191064148E0,1.237162308E1,-2.165696411E0,1.295878810E1
4.215096854E1,-2.372566223E0,1.205458237E1,-2.396217041E0,1.251734327E1
4.216092154E1,-1.692979431E0,1.186298080E1,-2.634222107E0,1.226929578E1
4.217087454E1,-1.157093811E0,1.182630707E1,-2.587519226E0,1.216123599E1
4.218082654E1,-6.457571411E-1,1.198886902E1,-2.148482208E0,1.219696513E1
4.219077954E1,-2.893482971E-1,1.211056595E1,-1.725012817E0,1.223622488E1
4.220073154E1,-3.276686096E-1,1.202404587E1,-1.335373077E0,1.210240749E1
4.221068342E1,-8.066725159E-1,1.167976181E1,-1.032702484E0,1.175304347E1
4.222063642E1,-1.418600006E0,1.130643814E1,-1.022373962E0,1.144085739E1
4.223058842E1,-1.819167023E0,1.090182953E1,-1.025367737E0,1.110002859E1
4.224054142E1,-2.120340729E0,1.038390656E1,-1.134939880E0,1.065877332E1
4.225049442E1,-2.413131866E0,9.814340973E0,-1.256187744E0,1.018442447E1
4.226044642E1,-2.722987518E0,9.292825470E0,-8.107141113E-1,9.717434003E0
4.227039942E1,-2.931952972E0,8.944948883E0,-3.601510620E-1,9.420093818E0
4.228035142E1,-2.953059082E0,8.737480316E0,-1.634600830E-1,9.224469601E0
4.229030342E1,-2.841840363E0,8.658594360E0,-2.701881409E-1,9.117034308E0
4.230025642E1,-2.644101562E0,8.659941559E0,-9.153465271E-1,9.100753823E0
4.231020842E1,-2.341281281E0,8.742270355E0,-1.732197876E0,9.214629590E0
4.232016142E1,-2.051184540E0,8.637937317E0,-1.551224213E0,9.012636444E0
4.233011342E1,-1.890718231E0,8.381969604E0,-9.093589783E-1,8.640553433E0
4.234006642E1,-1.933828583E0,8.091423798E0,-4.749623108E-1,8.332851928E0
4.235001842E1,-2.082469482E0,7.918084259E0,-1.182540894E-1,8.188206245E0
4.235997142E1,-2.406246185E0,7.905809784E0,-6.556365967E-2,8.264148331E0
4.236992342E1,-2.787353668E0,7.922874298E0,-1.197509766E-3,8.398885584E0
4.237987642E1,-3.061882782E0,8.077951813E0,-1.287322998E-2,8.638784485E0
4.238982842E1,-3.210074615E0,8.327931976E0,-1.589694214E-1,8.926606372E0
4.239978142E1,-3.282823334E0,8.544232178E0,-3.158432007E-1,9.158634695E0
4.240973342E1,-3.387605438E0,8.632099457E0,-3.038681030E-1,9.278003420E0
4.241968642E1,-3.531156921E0,8.655450897E0,-2.215393066E-1,9.350667308E0
4.242963842E1,-3.669020233E0,8.623866577E0,-1.919009399E-1,9.373879143E0
4.243959142E1,-3.682342529E0,8.544531555E0,-1.669029236E-1,9.305725258E0
4.244954342E1,-3.676804047E0,8.464298401E0,-1.863624573E-1,9.230274448E0
4.245949642E1,-3.604654083E0,8.393645325E0,-1.178050232E-1,9.135682291E0
4.246944842E1,-3.591182098E0,8.322393494E0,-1.137634277E-1,9.064864282E0
4.247940142E1,-3.610491943E0,8.334518280E0,-2.399510193E-1,9.086111573E0
4.248935342E1,-3.522474976E0,8.442294159E0,-1.984872437E-1,9.149839223E0
4.249930642E1,-3.352877655E0,8.515941010E0,-7.200027466E-2,9.152498232E0
4.250925842E1,-3.196602631E0,8.517737274E0,1.634600830E-1,9.099276666E0
4.251921142E1,-2.957250366E0,8.520581360E0,4.080514526E-1,9.028407524E0
4.252916342E1,-2.762954407E0,8.547525330E0,4.948709106E-1,8.996610669E0
4.253911642E1,-2.719844055E0,8.629255371E0,5.941145325E-1,9.067225156E0
4.254906842E1,-2.613115997E0,8.756341095E0,8.373587036E-1,9.176222218E0
4.255902142E1,-2.596650238E0,8.843759308E0,1.029559021E0,9.274409034E0
4.256897342E1,-2.718796234E0,8.862021332E0,1.238374786E0,9.352050425E0
4.257892642E1,-2.957400055E0,8.812324677E0,1.328188019E0,9.389747851E0
4.258887842E1,-3.210224304E0,8.674611053E0,1.309027863E0,9.341732760E0
4.259883142E1,-3.520828400E0,8.533903656E0,1.146316223E0,9.302568737E0
4.260878342E1,-3.721710663E0,8.587641907E0,8.529263306E-1,9.398202334E0
4.261873642E1,-3.818259888E0,8.816665649E0,6.682104492E-1,9.631158131E0
4.262868842E1,-3.713627472E0,9.086404724E0,7.378157043E-1,9.843685886E0
4.263864142E1,-3.502566376E0,9.237440643E0,9.607022095E-1,9.925786094E0
4.264859342E1,-3.335813141E0,9.348359985E0,1.201251984E0,9.998124327E0
4.265854642E1,-3.483256531E0,9.463171234E0,1.284029846E0,1.016530464E1
4.266849842E1,-3.896696777E0,9.579030304E0,1.205443268E0,1.041129967E1
4.267845142E1,-4.066743164E0,9.577234039E0,1.137035522E0,1.046683627E1
4.268840342E1,-3.916455688E0,9.523046722E0,1.192869415E0,1.036580829E1
4.269835642E1,-3.814218292E0,9.454489288E0,1.426383820E0,1.029418281E1
4.270830842E1,-3.824247437E0,9.273216248E0,1.997745667E0,1.022782459E1
4.271826142E1,-3.933370514E0,9.079519043E0,1.850002899E0,1.006635884E1
4.272821342E1,-4.103716278E0,9.088949432E0,1.318607941E0,1.005923536E1
4.273816642E1,-4.218677216E0,9.098080444E0,1.205892334E0,1.010081588E1
4.274811842E1,-4.133803711E0,9.048683167E0,1.444795532E0,1.005258346E1
4.275807142E1,-3.828139343E0,8.968000946E0,1.809886322E0,9.917428109E0
4.276802342E1,-3.439996490E0,8.840466156E0,2.012415161E0,9.697279644E0
4.277797642E1,-3.054697723E0,8.675658875E0,2.088606720E0,9.431888099E0
4.278792842E1,-2.844085693E0,8.488398285E0,1.842069397E0,9.139745540E0
4.279788142E1,-2.782563629E0,8.397686920E0,1.480421448E0,8.969696406E0
4.280783342E1,-2.871029663E0,8.459059296E0,1.170116730E0,9.009310110E0
4.281778642E1,-3.030747528E0,8.534502411E0,1.035396881E0,9.115657337E0
4.282773842E1,-3.191363525E0,8.527317352E0,1.103505249E0,9.171568362E0
4.283769142E1,-3.360362091E0,8.444838867E0,1.077010345E0,9.152447113E0
4.284764342E1,-3.506907349E0,8.303083649E0,1.082997894E0,9.078132058E0
4.285759642E1,-3.628304901E0,8.211474152E0,1.235979767E0,9.062038964E0
4.286754842E1,-3.666475525E0,8.175848236E0,1.378184052E0,9.065700659E0
4.287750142E1,-3.659440155E0,8.219407654E0,1.512305145E0,9.123444047E0
4.288745342E1,-3.666774902E0,8.351732483E0,1.584604797E0,9.257842406E0
4.289740642E1,-3.659889221E0,8.530760193E0,1.605860596E0,9.420586332E0
4.290735842E1,-3.646417236E0,8.731792145E0,1.586101685E0,9.594595941E0
4.291731142E1,-3.694317627E0,8.915310516E0,1.540596313E0,9.772624076E0
4.292726342E1,-3.792663116E0,8.972491608E0,1.518741760E0,9.858827298E0
4.293721642E1,-3.879632263E0,8.927435303E0,1.508862305E0,9.850244314E0
4.294716842E1,-3.920347595E0,8.858129425E0,1.490450592E0,9.800868591E0
4.295712142E1,-3.924987946E0,8.864865417E0,1.443747711E0,9.801825172E0
4.296707342E1,-3.841311951E0,8.965905304E0,1.539548492E0,9.874884555E0
4.297702642E1,-3.652554474E0,9.127718811E0,1.515149231E0,9.947466113E0
4.298697842E1,-3.387755127E0,9.273515625E0,1.320853271E0,9.960905090E0
4.299693142E1,-3.086132355E0,9.372310181E0,1.082099762E0,9.926497415E0
4.300688342E1,-2.817890167E0,9.477541351E0,8.099656677E-1,9.920702568E0
4.301683642E1,-2.620899811E0,9.625433807E0,5.695655823E-1,9.992121734E0
4.302678842E1,-2.673889618E0,9.738149414E0,5.655239868E-1,1.011439850E1
4.303674142E1,-2.847378845E0,9.645492096E0,4.291575623E-1,1.006614426E1
4.304669342E1,-2.968327332E0,9.382638702E0,2.671943665E-1,9.844606086E0
4.305664642E1,-2.894381104E0,9.200916595E0,2.582130432E-1,9.648885021E0
4.306659842E1,-2.900518341E0,9.201365662E0,1.386117554E-1,9.648696798E0
4.307655142E1,-3.105442200E0,9.314380646E0,1.276844788E-1,9.819254625E0
4.308650342E1,-3.307971039E0,9.312434692E0,2.442919922E-1,9.885534425E0
4.309645642E1,-3.521277466E0,9.350605316E0,6.511459351E-2,9.991869429E0
4.310640842E1,-3.780388641E0,9.562115479E0,1.938468933E-1,1.028411237E1
4.311636142E1,-3.946842499E0,9.742789764E0,5.769003296E-1,1.052769358E1
4.312631342E1,-3.875291290E0,9.912087708E0,8.872050476E-1,1.067963005E1
4.313626642E1,-3.618874512E0,1.017015106E1,9.824070740E-1,1.083943490E1
4.314621842E1,-3.616030426E0,1.050260971E1,9.045689392E-1,1.114444847E1
4.315617142E1,-4.230053558E0,1.094673615E1,7.472460938E-1,1.175936912E1
4.316612342E1,-5.500611420E0,1.169233566E1,8.216413879E-1,1.294768450E1
4.317607642E1,-6.600524139E0,1.206730591E1,2.116598511E0,1.391642124E1
4.318602842E1,-6.906038818E0,1.131302444E1,2.393073578E0,1.346865604E1
4.319598142E1,-6.520440674E0,1.023751099E1,1.406774597E0,1.221891127E1
4.320593342E1,-5.855373688E0,9.122779083E0,1.049317932E0,1.089089378E1
4.321588667E1,-5.212760010E0,7.948471069E0,9.955796814E-1,9.557313334E0
4.322583867E1,-4.673880615E0,7.034621429E0,1.426533508E0,8.565398795E0
4.323579167E1,-4.369563446E0,6.423592072E0,1.712888031E0,7.955476429E0
4.324574367E1,-4.231849823E0,6.135740662E0,1.541494446E0,7.611312076E0
4.325569667E1,-4.203408966E0,6.143374786E0,1.275198212E0,7.552207040E0
4.326564867E1,-4.318220215E0,6.325096893E0,1.028511200E0,7.727335364E0
4.327560167E1,-4.570595398E0,6.588099976E0,1.022523651E0,8.083251709E0
4.328555367E1,-4.966522064E0,6.907984772E0,1.255139923E0,8.600114607E0
4.329550667E1,-5.349276123E0,7.208559723E0,1.667232971E0,9.130046774E0
4.330545867E1,-5.610333252E0,7.495812378E0,2.001637573E0,9.574424023E0
4.331541167E1,-5.650599518E0,7.903265076E0,2.029928741E0,9.925295183E0
4.332536367E1,-5.696404266E0,8.338709564E0,1.851200409E0,1.026693926E1
4.333531667E1,-5.792504425E0,8.687633972E0,1.657652893E0,1.057241243E1
4.334526867E1,-5.769152985E0,8.924890594E0,1.381477203E0,1.071658890E1
4.335522167E1,-5.630840607E0,8.956624603E0,1.084494781E0,1.063501853E1
4.336517367E1,-5.376669159E0,8.855285339E0,1.119521942E0,1.042007577E1
4.337512667E1,-5.012177124E0,8.801846466E0,9.994715881E-1,1.017808254E1
4.338507867E1,-4.727169800E0,8.983718262E0,8.634045410E-1,1.018816939E1
4.339503167E1,-4.583768005E0,9.428742828E0,8.074209595E-1,1.051494408E1
4.340498367E1,-4.615052948E0,9.868378601E0,6.556365967E-1,1.091391173E1
4.341493667E1,-4.811893616E0,1.004695724E1,3.359014893E-1,1.114488671E1
4.342488867E1,-4.912783813E0,9.964478760E0,5.345384216E-1,1.112259021E1
4.343484167E1,-4.798571320E0,9.828411713E0,7.384144592E-1,1.096217220E1
4.344479367E1,-4.618795166E0,9.789792023E0,6.523434448E-1,1.084430028E1
4.345474667E1,-4.407883759E0,9.829758911E0,4.119433594E-1,1.078069092E1
4.346469867E1,-4.220323792E0,9.772278442E0,1.112187195E-1,1.064523032E1
4.347465167E1,-3.962559814E0,9.652677155E0,2.020797729E-1,1.043632564E1
4.348460367E1,-3.837569733E0,9.389374695E0,6.053411865E-1,1.016138458E1
4.349455667E1,-3.883374481E0,9.157506866E0,7.955955505E-1,9.978652296E0
4.350450867E1,-4.123475189E0,9.132059784E0,7.129673767E-1,1.004519218E1
4.351446167E1,-4.459226990E0,9.321565704E0,5.056484985E-1,1.034562579E1
4.352441367E1,-4.704716492E0,9.545500031E0,5.911207581E-1,1.065834658E1
4.353436667E1,-4.792583771E0,9.637259216E0,8.011340332E-1,1.079293473E1
4.354431867E1,-4.693040771E0,9.546398163E0,8.138575745E-1,1.066867910E1
4.355427167E1,-4.461622009E0,9.393565979E0,5.822891235E-1,1.041557552E1
4.356422367E1,-4.233197021E0,9.210945740E0,2.863545227E-1,1.014117732E1
4.357417667E1,-3.977378998E0,9.018895111E0,-1.468446350E-1,9.858071620E0
4.358412867E1,-3.715573425E0,8.800050201E0,-3.290158081E-1,9.557961123E0
4.359408167E1,-3.498075714E0,8.571026459E0,-3.823049927E-1,9.265267690E0
4.360403367E1,-3.271446991E0,8.470735016E0,-3.510200500E-1,9.087295098E0
4.361398667E1,-3.060984650E0,8.325237579E0,-6.182144165E-2,8.870345521E0
4.362393867E1,-3.031046906E0,8.150999908E0,-1.437011719E-2,8.696335513E0
4.363389167E1,-3.122806091E0,8.034991150E0,6.885681152E-2,8.620773859E0
4.364384367E1,-3.245101776E0,8.035589905E0,1.487905884E-1,8.667383071E0
4.365379667E1,-3.242856445E0,8.069419556E0,5.104385376E-2,8.696795695E0
4.366374867E1,-3.255729675E0,8.115074615E0,-2.019300842E-1,8.746141292E0
4.367370167E1,-3.302881622E0,8.149203644E0,-7.101232910E-1,8.821724442E0
4.368365367E1,-3.391647034E0,8.213719482E0,-9.771679688E-1,8.939984037E0
4.369360667E1,-3.518283691E0,8.263116760E0,-8.788224792E-1,9.023843287E0
4.370355867E1,-3.624712372E0,8.343649292E0,-6.845265198E-1,9.122696961E0
4.371351167E1,-3.821702728E0,8.484805756E0,-5.902226257E-1,9.324467985E0
4.372346367E1,-4.024830322E0,8.700507202E0,-7.234455872E-1,9.613607971E0
4.373341567E1,-4.270020447E0,8.976233826E0,-9.704319763E-1,9.987371352E0
4.374336867E1,-4.512516174E0,9.290729828E0,-1.094823303E0,1.038648646E1
4.375332067E1,-4.725074158E0,9.611063690E0,-1.005459137E0,1.075684987E1
4.376327367E1,-4.815785522E0,9.809251556E0,-7.436535645E-1,1.095290952E1
4.377322567E1,-4.863386536E0,9.784552917E0,-5.864804077E-1,1.094230157E1
4.378317867E1,-4.854554901E0,9.718839569E0,-7.436535645E-1,1.088924086E1
4.379313067E1,-4.775668945E0,9.757459259E0,-1.187031555E0,1.092813200E1
4.380308367E1,-4.597838745E0,9.754465485E0,-1.481768646E0,1.088509790E1
4.381303567E1,-4.183500366E0,9.663454742E0,-1.295705566E0,1.060956577E1
4.382298867E1,-3.804787903E0,9.737999725E0,-1.348994751E0,1.054157656E1
4.383294067E1,-3.566483459E0,9.760602722E0,-9.623487854E-1,1.043624861E1
4.384289367E1,-3.368744659E0,9.488618317E0,-8.390052795E-1,1.010377395E1
4.385284567E1,-3.260220337E0,9.334888000E0,-1.418749695E0,9.989095120E0
4.386279867E1,-3.251837769E0,9.266779633E0,-1.543590088E0,9.941344174E0
4.387275067E1,-3.133733368E0,9.151818695E0,-1.222956848E0,9.750471460E0
4.388270367E1,-3.022814026E0,9.140741730E0,-8.732839966E-1,9.667118958E0
4.389265567E1,-2.913391571E0,9.197623444E0,-7.475454712E-1,9.676928836E0
4.390260867E1,-2.833457794E0,9.311536560E0,-8.710386658E-1,9.771995934E0
4.391256067E1,-2.759062500E0,9.464219055E0,-1.057999878E0,9.914798634E0
4.392251367E1,-2.745889893E0,9.613758087E0,-1.128353577E0,1.006168165E1
4.393246567E1,-2.898871765E0,9.720785522E0,-1.161584473E0,1.021011299E1
4.394241867E1,-3.247796173E0,9.722132721E0,-1.267115021E0,1.032829246E1
4.395237067E1,-3.674708405E0,9.616901550E0,-1.497935028E0,1.040346513E1
4.396232367E1,-3.996239777E0,9.449998627E0,-1.512754211E0,1.037115383E1
4.397227567E1,-4.219575348E0,9.319320374E0,-1.674717407E0,1.036625423E1
4.398222867E1,-4.376748505E0,9.301208038E0,-1.922003174E0,1.045765244E1
4.399218067E1,-4.452041931E0,9.313033447E0,-2.001188507E0,1.051465762E1
4.400213367E1,-4.404740295E0,9.294322357E0,-1.991159363E0,1.047620546E1
4.401208567E1,-4.277355194E0,9.260343018E0,-1.939067688E0,1.038314518E1
4.402203867E1,-4.115391998E0,9.219477997E0,-1.905238037E0,1.027449064E1
4.403199067E1,-3.858077087E0,9.181756439E0,-1.854343872E0,1.013054793E1
4.404194367E1,-3.620820465E0,9.146878967E0,-1.811532898E0,1.000286894E1
4.405189567E1,-3.458258514E0,9.159602509E0,-1.711391144E0,9.939151358E0
4.406184867E1,-3.348087616E0,9.173523560E0,-1.612746277E0,9.897685373E0
4.407180067E1,-3.175646210E0,9.150022430E0,-1.571132813E0,9.812038404E0
4.408175367E1,-3.079096985E0,9.119036865E0,-1.502725067E0,9.741450314E0
4.409170567E1,-3.202889557E0,9.209748230E0,-1.515448608E0,9.867854299E0
4.410165867E1,-3.508404236E0,9.352102203E0,-1.636546783E0,1.012170940E1
4.411161067E1,-3.688779144E0,9.484726410E0,-1.822609863E0,1.033871527E1
4.412156367E1,-3.675606537E0,9.469607849E0,-1.895657959E0,1.033329934E1
4.413151567E1,-3.719315643E0,9.308692474E0,-1.839375000E0,1.019158304E1
4.414146867E1,-3.818708954E0,9.159003754E0,-1.678459625E0,1.006414997E1
4.415142067E1,-3.941304016E0,9.034612427E0,-1.379082184E0,9.952887356E0
4.416137367E1,-4.083358612E0,8.942553864E0,-1.449286194E0,9.936977288E0
4.417132567E1,-4.284989319E0,8.824898529E0,-1.462907867E0,9.918672640E0
4.418127867E1,-4.353846130E0,8.740474091E0,-1.229842529E0,9.841970133E0
4.419123067E1,-4.375700684E0,8.808432770E0,-1.178499298E0,9.905761199E0
4.420118367E1,-4.377646637E0,8.972491608E0,-1.505569153E0,1.009634262E1
4.421113592E1,-4.314028931E0,9.049730988E0,-1.825603638E0,1.019025540E1
4.422108892E1,-4.191134491E0,9.117240601E0,-2.161505127E0,1.026458908E1
4.423104092E1,-4.085154877E0,9.205856323E0,-1.893412628E0,1.024798968E1
4.424099392E1,-3.974085846E0,9.241631927E0,-1.495090942E0,1.017036951E1
4.425094592E1,-3.932472382E0,9.270521851E0,-1.286275177E0,1.015191697E1
4.426089892E1,-4.019441528E0,9.197773132E0,-1.313219147E0,1.012321517E1
4.427085092E1,-4.179758148E0,9.099427643E0,-1.447789307E0,1.011761115E1
4.428080392E1,-4.385280762E0,9.079219666E0,-1.586550751E0,1.020686340E1
4.429075592E1,-4.513863373E0,9.018895111E0,-1.600022736E0,1.021153780E1
4.430070892E1,-4.555476837E0,8.911717987E0,-1.409019928E0,1.010724611E1
4.431066092E1,-4.488416290E0,8.802445221E0,-1.253193970E0,9.959890451E0
4.432061392E1,-4.353546753E0,8.722511444E0,-1.223555603E0,9.825103742E0
4.433056592E1,-4.169878693E0,8.645571442E0,-1.017284546E0,9.652391502E0
4.434051892E1,-3.999233551E0,8.595126343E0,-9.945318604E-1,9.532007106E0
4.435047092E1,-3.924987946E0,8.555907898E0,-1.154998169E0,9.483834198E0
4.436042392E1,-3.983815613E0,8.532257080E0,-1.194366302E0,9.491928602E0
4.437037592E1,-4.071832581E0,8.565787354E0,-1.123713226E0,9.550668299E0
4.438032892E1,-4.147724762E0,8.687633972E0,-1.054257660E0,9.684527038E0
4.439028092E1,-4.239783325E0,8.836125183E0,-9.300160217E-1,9.844683880E0
4.440023292E1,-4.230652313E0,8.924740906E0,-7.816744995E-1,9.907594776E0
4.441018592E1,-4.165837097E0,8.954079895E0,-8.036787415E-1,9.908362378E0
4.442013792E1,-4.092040558E0,8.934171295E0,-9.403445435E-1,9.871598681E0
4.443009092E1,-3.993844757E0,8.891210632E0,-1.000519409E0,9.798237675E0
4.444004292E1,-3.939657440E0,8.808133392E0,-9.803114319E-1,9.698717704E0
4.444999592E1,-3.910468140E0,8.712033234E0,-8.458909607E-1,9.586804246E0
4.445994792E1,-3.881129150E0,8.705446930E0,-8.029302979E-1,9.565179914E0
4.446990092E1,-3.898642731E0,8.753796387E0,-8.334667969E-1,9.618889397E0
4.447985292E1,-3.890260162E0,8.828191681E0,-8.656498718E-1,9.686095301E0
4.448980592E1,-3.880530396E0,8.847351837E0,-8.957373047E-1,9.702396405E0
4.449975792E1,-3.953129425E0,8.868308258E0,-8.512797546E-1,9.746732829E0
4.450971092E1,-4.064048767E0,8.871451721E0,-7.463479614E-1,9.786530708E0
4.451966292E1,-4.149221649E0,8.931626587E0,-6.075865173E-1,9.867074296E0
4.452961592E1,-4.259841614E0,8.979676666E0,-3.177891541E-1,9.943934511E0
4.453956792E1,-4.456083527E0,8.938661957E0,-4.005670166E-1,9.995839730E0
4.454952092E1,-4.647086334E0,8.847651215E0,-5.598358154E-1,1.000948348E1
4.455947292E1,-4.525988159E0,8.790919189E0,-5.292993164E-1,9.901766851E0
4.456942592E1,-4.314178619E0,8.903634796E0,-6.041436768E-1,9.912206582E0
4.457937792E1,-4.207450562E0,9.104067993E0,-8.072712708E-1,1.006172854E1
4.458933092E1,-4.072431335E0,9.085356903E0,-8.026309204E-1,9.988624702E0
4.459928292E1,-4.127217407E0,9.026678925E0,-9.693841553E-1,9.972690789E0
4.460923592E1,-4.297862549E0,8.929680634E0,-8.939410400E-1,9.950374329E0
4.461918792E1,-4.313130798E0,8.795559540E0,-4.174818420E-1,9.805062773E0
4.462914092E1,-4.303850098E0,8.755143585E0,-1.428030396E-1,9.756846702E0
4.463909292E1,-4.303700409E0,8.797206116E0,-1.288819885E-1,9.794349556E0
4.464904592E1,-4.243375854E0,8.918753357E0,-1.922003174E-1,9.878630525E0
4.465899792E1,-4.151017914E0,9.052874451E0,-2.398013306E-1,9.962077606E0
4.466895092E1,-3.970942383E0,9.060957642E0,-1.736389160E-1,9.894416974E0
4.467890292E1,-3.817361755E0,9.009015656E0,-1.020877075E-1,9.784939231E0
4.468885592E1,-3.795357513E0,8.952283630E0,-1.206491089E-1,9.724334273E0
4.469880792E1,-3.839216309E0,8.969647522E0,-5.254074097E-2,9.756890850E0
4.470876092E1,-3.947740631E0,8.944799194E0,8.187973022E-2,9.777565802E0
4.471871292E1,-4.135899353E0,8.922794952E0,7.454498291E-2,9.835013481E0
4.472866592E1,-4.356241150E0,8.906628571E0,3.367996216E-2,9.914938416E0
4.473861792E1,-4.485871582E0,8.857081604E0,1.182540894E-1,9.928994029E0
4.474857092E1,-4.532574463E0,8.880582733E0,5.463638306E-2,9.970554953E0
4.475852292E1,-4.582570496E0,8.903036041E0,-2.005828857E-2,1.001321154E1
4.476847592E1,-4.540657654E0,8.942104797E0,-6.616241455E-2,1.002911699E1
4.477842792E1,-4.528832245E0,8.916657715E0,-2.266287231E-1,1.000342276E1
4.478838092E1,-4.574487305E0,8.844657440E0,-5.179229736E-2,9.957739793E0
4.479833292E1,-4.512665863E0,8.759634247E0,2.673440552E-1,9.857323073E0
4.480828592E1,-4.370162201E0,8.723409576E0,6.201603699E-1,9.776542906E0
4.481823792E1,-4.243824921E0,8.718619537E0,8.250842285E-1,9.731656620E0
4.482819092E1,-4.156556396E0,8.851842499E0,8.288264465E-1,9.814225898E0
4.483814292E1,-4.118236084E0,9.093739471E0,7.728428650E-1,1.001265460E1
4.484809592E1,-4.167034607E0,9.267079010E0,6.629713440E-1,1.018245853E1
4.485804792E1,-4.200115814E0,9.336684265E0,5.918692017E-1,1.025499659E1
4.486800092E1,-4.277654572E0,9.301806793E0,5.143304443E-1,1.025116940E1
4.487795292E1,-4.363126831E0,9.153315582E0,4.622387695E-1,1.015055302E1
4.488790592E1,-4.487218781E0,8.980724487E0,5.152285767E-1,1.005256212E1
4.489785792E1,-4.637655945E0,8.843908997E0,6.866221619E-1,1.000969675E1
4.490781092E1,-4.832400970E0,8.759185181E0,5.233117676E-1,1.001744875E1
4.491776292E1,-4.947212219E0,8.752299500E0,1.266366577E-1,1.005453590E1
4.492771492E1,-4.973258057E0,8.700207825E0,1.929487610E-1,1.002318019E1
4.493766792E1,-4.729265442E0,8.733289032E0,2.604583740E-1,9.934995093E0
4.494761992E1,-4.419110413E0,8.891210632E0,2.577639771E-1,9.932200442E0
4.495757292E1,-4.170028381E0,9.171727295E0,-6.107299805E-2,1.007538824E1
4.496752492E1,-3.905378723E0,9.307494965E0,1.586700439E-2,1.009364638E1
4.497747792E1,-3.805985413E0,9.308991852E0,4.757107544E-1,1.006822502E1
4.498742992E1,-3.753294983E0,9.276509399E0,8.987310791E-1,1.004731643E1
4.499738292E1,-3.819756775E0,9.230405273E0,1.018182678E0,1.004129570E1
4.500733492E1,-4.105362854E0,9.222621460E0,8.328680420E-1,1.012938399E1
4.501728792E1,-4.166286163E0,9.200467529E0,5.906716919E-1,1.011708635E1
4.502723992E1,-4.090992737E0,9.088350677E0,5.620811462E-1,9.982498426E0
4.503719292E1,-3.874393158E0,8.981622620E0,6.664141846E-1,9.804314106E0
4.504714492E1,-3.586541748E0,8.980874176E0,6.376739502E-1,9.691543259E0
4.505709792E1,-3.448079681E0,9.015901337E0,4.800517273E-1,9.664687272E0
4.506704992E1,-3.468137970E0,9.163195038E0,2.321672058E-1,9.800307439E0
4.507700292E1,-3.558549957E0,9.234446869E0,3.635939026E-1,9.903054443E0
4.508695492E1,-3.693120117E0,9.139693909E0,4.828958130E-1,9.869464490E0
4.509690792E1,-3.869603119E0,9.010811920E0,5.519023132E-1,9.822074930E0
4.510685992E1,-4.022584991E0,8.960516510E0,6.053411865E-1,9.840654658E0
4.511681292E1,-4.168381805E0,8.915310516E0,6.197113037E-1,9.861146514E0
4.512676492E1,-4.193379822E0,8.861123199E0,7.270381165E-1,9.830184287E0
4.513671792E1,-4.199067993E0,8.720864868E0,7.652087402E-1,9.709335738E0
4.514666992E1,-4.157005463E0,8.517886963E0,7.897576904E-1,9.510983647E0
4.515662292E1,-4.108506317E0,8.326285400E0,7.526348877E-1,9.315219375E0
4.516657492E1,-4.117787018E0,8.256530457E0,7.397616577E-1,9.256009530E0
4.517652792E1,-4.152065735E0,8.405919800E0,8.635542297E-1,9.415140119E0
4.518647992E1,-4.188140717E0,8.733289032E0,1.005908203E0,9.737695379E0
4.519643292E1,-4.193080444E0,8.992549896E0,1.238524475E0,9.999090965E0
4.520638492E1,-4.105362854E0,9.028774567E0,1.553619232E0,1.003924833E1
4.521633767E1,-3.909420319E0,8.894354095E0,1.696272583E0,9.862577892E0
4.522628967E1,-3.789519653E0,8.708590393E0,1.601519623E0,9.631452172E0
4.523624267E1,-3.736080780E0,8.633147278E0,1.433718567E0,9.515517876E0
4.524619467E1,-3.833977203E0,8.727301483E0,1.364712067E0,9.629517714E0
4.525614767E1,-4.088298340E0,8.850046234E0,1.453776855E0,9.856519102E0
4.526609967E1,-4.365521851E0,8.812174988E0,1.611099701E0,9.965332473E0
4.527605267E1,-4.483476562E0,8.720715179E0,1.716330872E0,9.954809239E0
4.528600467E1,-4.445455627E0,8.690028992E0,1.804796906E0,9.926528672E0
4.529595767E1,-4.317322083E0,8.619076538E0,1.899549866E0,9.825275570E0
4.530590967E1,-4.064497833E0,8.530011749E0,1.824705505E0,9.623450174E0
4.531586267E1,-3.920197906E0,8.507857819E0,1.685494995E0,9.518008703E0
4.532581467E1,-3.917353821E0,8.502319336E0,1.971101074E0,9.566626077E0
4.533576767E1,-3.986210632E0,8.461154938E0,2.071841583E0,9.579851023E0
4.534571967E1,-3.928879852E0,8.473429413E0,1.888323212E0,9.528948917E0
4.535567167E1,-3.889362030E0,8.568182373E0,1.945055237E0,9.608544429E0
4.536562467E1,-3.991749115E0,8.685987396E0,2.050585785E0,9.776775547E0
4.537557667E1,-4.139791260E0,8.757538605E0,2.131417694E0,9.918432108E0
4.538552967E1,-4.228257294E0,8.873247986E0,2.113904114E0,1.005391865E1
4.539548167E1,-4.273463287E0,9.014853516E0,2.103425903E0,1.019580663E1
4.540543467E1,-4.297563171E0,9.084309082E0,2.033072205E0,1.025315090E1
4.541538667E1,-4.221072235E0,9.128916321E0,2.164498901E0,1.028783843E1
4.542533967E1,-4.094734955E0,9.089697876E0,2.222578125E0,1.021417228E1
4.543529167E1,-3.980971527E0,8.969048767E0,2.081571350E0,1.003119681E1
4.544524467E1,-3.869603119E0,8.824898529E0,2.359842682E0,9.920762059E0
4.545519667E1,-3.856430511E0,8.681496735E0,2.431693268E0,9.805792879E0
4.546514967E1,-3.944597168E0,8.563841400E0,2.217039642E0,9.685788100E0
4.547510167E1,-4.010609894E0,8.351882172E0,2.164798279E0,9.514477343E0
4.548505467E1,-4.107907562E0,8.088879089E0,2.061363373E0,9.303444976E0
4.549500667E1,-4.221221924E0,7.858059082E0,2.048190765E0,9.152206973E0
4.550495967E1,-4.242328033E0,7.746840363E0,2.104473724E0,9.079630631E0
4.551491167E1,-4.204756165E0,7.736661530E0,2.124382324E0,9.058085133E0
4.552486467E1,-4.149970093E0,7.808512115E0,2.108365631E0,9.090672080E0
4.553481667E1,-4.105811920E0,7.943231964E0,2.316732330E0,9.236875784E0
4.554476967E1,-4.152514801E0,8.103099518E0,2.512525177E0,9.445442485E0
4.555472167E1,-4.208947449E0,8.298443298E0,2.746937714E0,9.701807389E0
4.556467467E1,-4.157155151E0,8.605454865E0,2.819237366E0,9.964130253E0
4.557462667E1,-4.078568573E0,8.914262695E0,2.976859589E0,1.024502289E1
4.558457967E1,-3.971391449E0,9.089697876E0,3.138822784E0,1.040417061E1
4.559453167E1,-3.873644714E0,9.062604218E0,3.140619049E0,1.034405175E1
4.560448467E1,-3.781137085E0,8.893455963E0,3.107238464E0,1.015113233E1
4.561443667E1,-3.729793854E0,8.792715454E0,2.883453827E0,9.976848862E0
4.562438967E1,-3.773353271E0,8.827592926E0,2.616109772E0,9.950307639E0
4.563434167E1,-3.832180939E0,8.879385223E0,2.332749023E0,9.948407445E0
4.564429467E1,-3.849544830E0,8.859476624E0,2.268682251E0,9.922511809E0
4.565424667E1,-3.854933624E0,8.761131134E0,2.192191315E0,9.819553694E0
4.566419967E1,-3.958667908E0,8.608298950E0,1.803449707E0,9.645013907E0
4.567415167E1,-4.072730713E0,8.507857819E0,2.058668976E0,9.654475546E0
4.568410467E1,-4.078867950E0,8.640182648E0,2.238145752E0,9.813216412E0
4.569405667E1,-4.123924255E0,8.867859192E0,2.558928680E0,1.010909461E1
4.570400967E1,-4.094884644E0,9.032816162E0,2.690654755E0,1.027616033E1
4.571396167E1,-3.978875885E0,9.015003204E0,2.588716736E0,1.018838507E1
4.572391467E1,-3.814517670E0,8.843759308E0,2.756368103E0,1.001799326E1
4.573386667E1,-3.615132294E0,8.577163696E0,2.933300171E0,9.759158184E0
4.574381867E1,-3.498824158E0,8.291856995E0,2.899919586E0,9.455484996E0
4.575377167E1,-3.601211243E0,8.113577728E0,2.763702850E0,9.297145767E0
4.576372367E1,-3.708687744E0,8.155939636E0,2.753224640E0,9.373044439E0
4.577367667E1,-3.831881561E0,8.368198242E0,2.744692383E0,9.604342476E0
4.578362867E1,-3.944896545E0,8.638536072E0,2.815195770E0,9.905142172E0
4.579358167E1,-4.010160828E0,8.842861176E0,3.009641418E0,1.016540826E1
4.580353367E1,-4.041745148E0,8.915759583E0,3.038381653E0,1.024979199E1
4.581348667E1,-4.118236084E0,8.796008606E0,2.939587097E0,1.014745328E1
4.582343867E1,-4.132905579E0,8.619525604E0,3.238066406E0,1.009268072E1
4.583339167E1,-4.123475189E0,8.493038635E0,3.310066681E0,1.000456368E1
4.584334367E1,-4.083208923E0,8.356821899E0,3.252735901E0,9.853393233E0
4.585329667E1,-4.044439545E0,8.327183533E0,3.262914734E0,9.815604382E0
4.586324867E1,-4.107009430E0,8.429420929E0,3.146606598E0,9.890591324E0
4.587320167E1,-4.263434143E0,8.600964203E0,3.056793365E0,1.007459387E1
4.588315367E1,-4.435875549E0,8.760831757E0,3.038681030E0,1.027923866E1
4.589310667E1,-4.578977966E0,8.818611603E0,2.995420990E0,1.037822223E1
4.590305867E1,-4.662803650E0,8.721463623E0,3.000510406E0,1.033483083E1
4.591301167E1,-4.619244232E0,8.548273773E0,3.057691498E0,1.018625933E1
4.592296367E1,-4.505630493E0,8.384514313E0,3.007246399E0,9.982200023E0
4.593291667E1,-4.394711151E0,8.235274658E0,2.865341492E0,9.764395356E0
4.594286867E1,-4.357288971E0,8.121062164E0,2.844385071E0,9.645109864E0
4.595282167E1,-4.373155975E0,8.029602356E0,2.874921570E0,9.584580388E0
4.596277367E1,-4.447102203E0,7.976313171E0,2.848875732E0,9.566315004E0
4.597272667E1,-4.488416290E0,7.986791382E0,2.819087677E0,9.585508474E0
4.598267867E1,-4.481081543E0,8.030949554E0,2.871029663E0,9.634264573E0
4.599263167E1,-4.425996094E0,8.146808624E0,2.954106903E0,9.730708082E0
4.600258367E1,-4.418661346E0,8.220904541E0,2.933599548E0,9.783345332E0
4.601253667E1,-4.411176910E0,8.189320221E0,2.923869781E0,9.750510854E0
4.602248867E1,-4.432283020E0,8.156837769E0,2.966830444E0,9.745830803E0
4.603244167E1,-4.505331116E0,8.253536682E0,2.819237366E0,9.816668251E0
4.604239367E1,-4.623136139E0,8.336613922E0,2.718945923E0,9.912879823E0
4.605234567E1,-4.534370728E0,8.318052521E0,2.833906860E0,9.888455073E0
4.606229867E1,-4.373605042E0,8.364755402E0,2.569855957E0,9.782725266E0
4.607225067E1,-4.406237183E0,8.406817932E0,2.664908295E0,9.858562272E0
4.608220367E1,-4.539909210E0,8.341403961E0,2.741249542E0,9.884545753E0
4.609215567E1,-4.584067383E0,8.351133728E0,2.684367828E0,9.897521859E0
4.610210867E1,-4.600233765E0,8.375233612E0,2.753074951E0,9.944149558E0
4.611206067E1,-4.709656219E0,8.406817932E0,2.666255493E0,9.998218231E0
4.612201367E1,-4.756059723E0,8.393645325E0,2.595003662E0,9.990366857E0
4.613196567E1,-4.783752136E0,8.377179565E0,2.541415100E0,9.975981790E0
4.614191867E1,-4.744533691E0,8.302035828E0,2.537223816E0,9.893022972E0
4.615187067E1,-4.668042755E0,8.124804382E0,2.535876617E0,9.707406432E0
4.616182367E1,-4.578379211E0,7.950117645E0,2.645598450E0,9.548042623E0
4.617177567E1,-4.517455902E0,7.846533051E0,2.678679657E0,9.441970845E0
4.618172867E1,-4.501588898E0,7.869884491E0,2.686613159E0,9.456070789E0
4.619168067E1,-4.579127655E0,8.023315430E0,2.784060516E0,9.648471046E0
4.620163367E1,-4.684957581E0,8.170309753E0,2.893033905E0,9.852534404E0
4.621158592E1,-4.850662994E0,8.223748627E0,2.853067017E0,9.964886570E0
4.622153892E1,-4.936584320E0,8.165669403E0,2.983445892E0,9.997448222E0
4.623149092E1,-4.839586029E0,8.054750061E0,3.047362976E0,9.878613900E0
4.624144392E1,-4.642296295E0,7.905360718E0,2.979254608E0,9.639585105E0
4.625139592E1,-4.575984192E0,7.818541260E0,2.980601807E0,9.536939021E0
4.626134892E1,-4.583618317E0,7.844287720E0,3.013533325E0,9.572031645E0
4.627130092E1,-4.675078125E0,7.957452393E0,3.052901459E0,9.720988189E0
4.628125392E1,-4.739743652E0,8.053851929E0,3.050356750E0,9.830278586E0
4.629120592E1,-4.733905792E0,8.052504730E0,3.021017761E0,9.817293150E0
4.630115892E1,-4.738845520E0,8.029602356E0,2.874771881E0,9.756817321E0
4.631111092E1,-4.722080383E0,7.977660370E0,2.899320831E0,9.713247109E0
4.632106392E1,-4.722679138E0,7.889942780E0,2.983894958E0,9.667394914E0
4.633101592E1,-4.767735443E0,7.875722351E0,2.967429199E0,9.672845489E0
4.634096892E1,-4.768633575E0,7.967032471E0,2.968626709E0,9.748139161E0
4.635092092E1,-4.738097076E0,7.992180176E0,3.079845428E0,9.788256011E0
4.636087292E1,-4.687202911E0,7.984845428E0,3.070864105E0,9.754887698E0
4.637082592E1,-4.628524933E0,7.997568970E0,3.093018036E0,9.744286174E0
4.638077792E1,-4.613406372E0,8.022866364E0,3.211721191E0,9.796175583E0
4.639073092E1,-4.653822327E0,8.011340332E0,3.303181000E0,9.836190364E0
4.640068292E1,-4.724176025E0,8.033643951E0,3.234473877E0,9.865044121E0
4.641063592E1,-4.861440582E0,8.081843719E0,2.908152466E0,9.869506229E0
4.642058792E1,-4.965474243E0,8.082592163E0,3.032843170E0,9.959034503E0
4.643054092E1,-4.875960388E0,8.179740143E0,2.980901184E0,9.978422239E0
4.644049292E1,-4.862338715E0,8.317902832E0,3.090473328E0,1.011834328E1
4.645044592E1,-4.791685638E0,8.453670502E0,3.115621033E0,1.020450345E1
4.646039792E1,-4.712949371E0,8.553812256E0,2.946472778E0,1.020104395E1
4.647035092E1,-4.573289795E0,8.466543732E0,3.421435089E0,1.021291145E1
4.648030292E1,-4.466861115E0,8.210276642E0,3.752546539E0,1.007189636E1
4.649025592E1,-4.448449402E0,7.943381653E0,3.716022491E0,9.833353310E0
4.650020792E1,-4.547992401E0,7.843988342E0,3.567531281E0,9.743698858E0
4.651016092E1,-4.656965790E0,7.890541534E0,3.512296143E0,9.812451287E0
4.652011292E1,-4.746928711E0,7.969427490E0,3.439846802E0,9.893313536E0
4.653006592E1,-4.839286652E0,8.094866638E0,3.430117035E0,1.003550019E1
4.654001792E1,-4.868625641E0,8.217910767E0,3.414998474E0,1.014395325E1
4.654997092E1,-4.851860504E0,8.242609406E0,3.259471893E0,1.010471757E1
4.655992292E1,-4.828059998E0,8.183931427E0,3.091521149E0,9.992216969E0
4.656987592E1,-4.832251282E0,8.006400604E0,3.118764496E0,9.857981288E0
4.657982792E1,-4.855902100E0,7.786807251E0,3.175047455E0,9.710565313E0
4.658978092E1,-4.872367859E0,7.630382538E0,3.138074341E0,9.581764806E0
4.659973292E1,-4.848717041E0,7.611970825E0,3.135829010E0,9.554348767E0
4.660968592E1,-4.850064240E0,7.646099854E0,3.094814301E0,9.568899710E0
4.661963792E1,-4.830604706E0,7.758216705E0,3.115770721E0,9.655707921E0
4.662959092E1,-4.810097351E0,7.894283752E0,3.275338898E0,9.807374643E0
4.663954292E1,-4.834496613E0,7.959398346E0,3.348237305E0,9.896215063E0
4.664949492E1,-4.879702606E0,8.003855896E0,3.658092957E0,1.006254693E1
4.665944792E1,-4.829257507E0,8.062833252E0,3.943100281E0,1.019210714E1
4.666939992E1,-4.931345215E0,7.869585114E0,3.926933899E0,1.008312180E1
4.667935292E1,-4.994813232E0,7.773035889E0,3.718716888E0,9.959774167E0
4.668930492E1,-4.897066498E0,7.835156708E0,3.643124084E0,9.931933045E0
4.669925792E1,-4.692292328E0,7.780370636E0,3.663032684E0,9.796406636E0
4.670920992E1,-4.539759521E0,7.689359894E0,3.649560699E0,9.646500163E0
4.671916292E1,-4.532125397E0,7.660769348E0,3.575015717E0,9.592094922E0
4.672911492E1,-4.664899292E0,7.645351410E0,3.542982330E0,9.631480020E0
4.673906792E1,-4.937183075E0,7.609575806E0,3.476670227E0,9.714353119E0
4.674901992E1,-5.185816040E0,7.630382538E0,3.553310852E0,9.886427246E0
4.675897292E1,-5.179828491E0,7.729775848E0,3.489693146E0,9.937706784E0
4.676892492E1,-4.933440857E0,7.810458069E0,3.439397736E0,9.857563123E0
4.677887792E1,-4.794978790E0,7.819439392E0,3.225492554E0,9.723129960E0
4.678882992E1,-4.862488403E0,7.703879700E0,3.172951813E0,9.646822228E0
4.679878292E1,-4.935386810E0,7.461533661E0,3.431015167E0,9.581460881E0
4.680873492E1,-4.902455292E0,7.168143768E0,3.298690338E0,9.289656125E0
4.681868792E1,-4.990322571E0,7.174730072E0,2.624642029E0,9.125174889E0
4.682863992E1,-5.170098724E0,7.439080353E0,2.960244141E0,9.530628662E0
4.683859292E1,-5.177283783E0,7.704328766E0,3.259022827E0,9.837793395E0
4.684854492E1,-4.948858795E0,7.961943054E0,3.140469360E0,9.886672260E0
4.685849792E1,-4.461622009E0,8.402626648E0,2.721340942E0,9.895246438E0
4.686844992E1,-4.303999786E0,8.986562347E0,3.045866089E0,1.041921385E1
4.687840292E1,-3.794908447E0,1.007943970E1,3.191064148E0,1.123295710E1
4.688835492E1,-3.339255981E0,9.652677155E0,2.192041626E0,1.044652350E1
4.689830792E1,-3.882626038E0,9.579179993E0,1.122665405E0,1.039691550E1
4.690825992E1,-4.377646637E0,9.364676056E0,3.371439056E0,1.087324924E1
4.691821292E1,-4.748874664E0,8.643326111E0,3.684587860E0,1.052782430E1
4.692816492E1,-3.054398346E0,1.015114059E1,2.800526276E0,1.096439474E1
4.693811692E1,-2.149829407E0,1.084180435E1,4.215234375E0,1.182939935E1
4.694806992E1,-1.092128906E0,9.342971191E0,6.075715485E0,1.119813265E1
4.695802192E1,-4.939727783E-2,1.000833755E1,5.028942261E0,1.120087144E1
4.696797492E1,6.944059753E-1,1.038854691E1,2.949017487E0,1.082131279E1
4.697792692E1,-7.598199463E-1,7.474107513E0,4.413422241E0,8.713088164E0
4.698787992E1,8.120613098E-1,6.898704071E0,4.722978516E0,8.399886159E0
4.699783192E1,2.829116821E0,1.266276764E1,4.929399261E0,1.387978974E1
4.700778492E1,1.849853210E0,1.295226562E1,2.732866974E0,1.336606538E1
4.701773692E1,2.529739380E-2,1.058673477E1,4.425846405E0,1.147465509E1
4.702768992E1,-1.669328613E0,1.059766205E1,3.402873688E0,1.125507211E1
4.703764192E1,-3.618724823E0,9.880503387E0,5.435197449E-1,1.053636229E1
4.704759492E1,-3.362607422E0,9.567803650E0,2.373314667E0,1.041549893E1
4.705754692E1,-2.366279297E0,9.442065125E0,3.924239502E0,1.049530977E1
4.706749992E1,-2.104473724E0,1.015338593E1,3.676354980E0,1.100161994E1
4.707745192E1,-1.795067139E0,1.110645401E1,4.690645752E0,1.218924708E1
4.708740492E1,-2.121238861E0,1.174532547E1,5.233716431E0,1.303242542E1
4.709735692E1,-2.817291412E0,1.142888351E1,4.852010193E0,1.273179140E1
4.710730992E1,-2.900967407E0,1.039857605E1,4.982389069E0,1.188991996E1
4.711726192E1,-2.446063385E0,1.008737320E1,5.347330170E0,1.167614080E1
4.712721492E1,-2.176473999E0,9.843679962E0,5.363047485E0,1.141916602E1
4.713716692E1,-2.686014404E0,9.334438934E0,5.532644806E0,1.117839801E1
4.714711992E1,-3.418890381E0,8.665929108E0,5.419779510E0,1.077780816E1
4.715707192E1,-4.139791260E0,7.867040405E0,5.165907440E0,1.028177009E1
4.716702492E1,-4.727918243E0,7.292684784E0,5.153632965E0,1.010427608E1
4.717697692E1,-4.453538818E0,7.333100739E0,4.789440308E0,9.825839043E0
4.718692992E1,-3.657643890E0,8.196355591E0,4.411925354E0,1.000118439E1
4.719688192E1,-2.712359619E0,9.504185944E0,4.101021881E0,1.070069276E1
4.720683392E1,-1.746118927E0,1.072893906E1,3.603606262E0,1.145185761E1
4.721678671E1,-1.112636261E0,1.133577713E1,3.634142761E0,1.195595233E1
4.722673871E1,-1.055155792E0,1.133368149E1,3.952380981E0,1.204935705E1
4.723669171E1,-1.336271210E0,1.090078171E1,4.239633636E0,1.177230462E1
4.724664371E1,-1.765578461E0,1.009006760E1,4.246669006E0,1.108877491E1
4.725659671E1,-1.736688538E0,9.290879517E0,4.043840790E0,1.028052419E1
4.726654871E1,-1.406624908E0,8.714278564E0,4.600233765E0,9.953863331E0
4.727650171E1,-1.228195953E0,8.361462250E0,4.861440582E0,9.749672855E0
4.728645371E1,-1.297801208E0,8.409811707E0,5.107828217E0,9.924672791E0
4.729640671E1,-1.666933594E0,8.356672211E0,5.083428955E0,9.922393259E0
4.730635871E1,-2.220931549E0,8.099057922E0,4.720134430E0,9.633636137E0
4.731631171E1,-2.343526611E0,7.828271027E0,4.334536285E0,9.249981030E0
4.732626371E1,-2.258204041E0,7.917934570E0,3.816613312E0,9.075225095E0
4.733621671E1,-2.153721313E0,7.667505341E0,3.786974945E0,8.818748941E0
4.734616871E1,-2.211800537E0,7.273824005E0,3.438349915E0,8.344029447E0
4.735612171E1,-2.529440002E0,6.856940918E0,2.723735962E0,7.799643778E0
4.736607371E1,-2.789449310E0,6.532116394E0,2.232756958E0,7.445453356E0
4.737602671E1,-2.983745270E0,6.359225922E0,1.803599396E0,7.252272812E0
4.738597871E1,-3.169508972E0,6.503226471E0,1.416504364E0,7.371853652E0
4.739593171E1,-3.115171967E0,6.706354065E0,1.310075684E0,7.509712346E0
4.740588371E1,-2.913391571E0,6.798861694E0,1.464404755E0,7.540348272E0
4.741583671E1,-2.750829620E0,6.928941193E0,1.735640717E0,7.654393402E0
4.742578871E1,-2.624043274E0,7.075935516E0,1.998494110E0,7.806948523E0
4.743574171E1,-2.436483307E0,7.214098206E0,2.322719879E0,7.960822285E0
4.744569371E1,-2.184557190E0,7.115153961E0,2.642155609E0,7.898018250E0
4.745564571E1,-1.850002899E0,6.877597961E0,2.849773865E0,7.671054395E0
4.746559871E1,-1.525926819E0,6.672674103E0,2.876717834E0,7.424859449E0
4.747555071E1,-1.400936737E0,6.478677521E0,2.763553162E0,7.181442211E0
4.748550371E1,-1.434017944E0,6.340514832E0,2.765798492E0,7.064571968E0
4.749545571E1,-1.545985107E0,6.118676147E0,3.029550018E0,7.000460061E0
4.750540871E1,-1.612147522E0,5.852828979E0,3.269950104E0,6.895447801E0
4.751536071E1,-1.627415771E0,5.623056793E0,3.587739258E0,6.865793674E0
4.752531371E1,-1.924847260E0,5.473966827E0,3.583547974E0,6.819909521E0
4.753526571E1,-2.536026306E0,5.483546906E0,3.353775787E0,6.910030978E0
4.754521871E1,-2.997217255E0,5.678740997E0,2.751278687E0,6.985767316E0
4.755517071E1,-3.336860962E0,5.874234467E0,2.338586884E0,7.149144023E0
4.756512371E1,-3.488196259E0,5.887407074E0,2.220931549E0,7.194554339E0
4.757507571E1,-3.661535797E0,5.677244110E0,2.039808197E0,7.056823829E0
4.758502871E1,-3.694617004E0,5.300477600E0,1.634301453E0,6.664547909E0
4.759498071E1,-3.610791321E0,5.207969971E0,1.538350983E0,6.521295034E0
4.760493371E1,-3.357218628E0,5.770200806E0,1.863325195E0,6.930953400E0
4.761488571E1,-3.012036438E0,7.709418182E0,2.175575867E0,8.558073531E0
4.762483871E1,-2.372715912E0,1.117995117E1,4.224515076E0,1.218472883E1
4.763479071E1,-3.251388702E0,1.506616974E1,6.868167572E0,1.687402515E1
4.764474371E1,-5.770200806E0,1.745864456E1,5.857020264E0,1.929777639E1
4.765469571E1,-7.768844604E0,1.871588013E1,4.374203796E0,2.073096173E1
4.766464871E1,-9.425749054E0,1.918500458E1,2.984493713E0,2.158277898E1
4.767460071E1,-1.005249573E1,1.790082504E1,2.077978821E0,2.063516909E1
4.768455371E1,-9.510323181E0,1.554667053E1,2.079775085E0,1.834313703E1
4.769450571E1,-8.389154663E0,1.332768494E1,2.524949341E0,1.594930942E1
4.770445771E1,-7.125033417E0,1.173769135E1,3.107388153E0,1.407818740E1
4.771441071E1,-5.810018005E0,1.106094864E1,3.554508362E0,1.298982000E1
4.772436271E1,-4.586013336E0,1.114507370E1,3.870052185E0,1.265786277E1
4.773431571E1,-3.758234711E0,1.162258072E1,3.989503784E0,1.285009148E1
4.774426771E1,-3.406915283E0,1.198976715E1,4.022884369E0,1.309752598E1
4.775422071E1,-3.241359558E0,1.199246155E1,3.912863159E0,1.302444025E1
4.776417271E1,-3.179238739E0,1.151809799E1,3.655248871E0,1.249539854E1
4.777412571E1,-3.199895782E0,1.067669769E1,3.168760529E0,1.158759034E1
4.778407771E1,-3.109633484E0,9.780062256E0,2.586172028E0,1.058337016E1
4.779403071E1,-2.899470520E0,8.996890869E0,1.940863953E0,9.649763079E0
4.780398271E1,-2.773133240E0,8.348738708E0,1.380579071E0,8.904925859E0
4.781393571E1,-2.811603241E0,7.754324799E0,1.031055908E0,8.312505167E0
4.782388771E1,-2.982996826E0,7.216493225E0,8.771759033E-1,7.857829350E0
4.783384071E1,-3.122357025E0,6.890620880E0,9.101074219E-1,7.619584308E0
4.784379271E1,-3.175496521E0,6.858737183E0,1.141376495E0,7.643872984E0
4.785374571E1,-3.068768463E0,7.060816956E0,1.526675262E0,7.848771453E0
4.786369771E1,-2.764301605E0,7.441175995E0,1.932780762E0,8.169951348E0
4.787365071E1,-2.301913147E0,7.819738770E0,2.311193848E0,8.472823352E0
4.788360271E1,-1.829345856E0,8.073161774E0,2.369722137E0,8.610344377E0
4.789355571E1,-1.362017670E0,8.228089600E0,2.568658447E0,8.726657826E0
4.790350771E1,-9.747729492E-1,8.126450958E0,2.464325409E0,8.547648051E0
4.791346071E1,-8.499325562E-1,8.011340332E0,2.610870667E0,8.468801858E0
4.792341271E1,-1.054706726E0,7.738308105E0,2.449506226E0,8.184980108E0
4.793336471E1,-1.359622650E0,7.541766815E0,2.552492065E0,8.077254248E0
4.794331771E1,-1.618135071E0,7.627837830E0,2.343376923E0,8.142093494E0
4.795326971E1,-1.932631073E0,7.564220123E0,2.267035675E0,8.129694932E0
4.796322271E1,-2.144440613E0,7.605384521E0,2.213746490E0,8.206166753E0
4.797317471E1,-2.327509918E0,7.666457520E0,2.016456757E0,8.261838244E0
4.798312771E1,-2.375410309E0,7.682174835E0,2.027683411E0,8.292760960E0
4.799307971E1,-2.378703461E0,7.637417908E0,2.122286682E0,8.276018560E0
4.800303271E1,-2.416874084E0,7.613168335E0,1.987117767E0,8.231053970E0
4.801298471E1,-2.436632996E0,7.681276703E0,1.796114960E0,8.256223173E0
4.802293771E1,-2.371817780E0,7.798183594E0,1.655557251E0,8.317334714E0
4.803288971E1,-2.201472015E0,7.890840912E0,1.449585571E0,8.319443951E0
4.804284271E1,-2.018702087E0,7.967481537E0,1.303639069E0,8.321982635E0
4.805279471E1,-1.989363098E0,7.994126129E0,1.168320465E0,8.320372036E0
4.806274771E1,-2.038760376E0,8.021219788E0,1.352138214E0,8.385987628E0
4.807269971E1,-2.087259521E0,8.111482086E0,1.503024445E0,8.509516815E0
4.808265271E1,-2.088007965E0,8.268954620E0,1.534908142E0,8.665525419E0
4.809260471E1,-1.991907806E0,8.437055054E0,1.585951996E0,8.812879122E0
4.810255771E1,-1.788630524E0,8.646170197E0,1.673070831E0,8.986357673E0
4.811250971E1,-1.672621765E0,8.793763275E0,1.676214294E0,9.107009963E0
4.812246271E1,-1.684746552E0,8.814570007E0,1.771116943E0,9.147232947E0
4.813241471E1,-1.748663635E0,8.772357788E0,1.668430481E0,9.099216776E0
4.814236671E1,-1.834584961E0,8.628656616E0,1.406624908E0,8.932973224E0
4.815231971E1,-1.810784454E0,8.333919525E0,1.312770081E0,8.628819170E0
4.816227171E1,-1.682950287E0,8.191715240E0,1.467847595E0,8.490647609E0
4.817222471E1,-1.557810516E0,8.236472168E0,1.599573669E0,8.533749663E0
4.818217671E1,-1.445244598E0,8.389004974E0,1.666783905E0,8.674232242E0
4.819212971E1,-1.382824402E0,8.677754517E0,1.777553558E0,8.965228577E0
4.820208171E1,-1.305884399E0,8.986412659E0,1.900447998E0,9.277534647E0
4.821203754E1,-1.231040039E0,9.307794342E0,1.961221619E0,9.591500682E0
4.822198954E1,-1.191821594E0,9.539213104E0,1.905687103E0,9.800442270E0
4.823194254E1,-1.326092377E0,9.667196960E0,1.999392242E0,9.960461204E0
4.824189454E1,-1.479822693E0,9.772877197E0,2.249971161E0,1.013712850E1
4.825184754E1,-1.561852112E0,9.832602997E0,2.638413391E0,1.029954800E1
4.826179954E1,-1.399439850E0,9.934690704E0,3.144960022E0,1.051414689E1
4.827175254E1,-1.221609650E0,1.006057892E1,2.838547211E0,1.052449184E1
4.828170454E1,-1.077309723E0,1.007659561E1,2.396067352E0,1.041342951E1
4.829165754E1,-8.984317017E-1,9.975855103E0,2.195185089E0,1.025396031E1
4.830160954E1,-7.265890503E-1,9.937085724E0,2.241738281E0,1.021268793E1
4.831156254E1,-6.119274902E-1,9.898765411E0,3.069367218E0,1.038176416E1
4.832151454E1,-6.104306030E-1,9.892628174E0,3.343746643E0,1.046027530E1
4.833146754E1,-6.191125488E-1,1.008512787E1,3.219804382E0,1.060472747E1
4.834141954E1,-7.303312683E-1,1.053643936E1,2.998115387E0,1.097900879E1
4.835137254E1,-1.185684357E0,1.108010880E1,2.835254059E0,1.149840528E1
4.836132454E1,-1.865420837E0,1.163784897E1,3.004701691E0,1.216336942E1
4.837127754E1,-2.378404083E0,1.256636810E1,3.396736450E0,1.323284670E1
4.838122954E1,-2.760409698E0,1.345731537E1,3.657793579E0,1.421614056E1
4.839118154E1,-3.317700806E0,1.362317047E1,3.489992523E0,1.444915084E1
4.840113454E1,-3.532504120E0,1.316901489E1,3.280428314E0,1.402364961E1
4.841108654E1,-3.688330078E0,1.226714035E1,3.014281769E0,1.315949869E1
4.842103954E1,-3.722010040E0,1.123668320E1,2.335742798E0,1.206532645E1
4.843099154E1,-3.199746094E0,1.037537430E1,1.289418640E0,1.093386333E1
4.844094454E1,-2.671943665E0,1.046683411E1,-9.885443115E-1,1.084763195E1
4.845089654E1,-2.529440002E0,1.070289322E1,-1.406325531E0,1.108727836E1
4.846084954E1,-3.298091583E0,8.475525055E0,-1.369502106E0,9.197144615E0
4.847080154E1,-4.282893677E0,7.429500275E0,-2.200873260E0,8.853501888E0
4.848075454E1,-4.536466370E0,7.769593048E0,-2.583777008E0,9.360662737E0
4.849070654E1,-4.082310791E0,8.893156586E0,-2.903512115E0,1.020705041E1
4.850065954E1,-3.225492554E0,1.061996567E1,-3.085084534E0,1.151977515E1
4.851061154E1,-2.455793152E0,1.197120575E1,-3.093167725E0,1.260588647E1
4.852056454E1,-1.946103058E0,1.242925323E1,-3.043171692E0,1.294351371E1
4.853051654E1,-1.989662476E0,1.232087860E1,-2.604284363E0,1.274931776E1
4.854046954E1,-2.452200623E0,1.197749268E1,-1.808090057E0,1.235891615E1
4.855042154E1,-3.289559326E0,1.160027710E1,-9.526190186E-1,1.209525164E1
4.856037454E1,-4.060755615E0,1.151136200E1,-3.047662354E-1,1.221040842E1
4.857032654E1,-4.637805634E0,1.142963196E1,-1.137634277E-2,1.233474188E1
4.858027854E1,-5.038222961E0,1.127635071E1,-3.727249146E-2,1.235075565E1
4.859023154E1,-5.031037903E0,1.101858673E1,-3.242257690E-1,1.211716626E1
4.860018354E1,-4.547842712E0,1.057161621E1,-6.457571411E-1,1.152644546E1
4.861013654E1,-3.860771484E0,9.898915100E0,-8.053253174E-1,1.065563820E1
4.862008854E1,-3.045716400E0,9.268575897E0,-7.743397522E-1,9.786852896E0
4.863004154E1,-2.183659058E0,8.831933899E0,-4.288581848E-1,9.107982357E0
4.863999354E1,-1.442250824E0,8.510103149E0,2.035766602E-2,8.631474815E0
4.864994654E1,-1.025667114E0,8.363258514E0,1.707948303E-1,8.427648360E0
4.865989854E1,-1.115779724E0,8.384214935E0,-2.398013306E-1,8.461532317E0
4.866985154E1,-1.219663696E0,8.487051086E0,-4.311035156E-1,8.585072272E0
4.867980354E1,-1.301393738E0,8.889114990E0,-1.936972046E-1,8.985961806E0
4.868975654E1,-1.543889465E0,9.452693024E0,1.299298096E-1,9.578824658E0
4.869970854E1,-1.929637299E0,9.901310120E0,1.163081360E-1,1.008825901E1
4.870966154E1,-2.083666992E0,1.011117371E1,7.289840698E-2,1.032389539E1
4.871961354E1,-2.016756134E0,1.000429596E1,4.966671753E-1,1.021762797E1
4.872956654E1,-1.934577026E0,9.551786957E0,9.258247375E-1,9.789605395E0
4.873951854E1,-1.858834534E0,9.174272003E0,1.049018555E0,9.419287263E0
4.874947154E1,-1.744023285E0,8.848848724E0,9.102571106E-1,9.064894317E0
4.875942354E1,-1.727856903E0,8.688831482E0,8.656498718E-1,8.901159009E0
4.876937654E1,-1.771266632E0,8.765172729E0,8.524772644E-1,8.982892404E0
4.877932854E1,-1.773212585E0,8.896599426E0,8.292755127E-1,9.109416123E0
4.878928054E1,-1.768272858E0,9.016051025E0,8.018824768E-1,9.222742569E0
4.879923354E1,-1.639839935E0,8.988208923E0,6.718029785E-1,9.161238667E0
4.880918554E1,-1.403481445E0,8.905431061E0,5.234614563E-1,9.030530131E0
4.881913854E1,-1.146465912E0,8.850495300E0,7.753875732E-1,8.958062125E0
4.882909054E1,-9.154962158E-1,9.143885193E0,1.256936188E0,9.275163520E0
4.883904354E1,-6.351292419E-1,9.410480804E0,1.535656586E0,9.556085981E0
4.884899554E1,-6.255491638E-1,9.278455353E0,1.395547943E0,9.403648204E0
4.885894854E1,-6.553372192E-1,8.976233826E0,1.196461945E0,9.079304034E0
4.886890054E1,-6.494993591E-1,8.537346497E0,1.266665955E0,8.655205212E0
4.887885354E1,-6.839277649E-1,8.106841736E0,1.064137115E0,8.204939239E0
4.888880554E1,-7.515870667E-1,7.874375153E0,6.195616150E-1,7.934388682E0
4.889875854E1,-7.282356262E-1,8.043673096E0,1.327738953E-1,8.077662589E0
4.890871054E1,-4.992118835E-1,8.796457672E0,5.812413025E-1,8.829763391E0
4.891866354E1,-4.971162415E-1,9.875264282E0,1.823507996E0,1.005450897E1
4.892861554E1,-5.635780334E-1,1.050305878E1,2.623743896E0,1.084047489E1
4.893856854E1,-3.384461975E-1,1.048913773E1,2.983595581E0,1.091047197E1
4.894852054E1,-1.511856079E-2,1.024544449E1,3.150498505E0,1.071890863E1
4.895847354E1,4.888833618E-1,1.005818390E1,3.339405670E0,1.060932140E1
4.896842554E1,8.271798706E-1,9.849218445E0,3.255729675E0,1.040630128E1
4.897837854E1,9.831555176E-1,9.478888550E0,2.940784607E0,9.973170861E0
4.898833054E1,8.996292114E-1,9.127269745E0,2.528092804E0,9.513550280E0
4.899828254E1,5.831872559E-1,8.776100006E0,2.230212250E0,9.073802145E0
4.900823554E1,-1.496887207E-2,8.431965637E0,2.148931274E0,8.701504134E0
4.901818754E1,-5.586383057E-1,8.431366882E0,2.362986145E0,8.774037143E0
4.902814054E1,-8.934919739E-1,8.722361755E0,2.575394440E0,9.138412281E0
4.903809254E1,-1.057550812E0,8.751251678E0,2.567161560E0,9.181129459E0
4.904804554E1,-1.039737854E0,8.672665100E0,2.627785492E0,9.121481861E0
4.905799754E1,-1.003662872E0,8.654552765E0,2.667153625E0,9.111659080E0
4.906795054E1,-9.262738037E-1,8.667725372E0,2.673590240E0,9.117868779E0
4.907790254E1,-1.174158325E0,8.402027893E0,2.666554871E0,8.892875540E0
4.908785554E1,-1.106798401E0,8.378377075E0,2.530787201E0,8.821966276E0
4.909780754E1,-9.123527527E-1,8.667425995E0,2.682272186E0,9.118730449E0
4.910776054E1,-9.458830261E-1,9.087003479E0,2.959645386E0,9.603532045E0
4.911771254E1,-9.871971130E-1,9.546398163E0,3.404071198E0,1.018312215E1
4.912766554E1,-8.816665649E-1,9.859996033E0,3.979624329E0,1.066931429E1
4.913761754E1,-7.920030212E-1,1.008901978E1,4.054618378E0,1.090208783E1
4.914757054E1,-7.231462097E-1,1.023451721E1,3.598367157E0,1.087274249E1
4.915752254E1,-5.032534790E-1,1.043794418E1,3.401526489E0,1.098973727E1
4.916747554E1,-3.291654968E-1,1.018526962E1,3.340004425E0,1.072397766E1
4.917742754E1,-6.318360901E-1,9.713899841E0,3.158731384E0,1.023409258E1
4.918738054E1,-1.327140198E0,9.310039673E0,3.082539825E0,9.896473695E0
4.919733254E1,-1.777553558E0,9.095236359E0,3.228336639E0,9.813520191E0
4.920728454E1,-1.780098267E0,8.948242035E0,3.151097260E0,9.652419349E0
4.921723492E1,-1.649420013E0,8.851992188E0,3.285966797E0,9.585193261E0
4.922718692E1,-1.555116119E0,8.944499817E0,3.769311676E0,9.830064783E0
4.923713992E1,-1.516047363E0,9.057664490E0,3.884721680E0,9.971496786E0
4.924709192E1,-1.710193634E0,9.332492981E0,3.415297852E0,1.008387063E1
4.925704492E1,-2.056723022E0,9.832153931E0,2.836002502E0,1.043763722E1
4.926699692E1,-2.484982452E0,1.030082932E1,2.421664124E0,1.086952987E1
4.927694992E1,-3.355272675E0,1.053973251E1,2.500550079E0,1.134004263E1
4.928690192E1,-4.066743164E0,1.088147186E1,2.641107788E0,1.191302985E1
4.929685492E1,-3.943998413E0,1.170895111E1,2.846181335E0,1.267893559E1
4.930680692E1,-2.916385345E0,1.287487656E1,3.191213837E0,1.358129580E1
4.931675992E1,-1.803000641E0,1.361583572E1,3.307971039E0,1.412743665E1
4.932671192E1,-7.650590515E-1,1.394125900E1,2.654879150E0,1.421240308E1
4.933666492E1,2.510279846E-1,1.399948792E1,1.491648102E0,1.408096911E1
4.934661692E1,1.430275726E0,1.374411896E1,5.089416504E-1,1.382770828E1
4.935656992E1,2.579735413E0,1.284793259E1,-1.737886047E-1,1.310551827E1
4.936652192E1,3.421135712E0,1.152094208E1,-8.532257080E-1,1.204841359E1
4.937647392E1,3.729195099E0,1.010623398E1,-1.589993591E0,1.088902847E1
4.938642692E1,3.378923492E0,9.019194489E0,-2.215243378E0,9.882828361E0
4.939637892E1,2.769241333E0,8.629105682E0,-2.123035126E0,9.307923538E0
4.940633192E1,2.359094238E0,8.607251129E0,-2.084415436E0,9.164872358E0
4.941628392E1,2.090852051E0,8.760382690E0,-2.056423645E0,9.238227394E0
4.942623692E1,1.765129395E0,8.997339935E0,-1.586101685E0,9.305026934E0
4.943618892E1,1.125060425E0,9.263636169E0,-1.461261292E0,9.445422203E0
4.944614192E1,1.709445190E-1,9.470655670E0,-1.425785065E0,9.578904108E0
4.945609392E1,-6.228547668E-1,9.736203461E0,-1.714384918E0,9.905590418E0
4.946604692E1,-1.061891785E0,1.006027954E1,-2.010319519E0,1.031398193E1
4.947599892E1,-1.237776031E0,1.008063721E1,-1.934277649E0,1.033889578E1
4.948595192E1,-1.022972717E0,9.751920776E0,-1.645827484E0,9.942594235E0
4.949590392E1,-3.436853027E-1,9.564360809E0,-1.447190552E0,9.679332506E0
4.950585692E1,2.704875183E-1,9.626032562E0,-1.689386902E0,9.776895954E0
4.951580892E1,7.568261719E-1,9.817783813E0,-2.078128510E0,1.006381056E1
4.952576192E1,1.130748596E0,1.005623795E1,-2.341131592E0,1.038688650E1
4.953571392E1,1.174906769E0,1.031819321E1,-2.457140350E0,1.067160043E1
4.954566692E1,9.672885132E-1,1.043749512E1,-2.308200073E0,1.073334705E1
4.955561892E1,6.427633667E-1,1.040246796E1,-2.202370148E0,1.065246068E1
4.956557092E1,3.501219177E-1,1.029828461E1,-2.123933258E0,1.052085280E1
4.957552392E1,2.335144043E-2,9.976304169E0,-2.003134460E0,1.017544779E1
4.958547592E1,-2.523751831E-1,9.576335907E0,-2.261197815E0,9.842912079E0
4.959542892E1,-3.844006348E-1,9.361682281E0,-2.423011322E0,9.677801551E0
4.960538092E1,-3.800596619E-1,9.229956207E0,-2.270478516E0,9.512707797E0
4.961533392E1,-3.662882996E-1,9.116791534E0,-1.991458740E0,9.338948705E0
4.962528592E1,-1.591191101E-1,8.912167053E0,-1.662442932E0,9.067290498E0
4.963523892E1,1.706451416E-1,8.390052795E0,-1.791025543E0,8.580785405E0
4.964519092E1,2.130070496E-1,7.872429199E0,-2.568359070E0,8.283536794E0
4.965514392E1,-2.996768188E-1,7.888595581E0,-3.655548248E0,8.699585015E0
4.966509592E1,-8.788224792E-1,8.919202423E0,-3.566932526E0,9.646113645E0
4.967504892E1,-4.364923096E-1,1.027433441E1,-1.819765778E0,1.044337209E1
4.968500092E1,8.518785095E-1,1.102652023E1,-9.526190186E-1,1.110033011E1
4.969495392E1,1.190025330E0,1.101454514E1,-1.308279419E0,1.115562458E1
4.970490592E1,7.863148499E-1,1.086919739E1,-1.620829468E0,1.101747843E1
4.971485892E1,5.173242188E-1,1.056203613E1,-1.847009125E0,1.073478804E1
4.972481092E1,3.570075989E-1,1.014859589E1,-1.893562317E0,1.032990954E1
4.973476292E1,3.323089600E-1,1.000998413E1,-1.681154022E0,1.015561374E1
4.974471592E1,4.284091187E-1,1.003423370E1,-1.502126312E0,1.015508562E1
4.975466792E1,4.568499756E-1,1.030307465E1,-1.430575104E0,1.041194526E1
4.976462092E1,5.078938293E-1,1.073926758E1,-1.233884125E0,1.082184339E1
4.977457292E1,6.348298645E-1,1.106289459E1,-1.168021088E0,1.114248262E1
4.978452592E1,6.735992432E-1,1.119941071E1,-1.362616425E0,1.130209094E1
4.979447792E1,7.030879211E-1,1.105930206E1,-1.273851013E0,1.115460403E1
4.980443092E1,7.054829407E-1,1.075318863E1,-9.894424438E-1,1.082163427E1
4.981438292E1,6.149212646E-1,1.042926224E1,-7.806266785E-1,1.047649832E1
4.982433592E1,4.328997803E-1,1.001731888E1,-6.477030945E-1,1.004756682E1
4.983428792E1,4.055067444E-1,9.852810974E0,-6.846762085E-1,9.884892580E0
4.984424092E1,2.730322266E-1,9.889335022E0,-7.999365234E-1,9.925391288E0
4.985419292E1,1.573228455E-1,9.999505920E0,-5.634283447E-1,1.001660225E1
4.986414592E1,2.799179077E-2,1.002495300E1,-4.595443726E-2,1.002509741E1
4.987409792E1,-9.175918579E-2,9.873767395E0,2.342628479E-1,9.876972279E0
4.988405092E1,-1.519340515E-1,9.683363342E0,2.710862732E-1,9.688348535E0
4.989400292E1,-2.142045593E-1,9.554481354E0,2.058219910E-1,9.559098296E0
4.990395592E1,-2.137554932E-1,9.375902710E0,5.957611084E-2,9.378528261E0
4.991390792E1,-1.896556091E-1,9.070837097E0,-1.381626892E-1,9.073871490E0
4.992385992E1,-7.319778442E-2,8.836723938E0,-2.625540161E-1,8.840926562E0
4.993381292E1,1.261875916E-1,8.635392609E0,-2.637515259E-1,8.640341063E0
4.994376492E1,3.381468201E-1,8.480764160E0,-1.619631958E-1,8.489048008E0
4.995371792E1,5.069956970E-1,8.483458557E0,-7.888595581E-2,8.498960920E0
4.996366992E1,6.111790466E-1,8.489146729E0,4.370910645E-2,8.511231550E0
4.997362292E1,5.270539856E-1,8.372239838E0,1.661544800E-1,8.390458457E0
4.998357492E1,3.902384949E-1,8.297994232E0,4.770579529E-1,8.320852039E0
4.999352792E1,4.782554626E-1,8.346942444E0,6.870712280E-1,8.388816563E0
5.000347992E1,6.004014587E-1,8.224048004E0,7.887098694E-1,8.283568720E0
5.001343292E1,6.209088135E-1,7.974067841E0,9.460327148E-1,8.053959497E0
5.002338492E1,7.315287781E-1,7.589816895E0,1.333427124E0,7.740702988E0
5.003333792E1,8.572673035E-1,7.186256104E0,1.775008850E0,7.451700506E0
5.004328992E1,7.626640320E-1,7.014263763E0,1.986069946E0,7.329803981E0
5.005324292E1,4.333488464E-1,7.228767700E0,1.817670135E0,7.466377864E0
5.006319492E1,3.832031250E-2,7.705825653E0,1.402433624E0,7.832498804E0
5.007314792E1,-2.875520325E-1,8.210576019E0,1.062191162E0,8.283990271E0
5.008309992E1,-4.478686523E-1,8.643475800E0,1.055455170E0,8.719188371E0
5.009305192E1,-4.090992737E-1,9.037007446E0,1.325044556E0,9.142789994E0
5.010300492E1,-1.881587219E-1,9.354646912E0,1.786085815E0,9.525488181E0
5.011295692E1,1.257385254E-1,9.641151123E0,2.254162445E0,9.901962103E0
5.012290992E1,3.297642517E-1,9.879305878E0,2.493664398E0,1.019449809E1
5.013286192E1,3.478765869E-1,1.005578888E1,2.629581757E0,1.039974078E1
5.014281492E1,4.514611816E-1,1.023361908E1,2.770738220E0,1.061168068E1
5.015276692E1,3.959266663E-1,1.021445892E1,2.805316315E0,1.060008154E1
5.016271992E1,2.119592285E-1,1.012494507E1,3.135080566E0,1.060132867E1
5.017267192E1,1.957928467E-1,1.006761429E1,3.745511169E0,1.074355836E1
5.018262492E1,2.399510193E-1,1.010668304E1,3.753145294E0,1.078372469E1
5.019257692E1,1.863624573E-1,1.041025177E1,3.244353333E0,1.090568207E1
5.020252992E1,3.553610229E-1,1.106813370E1,3.174598389E0,1.151989323E1
5.021248117E1,5.287005615E-1,1.189845703E1,3.360511780E0,1.237521084E1
5.022243417E1,4.635859680E-1,1.243568985E1,3.729344788E0,1.299112414E1
5.023238617E1,3.417393494E-1,1.253882538E1,3.809877319E0,1.310931321E1
5.024233917E1,8.517288208E-2,1.246502884E1,3.119962006E0,1.284983896E1
5.025229117E1,-1.719923401E-1,1.248418900E1,2.471959534E0,1.272773115E1
5.026224317E1,-2.746788025E-1,1.284898041E1,2.350412292E0,1.306507497E1
5.027219617E1,-1.152603149E-2,1.278775772E1,2.437830505E0,1.301806045E1
5.028214817E1,1.157093811E-1,1.181852325E1,1.874102783E0,1.196675151E1
5.029210117E1,2.200424194E-1,1.138966507E1,6.231541443E-1,1.140882159E1
5.030205317E1,3.156935120E-1,1.165072220E1,-2.899470520E-1,1.165860452E1
5.031200617E1,-2.210902405E-1,1.220202576E1,-9.434880066E-1,1.224044456E1
5.032195817E1,-1.160686340E0,1.293699738E1,-1.160386963E0,1.304068985E1
5.033191117E1,-2.439626770E0,1.384500916E1,-1.761087799E0,1.416818575E1
5.034186317E1,-3.614084473E0,1.462997681E1,-2.096240845E0,1.521486292E1
5.035181617E1,-4.621788940E0,1.510942978E1,-1.738784180E0,1.589588537E1
5.036176817E1,-5.528603210E0,1.491543320E1,-1.776805115E0,1.600601878E1
5.037172117E1,-6.211632843E0,1.405532181E1,-2.434088287E0,1.555831737E1
5.038167317E1,-6.464756470E0,1.305944275E1,-2.894830170E0,1.485672113E1
5.039162617E1,-6.202950897E0,1.223899887E1,-3.123255157E0,1.407211484E1
5.040157817E1,-5.552254028E0,1.167152893E1,-3.060385895E0,1.328224658E1
5.041153017E1,-4.950804749E0,1.145358215E1,-3.045417023E0,1.284404830E1
5.042148317E1,-4.414320374E0,1.143861328E1,-3.100951538E0,1.264689680E1
5.043143517E1,-3.962859192E0,1.141092087E1,-2.992726593E0,1.244466876E1
5.044138817E1,-3.850592651E0,1.116228790E1,-2.550995178E0,1.208020328E1
5.045134017E1,-3.994293823E0,1.070453979E1,-2.040706329E0,1.160629302E1
5.046129317E1,-4.155957642E0,1.014724869E1,-1.576671295E0,1.107811050E1
5.047124517E1,-4.229005737E0,9.518556061E0,-1.261875916E0,1.049188876E1
5.048119817E1,-4.224964142E0,8.920848999E0,-1.177750854E0,9.940772904E0
5.049115017E1,-4.211641846E0,8.401429138E0,-1.228195953E0,9.477890266E0
5.050110317E1,-4.237837372E0,7.926766205E0,-1.307381287E0,9.083068528E0
5.051105517E1,-4.249363403E0,7.516918488E0,-1.229842529E0,8.722021872E0
5.052100817E1,-4.208498383E0,7.255861359E0,-1.100661163E0,8.459931305E0
5.053096017E1,-4.148922272E0,7.072043610E0,-9.574090576E-1,8.254937246E0
5.054091317E1,-3.909719696E0,6.983577576E0,-2.835104370E-1,8.008535573E0
5.055086517E1,-3.430416412E0,6.929090881E0,5.129832458E-1,7.748755320E0
5.056081817E1,-2.916984100E0,7.026837616E0,4.924758911E-1,7.624157372E0
5.057077017E1,-2.514022064E0,7.153773651E0,1.100212097E-1,7.583461548E0
5.058072217E1,-2.113904114E0,7.300767975E0,-1.999841309E-1,7.603275431E0
5.059067517E1,-1.814376984E0,7.340435486E0,5.987548828E-2,7.561583302E0
5.060062717E1,-1.602567444E0,7.210805054E0,4.541555786E-1,7.400688429E0
5.061058017E1,-1.595831451E0,7.044351196E0,5.794450378E-1,7.246055365E0
5.062053217E1,-1.719324646E0,7.019652557E0,5.593867493E-1,7.248759397E0
5.063048517E1,-1.884431305E0,7.026837616E0,6.460565186E-1,7.303760487E0
5.064043717E1,-2.046693878E0,7.002288666E0,6.966513062E-1,7.328459963E0
5.065039017E1,-2.232906647E0,6.926995239E0,8.354127502E-1,7.325779795E0
5.066034217E1,-2.361489258E0,6.804100800E0,1.209634552E0,7.303125013E0
5.067029517E1,-2.402653656E0,6.760092316E0,1.466650085E0,7.322749155E0
5.068024717E1,-2.457290039E0,6.862329712E0,1.560504913E0,7.454194725E0
5.069020017E1,-2.531086578E0,7.070995789E0,1.748513947E0,7.711204947E0
5.070015217E1,-2.541714478E0,7.322921906E0,2.211800537E0,8.060865917E0
5.071010517E1,-2.560575256E0,7.561525726E0,2.333048401E0,8.317231017E0
5.072005717E1,-2.571053467E0,7.725584564E0,2.389481049E0,8.485551984E0
5.073000917E1,-2.562820587E0,7.798333282E0,2.657423859E0,8.628090919E0
5.073996217E1,-2.532433777E0,7.825576630E0,2.728076935E0,8.665752950E0
5.074991417E1,-2.506238251E0,7.864944763E0,2.747835846E0,8.699953341E0
5.075986717E1,-2.458038483E0,7.952812042E0,2.699187012E0,8.750701862E0
5.076981917E1,-2.517464905E0,8.082592163E0,2.596350861E0,8.854770658E0
5.077977217E1,-2.636317749E0,8.195756836E0,2.620301056E0,8.999254359E0
5.078972417E1,-2.765199738E0,8.253237305E0,2.626587982E0,9.091821601E0
5.079967717E1,-2.809956665E0,8.255033569E0,2.683170319E0,9.123641743E0
5.080962917E1,-2.890788574E0,8.202642517E0,2.605631561E0,9.079059350E0
5.081958217E1,-2.942131805E0,8.125702515E0,2.485431519E0,8.992249482E0
5.082953417E1,-2.919977875E0,8.014483795E0,2.269879761E0,8.826696745E0
5.083948717E1,-2.979853363E0,7.913144531E0,1.945504303E0,8.676541329E0
5.084943917E1,-3.004851379E0,7.944279785E0,1.996248779E0,8.725005576E0
5.085939217E1,-2.782863007E0,8.164322205E0,2.376009064E0,8.946837578E0
5.086934417E1,-2.355352020E0,8.416248322E0,2.857108612E0,9.194780507E0
5.087929717E1,-2.075583801E0,8.527017975E0,3.167263641E0,9.330039798E0
5.088924917E1,-2.070195007E0,8.546028442E0,3.349434814E0,9.409517686E0
5.089920117E1,-2.342329102E0,8.478069763E0,3.002606049E0,9.294074220E0
5.090915417E1,-2.845133514E0,8.383466492E0,2.469414825E0,9.191044811E0
5.091910617E1,-3.133433990E0,8.289911041E0,2.603984985E0,9.236978480E0
5.092905917E1,-3.303779755E0,8.175399170E0,2.978057098E0,9.307036926E0
5.093901117E1,-3.396137695E0,8.252937927E0,2.930905151E0,9.393345553E0
5.094896417E1,-3.465892639E0,8.332272949E0,2.910697174E0,9.482159159E0
5.095891617E1,-3.376079407E0,8.444389801E0,3.482657776E0,9.738302545E0
5.096886917E1,-3.129991150E0,8.745264130E0,4.286486206E0,1.022988041E1
5.097882117E1,-2.906505890E0,9.056616669E0,4.792733459E0,1.065083922E1
5.098877417E1,-2.932701416E0,9.125623169E0,5.144501953E0,1.087858613E1
5.099872617E1,-3.244952087E0,8.969797211E0,5.148393860E0,1.083941582E1
5.100867917E1,-3.769611053E0,8.695417786E0,4.866380310E0,1.065372776E1
5.101863117E1,-4.330045624E0,8.579558716E0,4.617148590E0,1.066190339E1
5.102858417E1,-4.782105560E0,8.708590393E0,4.559069366E0,1.093129424E1
5.103853617E1,-5.145549774E0,9.043444061E0,4.700076141E0,1.141714845E1
5.104848817E1,-5.436694336E0,9.573491821E0,4.761897583E0,1.199520986E1
5.105844117E1,-5.649252319E0,1.019380188E1,4.743785248E0,1.258297052E1
5.106839317E1,-5.819448395E0,1.077788727E1,4.913681946E0,1.319746581E1
5.107834617E1,-5.933511200E0,1.133757339E1,4.895270233E0,1.370075897E1
5.108829817E1,-6.078559570E0,1.176822784E1,4.849166107E0,1.410512265E1
5.109825117E1,-6.304290161E0,1.204036194E1,4.795427856E0,1.441216564E1
5.110820317E1,-6.324498138E0,1.253283783E1,4.092639313E0,1.462261937E1
5.111815617E1,-5.391787720E0,1.359443024E1,3.381767578E0,1.501053831E1
5.112810817E1,-4.742288361E0,1.405786652E1,1.592238922E0,1.492139855E1
5.113806117E1,-5.043462067E0,1.374157425E1,-6.935078430E-1,1.465429376E1
5.114801317E1,-5.178481293E0,1.302845718E1,-2.301015015E0,1.420746407E1
5.115796617E1,-4.673581238E0,1.216864517E1,-3.061733093E0,1.339001480E1
5.116791817E1,-3.588487701E0,1.155507111E1,-2.762655029E0,1.241084909E1
5.117787117E1,-2.341880035E0,1.134625534E1,-2.089953918E0,1.177241775E1
5.118782317E1,-1.438957672E0,1.128188919E1,-1.842817841E0,1.152161449E1
5.119777517E1,-7.152127075E-1,1.124551483E1,-2.063309326E0,1.145558285E1
5.120772817E1,1.706451416E-1,1.151465515E1,-2.526745605E0,1.178986202E1
5.121768092E1,8.075706482E-1,1.161659317E1,-2.437830505E0,1.189707631E1
5.122763392E1,5.533992004E-1,1.115255814E1,-1.662293243E0,1.128933224E1
5.123758592E1,-5.212161255E-1,1.031624725E1,-7.179071045E-1,1.035432346E1
5.124753892E1,-1.874402161E0,9.498198395E0,-2.264790344E-1,9.684030615E0
5.125749092E1,-2.814896393E0,9.009464722E0,1.107696533E-2,9.438973407E0
5.126744392E1,-3.134781189E0,8.938512268E0,-9.235794067E-2,9.472717913E0
5.127739592E1,-3.127446442E0,9.111552429E0,-4.102967834E-1,9.642077181E0
5.128734892E1,-2.944077759E0,9.227561188E0,-2.613565063E-1,9.689364610E0
5.129730092E1,-2.612517242E0,9.118438110E0,-4.490661621E-4,9.485312863E0
5.130725392E1,-2.287543030E0,9.015003204E0,1.067280579E-1,9.301318550E0
5.131720592E1,-2.106868744E0,8.828341370E0,1.553768921E-1,9.077590496E0
5.132715892E1,-1.954036560E0,8.606951752E0,3.788621521E-1,8.834105154E0
5.133711092E1,-1.894460449E0,8.380472717E0,8.982820129E-1,8.638762292E0
5.134706292E1,-1.753004608E0,8.168363800E0,1.623673553E0,8.510670252E0
5.135701592E1,-1.725761261E0,7.962092743E0,2.007176056E0,8.390585706E0
5.136696792E1,-1.745370483E0,7.858957214E0,2.031575317E0,8.302820297E0
5.137692092E1,-1.802850952E0,7.834108887E0,1.963766327E0,8.275259017E0
5.138687292E1,-1.917213135E0,7.901917877E0,1.825453949E0,8.333564331E0
5.139682592E1,-2.066452789E0,7.978708191E0,1.552272034E0,8.386868307E0
5.140677792E1,-2.134860535E0,7.960895233E0,1.455573120E0,8.369717768E0
5.141673092E1,-2.111958160E0,7.874674530E0,1.626218262E0,8.313570356E0
5.142668292E1,-2.025138702E0,7.707921295E0,1.640887756E0,8.136691593E0
5.143663592E1,-1.879940643E0,7.625742188E0,1.705104218E0,8.037008220E0
5.144658792E1,-1.677561493E0,7.678282928E0,1.844763794E0,8.073004072E0
5.145654092E1,-1.428180084E0,7.950417023E0,1.591640167E0,8.232991413E0
5.146649292E1,-1.200054474E0,8.329728241E0,1.409169617E0,8.532892963E0
5.147644592E1,-1.075214081E0,8.576564941E0,1.251397705E0,8.733816333E0
5.148639792E1,-1.057550812E0,8.764424286E0,1.118474121E0,8.898569050E0
5.149634992E1,-1.062041473E0,8.898545380E0,1.222956848E0,9.044759003E0
5.150630292E1,-1.097368011E0,8.940757599E0,1.457070007E0,9.124933753E0
5.151625492E1,-1.155447235E0,8.910819855E0,1.727707214E0,9.150013170E0
5.152620792E1,-1.237177277E0,8.844058685E0,1.814526672E0,9.112655414E0
5.153615992E1,-1.338815918E0,8.871002655E0,1.743125153E0,9.139234184E0
5.154611292E1,-1.480122070E0,8.958869934E0,1.611249390E0,9.222160074E0
5.155606492E1,-1.658401337E0,8.968899078E0,1.537452850E0,9.249605772E0
5.156601792E1,-1.871408386E0,8.884624329E0,1.589544525E0,9.217666223E0
5.157596992E1,-2.028731232E0,8.798852692E0,1.649869080E0,9.179195339E0
5.158592292E1,-2.061662750E0,8.741072845E0,1.661095734E0,9.133238572E0
5.159587492E1,-2.061213684E0,8.791517944E0,1.578018494E0,9.166762350E0
5.160582792E1,-1.980681152E0,8.946745148E0,1.569186859E0,9.296757175E0
5.161577992E1,-1.917512512E0,9.060957642E0,1.770218811E0,9.429288534E0
5.162573192E1,-1.906136169E0,9.112001495E0,2.070494385E0,9.536711873E0
5.163568492E1,-1.852098541E0,9.066346436E0,2.164798279E0,9.503434026E0
5.164563692E1,-1.747915192E0,8.943152618E0,1.938618622E0,9.316299074E0
5.165558992E1,-1.727557526E0,8.719966736E0,1.423988800E0,9.002778403E0
5.166554192E1,-1.602268066E0,8.483608246E0,1.248703308E0,8.723424315E0
5.167549492E1,-1.134341125E0,8.090226288E0,2.321821747E0,8.492899823E0
5.168544692E1,-7.188052368E-1,7.735014954E0,2.390678558E0,8.127882951E0
5.169539992E1,-7.382647705E-1,7.507637787E0,1.488953705E0,7.689385095E0
5.170535192E1,-1.242266693E0,7.169790344E0,1.153650970E0,7.367498265E0
5.171530492E1,-2.016456757E0,7.008575592E0,9.583071899E-1,7.355581714E0
5.172525692E1,-2.365530853E0,7.073989563E0,1.394051056E0,7.588177838E0
5.173520992E1,-2.216440887E0,7.328909454E0,2.293829956E0,7.992945631E0
5.174516192E1,-2.027084656E0,7.800129547E0,3.263064423E0,8.694750289E0
5.175511492E1,-1.651066589E0,8.187224579E0,3.930376740E0,9.230629908E0
5.176506692E1,-1.374890900E0,8.765172729E0,3.892056427E0,9.688481883E0
5.177501892E1,-1.459614716E0,9.208550720E0,3.877835999E0,1.009779647E1
5.178497192E1,-1.533411255E0,9.077573090E0,3.530857544E0,9.860052650E0
5.179492392E1,-1.218615875E0,8.698860626E0,3.137325897E0,9.327272626E0
5.180487692E1,-1.049916687E0,8.103398895E0,3.070864105E0,8.729123957E0
5.181482892E1,-1.208137665E0,7.506290588E0,3.194656677E0,8.246807037E0
5.182478192E1,-1.294358368E0,7.315886536E0,3.049458618E0,8.030987315E0
5.183473392E1,-1.140478363E0,7.330256653E0,3.297941895E0,8.118483493E0
5.184468692E1,-8.532257080E-1,7.699089661E0,3.410208435E0,8.463657441E0
5.185463892E1,-6.863227844E-1,8.423134003E0,3.140319672E0,9.015643795E0
5.186459192E1,-6.436614990E-1,9.127419434E0,3.094814301E0,9.659294032E0
5.187454392E1,-6.430627441E-1,9.486971741E0,2.761008453E0,9.901481212E0
5.188449692E1,-6.932084656E-1,9.614057465E0,2.492317200E0,9.956017474E0
5.189444892E1,-6.289920044E-1,9.645492096E0,2.458038483E0,9.973620300E0
5.190440092E1,-2.823129272E-1,9.709259491E0,3.419788513E0,1.029778490E1
5.191435392E1,1.025367737E-1,9.785750427E0,2.840343475E0,1.019014113E1
5.192430592E1,1.285826111E-1,1.002300705E1,1.624421997E0,1.015460244E1
5.193425892E1,1.360670471E-1,1.025697052E1,1.578168182E0,1.037856316E1
5.194421092E1,9.624984741E-2,1.048165329E1,1.375190277E0,1.057191884E1
5.195416392E1,-1.317260742E-1,1.075139236E1,8.333171082E-1,1.078444282E1
5.196411592E1,-5.924679565E-1,1.093925171E1,4.339476013E-1,1.096387508E1
5.197406892E1,-9.740245056E-1,1.115195938E1,5.695655823E-1,1.120889498E1
5.198402092E1,-1.086141357E0,1.163455582E1,8.057743835E-1,1.171289309E1
5.199397392E1,-1.069376221E0,1.214589249E1,4.249662781E-1,1.220028140E1
5.200392592E1,-1.571881256E0,1.269270538E1,-1.378782806E0,1.286377171E1
5.201387892E1,-2.200573883E0,1.289418640E1,-4.185596008E0,1.373396455E1
5.202383092E1,-2.033670959E0,1.292382477E1,-5.487139435E0,1.418695751E1
5.203378292E1,-1.575174408E0,1.336151459E1,-4.569248199E0,1.420877460E1
5.204373592E1,-1.531614990E0,1.363185242E1,-4.558919678E0,1.445534480E1
5.205368792E1,-2.118544464E0,1.364457596E1,-5.748046875E0,1.495669504E1
5.206364092E1,-3.410807190E0,1.286619461E1,-7.297624512E0,1.517985155E1
5.207359292E1,-5.340444489E0,1.132380203E1,-7.932604065E0,1.482143876E1
5.208354592E1,-6.941515045E0,9.649234314E0,-7.590415649E0,1.410343092E1
5.209349792E1,-7.685168610E0,8.368796997E0,-6.620432739E0,1.315023610E1
5.210345092E1,-7.548203430E0,7.839647369E0,-5.726940765E0,1.229769476E1
5.211340292E1,-6.909331970E0,8.026159515E0,-5.432952118E0,1.190273387E1
5.212335592E1,-6.264323273E0,8.578061829E0,-5.490282898E0,1.195692674E1
5.213330792E1,-5.874533844E0,9.349707184E0,-6.026018829E0,1.257935115E1
5.214326092E1,-5.827980652E0,9.994266815E0,-6.610852661E0,1.332494280E1
5.215321292E1,-5.739065552E0,1.046399002E1,-6.853049011E0,1.376213070E1
5.216316492E1,-5.479056244E0,1.068747528E1,-6.825356598E0,1.381403916E1
5.217311792E1,-5.107528839E0,1.054781570E1,-6.439159698E0,1.337183774E1
5.218306992E1,-4.657714233E0,9.923014984E0,-5.969735870E0,1.248191791E1
5.219302292E1,-4.322710876E0,9.316476288E0,-5.588478699E0,1.169246141E1
5.220297492E1,-4.179009705E0,8.857830048E0,-5.623056793E0,1.129353988E1
5.221292708E1,-4.001179504E0,8.579259338E0,-5.614674225E0,1.100625708E1
5.222287908E1,-3.855831757E0,8.471184082E0,-5.254074097E0,1.068801632E1
5.223283208E1,-3.885021057E0,8.421936493E0,-4.876409454E0,1.047863407E1
5.224278408E1,-4.136797485E0,8.431815948E0,-4.751269684E0,1.052535877E1
5.225273708E1,-4.320465546E0,8.512498169E0,-4.952151947E0,1.075420181E1
5.226268908E1,-4.211342468E0,8.635392609E0,-5.056185608E0,1.085681462E1
5.227264208E1,-3.780837708E0,8.615633698E0,-4.882097626E0,1.059994127E1
5.228259408E1,-3.241509247E0,8.528065796E0,-4.444707184E0,1.014843389E1
5.229254708E1,-2.655178528E0,8.284522247E0,-4.034709778E0,9.589690551E0
5.230249908E1,-2.270777893E0,7.840545502E0,-4.050277405E0,9.112372526E0
5.231245108E1,-1.940414886E0,7.455995178E0,-4.008514252E0,8.684771761E0
5.232240408E1,-1.644929352E0,7.353458405E0,-3.631148987E0,8.364471654E0
5.233235608E1,-1.253792725E0,7.444020081E0,-3.339854736E0,8.254699317E0
5.234230908E1,-1.061293030E0,7.599546661E0,-3.080144806E0,8.268418493E0
5.235226108E1,-1.322200470E0,7.851472778E0,-3.153641968E0,8.563836555E0
5.236221408E1,-1.908680878E0,8.026608582E0,-3.509601746E0,8.965869307E0
5.237216608E1,-2.509232025E0,8.107739868E0,-3.770808563E0,9.287124870E0
5.238211908E1,-3.078498230E0,7.933801575E0,-3.679199066E0,9.271400355E0
5.239207108E1,-3.594624939E0,7.345375214E0,-3.241209869E0,8.796664533E0
5.240202408E1,-3.745960236E0,7.119644623E0,-2.936443634E0,8.564126275E0
5.241197608E1,-3.303330688E0,7.899223480E0,-2.843636627E0,9.021972872E0
5.242192908E1,-3.262166290E0,9.113199005E0,-3.299588470E0,1.022640744E1
5.243188108E1,-3.276536407E0,9.643845520E0,-4.086651764E0,1.097452367E1
5.244183308E1,-2.956801300E0,9.334289246E0,-4.680616608E0,1.085264030E1
5.245178608E1,-2.374512177E0,9.143735504E0,-4.465663605E0,1.044932335E1
5.246173808E1,-1.615740051E0,9.324260101E0,-3.625011749E0,1.013376300E1
5.247169108E1,-1.032253418E0,9.387578430E0,-2.696043549E0,9.821447282E0
5.248164308E1,-7.572752380E-1,9.233548737E0,-2.348166962E0,9.557498425E0
5.249159608E1,-7.640112305E-1,9.004824371E0,-2.688110046E0,9.428494617E0
5.250154808E1,-9.482780457E-1,8.850644989E0,-3.299438782E0,9.493126158E0
5.251150108E1,-1.109492798E0,8.819509735E0,-3.491938477E0,9.550306831E0
5.252145308E1,-1.277892609E0,8.734935608E0,-3.334465942E0,9.436671697E0
5.253140608E1,-1.187181244E0,8.774303741E0,-3.081192627E0,9.375049518E0
5.254135808E1,-9.490264893E-1,8.989855499E0,-3.097359009E0,9.555720067E0
5.255131108E1,-8.794212341E-1,9.299561462E0,-3.096909943E0,9.841040407E0
5.256126308E1,-7.500901794E-1,9.804760895E0,-3.090323639E0,1.030757351E1
5.257121508E1,-7.708969116E-1,9.998757477E0,-2.878813477E0,1.043345581E1
5.258116808E1,-1.015188904E0,9.901759186E0,-2.327210541E0,1.022210117E1
5.259112008E1,-1.261127472E0,9.815688171E0,-2.099533997E0,1.011663085E1
5.260107308E1,-1.430874481E0,9.720785522E0,-2.232158203E0,1.007589218E1
5.261102508E1,-1.292113037E0,9.566905518E0,-2.389031982E0,9.944984218E0
5.262097808E1,-9.119036865E-1,9.353898468E0,-2.333347778E0,9.683568389E0
5.263093008E1,-6.709048462E-1,8.905281372E0,-2.411185913E0,9.250295516E0
5.264088308E1,-7.860154724E-1,8.352181549E0,-2.488724670E0,8.750457556E0
5.265083508E1,-1.708247681E0,7.803871765E0,-2.660567322E0,8.420044129E0
5.266078808E1,-2.912493439E0,7.608078918E0,-2.921474762E0,8.654507360E0
5.267074008E1,-3.686683502E0,7.867639160E0,-2.865491180E0,9.148902716E0
5.268069308E1,-3.683540039E0,8.411907349E0,-2.489922180E0,9.514639506E0
5.269064508E1,-3.123105469E0,8.994495850E0,-2.077080688E0,9.745204336E0
5.270059708E1,-2.295476532E0,9.366472321E0,-1.578916626E0,9.772051676E0
5.271055008E1,-1.447489929E0,9.569749603E0,-1.080004120E0,9.738672572E0
5.272050208E1,-7.933502197E-1,9.663305054E0,-9.063652039E-1,9.738088468E0
5.273045508E1,-5.930667114E-1,9.557774506E0,-1.326391754E0,9.667579672E0
5.274040708E1,-9.030720520E-1,9.356293488E0,-1.982627106E0,9.606590300E0
5.275036008E1,-1.405427399E0,9.345066833E0,-2.614014130E0,9.805027800E0
5.276031208E1,-1.839375000E0,9.645641785E0,-3.053949280E0,1.028339983E1
5.277026508E1,-2.046993256E0,1.022029678E1,-2.996618500E0,1.084547694E1
5.278021708E1,-1.956730957E0,1.077893509E1,-2.783910828E0,1.130329143E1
5.279017008E1,-1.676962738E0,1.103924377E1,-1.999392242E0,1.134348608E1
5.280012208E1,-1.549128571E0,1.102472397E1,-1.247505798E0,1.120270542E1
5.281007508E1,-1.697021027E0,1.083596649E1,-1.095422058E0,1.102261310E1
5.282002708E1,-2.223775635E0,1.091140961E1,-1.577419739E0,1.124687915E1
5.282997908E1,-2.842289429E0,1.146361130E1,-2.580334167E0,1.208929765E1
5.283993208E1,-2.089055786E0,1.216205887E1,-3.135679321E0,1.273233344E1
5.284988408E1,-1.035396881E0,1.196312256E1,-2.781665497E0,1.232582699E1
5.285983708E1,-3.959266663E-1,1.118069962E1,-2.445314941E0,1.145182811E1
5.286978908E1,1.434017944E-1,1.013781830E1,-3.562142487E0,1.074638465E1
5.287974208E1,1.091380463E0,9.498348083E0,-4.407434692E0,1.052783018E1
5.288969408E1,2.365231476E0,9.479936371E0,-4.291126556E0,1.067132984E1
5.289964708E1,3.085084534E0,9.524393921E0,-4.129313049E0,1.082973002E1
5.290959908E1,3.291056213E0,9.356742554E0,-4.304748230E0,1.081251772E1
5.291955208E1,3.022215271E0,9.201215973E0,-4.683311005E0,1.075776754E1
5.292950408E1,2.656376038E0,9.446406097E0,-4.713697815E0,1.088622381E1
5.293945608E1,2.338586884E0,1.018946091E1,-4.554129639E0,1.140325388E1
5.294940908E1,1.932481384E0,1.094943054E1,-4.306843872E0,1.192364951E1
5.295936108E1,1.565893707E0,1.174996582E1,-4.260290680E0,1.259618182E1
5.296931408E1,1.286275177E0,1.238524475E1,-4.103865967E0,1.311070201E1
5.297926608E1,1.016536102E0,1.250499573E1,-3.423830109E0,1.300503273E1
5.298921908E1,8.845106506E-1,1.216969299E1,-2.704875183E0,1.249800530E1
5.299917108E1,1.012793884E0,1.160955780E1,-2.288291473E0,1.187618885E1
5.300912408E1,1.217568054E0,1.092682755E1,-2.052382050E0,1.118437769E1
5.301907608E1,1.434916077E0,1.029783554E1,-1.790726166E0,1.055040763E1
5.302902908E1,1.583706665E0,9.819879456E0,-1.613794098E0,1.007682940E1
5.303898108E1,1.616937561E0,9.528585205E0,-1.691931610E0,9.811781472E0
5.304893408E1,1.423090668E0,9.284742279E0,-1.949994965E0,9.593440811E0
5.305888608E1,8.949888611E-1,9.161997528E0,-2.246827698E0,9.475834447E0
5.306883808E1,2.838098145E-1,9.122928772E0,-2.240391083E0,9.398283332E0
5.307879108E1,-3.302133179E-1,9.003327484E0,-1.783391418E0,9.184194661E0
5.308874308E1,-8.235873413E-1,8.705297241E0,-1.216819611E0,8.828428293E0
5.309869608E1,-1.039887543E0,8.502319336E0,-8.337661743E-1,8.606158622E0
5.310864808E1,-1.032103729E0,8.593779144E0,-7.517367554E-1,8.688117531E0
5.311860108E1,-9.684860229E-1,8.877888336E0,-9.454339600E-1,8.980462786E0
5.312855308E1,-9.389973450E-1,9.279353485E0,-1.346000977E0,9.423366476E0
5.313850608E1,-8.837622070E-1,9.492659912E0,-1.498234406E0,9.650716770E0
5.314845808E1,-8.553213501E-1,9.395661621E0,-1.375789032E0,9.534297424E0
5.315841108E1,-8.876541138E-1,8.980275421E0,-8.649014282E-1,9.065391936E0
5.316836308E1,-8.684939575E-1,8.541088715E0,2.183958435E-1,8.587908647E0
5.317831508E1,-8.408015442E-1,8.212521973E0,9.363029480E-1,8.308376953E0
5.318826808E1,-1.192270660E0,8.162226562E0,7.174580383E-1,8.279987791E0
5.319822008E1,-1.514999542E0,8.386160889E0,-6.706054688E-2,8.522171976E0
5.320817308E1,-1.487157440E0,8.680448914E0,-4.276606750E-1,8.817296879E0
5.321812579E1,-1.519789581E0,8.836424561E0,-5.581892395E-1,8.983525734E0
5.322807879E1,-1.413959656E0,8.772956543E0,-3.119512939E-1,8.891645631E0
5.323803079E1,-1.203647003E0,8.424481201E0,3.188369751E-1,8.516002973E0
5.324798379E1,-1.219813385E0,7.833360443E0,6.915618896E-1,7.957872729E0
5.325793579E1,-1.488504639E0,7.661966858E0,7.903564453E-1,7.845128775E0
5.326788879E1,-1.835333405E0,8.136180725E0,7.915539551E-1,8.378093050E0
5.327784079E1,-2.023192749E0,8.786578217E0,7.801776123E-1,9.050190206E0
5.328779379E1,-1.900897064E0,9.249116364E0,7.506889343E-1,9.472227670E0
5.329774579E1,-1.638792114E0,9.404044189E0,6.423143005E-1,9.567353572E0
5.330769779E1,-1.398691406E0,9.226962433E0,7.821235657E-1,9.365088930E0
5.331765079E1,-1.241967316E0,8.733289032E0,1.335971832E0,8.921750998E0
5.332760279E1,-1.378782806E0,7.876919861E0,1.838177490E0,8.205230345E0
5.333755579E1,-1.539698181E0,7.001390533E0,2.159858551E0,7.486997319E0
5.334750779E1,-1.569037170E0,6.529272308E0,2.338586884E0,7.110714671E0
5.335746079E1,-1.616338806E0,6.434968414E0,2.334994354E0,7.033744967E0
5.336741279E1,-1.768572235E0,6.673572235E0,1.812431030E0,7.137879263E0
5.337736579E1,-1.886077881E0,7.032376099E0,1.136287079E0,7.369040079E0
5.338731779E1,-1.948498077E0,7.101232910E0,7.866142273E-1,7.405600283E0
5.339727079E1,-1.919009399E0,6.918013916E0,7.932005310E-1,7.222927433E0
5.340722279E1,-1.754950562E0,6.541846161E0,1.242566071E0,6.886187124E0
5.341717479E1,-1.514101410E0,6.139033813E0,1.761387177E0,6.563743142E0
5.342712779E1,-1.282682648E0,6.061045990E0,1.925595703E0,6.487639947E0
5.343707979E1,-1.006207581E0,6.468798065E0,1.721869354E0,6.769241920E0
5.344703279E1,-6.652166748E-1,7.516020355E0,1.733545074E0,7.741979962E0
5.345698479E1,-2.893482971E-1,8.918753357E0,1.815424805E0,9.106242425E0
5.346693779E1,1.167572021E-2,9.967771912E0,1.972298584E0,1.016103218E1
5.347688979E1,1.899549866E-1,1.051593201E1,2.029629364E0,1.071169007E1
5.348684279E1,3.312611389E-1,1.077249847E1,1.966311035E0,1.095549343E1
5.349679479E1,3.930825806E-1,1.118968094E1,1.950893097E0,1.136527419E1
5.350674779E1,3.471281433E-1,1.159743301E1,1.982477417E0,1.177077598E1
5.351669979E1,2.140548706E-1,1.192869415E1,1.531465302E0,1.202850571E1
5.352665279E1,-1.685494995E-1,1.226040436E1,1.128652954E-1,1.226208231E1
5.353660479E1,-8.634045410E-1,1.233944000E1,-8.334667969E-1,1.239765760E1
5.354655679E1,-2.253114624E0,1.269749542E1,-1.631307678E0,1.299861840E1
5.355650979E1,-3.625460815E0,1.324311081E1,-2.981499939E0,1.405038405E1
5.356646179E1,-4.176165619E0,1.195054871E1,-3.902983704E0,1.324723577E1
5.357641479E1,-4.655468903E0,1.105705673E1,-4.473297729E0,1.280399496E1
5.358636679E1,-4.880151672E0,1.260947845E1,-4.753964081E0,1.433230622E1
5.359631979E1,-4.917573853E0,1.457504105E1,-4.580624542E0,1.604981231E1
5.360627179E1,-5.488037567E0,1.540042465E1,-4.663552094E0,1.700118684E1
5.361622479E1,-6.796766052E0,1.395547943E1,-5.162464600E0,1.635855971E1
5.362617679E1,-7.549400940E0,1.222148529E1,-5.594915314E0,1.541626526E1
5.363612979E1,-7.783963165E0,1.118683685E1,-5.539979553E0,1.471145047E1
5.364608179E1,-7.973918152E0,9.927655334E0,-4.259542236E0,1.342704030E1
5.365603379E1,-8.133636017E0,8.902886353E0,-2.417622528E0,1.229887470E1
5.366598679E1,-8.222401428E0,8.104895782E0,-1.444795532E0,1.163549118E1
5.367593879E1,-7.687713318E0,7.818840637E0,-1.521436157E0,1.107022913E1
5.368589179E1,-6.505022736E0,8.051307220E0,-2.344574432E0,1.061300608E1
5.369584379E1,-5.657784576E0,8.178542633E0,-3.597169647E0,1.057538252E1
5.370579679E1,-5.057532806E0,8.328081665E0,-4.496349792E0,1.073092465E1
5.371574879E1,-4.550686798E0,8.430917816E0,-4.633764038E0,1.064241019E1
5.372570179E1,-4.092489624E0,8.461005249E0,-4.031117249E0,1.022677796E1
5.373565379E1,-4.001628571E0,8.228688354E0,-3.445235596E0,9.777217987E0
5.374560679E1,-4.197421417E0,7.938741302E0,-3.178789673E0,9.526104335E0
5.375555879E1,-4.525239716E0,7.746540985E0,-3.038231964E0,9.471934606E0
5.376551179E1,-4.857997742E0,7.482939148E0,-3.071313171E0,9.435437719E0
5.377546379E1,-5.209017792E0,6.973548431E0,-3.013683014E0,9.211217584E0
5.378541579E1,-5.387895813E0,6.428831177E0,-2.511177979E0,8.755872682E0
5.379536879E1,-5.369633789E0,6.049969025E0,-1.880539398E0,8.304909431E0
5.380532079E1,-5.163362732E0,6.082601166E0,-1.439257050E0,8.107392460E0
5.381527379E1,-4.734504547E0,6.563101959E0,-1.527872772E0,8.235547088E0
5.382522579E1,-4.438270569E0,7.119494934E0,-2.211052094E0,8.676070834E0
5.383517879E1,-4.586462402E0,7.575596466E0,-3.195704498E0,9.414766403E0
5.384513079E1,-4.915178833E0,7.939040680E0,-3.922742615E0,1.012794449E1
5.385508379E1,-5.165907440E0,8.272547150E0,-4.267775116E0,1.064591661E1
5.386503579E1,-5.184019775E0,8.382718048E0,-4.252656555E0,1.073448232E1
5.387498879E1,-4.923561401E0,8.295000458E0,-3.787573700E0,1.036311748E1
5.388494079E1,-4.601431274E0,8.035889282E0,-3.056344299E0,9.751406401E0
5.389489279E1,-4.287084961E0,7.791148224E0,-2.437830505E0,9.220851679E0
5.390484579E1,-4.063450012E0,7.741900635E0,-2.317031708E0,9.045290895E0
5.391479779E1,-3.919000397E0,7.831713867E0,-2.359692993E0,9.069865337E0
5.392475079E1,-3.798800354E0,7.902516632E0,-2.387684784E0,9.087446939E0
5.393470279E1,-3.895948334E0,7.972121887E0,-2.682870941E0,9.269894136E0
5.394465579E1,-4.344864807E0,8.250542908E0,-2.916984100E0,9.770266358E0
5.395460779E1,-4.876110077E0,8.587492218E0,-2.951711884E0,1.030699156E1
5.396456079E1,-5.419330444E0,9.013057251E0,-3.124752045E0,1.097125420E1
5.397451279E1,-5.999374237E0,9.313781891E0,-3.083437958E0,1.149985278E1
5.398446579E1,-6.176455994E0,9.421707458E0,-2.550097046E0,1.155076513E1
5.399441779E1,-5.975573730E0,9.357940063E0,-1.965712280E0,1.127575046E1
5.400437079E1,-5.392536163E0,9.195976868E0,-1.588496704E0,1.077816119E1
5.401432279E1,-4.788542175E0,8.953181763E0,-1.590143280E0,1.027706940E1
5.402427479E1,-4.510270844E0,8.571176147E0,-1.969604187E0,9.883670588E0
5.403422779E1,-4.418361969E0,8.173902283E0,-2.586770782E0,9.644997880E0
5.404417979E1,-4.336182861E0,7.963140564E0,-3.130739594E0,9.592477253E0
5.405413279E1,-4.219425659E0,8.071814575E0,-3.465144196E0,9.744997061E0
5.406408479E1,-4.170028381E0,8.294252014E0,-3.736978912E0,1.000743546E1
5.407403779E1,-4.280498657E0,8.333021393E0,-3.639980621E0,1.005044144E1
5.408398979E1,-4.416565704E0,8.406069489E0,-3.073259125E0,9.980630166E0
5.409394279E1,-4.413871307E0,8.521030426E0,-2.482587433E0,9.912288323E0
5.410389479E1,-4.338577881E0,8.687933350E0,-2.017354889E0,9.918324690E0
5.411384779E1,-4.296964417E0,8.833879852E0,-1.620979156E0,9.956350228E0
5.412379979E1,-4.189487915E0,8.781189423E0,-1.166374512E0,9.799057412E0
5.413375179E1,-4.228257294E0,8.578211517E0,-9.984237671E-1,9.615649879E0
5.414370479E1,-4.567002869E0,8.500373383E0,-1.335522766E0,9.741533961E0
5.415365679E1,-4.880151672E0,8.485554199E0,-1.781445465E0,9.949575788E0
5.416360979E1,-4.976551208E0,8.522078247E0,-1.995500336E0,1.006846072E1
5.417356179E1,-5.028044128E0,8.537346497E0,-2.130519562E0,1.013442779E1
5.418351479E1,-4.990921326E0,8.598419495E0,-2.243534546E0,1.019193606E1
5.419346679E1,-4.876110077E0,8.745862885E0,-2.067650299E0,1.022456575E1
5.420341979E1,-4.729115753E0,9.015003204E0,-1.673220520E0,1.031670904E1
5.421337179E1,-4.541256409E0,9.424401855E0,-1.223705292E0,1.053279710E1
5.422332408E1,-4.212390289E0,9.868228912E0,-9.445358276E-1,1.077118015E1
5.423327608E1,-4.024830322E0,1.034064651E1,-1.070274353E0,1.114781219E1
5.424322808E1,-4.032464447E0,1.073253159E1,-1.341809692E0,1.154332955E1
5.425318108E1,-4.139342194E0,1.085452789E1,-1.608704681E0,1.172786683E1
5.426313308E1,-4.330794067E0,1.061876816E1,-1.619332581E0,1.158172062E1
5.427308608E1,-4.504283295E0,1.023167313E1,-1.516197052E0,1.128160257E1
5.428303808E1,-4.384831696E0,9.805958405E0,-1.444795532E0,1.083840410E1
5.429299108E1,-3.970343628E0,9.087302856E0,-1.030606842E0,9.970198202E0
5.430294308E1,-3.287613373E0,8.363258514E0,-1.095272369E0,9.052740813E0
5.431289608E1,-3.022065582E0,8.058043213E0,-2.318079529E0,8.912824104E0
5.432284808E1,-2.584974518E0,8.856333160E0,-3.236270142E0,9.777022795E0
5.433280108E1,-1.684746552E0,9.259444885E0,-2.914439392E0,9.852392983E0
5.434275308E1,-3.222498779E0,8.666976929E0,-3.757037201E0,9.980797363E0
5.435270508E1,-5.464536438E0,8.648265839E0,-5.018014984E0,1.139447826E1
5.436265808E1,-6.780150604E0,9.271569672E0,-5.231620789E0,1.262150159E1
5.437261008E1,-7.560328217E0,9.605375519E0,-4.561314697E0,1.304712203E1
5.438256308E1,-7.508086853E0,9.602681122E0,-3.431913300E0,1.266336771E1
5.439251508E1,-6.444099426E0,9.736203461E0,-2.286794586E0,1.189745791E1
5.440246808E1,-4.897665253E0,9.816735992E0,-1.603315887E0,1.108720219E1
5.441242008E1,-3.478765869E0,9.740394745E0,-1.427132263E0,1.044096778E1
5.442237308E1,-2.515668640E0,9.697883148E0,-1.445693665E0,1.012262597E1
5.443232508E1,-2.034269714E0,9.595346375E0,-1.484313354E0,9.920287871E0
5.444227808E1,-2.053130493E0,9.312734070E0,-1.628912659E0,9.674487952E0
5.445223008E1,-2.405048676E0,9.056616669E0,-2.064357147E0,9.595214174E0
5.446218208E1,-2.863245850E0,8.941206665E0,-2.330952759E0,9.673504752E0
5.447213508E1,-3.230132904E0,8.973689117E0,-2.504891052E0,9.860797845E0
5.448208708E1,-3.346890106E0,9.225914612E0,-2.563269653E0,1.014344740E1
5.449204008E1,-3.324436798E0,9.606423340E0,-2.461631012E0,1.045920057E1
5.450199208E1,-3.308420105E0,9.840536499E0,-2.180216217E0,1.060825834E1
5.451194508E1,-3.263214111E0,9.919871521E0,-1.716779938E0,1.058299347E1
5.452189708E1,-3.150648193E0,9.886790314E0,-1.204694824E0,1.044636283E1
5.453185008E1,-3.054548035E0,9.760303345E0,-8.229885864E-1,1.026017033E1
5.454180208E1,-2.958148499E0,9.501042480E0,-5.981561279E-1,9.968863602E0
5.455175508E1,-2.903961182E0,9.195228424E0,-4.828958130E-1,9.654967876E0
5.456170708E1,-2.956501923E0,8.922495575E0,-4.004173279E-1,9.408090398E0
5.457165908E1,-3.080893250E0,8.750203857E0,-2.844085693E-1,9.281102251E0
5.458161208E1,-3.296445007E0,8.616980896E0,-1.986369324E-1,9.228129067E0
5.459156408E1,-3.623215485E0,8.571176147E0,-1.526824951E-1,9.306775110E0
5.460151708E1,-3.953877869E0,8.627459106E0,-1.110690308E-1,9.490971350E0
5.461146908E1,-4.202061768E0,8.765023041E0,1.742376709E-1,9.721795656E0
5.462142208E1,-4.249962158E0,8.777746582E0,5.243595886E-1,9.766573933E0
5.463137408E1,-4.133953400E0,8.437953186E0,6.644682312E-1,9.419667866E0
5.464132708E1,-4.011957092E0,7.898175659E0,6.744973755E-1,8.884364083E0
5.465127908E1,-3.853885803E0,7.439529419E0,5.463638306E-1,8.396281748E0
5.466123208E1,-3.585643616E0,7.235354004E0,1.625619507E-1,8.076732885E0
5.467118408E1,-3.284769287E0,7.155569916E0,6.382727051E-1,7.899321625E0
5.468113608E1,-2.909050598E0,7.292235718E0,7.069798279E-1,7.882835633E0
5.469108908E1,-2.725382538E0,7.565567322E0,4.866380310E-1,8.056198573E0
5.470104108E1,-2.713856506E0,7.739954681E0,1.033899994E0,8.266853380E0
5.471099408E1,-2.720442810E0,7.734865265E0,1.367705841E0,8.312615053E0
5.472094608E1,-2.759361877E0,7.885452118E0,1.459165649E0,8.480778117E0
5.473089908E1,-2.926564178E0,7.897277527E0,1.609752502E0,8.574559659E0
5.474085108E1,-3.299289093E0,7.830216980E0,1.359023895E0,8.604914434E0
5.475080408E1,-3.867806854E0,7.878117371E0,1.038690033E0,8.837620729E0
5.476075608E1,-4.592300262E0,7.974516907E0,1.459465027E0,9.317305392E0
5.477070908E1,-5.275778961E0,8.041427765E0,1.869761810E0,9.797673876E0
5.478066108E1,-5.434449005E0,8.017926636E0,2.401605835E0,9.979383453E0
5.479061308E1,-5.175188141E0,7.734715576E0,3.207080841E0,9.843463052E0
5.480056608E1,-4.582121429E0,7.252268829E0,3.648213501E0,9.322054587E0
5.481051808E1,-3.909270630E0,6.924749908E0,3.541186066E0,8.704858236E0
5.482047108E1,-3.447929993E0,6.947951660E0,2.676883392E0,8.205361552E0
5.483042308E1,-3.053949280E0,7.413932648E0,2.112107849E0,8.291803367E0
5.484037608E1,-2.595901794E0,8.384664001E0,1.899549866E0,8.980511469E0
5.485032808E1,-2.216740265E0,9.453890533E0,1.685494995E0,9.855499835E0
5.486028108E1,-2.055974579E0,1.040306671E1,1.822609863E0,1.075977394E1
5.487023308E1,-2.414329376E0,1.112351852E1,1.868564301E0,1.153486815E1
5.488018608E1,-2.983595581E0,1.177361664E1,2.427052917E0,1.238589832E1
5.489013808E1,-3.288960571E0,1.235291199E1,3.075055389E0,1.314791473E1
5.490009008E1,-3.395538940E0,1.238734039E1,3.273243256E0,1.325481075E1
5.491004308E1,-4.043242035E0,1.227806763E1,2.403402100E0,1.314819731E1
5.491999508E1,-6.034401398E0,1.302097275E1,-1.086740112E-1,1.435170866E1
5.492994808E1,-7.105424194E0,1.144460083E1,4.808001709E-1,1.347950704E1
5.493990008E1,-5.804180145E0,1.016311569E1,3.562591553E-1,1.170915660E1
5.494985308E1,-3.286565552E0,1.128667923E1,5.560935974E-1,1.176859725E1
5.495980508E1,-2.805466003E0,1.185639450E1,6.194119263E-1,1.219952463E1
5.496975808E1,-4.778363342E0,1.146989822E1,-6.222560120E-1,1.244100173E1
5.497971008E1,-7.778574371E0,1.035950729E1,-1.172362061E0,1.300769170E1
5.498966308E1,-1.081501007E1,9.112749939E0,-1.188977509E0,1.419226274E1
5.499961508E1,-1.314521439E1,7.208260345E0,-1.063987427E0,1.502956246E1
5.500956708E1,-1.366493362E1,4.702620850E0,-7.342231750E-1,1.447011187E1
5.501952008E1,-1.221340210E1,3.460503845E0,-2.740800476E-1,1.269714132E1
5.502947208E1,-9.454339600E0,3.808230743E0,-3.373983765E-1,1.019808788E1
5.503942508E1,-6.975494385E0,4.927004242E0,-6.194119263E-1,8.562509203E0
5.504937708E1,-5.065166931E0,6.046077118E0,8.002359009E-1,7.927883832E0
5.505933008E1,-3.708987122E0,7.278614044E0,1.414708099E0,8.290730178E0
5.506928208E1,-3.293151855E0,8.567284241E0,1.587598572E0,9.314702230E0
5.507923508E1,-3.636088715E0,9.526339874E0,2.114203491E0,1.041355602E1
5.508918708E1,-4.462220764E0,9.665849762E0,2.605032806E0,1.096021267E1
5.509913908E1,-5.508694611E0,8.795559540E0,2.547552338E0,1.068632803E1
5.510909208E1,-6.521787872E0,7.258555756E0,2.922223206E0,1.018625236E1
5.511904408E1,-7.114704895E0,5.837560730E0,2.898422699E0,9.648678415E0
5.512899708E1,-7.294181671E0,5.220543823E0,2.385589142E0,9.281713183E0
5.513894908E1,-7.030430145E0,5.543422394E0,2.192191315E0,9.217493294E0
5.514890208E1,-6.342909851E0,6.383774872E0,2.021695862E0,9.223466873E0
5.515885408E1,-5.517077179E0,7.240892487E0,1.837129669E0,9.286749163E0
5.516880708E1,-4.743336182E0,7.961493988E0,1.750908966E0,9.431347033E0
5.517875908E1,-4.300407257E0,8.486003265E0,1.766775970E0,9.676117575E0
5.518871208E1,-4.236639862E0,8.541088715E0,2.142943726E0,9.771976339E0
5.519866408E1,-4.647236023E0,8.370742950E0,2.282752991E0,9.842616594E0
5.520861608E1,-5.448370056E0,8.133037262E0,2.467917938E0,1.009562531E1
5.521856979E1,-6.086493073E0,7.803572388E0,2.578986969E0,1.022703836E1
5.522852179E1,-6.514902191E0,7.504494324E0,2.072140961E0,1.015160843E1
5.523847479E1,-6.639592896E0,7.252717896E0,1.885329437E0,1.001202166E1
5.524842679E1,-6.379134521E0,7.342680817E0,1.607357483E0,9.858596092E0
5.525837979E1,-5.701044617E0,7.779322815E0,1.622026978E0,9.780119871E0
5.526833179E1,-4.837191010E0,8.216264191E0,1.825304260E0,9.707582076E0
5.527828479E1,-4.222718811E0,8.449030151E0,1.830243988E0,9.621187957E0
5.528823679E1,-3.919000397E0,8.290958862E0,2.179467773E0,9.425955800E0
5.529818979E1,-4.038002930E0,7.903564453E0,2.280956726E0,9.163763545E0
5.530814179E1,-4.303101654E0,7.494165802E0,2.570155334E0,9.015814071E0
5.531809379E1,-4.675826569E0,7.187004547E0,2.610720978E0,8.962826144E0
5.532804679E1,-5.049150238E0,7.042405243E0,2.644550629E0,9.059968971E0
5.533799879E1,-5.401367798E0,7.098538513E0,2.621947632E0,9.297237896E0
5.534795179E1,-5.529651031E0,7.310497742E0,2.450254669E0,9.488106540E0
5.535790379E1,-5.540877686E0,7.530839539E0,2.241289215E0,9.614481111E0
5.536785679E1,-5.552403717E0,7.505392456E0,2.191891937E0,9.589811949E0
5.537780879E1,-5.546865234E0,7.278763733E0,2.262545013E0,9.426941463E0
5.538776179E1,-5.436544647E0,6.883884888E0,2.553839264E0,9.135971970E0
5.539771379E1,-5.101241913E0,6.514602814E0,3.117117920E0,8.841897025E0
5.540766679E1,-4.838687897E0,6.349346466E0,3.285667419E0,8.632653792E0
5.541761879E1,-4.787344666E0,6.225853271E0,3.214265900E0,8.485954465E0
5.542757079E1,-4.885690155E0,5.954018555E0,3.652404785E0,8.524104994E0
5.543752379E1,-5.016518097E0,5.865702209E0,3.234024811E0,8.368442669E0
5.544747579E1,-5.047803040E0,6.025869141E0,3.654051361E0,8.668535388E0
5.545742879E1,-4.920867004E0,6.167324982E0,4.417314148E0,9.042316837E0
5.546738079E1,-4.487518158E0,6.302942963E0,4.878505096E0,9.146842143E0
5.547733379E1,-3.940854950E0,6.348897400E0,5.249882812E0,9.132365820E0
5.548728579E1,-3.475772095E0,6.181695099E0,5.464686127E0,8.953052017E0
5.549723879E1,-3.277883606E0,5.884562988E0,5.285957794E0,8.562356702E0
5.550719079E1,-3.455713806E0,5.492677917E0,5.247038727E0,8.345231214E0
5.551714279E1,-4.036356354E0,5.209317169E0,5.151687012E0,8.364749671E0
5.552709579E1,-4.783303070E0,5.226681061E0,5.095254364E0,8.726958245E0
5.553704779E1,-5.332211609E0,5.577102356E0,4.922812958E0,9.152630155E0
5.554700079E1,-5.702242126E0,6.203699341E0,4.746479645E0,9.671117815E0
5.555695279E1,-6.086493073E0,6.765630798E0,4.740043030E0,1.026095346E1
5.556690579E1,-6.529272308E0,6.908134460E0,4.798271942E0,1.064786984E1
5.557685779E1,-7.043003998E0,6.664890289E0,5.073998566E0,1.094395401E1
5.558681079E1,-7.667655029E0,6.271658020E0,5.107379150E0,1.114504149E1
5.559676279E1,-8.151299286E0,5.909561005E0,4.907395020E0,1.120040701E1
5.560671579E1,-8.198900299E0,5.769901428E0,5.104085999E0,1.125012989E1
5.561666779E1,-7.778125305E0,5.940097504E0,5.226231995E0,1.109493094E1
5.562661979E1,-7.055428162E0,6.326893158E0,5.358556824E0,1.088681656E1
5.563657279E1,-6.267167358E0,6.915768585E0,5.233267365E0,1.070010884E1
5.564652479E1,-5.648653564E0,7.561226349E0,4.722828827E0,1.055388758E1
5.565647779E1,-5.421875153E0,8.311915283E0,4.175716553E0,1.076667426E1
5.566642979E1,-5.658682709E0,9.685908051E0,4.087849274E0,1.193934740E1
5.567638279E1,-5.696553955E0,1.196012878E1,3.359164581E0,1.366672580E1
5.568633479E1,-6.163283386E0,1.231803452E1,3.647914124E-1,1.377871943E1
5.569628779E1,-7.652686157E0,1.051443512E1,-1.992356873E0,1.315623188E1
5.570623979E1,-7.851472778E0,1.016985168E1,-1.076411591E0,1.289302796E1
5.571619179E1,-5.982908478E0,1.157228531E1,-1.098715210E-1,1.302785680E1
5.572614479E1,-3.651506653E0,1.294582901E1,-3.128494263E-2,1.345098392E1
5.573609679E1,-1.218017120E0,1.360895004E1,4.424798584E-1,1.367051116E1
5.574604979E1,7.294331360E-1,1.342453354E1,3.074606323E-1,1.344785133E1
5.575600179E1,1.099763031E0,1.245035934E1,-3.309617615E-1,1.250321807E1
5.576595479E1,-2.784210205E-1,1.101259918E1,-1.594184875E-1,1.101727159E1
5.577590679E1,-2.142494659E0,9.798024902E0,7.842192078E-1,1.006014787E1
5.578585979E1,-4.009861450E0,9.334888000E0,1.195114746E0,1.022973226E1
5.579581179E1,-5.570665741E0,9.507628784E0,1.429826660E0,1.111178321E1
5.580576479E1,-6.215225372E0,1.012644196E1,1.774709473E0,1.201346939E1
5.581571679E1,-5.828729095E0,1.096933914E1,1.734143829E0,1.254223819E1
5.582566879E1,-4.693489838E0,1.160072617E1,2.214644623E0,1.270867205E1
5.583562179E1,-3.397784271E0,1.162123352E1,2.713407440E0,1.240808553E1
5.584557379E1,-2.397863617E0,1.104852448E1,2.921474762E0,1.167709972E1
5.585552679E1,-1.800156555E0,1.017853363E1,3.436104584E0,1.089265464E1
5.586547879E1,-1.667083282E0,9.197473755E0,3.915108490E0,1.013413857E1
5.587543179E1,-1.937570801E0,8.350235596E0,4.128414917E0,9.514432450E0
5.588538379E1,-2.471211090E0,7.932753754E0,4.203109589E0,9.311369211E0
5.589533679E1,-3.013233948E0,7.862998810E0,4.000431061E0,9.322541380E0
5.590528879E1,-3.393892365E0,7.949818268E0,3.716770935E0,9.409171167E0
5.591524079E1,-3.623365173E0,7.862998810E0,3.669020233E0,9.403043919E0
5.592519379E1,-3.795656891E0,7.513026581E0,3.638184357E0,9.170003547E0
5.593514579E1,-3.975433044E0,7.256759491E0,3.489393768E0,8.980005293E0
5.594509879E1,-4.227658539E0,7.166796570E0,3.401676178E0,8.989297560E0
5.595505079E1,-4.519401855E0,7.180268555E0,3.190615082E0,9.064285645E0
5.596500379E1,-4.568948822E0,7.105723572E0,3.144660645E0,9.014182791E0
5.597495579E1,-4.458029480E0,6.911726990E0,2.996319122E0,8.753509302E0
5.598490879E1,-4.295766907E0,6.780599670E0,2.759361877E0,8.487886850E0
5.599486079E1,-4.184398499E0,6.785090332E0,2.533930664E0,8.364654579E0
5.600481379E1,-4.086202698E0,6.800358582E0,2.650687866E0,8.364692193E0
5.601476579E1,-4.069736938E0,6.789730682E0,2.765199738E0,8.385077881E0
5.602471779E1,-4.209546204E0,6.714137878E0,2.404000854E0,8.281252731E0
5.603467079E1,-4.311484222E0,6.555467834E0,2.076931000E0,8.116446088E0
5.604462279E1,-4.230802002E0,6.465504913E0,2.035018158E0,7.990227673E0
5.605457579E1,-3.924538879E0,6.595135345E0,2.304607544E0,8.013053823E0
5.606452779E1,-3.510050812E0,6.779551849E0,2.557431793E0,8.051287932E0
5.607448079E1,-3.245251465E0,6.993157654E0,2.653681641E0,8.153400351E0
5.608443279E1,-3.151696014E0,7.312443695E0,2.580783234E0,8.370511493E0
5.609438579E1,-3.078198853E0,7.728129272E0,2.281555481E0,8.625820868E0
5.610433779E1,-2.849474487E0,8.008346558E0,2.599344635E0,8.888740742E0
5.611428979E1,-2.625540161E0,8.023914185E0,3.235821075E0,9.041415708E0
5.612424279E1,-2.511177979E0,7.887248383E0,3.523822174E0,8.996222796E0
5.613419479E1,-2.464175720E0,8.057743835E0,3.436553650E0,9.099961466E0
5.614414779E1,-2.364932098E0,8.562194824E0,3.304977264E0,9.477708518E0
5.615409979E1,-2.230212250E0,9.139394531E0,3.305725708E0,9.971469377E0
5.616405279E1,-2.089055786E0,9.681866455E0,3.149750061E0,1.039344108E1
5.617400479E1,-1.964215393E0,9.987231445E0,2.895428925E0,1.058236470E1
5.618395779E1,-1.581611023E0,1.006222549E1,3.551514587E0,1.078717438E1
5.619390979E1,-9.184899902E-1,9.995614014E0,3.941453705E0,1.078382959E1
5.620386279E1,-5.131329346E-1,1.011192215E1,4.188589783E0,1.095712368E1
5.621381479E1,-3.634442139E-1,9.984237671E0,4.959786072E0,1.115421765E1
5.622376646E1,-3.778143311E-1,9.534273376E0,4.791236572E0,1.067712791E1
5.623371946E1,-4.113446045E-1,8.903784485E0,4.288581848E0,9.891335441E0
5.624367146E1,-2.409988403E-1,8.190966797E0,4.352798309E0,9.278839940E0
5.625362446E1,1.052311707E-1,7.712112579E0,4.667743378E0,9.015297126E0
5.626357646E1,4.320016479E-1,7.676336975E0,4.688550110E0,9.005291606E0
5.627352946E1,4.475692749E-1,8.000862122E0,4.445904694E0,9.164070138E0
5.628348146E1,7.484436035E-2,8.606951752E0,4.525389404E0,9.724421288E0
5.629343446E1,-3.330574036E-1,9.361981659E0,4.715045013E0,1.048757728E1
5.630338646E1,-5.450166321E-1,1.012943573E1,4.680616608E0,1.117187017E1
5.631333846E1,-6.093827820E-1,1.062131287E1,4.351002045E0,1.149412255E1
5.632329146E1,-8.258326721E-1,1.067445236E1,3.962709503E0,1.141617271E1
5.633324346E1,-1.220412140E0,1.065813629E1,3.952081604E0,1.143259481E1
5.634319646E1,-1.568139038E0,1.070319260E1,3.963607635E0,1.152074552E1
5.635314846E1,-1.853595428E0,1.092443253E1,3.836372223E0,1.172590269E1
5.636310146E1,-3.144960022E0,1.237536530E1,4.051624603E0,1.339612264E1
5.637305346E1,-4.289479980E0,1.381731674E1,3.976929932E0,1.500446107E1
5.638300646E1,-3.983516235E0,1.235590576E1,3.455414429E0,1.343416159E1
5.639295846E1,-2.891686707E0,1.116498230E1,2.692600708E0,1.184351216E1
5.640291046E1,-2.258204041E0,1.131616791E1,1.888622589E0,1.169281989E1
5.641286346E1,-2.874771881E0,1.224528580E1,1.749262390E0,1.269926205E1
5.642281546E1,-4.528682556E0,1.260708344E1,1.915416870E0,1.353204863E1
5.643276846E1,-6.463409271E0,1.139954453E1,2.105072479E0,1.327240012E1
5.644272046E1,-7.980055389E0,9.460177460E0,2.020797729E0,1.254032954E1
5.645267346E1,-9.148375854E0,7.140601044E0,1.615740051E0,1.171714897E1
5.646262546E1,-1.034573593E1,4.733756104E0,1.191222839E0,1.143948035E1
5.647257846E1,-1.085931793E1,3.334615631E0,8.488847351E-1,1.139144647E1
5.648253046E1,-1.086425766E1,2.842439117E0,1.085841980E0,1.128231392E1
5.649248346E1,-9.664652252E0,3.763024750E0,2.279459839E0,1.061893571E1
5.650243546E1,-7.285350037E0,5.797144775E0,3.143313446E0,9.826679608E0
5.651238746E1,-5.431904297E0,7.772586823E0,3.127296753E0,9.984922393E0
5.652234046E1,-4.453239441E0,9.388775940E0,3.240461426E0,1.088489988E1
5.653229246E1,-4.050726471E0,1.033705399E1,3.914809113E0,1.177237446E1
5.654224546E1,-4.330045624E0,1.025068359E1,4.052672424E0,1.184271772E1
5.655219746E1,-5.102289734E0,9.382039948E0,3.813170471E0,1.134003100E1
5.656215046E1,-5.635780334E0,8.512647858E0,3.963907013E0,1.095170089E1
5.657210246E1,-5.750292206E0,8.166268158E0,3.794609070E0,1.068423390E1
5.658205546E1,-5.646857300E0,8.191266174E0,3.692072296E0,1.061203264E1
5.659200746E1,-5.476511536E0,8.399333496E0,3.482508087E0,1.061455813E1
5.660195946E1,-5.363945618E0,8.355474701E0,3.500470734E0,1.052801811E1
5.661191246E1,-5.297633514E0,7.923622742E0,3.980672150E0,1.032930148E1
5.662186446E1,-5.109474792E0,7.381300507E0,4.448599091E0,1.001900013E1
5.663181746E1,-5.176235962E0,6.880142670E0,4.315675507E0,9.630931262E0
5.664176946E1,-5.348377991E0,6.596482544E0,4.019591217E0,9.395522478E0
5.665172246E1,-5.346432037E0,6.461613007E0,3.393592987E0,9.047278681E0
5.666167446E1,-5.464835815E0,6.428382111E0,2.304906921E0,8.746492038E0
5.667162746E1,-5.643264771E0,6.559210052E0,1.612746277E0,8.801739847E0
5.668157946E1,-5.595214691E0,6.925947418E0,1.433269501E0,9.018283459E0
5.669153146E1,-5.267097015E0,7.392826538E0,1.521436157E0,9.203855886E0
5.670148446E1,-4.813689880E0,7.834557953E0,1.809287567E0,9.371522293E0
5.671143646E1,-4.361180878E0,8.174800415E0,2.440524902E0,9.581410244E0
5.672138946E1,-4.088897095E0,8.206684113E0,3.013832703E0,9.651524809E0
5.673134146E1,-3.939208374E0,8.034691772E0,3.433260498E0,9.584409848E0
5.674129446E1,-3.946543121E0,7.790699158E0,3.796105957E0,9.522637051E0
5.675124646E1,-4.089944916E0,7.590116272E0,3.770509186E0,9.410326985E0
5.676119946E1,-4.252057800E0,7.408693542E0,3.587290192E0,9.264846813E0
5.677115146E1,-4.361929321E0,7.244485016E0,3.408112793E0,9.117248673E0
5.678110446E1,-4.484524384E0,7.219337311E0,3.016676788E0,9.018321850E0
5.679105646E1,-4.646487579E0,7.315138092E0,2.617157593E0,9.052657400E0
5.680100846E1,-4.869673462E0,7.364086304E0,2.377356262E0,9.143047058E0
5.681096146E1,-5.148693237E0,7.201075287E0,2.474953308E0,9.191839926E0
5.682091346E1,-5.371729431E0,6.721472626E0,2.836601257E0,9.059800110E0
5.683086646E1,-5.429509277E0,6.151757355E0,2.970572662E0,8.726281653E0
5.684081846E1,-5.433401184E0,5.692662048E0,3.150648193E0,8.476723050E0
5.685077146E1,-5.534141693E0,5.281916199E0,3.281625824E0,8.324327664E0
5.686072346E1,-5.681136017E0,5.072202301E0,3.144960022E0,8.239740054E0
5.687067646E1,-5.624553680E0,5.172344055E0,3.135529633E0,8.259557688E0
5.688062846E1,-5.283413086E0,5.454058228E0,3.095263367E0,8.200113432E0
5.689058046E1,-4.880151672E0,5.987997894E0,3.000809784E0,8.287150203E0
5.690053346E1,-4.482578430E0,6.712640991E0,2.947819977E0,8.593177589E0
5.691048546E1,-4.320615234E0,7.388934631E0,2.909349976E0,9.040375450E0
5.692043846E1,-4.461322632E0,8.036188660E0,2.709365845E0,9.582504426E0
5.693039046E1,-4.896318054E0,8.401279449E0,2.698139191E0,1.009135184E1
5.694034346E1,-5.274431763E0,8.274642792E0,3.018622742E0,1.026651971E1
5.695029546E1,-5.507048035E0,7.981252899E0,2.986289978E0,1.014622608E1
5.696024846E1,-5.737718353E0,7.774083710E0,3.164419556E0,1.016716974E1
5.697020046E1,-5.822142792E0,7.801476746E0,3.350482635E0,1.029495605E1
5.698015246E1,-6.077362061E0,7.994275818E0,2.960393829E0,1.046932219E1
5.699010546E1,-6.652017059E0,8.411158905E0,2.712509308E0,1.106140280E1
5.700005746E1,-7.510032806E0,8.909921722E0,2.499352570E0,1.191780437E1
5.701001046E1,-8.255632324E0,9.418414307E0,2.508483582E0,1.277319392E1
5.701996246E1,-8.437953186E0,1.002061203E1,2.437231750E0,1.332485715E1
5.702991546E1,-7.779622192E0,1.051218979E1,2.056423645E0,1.323848684E1
5.703986746E1,-6.452182617E0,1.029199768E1,1.692230988E0,1.226456369E1
5.704982046E1,-4.843178558E0,9.382189636E0,1.429227905E0,1.065479016E1
5.705977246E1,-3.737278290E0,8.676407318E0,9.385482788E-1,9.493585510E0
5.706972446E1,-3.243754578E0,8.490643616E0,5.469625854E-1,9.105610405E0
5.707967746E1,-3.204985199E0,8.772806854E0,6.227050781E-2,9.340125687E0
5.708962946E1,-3.561244354E0,9.146280212E0,1.284329224E-1,9.815976675E0
5.709958246E1,-4.232897644E0,9.442963257E0,5.828878784E-1,1.036468696E1
5.710953446E1,-4.971012726E0,9.566905518E0,1.347198486E0,1.086515497E1
5.711948746E1,-5.671256561E0,9.551637268E0,2.042352905E0,1.129460627E1
5.712943946E1,-6.239325256E0,9.507928162E0,2.342927856E0,1.161116654E1
5.713939246E1,-6.556665344E0,9.338630219E0,2.230212250E0,1.162642342E1
5.714934446E1,-6.309379578E0,8.877139893E0,1.963766327E0,1.106653792E1
5.715929646E1,-5.555547180E0,8.249046021E0,1.785337372E0,1.010437006E1
5.716924946E1,-4.677323456E0,7.741601257E0,1.904788971E0,9.243265968E0
5.717920146E1,-4.015549622E0,7.465126190E0,1.992057495E0,8.707527827E0
5.718915446E1,-3.551813965E0,7.488028564E0,2.009421387E0,8.527820855E0
5.719910646E1,-3.313509521E0,7.655081177E0,2.030228119E0,8.584954245E0
5.720905946E1,-3.399281158E0,7.846533051E0,2.065105591E0,8.797036683E0
5.721901196E1,-3.655099182E0,8.046666870E0,2.144739990E0,9.094421772E0
5.722896496E1,-4.007167053E0,8.247249756E0,2.095642090E0,9.405648946E0
5.723891696E1,-4.470603333E0,8.430768127E0,1.962868195E0,9.742535446E0
5.724886896E1,-4.903652802E0,8.565937042E0,1.812131653E0,1.003518357E1
5.725882196E1,-5.253625031E0,8.530460815E0,1.595382385E0,1.014468248E1
5.726877396E1,-5.450914764E0,8.307274933E0,1.224902802E0,1.001117753E1
5.727872696E1,-5.353617096E0,8.020471344E0,1.092877350E0,9.704821353E0
5.728867896E1,-4.943619690E0,7.849227448E0,1.332379303E0,9.371498374E0
5.729863196E1,-4.603826294E0,7.923173676E0,1.063089294E0,9.225077587E0
5.730858396E1,-4.529431000E0,8.041876831E0,8.186476135E-1,9.265943668E0
5.731853696E1,-4.421804810E0,8.115972748E0,1.091380463E0,9.306582763E0
5.732848896E1,-4.245172119E0,8.143216095E0,1.305585022E0,9.275667466E0
5.733844096E1,-4.264032898E0,8.114924927E0,1.143621826E0,9.238065490E0
5.734839396E1,-4.352498932E0,8.178842010E0,8.848100281E-1,9.307018447E0
5.735834596E1,-4.417164459E0,8.219257965E0,1.020727386E0,9.386662226E0
5.736829896E1,-4.440066833E0,8.144413605E0,1.545835419E0,9.404003062E0
5.737825096E1,-4.532125397E0,7.962990875E0,1.586251373E0,9.298686881E0
5.738820396E1,-4.736001434E0,7.836952972E0,8.758287048E-1,9.198620407E0
5.739815596E1,-5.026247864E0,7.818690948E0,6.613247681E-1,9.318392897E0
5.740810896E1,-5.243895264E0,8.046367493E0,1.130898285E0,9.670646219E0
5.741806096E1,-5.316344604E0,8.597521362E0,1.462907867E0,1.021376488E1
5.742801296E1,-5.045108643E0,9.120084686E0,1.434616699E0,1.052079802E1
5.743796596E1,-4.737947388E0,9.319170685E0,1.512754211E0,1.056330976E1
5.744791796E1,-4.629572754E0,9.405241699E0,1.454674988E0,1.058336405E1
5.745787096E1,-4.642146606E0,9.485923920E0,1.352287903E0,1.064711042E1
5.746782296E1,-4.677024078E0,9.313183136E0,1.747915192E0,1.056717284E1
5.747777596E1,-4.782554626E0,9.001381531E0,1.786983948E0,1.034847862E1
5.748772796E1,-4.996459808E0,8.642877045E0,1.652114410E0,1.011896320E1
5.749768096E1,-5.220543823E0,8.308622131E0,1.560055847E0,9.935846908E0
5.750763296E1,-5.317841492E0,8.217312012E0,1.454525299E0,9.895418065E0
5.751758596E1,-5.290598145E0,8.301437073E0,1.321302338E0,9.932276983E0
5.752753796E1,-5.143603821E0,8.490194550E0,1.202150116E0,9.999261406E0
5.753748996E1,-4.860243073E0,8.695866852E0,1.226848755E0,1.003719188E1
5.754744296E1,-4.573439484E0,8.896300049E0,1.323847046E0,1.009024649E1
5.755739496E1,-4.502037964E0,8.998088379E0,1.324296112E0,1.014828559E1
5.756734796E1,-4.661456451E0,8.958570557E0,1.194066925E0,1.016911788E1
5.757729996E1,-4.891677704E0,8.857380981E0,1.139729919E0,1.018237167E1
5.758725296E1,-5.081183624E0,8.871601410E0,1.048419800E0,1.027730133E1
5.759720496E1,-5.156027985E0,8.911717987E0,9.068142700E-1,1.033564967E1
5.760715796E1,-5.145250397E0,8.905580750E0,7.882608032E-1,1.031524722E1
5.761710996E1,-5.023254089E0,8.924441528E0,7.583230591E-1,1.026906968E1
5.762706196E1,-4.849166107E0,8.990753632E0,7.491920471E-1,1.024252662E1
5.763701496E1,-4.840035095E0,9.042545929E0,6.997947693E-1,1.028023780E1
5.764696696E1,-4.804708557E0,9.073681183E0,9.119036865E-1,1.030769047E1
5.765691996E1,-4.662204895E0,9.049132233E0,1.115031281E0,1.024042203E1
5.766687196E1,-4.507576447E0,9.026678925E0,1.087638245E0,1.014801137E1
5.767682496E1,-4.526586914E0,8.969348145E0,5.969586182E-1,1.006456928E1
5.768677696E1,-4.630171509E0,8.771010590E0,8.568182373E-1,9.955061650E0
5.769672896E1,-4.456233215E0,8.738677826E0,1.055455170E0,9.865925716E0
5.770668196E1,-4.387675781E0,8.942553864E0,1.042581940E0,1.001538544E1
5.771663396E1,-4.483027496E0,8.989406433E0,1.661993866E0,1.018180667E1
5.772658696E1,-4.456831970E0,8.916358337E0,1.690734100E0,1.011055780E1
5.773653896E1,-4.541406097E0,8.878038025E0,1.347797241E0,1.006282693E1
5.774649196E1,-4.656067657E0,8.873547363E0,1.332079926E0,1.010906750E1
5.775644396E1,-4.739144897E0,8.650810547E0,1.422342224E0,9.965895588E0
5.776639696E1,-4.831502838E0,8.426576843E0,1.339714050E0,9.805378662E0
5.777634896E1,-4.875960388E0,8.281977539E0,1.277742920E0,9.695296212E0
5.778630096E1,-4.841232605E0,8.250842285E0,1.139879608E0,9.633963726E0
5.779625396E1,-4.755460968E0,8.392896881E0,9.701325989E-1,9.695168092E0
5.780620596E1,-4.657564545E0,8.511899414E0,1.026415558E0,9.756990726E0
5.781615896E1,-4.466262360E0,8.472680969E0,1.208586731E0,9.653730064E0
5.782611096E1,-4.344415741E0,8.303233337E0,1.187031555E0,9.445987291E0
5.783606396E1,-4.284839630E0,8.094417572E0,1.337169342E0,9.255672225E0
5.784601596E1,-4.153412933E0,7.971074066E0,1.569785614E0,9.124312995E0
5.785596896E1,-4.193679199E0,7.923323364E0,1.421144714E0,9.076654156E0
5.786592096E1,-4.454287262E0,7.901468811E0,1.256636810E0,9.157129488E0
5.787587296E1,-4.679718475E0,7.891589355E0,1.215622101E0,9.254981613E0
5.788582596E1,-4.708309021E0,7.918683014E0,1.290915527E0,9.302697319E0
5.789577796E1,-4.598138123E0,8.003855896E0,1.370100861E0,9.331760807E0
5.790573096E1,-4.405189362E0,8.138276367E0,1.376537476E0,9.355858644E0
5.791568296E1,-4.289779358E0,8.294850769E0,1.319655762E0,9.431237859E0
5.792563596E1,-4.267924805E0,8.433462524E0,1.306034088E0,9.541708302E0
5.793558796E1,-4.286486206E0,8.372988281E0,1.112336884E0,9.471968649E0
5.794554096E1,-4.394711151E0,8.234526215E0,7.131170654E-1,9.361059984E0
5.795549296E1,-4.529281311E0,8.071664886E0,3.900888062E-1,9.263818463E0
5.796544496E1,-4.644092560E0,7.979756012E0,3.079096985E-1,9.237906153E0
5.797539796E1,-4.749323730E0,8.098459167E0,4.191284180E-1,9.397701071E0
5.798534996E1,-4.859494629E0,8.331973572E0,6.045927429E-1,9.664471224E0
5.799530296E1,-4.979844360E0,8.549471283E0,8.400531006E-1,9.929652475E0
5.800525496E1,-5.027744751E0,8.590186615E0,9.436376953E-1,9.997998573E0
5.801520796E1,-4.999752960E0,8.493787079E0,9.101074219E-1,9.897991924E0
5.802515996E1,-4.814588013E0,8.255033569E0,1.018032990E0,9.610526943E0
5.803511296E1,-4.580774231E0,7.988288269E0,1.082249451E0,9.271866365E0
5.804506496E1,-4.496649170E0,7.849077759E0,8.035290527E-1,9.081494060E0
5.805501696E1,-4.593048706E0,7.700436859E0,2.965333557E-1,8.971106747E0
5.806496996E1,-4.721930695E0,7.416776733E0,7.436535645E-1,8.823730913E0
5.807492196E1,-4.736749878E0,7.381450195E0,8.891510010E-1,8.815508828E0
5.808487496E1,-4.810995483E0,7.660170593E0,1.038240967E0,9.105044501E0
5.809482696E1,-4.915478210E0,8.022866364E0,1.418450317E0,9.515267312E0
5.810477996E1,-5.042114868E0,8.371341705E0,1.371448059E0,9.868290332E0
5.811473196E1,-5.287304993E0,8.657845917E0,1.526375885E0,1.025883587E1
5.812468496E1,-5.682782593E0,8.816815338E0,1.946402435E0,1.066858628E1
5.813463696E1,-6.127358093E0,8.860225067E0,2.132465515E0,1.098159891E1
5.814458896E1,-6.469247131E0,8.847501526E0,2.164798279E0,1.117209888E1
5.815454196E1,-6.516548767E0,8.845405884E0,2.220482483E0,1.120879813E1
5.816449396E1,-6.328390045E0,8.838520203E0,2.267784119E0,1.110453983E1
5.817444696E1,-6.086642761E0,8.779243469E0,1.994003448E0,1.086730812E1
5.818439896E1,-5.926924896E0,8.613088989E0,1.702110443E0,1.059296562E1
5.819435196E1,-5.947282562E0,8.404123535E0,1.387614441E0,1.038869270E1
5.820430396E1,-6.084247742E0,8.297844543E0,1.233884125E0,1.036314454E1
5.821425696E1,-6.208639069E0,8.440647583E0,1.290316772E0,1.055730307E1
5.822420879E1,-6.311175842E0,8.717871094E0,1.407972107E0,1.085424352E1
5.823416079E1,-6.477779388E0,8.973539429E0,1.345402222E0,1.114881800E1
5.824411379E1,-6.688541107E0,9.225914612E0,1.608105927E0,1.150826169E1
5.825406579E1,-6.866820374E0,9.532177734E0,1.987417145E0,1.191492599E1
5.826401879E1,-6.869514771E0,9.954449615E0,2.389331360E0,1.232843075E1
5.827397079E1,-6.613696747E0,1.029199768E1,2.724933472E0,1.253361334E1
5.828392379E1,-6.178701324E0,1.025712021E1,2.948119354E0,1.233192089E1
5.829387579E1,-5.590424652E0,9.791737976E0,3.087778931E0,1.169039602E1
5.830382879E1,-5.015769653E0,8.958420868E0,3.066672821E0,1.071521030E1
5.831378079E1,-4.688101044E0,8.022267609E0,2.844684448E0,9.717370971E0
5.832373279E1,-4.600383453E0,7.241940308E0,2.618654480E0,8.970316529E0
5.833368579E1,-4.729265442E0,6.730004883E0,2.485730896E0,8.592890982E0
5.834363779E1,-4.941524048E0,6.514153748E0,2.425106964E0,8.528423228E0
5.835359079E1,-5.183570709E0,6.525679779E0,2.384391632E0,8.668288489E0
5.836354279E1,-5.424120483E0,6.715185699E0,2.354304199E0,8.947488489E0
5.837349579E1,-5.619613953E0,7.036567383E0,2.323168945E0,9.300024487E0
5.838344779E1,-5.651797028E0,7.488477631E0,2.485581207E0,9.705576789E0
5.839339979E1,-5.430257721E0,8.036488037E0,2.875071259E0,1.011626777E1
5.840335279E1,-5.118755493E0,8.301586761E0,3.192111969E0,1.026194813E1
5.841330479E1,-4.852608948E0,8.113877106E0,3.248843994E0,9.996889646E0
5.842325779E1,-4.654271393E0,7.580236816E0,3.202889557E0,9.454138454E0
5.843320979E1,-4.674778748E0,6.812782745E0,2.571502533E0,8.653334060E0
5.844316279E1,-4.841082916E0,6.031707001E0,2.637515259E0,8.171539628E0
5.845311479E1,-4.954397278E0,5.625751190E0,2.362537079E0,7.859816174E0
5.846306779E1,-5.138963470E0,5.495821381E0,1.927541656E0,7.767136862E0
5.847301979E1,-5.296885071E0,5.558540955E0,1.766626282E0,7.878790352E0
5.848297179E1,-5.389841766E0,5.808221741E0,1.694626007E0,8.102937206E0
5.849292479E1,-5.439239044E0,6.203399963E0,1.674567719E0,8.418531317E0
5.850287679E1,-5.301824799E0,6.572682037E0,1.991758118E0,8.676208605E0
5.851282979E1,-5.099745026E0,6.804699554E0,2.289638672E0,8.806462434E0
5.852278179E1,-5.028193817E0,6.982230377E0,2.356549530E0,8.921188250E0
5.853273479E1,-5.138514404E0,7.051985321E0,2.152074738E0,8.987004669E0
5.854268679E1,-5.304369507E0,7.017257538E0,1.999092865E0,9.020787743E0
5.855263979E1,-5.482648773E0,6.994953918E0,1.776805115E0,9.063435017E0
5.856259179E1,-5.650749207E0,7.118596802E0,1.550475769E0,9.220052176E0
5.857254379E1,-5.790259094E0,7.495513000E0,1.472188568E0,9.585257154E0
5.858249679E1,-5.854325867E0,8.005053406E0,1.523681488E0,1.003372397E1
5.859244879E1,-5.703289948E0,8.484356689E0,1.922152863E0,1.040223516E1
5.860240179E1,-5.274880829E0,8.835376740E0,2.082918549E0,1.049889516E1
5.861235379E1,-4.777016144E0,9.006171570E0,2.031275940E0,1.039505130E1
5.862230679E1,-4.579726410E0,9.132359161E0,2.011517029E0,1.041249627E1
5.863225879E1,-4.813540192E0,9.404493256E0,1.883383484E0,1.073134642E1
5.864221079E1,-5.280419312E0,9.783205719E0,1.750609589E0,1.125426924E1
5.865216379E1,-5.569468231E0,1.013946487E1,1.652264099E0,1.168579056E1
5.866211579E1,-5.474565582E0,1.030157776E1,1.757046204E0,1.179748210E1
5.867206879E1,-5.026098175E0,1.021820114E1,1.764530640E0,1.152331835E1
5.868202079E1,-4.488715668E0,9.893675995E0,1.780996399E0,1.100932973E1
5.869197379E1,-4.064198456E0,9.482630768E0,1.720821533E0,1.045940831E1
5.870192579E1,-3.879632263E0,9.179211731E0,1.612297211E0,1.009499761E1
5.871187879E1,-3.976181488E0,9.072184296E0,1.527723083E0,1.002239916E1
5.872183079E1,-4.333488464E0,9.244775391E0,1.515897675E0,1.032196396E1
5.873178279E1,-4.819677429E0,9.685458984E0,1.540596313E0,1.092752686E1
5.874173579E1,-5.217400360E0,1.019395157E1,1.523232422E0,1.155240893E1
5.875168779E1,-5.413043518E0,1.052087173E1,1.643282776E0,1.194529868E1
5.876164079E1,-5.486989746E0,1.057401123E1,1.916614380E0,1.206607561E1
5.877159279E1,-5.218298492E0,1.053374496E1,2.245630188E0,1.196801057E1
5.878154579E1,-4.530478821E0,1.055440201E1,2.645448761E0,1.178639212E1
5.879149779E1,-3.779939575E0,1.063074326E1,3.160976715E0,1.171718478E1
5.880145079E1,-3.282224579E0,1.055290512E1,3.202440491E0,1.150619093E1
5.881140279E1,-3.231031036E0,1.022778122E1,2.927911377E0,1.111844122E1
5.882135479E1,-3.415896606E0,9.641600189E0,3.244952087E0,1.073119368E1
5.883130779E1,-3.638932800E0,9.114246826E0,3.451522522E0,1.040309256E1
5.884125979E1,-3.943249969E0,8.682544556E0,3.415896606E0,1.012937066E1
5.885121279E1,-4.068090363E0,8.475974121E0,3.231180725E0,9.941429745E0
5.886116479E1,-4.130959625E0,8.356073456E0,2.999612274E0,9.792163439E0
5.887111779E1,-3.931873627E0,8.175548859E0,3.110681305E0,9.590389332E0
5.888106979E1,-3.220253448E0,7.915689240E0,3.541635132E0,9.250478248E0
5.889102179E1,-2.509980469E0,7.498955841E0,3.743565216E0,8.749206889E0
5.890097479E1,-1.929487610E0,7.174730072E0,3.794309692E0,8.342449286E0
5.891092679E1,-1.564696198E0,7.208260345E0,3.715124359E0,8.258900678E0
5.892087979E1,-1.611848145E0,7.551346893E0,3.624562683E0,8.529850467E0
5.893083179E1,-1.842668152E0,8.112380219E0,3.376229095E0,8.978032169E0
5.894078479E1,-2.032623138E0,8.715775452E0,3.224444733E0,9.512798872E0
5.895073679E1,-2.491119690E0,9.043444061E0,3.013982391E0,9.852595986E0
5.896068979E1,-3.092419281E0,9.194330292E0,2.810705109E0,1.009944700E1
5.897064179E1,-3.654799805E0,9.266629944E0,2.762205963E0,1.033720339E1
5.898059379E1,-3.847149811E0,9.242230682E0,2.656974792E0,1.035755303E1
5.899054679E1,-3.675905914E0,9.049281921E0,2.932551727E0,1.019811979E1
5.900049879E1,-3.539988556E0,8.701555023E0,3.039579163E0,9.873581938E0
5.901045179E1,-3.623215485E0,8.276738434E0,3.056344299E0,9.537994025E0
5.902040379E1,-3.544479218E0,7.980504456E0,3.034489746E0,9.244453056E0
5.903035679E1,-3.221301270E0,7.943381653E0,2.943329315E0,9.062962066E0
5.904030879E1,-3.295696564E0,8.031099243E0,2.625540161E0,9.069378812E0
5.905026179E1,-3.672014008E0,8.210126953E0,2.479144592E0,9.329310230E0
5.906021379E1,-4.038601685E0,8.386909332E0,2.377505951E0,9.607449519E0
5.907016579E1,-4.266577606E0,8.475075989E0,2.290387115E0,9.760966685E0
5.908011879E1,-4.257745972E0,8.422684937E0,2.114652557E0,9.671699837E0
5.909007079E1,-4.086951141E0,8.256680145E0,1.988015900E0,9.424868374E0
5.910002379E1,-3.839815063E0,8.006699982E0,1.967358856E0,9.095159437E0
5.910997579E1,-3.398832092E0,7.766748962E0,2.042801971E0,8.720521139E0
5.911992879E1,-2.871778107E0,7.645800476E0,1.937720490E0,8.394053557E0
5.912988079E1,-2.409239960E0,7.838000793E0,1.689386902E0,8.372139615E0
5.913983279E1,-1.998494110E0,8.363857269E0,1.682052155E0,8.762270629E0
5.914978579E1,-1.857187958E0,8.937763824E0,1.593735809E0,9.266755804E0
5.915973779E1,-2.007774811E0,9.207053833E0,1.299896851E0,9.512661657E0
5.916969079E1,-2.349963226E0,9.197324066E0,1.108894043E0,9.557339752E0
5.917964279E1,-2.742896118E0,9.275162201E0,1.234333191E0,9.750676458E0
5.918959579E1,-3.130440216E0,9.413025513E0,8.738827515E-1,9.958332005E0
5.919954779E1,-3.612886963E0,9.470356293E0,8.843609619E-1,1.017461030E1
5.920950079E1,-4.024530945E0,9.693242798E0,1.215622101E0,1.056567756E1
5.921945279E1,-4.206702118E0,1.010488678E1,1.600471802E0,1.106194330E1
5.922940479E1,-3.981869659E0,1.054078033E1,1.374591522E0,1.135133639E1
5.923935779E1,-3.788920898E0,1.085752167E1,1.561552734E0,1.160517752E1
5.924930979E1,-3.893253937E0,1.094254486E1,1.722767487E0,1.174157749E1
5.925926279E1,-4.100423126E0,1.069840256E1,2.005379791E0,1.163145886E1
5.926921479E1,-4.218078461E0,1.037432648E1,2.583028564E0,1.149307932E1
5.927916779E1,-4.255201263E0,1.018347336E1,2.856360168E0,1.140037986E1
5.928911979E1,-4.175716553E0,9.849817200E0,2.799777832E0,1.105867368E1
5.929907179E1,-4.040547638E0,9.315428467E0,2.682721252E0,1.050239144E1
5.930902479E1,-3.867657166E0,8.923842773E0,2.494562531E0,1.004074619E1
5.931897679E1,-3.487148438E0,8.882528687E0,2.692600708E0,9.915120709E0
5.932892979E1,-3.037932587E0,9.088500366E0,2.960393829E0,1.002964630E1
5.933888179E1,-2.657274170E0,9.279652863E0,3.052003326E0,1.012362522E1
5.934883479E1,-2.531984711E0,9.339678040E0,3.233725433E0,1.020281886E1
5.935878679E1,-2.564467163E0,9.187294922E0,3.213068390E0,1.006512237E1
5.936873979E1,-2.691103821E0,8.732989655E0,3.280428314E0,9.709189359E0
5.937869179E1,-2.825374603E0,8.339308319E0,3.380121002E0,9.431438007E0
5.938864379E1,-2.878364410E0,8.306825867E0,3.293900299E0,9.388190286E0
5.939859679E1,-2.855012970E0,8.608897705E0,3.005450134E0,9.554943708E0
5.940854879E1,-2.806364136E0,8.993747406E0,2.763553162E0,9.818370442E0
5.941850179E1,-2.960842896E0,9.198371887E0,2.594255219E0,1.000533838E1
5.942845379E1,-3.222049713E0,9.195677490E0,2.531984711E0,1.006742447E1
5.943840679E1,-3.394191742E0,8.990304565E0,2.481090546E0,9.924813553E0
5.944835879E1,-3.422333221E0,8.749754791E0,2.649340668E0,9.761638160E0
5.945831079E1,-3.422482910E0,8.416098633E0,2.760709076E0,9.495557912E0
5.946826379E1,-3.380121002E0,8.068072357E0,2.711910553E0,9.158245924E0
5.947821579E1,-3.227139130E0,7.767048340E0,2.626587982E0,8.811380783E0
5.948816879E1,-2.976560211E0,7.883206787E0,2.609822845E0,8.821339764E0
5.949812079E1,-2.692151642E0,8.379873962E0,2.931952972E0,9.277193343E0
5.950807379E1,-2.502046967E0,8.646319885E0,3.123255157E0,9.527529027E0
5.951802579E1,-2.431992645E0,8.674012299E0,3.108435974E0,9.529714150E0
5.952797879E1,-2.485281830E0,8.671617279E0,3.066223755E0,9.527607261E0
5.953793079E1,-2.837050323E0,8.624615021E0,2.908302155E0,9.533680308E0
5.954788279E1,-3.262016602E0,8.517288208E0,2.812651062E0,9.544420188E0
5.955783579E1,-3.637884979E0,8.585546265E0,2.657423859E0,9.695757492E0
5.956778779E1,-4.020938416E0,8.640182648E0,2.800077209E0,9.932831132E0
5.957774079E1,-4.154311066E0,8.219707031E0,3.265309753E0,9.771598226E0
5.958769279E1,-3.976780243E0,7.688312073E0,3.158282318E0,9.214101738E0
5.959764579E1,-3.768413544E0,7.331005096E0,3.478616180E0,8.946806519E0
5.960759779E1,-3.886667633E0,7.323969727E0,3.738625488E0,9.095275608E0
5.961754979E1,-4.016447754E0,7.728278961E0,3.792214050E0,9.499422912E0
5.962750279E1,-4.111200714E0,8.499774628E0,3.802243195E0,1.017866363E1
5.963745479E1,-4.321962433E0,9.448052673E0,3.823199615E0,1.107076844E1
5.964740779E1,-4.395160217E0,1.034558624E1,3.557053070E0,1.178987763E1
5.965735979E1,-4.131708069E0,1.088042404E1,2.952160950E0,1.200707680E1
5.966731279E1,-3.618126068E0,1.088641159E1,2.554288330E0,1.175283721E1
5.967726479E1,-3.171604614E0,1.030517029E1,2.440524902E0,1.105494334E1
5.968721779E1,-3.321892090E0,9.402247925E0,2.413730621E0,1.025979184E1
5.969716979E1,-3.896098022E0,8.630303192E0,2.577340393E0,9.813480345E0
5.970712179E1,-4.730313263E0,8.160280609E0,2.727627869E0,9.818655558E0
5.971707479E1,-5.478457489E0,7.766000519E0,2.802472229E0,9.908486822E0
5.972702679E1,-5.811514893E0,7.400161285E0,3.105142822E0,9.908481435E0
5.973697979E1,-5.776787109E0,7.075336761E0,3.081042938E0,9.639734705E0
5.974693179E1,-5.786816254E0,6.611601105E0,2.913541260E0,9.256847962E0
5.975688479E1,-6.203100586E0,6.093678131E0,2.673590240E0,9.097222368E0
5.976683679E1,-6.858437805E0,5.999224548E0,2.231260071E0,9.381225177E0
5.977678879E1,-7.180268555E0,6.354435883E0,1.768272858E0,9.749969272E0
5.978674179E1,-6.750362549E0,6.862329712E0,1.638642426E0,9.764430993E0
5.979669379E1,-5.649252319E0,7.409142609E0,1.476978607E0,9.433499444E0
5.980664679E1,-4.541555786E0,7.797435150E0,1.265767822E0,9.111964226E0
5.981659879E1,-3.550317078E0,7.948022003E0,1.572629700E0,8.845844747E0
5.982655179E1,-2.623743896E0,8.276139679E0,2.090402985E0,8.930190628E0
5.983650379E1,-1.951641541E0,8.870254211E0,2.462978210E0,9.410450369E0
5.984645679E1,-1.581760712E0,9.705217896E0,2.613415375E0,1.017463323E1
5.985640879E1,-1.495689697E0,1.058838135E1,2.676434326E0,1.102334831E1
5.986636079E1,-1.662143555E0,1.105615860E1,2.792742462E0,1.152392184E1
5.987631379E1,-1.924847260E0,1.090287735E1,3.177442474E0,1.151841622E1
5.988626579E1,-2.235900421E0,1.040755737E1,3.579057312E0,1.123059003E1
5.989621879E1,-2.420316925E0,1.001761826E1,3.476221161E0,1.087633776E1
5.990617079E1,-2.516566772E0,9.731114044E0,3.275787964E0,1.057158813E1
5.991612379E1,-2.565065918E0,9.412426758E0,3.217708740E0,1.027263307E1
5.992607579E1,-2.510279846E0,9.088949432E0,3.263363800E0,9.977978251E0
5.993602779E1,-2.419119415E0,8.968150635E0,3.232827301E0,9.835193791E0
5.994598079E1,-2.303709412E0,8.983418884E0,3.265459442E0,9.832197988E0
5.995593279E1,-2.312391357E0,9.106163635E0,3.284320221E0,9.952694573E0
5.996588579E1,-2.329306183E0,9.188492432E0,3.666774902E0,1.016362625E1
5.997583779E1,-2.461181946E0,9.239685974E0,3.549568634E0,1.019944366E1
5.998579079E1,-2.723436584E0,9.452992401E0,2.867736511E0,1.024695491E1
5.999574279E1,-3.035088501E0,9.665700073E0,2.414628754E0,1.041479487E1
6.000569479E1,-3.159629517E0,9.750723267E0,2.416574707E0,1.053089247E1
6.001564779E1,-3.106939087E0,9.621990967E0,2.582878876E0,1.043585377E1
6.002559979E1,-3.016976166E0,9.340127106E0,2.607128448E0,1.015565056E1
6.003555279E1,-2.942431183E0,9.140442352E0,2.521955566E0,9.928033418E0
6.004550479E1,-2.882406006E0,9.099577332E0,2.156415710E0,9.785739661E0
6.005545779E1,-2.807262268E0,9.030271454E0,2.015708313E0,9.669002222E0
6.006540979E1,-2.712658997E0,8.942104797E0,1.998494110E0,9.555822086E0
6.007536279E1,-2.601140900E0,8.831784210E0,2.002535706E0,9.422127974E0
6.008531479E1,-2.548151093E0,8.683592377E0,1.852846985E0,9.237472192E0
6.009526679E1,-2.539768524E0,8.507558441E0,1.786834259E0,9.056586082E0
6.010521979E1,-2.478994904E0,8.333171082E0,2.101180573E0,8.944390186E0
6.011517179E1,-2.447111206E0,8.131989441E0,2.326761475E0,8.805193041E0
6.012512479E1,-2.460134125E0,7.962541809E0,2.561323700E0,8.718641584E0
6.013507679E1,-2.582130432E0,7.881111145E0,2.774031372E0,8.744973442E0
6.014502979E1,-2.833757172E0,7.941884766E0,2.759810944E0,8.872444409E0
6.015498179E1,-3.153192902E0,8.153544617E0,2.628234558E0,9.128555865E0
6.016493379E1,-3.325933685E0,8.359516296E0,2.576891327E0,9.358617232E0
6.017488679E1,-3.319646759E0,8.372090149E0,2.598446503E0,9.373573080E0
6.018483879E1,-3.319197693E0,8.282276917E0,2.620301056E0,9.299417287E0
6.019479179E1,-3.390599213E0,8.167315979E0,2.684816895E0,9.241723599E0
6.020474379E1,-3.366499329E0,8.082741852E0,2.858904877E0,9.210720421E0
6.021469679E1,-3.274889832E0,8.123008118E0,3.220253448E0,9.331569887E0
6.022464829E1,-3.221001892E0,8.210875397E0,3.594325562E0,9.524311220E0
6.023460129E1,-3.176394653E0,8.237220612E0,3.750600586E0,9.592095243E0
6.024455329E1,-3.235521698E0,8.265212402E0,3.783532104E0,9.648702084E0
6.025450529E1,-3.358116760E0,8.359965363E0,3.801045685E0,9.778236924E0
6.026445829E1,-3.387605438E0,8.417595520E0,3.785178680E0,9.831549348E0
6.027441029E1,-3.396137695E0,8.333919525E0,3.659739532E0,9.715022354E0
6.028436329E1,-3.382665710E0,8.140072632E0,3.598666534E0,9.521218965E0
6.029431529E1,-3.487298126E0,7.929909668E0,3.734583893E0,9.433548241E0
6.030426829E1,-3.604803772E0,7.884104919E0,3.980372772E0,9.539239384E0
6.031422029E1,-3.618425446E0,7.947273560E0,4.371210022E0,9.765225896E0
6.032417229E1,-3.644920349E0,8.028704224E0,4.480632477E0,9.890480436E0
6.033412529E1,-3.901935883E0,8.026458893E0,4.300257568E0,9.906632180E0
6.034407729E1,-4.077969818E0,7.928412781E0,4.588258667E0,1.002704765E1
6.035403029E1,-4.243675232E0,7.732021179E0,4.687352600E0,9.988203311E0
6.036398229E1,-4.497247925E0,7.641160126E0,4.067341919E0,9.754785351E0
6.037393529E1,-4.753515015E0,7.642507324E0,3.802542572E0,9.770524715E0
6.038388729E1,-4.772974548E0,7.693102112E0,4.059109039E0,9.921767601E0
6.039383929E1,-4.802313538E0,7.843090210E0,4.405788116E0,1.019741380E1
6.040379229E1,-4.842280426E0,8.086783447E0,4.543052673E0,1.046341597E1
6.041374429E1,-4.898563385E0,8.384214935E0,4.775219879E0,1.082098462E1
6.042369729E1,-4.999154205E0,8.855884094E0,5.007536774E0,1.133550398E1
6.043364929E1,-5.228028259E0,9.575288086E0,5.136867828E0,1.205843408E1
6.044360229E1,-5.650000763E0,1.052611084E1,5.215155029E0,1.303531204E1
6.045355429E1,-6.126759338E0,1.130643814E1,5.109923859E0,1.383777602E1
6.046350729E1,-6.750362549E0,1.149130371E1,4.637805634E0,1.411122591E1
6.047345929E1,-7.250771942E0,1.154534134E1,4.026626587E0,1.421556619E1
6.048341129E1,-7.357350311E0,1.176583282E1,3.804787903E0,1.438894842E1
6.049336429E1,-7.170239410E0,1.201760925E1,3.535797272E0,1.443388817E1
6.050331629E1,-7.003037109E0,1.228375580E1,3.041824493E0,1.446325971E1
6.051326929E1,-6.714886322E0,1.277907578E1,2.441423035E0,1.464086823E1
6.052322129E1,-5.883515167E0,1.296947983E1,1.740730133E0,1.434758862E1
6.053317429E1,-4.161496124E0,1.225815903E1,1.051862640E0,1.298795318E1
6.054312629E1,-2.587219849E0,1.136317017E1,1.396595764E-1,1.165482079E1
6.055307829E1,-1.718576202E0,1.080243622E1,-1.021475830E0,1.098587936E1
6.056303129E1,-1.321601715E0,1.031100815E1,-1.806742859E0,1.055120087E1
6.057298329E1,-1.023571472E0,9.742789764E0,-1.850002899E0,9.969561760E0
6.058293629E1,-8.164022827E-1,9.152118073E0,-1.576820984E0,9.322775462E0
6.059288829E1,-8.521778870E-1,8.668473816E0,-1.425635376E0,8.826158942E0
6.060284129E1,-1.035247192E0,8.327482910E0,-1.261726227E0,8.485909582E0
6.061279329E1,-1.513203278E0,8.111781464E0,-7.911048889E-1,8.289549422E0
6.062274529E1,-2.115999756E0,8.113577728E0,-2.754272461E-2,8.385007878E0
6.063269829E1,-2.572250977E0,8.210576019E0,7.213499451E-1,8.634256158E0
6.064265029E1,-2.844684448E0,8.287366333E0,1.282083893E0,8.855304030E0
6.065260329E1,-2.955903168E0,8.381071472E0,1.536704407E0,9.018934693E0
6.066255529E1,-3.071163483E0,8.472830658E0,1.566941528E0,9.147470156E0
6.067250829E1,-3.168760529E0,8.528814240E0,1.524729309E0,9.225319240E0
6.068246029E1,-3.231330414E0,8.461604004E0,1.650916901E0,9.206832527E0
6.069241229E1,-3.304079132E0,8.309969330E0,1.716031494E0,9.105893326E0
6.070236529E1,-3.428470459E0,8.162825317E0,1.672322388E0,9.010149223E0
6.071231729E1,-3.519930267E0,8.110434265E0,2.221081238E0,9.116043820E0
6.072227029E1,-3.458707581E0,8.087232513E0,2.967578888E0,9.282915076E0
6.073222229E1,-3.385659485E0,8.156987457E0,3.095263367E0,9.358407441E0
6.074217529E1,-3.235671387E0,8.190667419E0,2.986439667E0,9.299216310E0
6.075212729E1,-2.975213013E0,8.163873138E0,3.061433716E0,9.212659415E0
6.076208029E1,-2.613864441E0,8.106093292E0,3.249293060E0,9.115862064E0
6.077203229E1,-2.232457581E0,7.899522858E0,3.835474091E0,9.060749954E0
6.078198429E1,-1.967358856E0,7.578141174E0,4.135899353E0,8.854625231E0
6.079193729E1,-1.925146637E0,7.371271362E0,3.937861176E0,8.576046974E0
6.080188929E1,-2.080074463E0,7.336393890E0,3.620371399E0,8.441354995E0
6.081184229E1,-2.253863068E0,7.431146851E0,3.445684662E0,8.495562667E0
6.082179429E1,-2.426304474E0,7.483986969E0,3.355871429E0,8.553296873E0
6.083174729E1,-2.530338135E0,7.506440277E0,3.249143372E0,8.561903372E0
6.084169929E1,-2.586920471E0,7.476053467E0,3.131188660E0,8.508106451E0
6.085165129E1,-2.656076660E0,7.553891602E0,3.011138306E0,8.554704872E0
6.086160429E1,-2.780767365E0,7.733069000E0,3.151097260E0,8.801274751E0
6.087155629E1,-2.991978149E0,7.901169434E0,3.178789673E0,9.026910626E0
6.088150929E1,-3.045417023E0,8.087531891E0,3.319946136E0,9.257687577E0
6.089146129E1,-2.848576355E0,8.150401154E0,3.667373657E0,9.380461383E0
6.090141429E1,-2.636617126E0,8.231981506E0,3.862418060E0,9.467604906E0
6.091136629E1,-2.346071320E0,8.499475250E0,3.926784210E0,9.652189617E0
6.092131829E1,-2.071392517E0,8.750652924E0,3.980821838E0,9.834202360E0
6.093127129E1,-1.961520996E0,8.873098297E0,3.993994446E0,9.926299897E0
6.094122329E1,-2.037712555E0,8.853040009E0,4.053271179E0,9.947743317E0
6.095117629E1,-2.290985870E0,8.620423737E0,4.030069427E0,9.787838436E0
6.096112829E1,-2.665806427E0,8.183781738E0,3.984114990E0,9.484407188E0
6.097108129E1,-3.107388153E0,7.642956390E0,4.085304565E0,9.206538813E0
6.098103329E1,-3.567531281E0,7.092550964E0,4.077221375E0,8.924981387E0
6.099098629E1,-3.996239777E0,6.790030060E0,3.957620087E0,8.816870041E0
6.100093829E1,-4.273612976E0,6.779551849E0,4.017495575E0,8.964728766E0
6.101089029E1,-4.263284454E0,6.972350922E0,4.334087219E0,9.250599102E0
6.102084329E1,-4.000880127E0,7.307803345E0,4.747078400E0,9.588836470E0
6.103079529E1,-3.640130310E0,7.800129547E0,5.177433472E0,1.004481891E1
6.104074829E1,-3.129841461E0,8.371042328E0,5.677094421E0,1.058771261E1
6.105070029E1,-2.516417084E0,8.970994720E0,6.159690857E0,1.116928344E1
6.106065329E1,-1.965562592E0,9.499844971E0,6.304290161E0,1.156955337E1
6.107060529E1,-1.377435608E0,9.843679962E0,5.830375671E0,1.152339553E1
6.108055729E1,-7.457492065E-1,9.855355682E0,5.196443939E0,1.116634260E1
6.109051029E1,-2.969824219E-1,9.858948212E0,5.348527679E0,1.122024094E1
6.110046229E1,-3.203338623E-2,1.001372635E1,5.564827881E0,1.145613595E1
6.111041529E1,-9.445358276E-2,1.040246796E1,5.344785461E0,1.169559715E1
6.112036729E1,-1.256936188E0,1.151944519E1,4.184548187E0,1.232022523E1
6.113032029E1,-3.152893524E0,1.301468582E1,3.159330139E0,1.375878452E1
6.114027229E1,-4.414170685E0,1.194740524E1,-1.289418640E0,1.280187468E1
6.115022429E1,-4.834795990E0,1.173888885E1,-4.552782440E0,1.348720104E1
6.116017729E1,-4.799469452E0,1.331196762E1,-4.492457886E0,1.484673590E1
6.117012929E1,-5.469775543E0,1.491363693E1,-2.462229767E0,1.607474997E1
6.118008229E1,-7.288792877E0,1.517199966E1,-1.105900269E0,1.686828654E1
6.119003429E1,-9.748028870E0,1.439736053E1,-1.786085815E0,1.747850565E1
6.119998729E1,-1.233659592E1,1.433344345E1,-3.148253174E0,1.917161177E1
6.120993929E1,-1.397239426E1,1.371852219E1,-3.713777161E0,1.993032346E1
6.121989179E1,-1.386880966E1,1.254795639E1,-2.549049225E0,1.887571834E1
6.122984479E1,-1.223465790E1,1.180699722E1,-1.194366302E0,1.704460466E1
6.123979679E1,-9.927505646E0,1.134221375E1,-2.552192688E-1,1.507535465E1
6.124974979E1,-7.885152740E0,1.082952988E1,5.117857361E-1,1.340582992E1
6.125970179E1,-6.488856354E0,1.015997223E1,6.415658569E-1,1.207236096E1
6.126965479E1,-5.804778900E0,9.373956757E0,3.465293884E-1,1.103116521E1
6.127960679E1,-5.601052551E0,8.646619263E0,-6.271957397E-2,1.030241467E1
6.128955879E1,-5.699098663E0,8.002658386E0,-2.206411743E-1,9.827051915E0
6.129951179E1,-5.867947540E0,7.289541321E0,-9.250762939E-2,9.358353416E0
6.130946379E1,-5.749693451E0,6.618486786E0,1.763333130E-1,8.768947232E0
6.131941679E1,-5.296585693E0,6.207890625E0,2.739303589E-1,8.164971761E0
6.132936879E1,-4.738097076E0,5.989943848E0,2.369572449E-1,7.641016944E0
6.133932179E1,-4.112398224E0,5.821094971E0,3.504212952E-1,7.135808356E0
6.134927379E1,-3.622317352E0,5.587879944E0,3.841012573E-1,6.670316263E0
6.135922579E1,-3.149899750E0,5.450166321E0,3.403921509E-1,6.304129454E0
6.136917879E1,-2.556533661E0,5.430108032E0,1.847158813E-1,6.004669646E0
6.137913079E1,-2.021246796E0,5.337899780E0,-9.145980835E-2,5.708500466E0
6.138908379E1,-1.712588654E0,5.066364441E0,-1.914518738E-1,5.351416856E0
6.139903579E1,-1.490300903E0,4.716092834E0,1.038839722E-1,4.947051676E0
6.140898879E1,-1.374591522E0,4.747976532E0,6.289920044E-1,4.982811851E0
6.141894079E1,-1.470092926E0,5.254074097E0,1.086889801E0,5.563074444E0
6.142889279E1,-1.659748535E0,6.071374512E0,1.401086426E0,6.448208808E0
6.143884579E1,-1.833237762E0,6.880442047E0,1.936223602E0,7.379038236E0
6.144879779E1,-2.100432129E0,7.552095337E0,2.617007904E0,8.264060108E0
6.145875079E1,-2.377805328E0,7.999215546E0,2.873873749E0,8.826129268E0
6.146870279E1,-2.798730011E0,8.383017426E0,2.789748688E0,9.267716470E0
6.147865579E1,-3.033441925E0,8.853638763E0,2.654280396E0,9.727995358E0
6.148860779E1,-3.028202820E0,9.483977966E0,2.851420441E0,1.035598614E1
6.149856079E1,-2.857108612E0,9.950857086E0,3.542233887E0,1.094212261E1
6.150851279E1,-2.915487213E0,9.990973663E0,4.021088104E0,1.115745356E1
6.151846479E1,-3.044219513E0,9.782008209E0,3.841311951E0,1.094123551E1
6.152841779E1,-3.209475861E0,9.421108704E0,3.716621246E0,1.062409045E1
6.153836979E1,-3.340453491E0,9.038055267E0,3.863914948E0,1.038146961E1
6.154832279E1,-3.457061005E0,8.769663391E0,4.033961334E0,1.025334632E1
6.155827479E1,-3.580554199E0,8.625363464E0,4.006418610E0,1.016211855E1
6.156822779E1,-3.661835175E0,8.546627197E0,3.748654633E0,1.002528228E1
6.157817979E1,-3.716471558E0,8.404273224E0,3.461551666E0,9.819689873E0
6.158813179E1,-3.715274048E0,8.124505005E0,3.429667969E0,9.569402552E0
6.159808479E1,-3.632645874E0,7.700436859E0,3.621269531E0,9.252374662E0
6.160803679E1,-3.543431396E0,7.152127075E0,3.725452881E0,8.808395253E0
6.161798979E1,-3.514391785E0,6.680906982E0,3.676504669E0,8.396556098E0
6.162794179E1,-3.453318787E0,6.441704407E0,3.820205841E0,8.247117010E0
6.163789479E1,-3.479364624E0,6.455326080E0,3.738026733E0,8.231042270E0
6.164784679E1,-3.519630890E0,6.728957062E0,3.509751434E0,8.365704983E0
6.165779879E1,-3.523373108E0,7.207661591E0,3.438499603E0,8.728563638E0
6.166775179E1,-3.515439606E0,7.670798492E0,3.509901123E0,9.138865960E0
6.167770379E1,-3.669020233E0,7.923622742E0,3.635340271E0,9.458393400E0
6.168765679E1,-4.211641846E0,7.792046356E0,3.854334869E0,9.659700344E0
6.169760879E1,-4.814737701E0,7.476652222E0,4.018244019E0,9.758499504E0
6.170756179E1,-5.221591644E0,7.334747314E0,4.033512268E0,9.865736601E0
6.171751379E1,-5.609135742E0,7.187004547E0,3.623963928E0,9.810634673E0
6.172746579E1,-6.010301514E0,7.039411469E0,3.032244415E0,9.740202477E0
6.173741879E1,-6.097719727E0,7.253316650E0,2.751428375E0,9.867276544E0
6.174737079E1,-5.636828156E0,7.889344025E0,2.447410583E0,1.000026996E1
6.175732379E1,-4.596641235E0,9.078920288E0,1.415306854E0,1.027419086E1
6.176727579E1,-2.241887970E0,1.149115402E1,-2.820135498E-1,1.171120037E1
6.177722879E1,-3.044668579E-1,1.410337189E1,-1.106798401E0,1.415001065E1
6.178718079E1,4.101470947E-2,1.534518951E1,-1.614542542E0,1.542994721E1
6.179713279E1,2.278262329E-1,1.511511795E1,-1.249601440E0,1.516839475E1
6.180708579E1,-8.981323242E-4,1.474239304E1,-1.694775696E0,1.483948846E1
6.181703779E1,5.179229736E-2,1.588646393E1,-2.461780701E0,1.607615572E1
6.182699079E1,-2.188449097E-1,1.671050034E1,-1.388362885E0,1.676950405E1
6.183694279E1,-1.098715210E0,1.578347809E1,-1.350192261E-1,1.582224971E1
6.184689579E1,-1.190025330E0,1.429946411E1,1.197958832E0,1.439881730E1
6.185684779E1,-7.569758606E-1,1.317335587E1,2.353855133E0,1.340339327E1
6.186679979E1,-7.002438354E-1,1.230755630E1,3.036136322E0,1.269584213E1
6.187675279E1,-1.112636261E0,1.142334503E1,2.712359619E0,1.179354340E1
6.188670479E1,-1.601819000E0,1.056278458E1,1.918410645E0,1.085442497E1
6.189665779E1,-1.887574768E0,1.001881577E1,1.277293854E0,1.027477919E1
6.190660979E1,-1.904639282E0,9.727970581E0,1.248553619E0,9.990993372E0
6.191656279E1,-1.686842194E0,9.555678864E0,1.552721100E0,9.826870201E0
6.192651479E1,-1.457519073E0,9.538165283E0,1.686991882E0,9.795248870E0
6.193646679E1,-1.320853271E0,9.525591431E0,1.571432190E0,9.744277531E0
6.194641979E1,-1.386865997E0,9.469158783E0,1.462758179E0,9.681323610E0
6.195637179E1,-1.517394562E0,9.223519592E0,1.550475769E0,9.475218997E0
6.196632479E1,-1.568288727E0,8.892408142E0,2.015259247E0,9.251795606E0
6.197627679E1,-1.603166199E0,8.485853577E0,2.415526886E0,8.967420082E0
6.198622979E1,-1.597328339E0,8.080646210E0,2.609074402E0,8.640345492E0
6.199618179E1,-1.480720825E0,7.850125580E0,2.657124481E0,8.418866687E0
6.200613379E1,-1.295555878E0,7.767198029E0,2.635120239E0,8.303715369E0
6.201608679E1,-1.064885559E0,7.761360168E0,2.794987793E0,8.317731042E0
6.202603879E1,-1.019380188E0,7.650141449E0,2.641856232E0,8.157401823E0
6.203599179E1,-1.169218597E0,7.541317749E0,2.338586884E0,7.981699953E0
6.204594379E1,-1.339863739E0,7.357050934E0,2.160906372E0,7.784018861E0
6.205589679E1,-1.510957947E0,7.205116882E0,1.969454498E0,7.620725308E0
6.206584879E1,-1.620530090E0,7.262597351E0,1.784738617E0,7.652236927E0
6.207580079E1,-1.717528381E0,7.439080353E0,1.576222229E0,7.795787116E0
6.208575379E1,-1.780996399E0,7.716902618E0,1.390907593E0,8.040967487E0
6.209570579E1,-1.707349548E0,8.186027069E0,1.448537750E0,8.486715694E0
6.210565879E1,-1.641486511E0,8.606203308E0,1.526375885E0,8.893314157E0
6.211561079E1,-1.532363434E0,8.878337402E0,1.572629700E0,9.145828388E0
6.212556379E1,-1.437460785E0,8.992699585E0,1.685494995E0,9.261524319E0
6.213551579E1,-1.444795532E0,8.907826080E0,1.766027527E0,9.195414772E0
6.214546779E1,-1.499581604E0,8.763825531E0,1.745520172E0,9.060917371E0
6.215542079E1,-1.498084717E0,8.577014008E0,1.706900482E0,8.872594680E0
6.216537279E1,-1.556762695E0,8.272846527E0,1.665586395E0,8.581239875E0
6.217532579E1,-1.597478027E0,7.873776398E0,1.716779938E0,8.215572053E0
6.218527779E1,-1.573078766E0,7.277715912E0,1.934427338E0,7.692966581E0
6.219523079E1,-1.595382385E0,6.681056671E0,2.222129059E0,7.219391993E0
6.220518279E1,-1.806593170E0,6.303990784E0,2.348765717E0,6.965685829E0
6.221513454E1,-1.976190491E0,6.059998169E0,2.174677734E0,6.734844461E0
6.222508754E1,-1.978136444E0,5.836512909E0,1.971550140E0,6.470310401E0
6.223503954E1,-1.806443481E0,5.420228577E0,2.478845215E0,6.227904100E0
6.224499254E1,-1.389560394E0,5.520819397E0,3.236569519E0,6.548717978E0
6.225494454E1,-1.043929138E0,6.230493622E0,3.268303528E0,7.112710227E0
6.226489754E1,-7.881111145E-1,7.405550079E0,3.227588196E0,8.116687543E0
6.227484954E1,-7.324269104E-1,8.826694794E0,3.574716339E0,9.551208670E0
6.228480154E1,-9.195378113E-1,1.002869522E1,4.303401031E0,1.095169110E1
6.229475454E1,-1.390308838E0,1.049003586E1,4.996759186E0,1.170219694E1
6.230470654E1,-1.851499786E0,1.047252228E1,5.336702271E0,1.189883042E1
6.231465954E1,-2.002086639E0,1.029828461E1,5.132377167E0,1.167922567E1
6.232461154E1,-1.774709473E0,1.021475830E1,4.811743927E0,1.142995015E1
6.233456454E1,-1.421743469E0,1.046144531E1,4.576433258E0,1.150682119E1
6.234451654E1,-1.000818787E0,1.114537308E1,4.670138397E0,1.212564109E1
6.235446854E1,-7.858657837E-1,1.197794174E1,5.221891022E0,1.309033305E1
6.236442154E1,-8.668473816E-1,1.262744110E1,5.739963684E0,1.389787308E1
6.237437354E1,-1.131047974E0,1.293789551E1,5.739215240E0,1.419883803E1
6.238432654E1,-1.346150665E0,1.302950500E1,5.714217224E0,1.429099020E1
6.239427854E1,-1.527423706E0,1.310375061E1,5.488935699E0,1.428879695E1
6.240423154E1,-1.405277710E0,1.327424606E1,5.069807281E0,1.427877305E1
6.241418354E1,-1.133592682E0,1.310060715E1,4.547543335E0,1.391370153E1
6.242413554E1,-6.334826660E-1,1.278985336E1,3.854933624E0,1.337318820E1
6.243408854E1,-4.791535950E-1,1.204200851E1,3.403173065E0,1.252282493E1
6.244404054E1,-4.068539429E-1,1.136691238E1,3.028951263E0,1.177058932E1
6.245399354E1,-7.520361328E-1,1.060589493E1,2.219135284E0,1.086163556E1
6.246394554E1,-1.361568604E0,1.001657043E1,1.000369720E0,1.015806536E1
6.247389854E1,-2.804268494E0,1.006312363E1,-5.412744141E-1,1.046056198E1
6.248385054E1,-4.606520691E0,9.152567139E0,-4.600084076E0,1.123166469E1
6.249380254E1,-4.452041931E0,8.555159454E0,-7.822133789E0,1.241761683E1
6.250375554E1,-3.014880524E0,9.584269409E0,-8.499774628E0,1.316031510E1
6.251370754E1,-2.220781860E0,1.165057251E1,-7.544760590E0,1.405671100E1
6.252366054E1,-2.833757172E0,1.374516678E1,-6.578370209E0,1.549950787E1
6.253361254E1,-4.843328247E0,1.528112274E1,-5.738616486E0,1.702651638E1
6.254356454E1,-7.385192413E0,1.570638840E1,-5.035678253E0,1.807179457E1
6.255351754E1,-9.339977417E0,1.526271103E1,-4.309238892E0,1.840529994E1
6.256346954E1,-9.978998566E0,1.448582657E1,-3.570824432E0,1.794910502E1
6.257342254E1,-9.486223297E0,1.393886398E1,-3.022963715E0,1.712946792E1
6.258337454E1,-8.132438507E0,1.356269623E1,-2.385439453E0,1.599292364E1
6.259332754E1,-6.552773438E0,1.312485672E1,-2.113305359E0,1.482115931E1
6.260327954E1,-5.182223511E0,1.246966919E1,-1.746567993E0,1.361611508E1
6.261323154E1,-4.495900726E0,1.159638519E1,-1.409918060E0,1.251707401E1
6.262318454E1,-4.466262360E0,1.082863174E1,-1.327888641E0,1.178855603E1
6.263313654E1,-4.559817810E0,1.022179367E1,-1.542991333E0,1.129857631E1
6.264308954E1,-4.604874115E0,9.751771088E0,-1.405427399E0,1.087552900E1
6.265304154E1,-4.659959564E0,9.350156250E0,-1.369352417E0,1.053640219E1
6.266299454E1,-4.611460419E0,8.896449738E0,-8.256829834E-1,1.005455805E1
6.267294654E1,-4.492008820E0,8.333171082E0,-2.309696960E-1,9.469595055E0
6.268289854E1,-4.361480255E0,7.798932037E0,1.737886047E-1,8.937340400E0
6.269285154E1,-4.089944916E0,7.356452179E0,3.544628906E-1,8.424409891E0
6.270280354E1,-3.706741791E0,6.986870728E0,4.339476013E-1,7.921149398E0
6.271275654E1,-3.286415863E0,6.653214569E0,6.048921204E-1,7.445245987E0
6.272270854E1,-2.796933746E0,6.372398529E0,8.506809998E-1,7.010988486E0
6.273266154E1,-2.213147736E0,6.139482880E0,1.121916962E0,6.621931032E0
6.274261354E1,-1.693578186E0,5.916446686E0,1.347497864E0,6.299864995E0
6.275256554E1,-1.311123505E0,5.625152435E0,1.452729034E0,5.955821221E0
6.276251854E1,-1.136885834E0,5.284460907E0,1.502276001E0,5.610246845E0
6.277247054E1,-1.108594666E0,4.855153656E0,1.881437531E0,5.323655355E0
6.278242354E1,-1.298998718E0,4.519252167E0,2.040706329E0,5.125965289E0
6.279237554E1,-1.684297485E0,4.291725311E0,1.941313019E0,5.002445442E0
6.280232854E1,-2.169887695E0,4.177961884E0,2.004781036E0,5.116925358E0
6.281228054E1,-2.744991760E0,4.287534027E0,2.026036835E0,5.479302241E0
6.282223254E1,-3.231031036E0,4.758903809E0,2.067500610E0,6.112387896E0
6.283218554E1,-3.457659760E0,5.488636322E0,2.371817780E0,6.906957309E0
6.284213754E1,-3.597319336E0,6.284680939E0,2.806663513E0,7.766291327E0
6.285209054E1,-3.753294983E0,7.057224426E0,3.312312012E0,8.652343653E0
6.286204254E1,-3.963907013E0,7.705675964E0,3.772904205E0,9.451180192E0
6.287199554E1,-4.174519043E0,8.189918976E0,4.027075653E0,1.003587168E1
6.288194754E1,-4.318669281E0,8.477321320E0,3.980821838E0,1.031323536E1
6.289189954E1,-4.367617493E0,8.499774628E0,3.831282806E0,1.029567770E1
6.290185254E1,-4.302802277E0,8.292006683E0,3.787573700E0,1.008053554E1
6.291180454E1,-4.198169861E0,7.935897217E0,3.808230743E0,9.752215964E0
6.292175754E1,-4.100872192E0,7.550299072E0,3.751049652E0,9.375208921E0
6.293170954E1,-4.009412384E0,7.302264862E0,3.704795837E0,9.117234887E0
6.294166254E1,-3.919150085E0,7.161407776E0,3.691174164E0,8.959367468E0
6.295161454E1,-3.784879303E0,7.072193298E0,3.692970428E0,8.830586615E0
6.296156654E1,-3.675007782E0,6.951693878E0,3.887116699E0,8.771625061E0
6.297151954E1,-3.657943268E0,6.747069397E0,4.043391724E0,8.674820519E0
6.298147154E1,-3.827839966E0,6.446644135E0,4.068539429E0,8.530216438E0
6.299142454E1,-4.021686859E0,6.111940155E0,4.285438385E0,8.479077768E0
6.300137654E1,-4.237388306E0,5.939947815E0,4.407584381E0,8.524390874E0
6.301132854E1,-4.276157684E0,5.993686066E0,4.325405273E0,8.539258046E0
6.302128154E1,-4.401746521E0,5.953120422E0,4.434079285E0,8.629952161E0
6.303123354E1,-4.457281036E0,5.860762482E0,4.882546692E0,8.834882755E0
6.304118654E1,-4.269122314E0,5.806724854E0,5.355563049E0,8.979171144E0
6.305113854E1,-4.060456238E0,5.674998779E0,5.560337219E0,8.922458517E0
6.306109154E1,-3.912264404E0,5.516927490E0,5.615272980E0,8.790539934E0
6.307104354E1,-3.748205566E0,5.431155853E0,5.069358215E0,8.321351548E0
6.308099554E1,-4.104464722E0,5.098547516E0,4.799319763E0,8.116359258E0
6.309094854E1,-4.712350616E0,4.779411163E0,4.989274750E0,8.363126325E0
6.310090054E1,-5.376669159E0,4.721182251E0,5.346132660E0,8.931924065E0
6.311085354E1,-6.172264709E0,5.035378876E0,5.492528229E0,9.675730381E0
6.312080554E1,-7.007078705E0,5.716163177E0,5.535039825E0,1.060237423E1
6.313075854E1,-7.675289154E0,6.704108734E0,5.526208191E0,1.159284756E1
6.314071054E1,-8.140222321E0,7.926766205E0,5.688321075E0,1.270644870E1
6.315066254E1,-8.335266724E0,9.167086945E0,6.230942688E0,1.386855440E1
6.316061554E1,-8.606502686E0,9.750872955E0,6.645730133E0,1.460538055E1
6.317056754E1,-9.093440094E0,9.901609497E0,7.261998596E0,1.527969722E1
6.318052054E1,-9.433532867E0,1.010533585E1,7.513924713E0,1.573430709E1
6.319047254E1,-9.414672089E0,1.036160294E1,6.978039093E0,1.564263071E1
6.320042554E1,-8.967402191E0,1.040306671E1,5.900729370E0,1.494846835E1
6.321037754E1,-7.817942505E0,1.052790710E1,4.072730713E0,1.373113937E1
6.322032967E1,-6.217470703E0,1.085632416E1,1.146765289E0,1.256311215E1
6.323028267E1,-4.072431335E0,1.164054337E1,-1.494492188E0,1.242257838E1
6.324023467E1,-2.993475037E0,1.170505920E1,-2.905009003E0,1.242611689E1
6.325018767E1,-3.398383026E0,1.180819473E1,-3.703748016E0,1.283355833E1
6.326013967E1,-3.245251465E0,1.268282593E1,-4.881349182E0,1.397187534E1
6.327009267E1,-2.411335602E0,1.422297318E1,-5.770799561E0,1.553736248E1
6.328004467E1,-1.850302277E0,1.546703613E1,-5.863307190E0,1.664425416E1
6.328999667E1,-1.750459900E0,1.615455643E1,-5.051395569E0,1.701618055E1
6.329994967E1,-1.362167358E0,1.668460419E1,-3.576213226E0,1.711785085E1
6.330990167E1,-1.264121246E0,1.709490097E1,-2.075733490E0,1.726679794E1
6.331985467E1,-1.924547882E0,1.737601639E1,-9.620494080E-1,1.750872266E1
6.332980667E1,-2.805316315E0,1.763512756E1,-7.039860535E-1,1.787073362E1
6.333975967E1,-3.484753418E0,1.769739807E1,-4.282594299E-1,1.804230614E1
6.334971167E1,-3.577859802E0,1.733185822E1,-1.275347900E-1,1.769775848E1
6.335966367E1,-3.396137695E0,1.659179718E1,-5.957611084E-1,1.694628031E1
6.336961667E1,-3.167263641E0,1.638837021E1,-1.042731628E0,1.672415996E1
6.337956867E1,-2.970273285E0,1.697634750E1,-3.484753418E-1,1.723775893E1
6.338952167E1,-3.108136597E0,1.791130325E1,9.657916260E-1,1.820461619E1
6.339947367E1,-3.539838867E0,1.849029922E1,1.704206085E0,1.890306703E1
6.340942567E1,-4.156406708E0,1.801563629E1,1.562750244E0,1.855481221E1
6.341937867E1,-4.605772247E0,1.695090042E1,9.395960999E-1,1.759059419E1
6.342933067E1,-4.797224121E0,1.574904968E1,3.716770935E-1,1.646766738E1
6.343928367E1,-4.508624268E0,1.396371231E1,4.126918030E-1,1.467934838E1
6.344923567E1,-3.808230743E0,1.211640381E1,5.128335571E-1,1.271113138E1
6.345918867E1,-2.905607758E0,1.025771896E1,8.527766418E-1,1.069535333E1
6.346914067E1,-2.027683411E0,8.139473877E0,1.161434784E0,8.468262264E0
6.347909267E1,-1.666933594E0,6.211034088E0,1.506018219E0,6.604824216E0
6.348904567E1,-1.415606232E0,4.635410614E0,2.264041901E0,5.349472712E0
6.349899767E1,-1.188079376E0,3.239862671E0,2.922073517E0,4.521808971E0
6.350895067E1,-1.157093811E0,1.626817017E0,3.014581146E0,3.615674098E0
6.351890267E1,-1.213825836E0,2.561174011E-1,2.033820648E0,2.382308904E0
6.352885567E1,-1.165626068E0,-8.656498718E-1,1.604962463E0,2.164240823E0
6.353880767E1,-9.610015869E-1,-1.823208618E0,1.181343384E0,2.375539077E0
6.354875967E1,-5.252577209E-1,-2.343077545E0,6.611750793E-1,2.490594415E0
6.355871267E1,-1.404080200E-1,-2.490820312E0,4.067042542E-1,2.527708170E0
6.356866467E1,7.738906860E-2,-2.272723846E0,5.788462830E-1,2.346556151E0
6.357861767E1,-1.916015625E-1,-1.968855743E0,8.961863708E-1,2.171693834E0
6.358856967E1,-9.416917419E-1,-1.398990784E0,7.189549255E-1,1.833263411E0
6.359852267E1,-1.781295776E0,-3.034190369E-1,4.787045288E-1,1.869287506E0
6.360847467E1,-2.185305634E0,9.770182800E-1,7.972421265E-1,2.523037939E0
6.361842667E1,-2.091450806E0,2.032323761E0,1.303938446E0,3.194489288E0
6.362837967E1,-1.828298035E0,2.618205414E0,1.614841919E0,3.578461641E0
6.363833167E1,-1.484912109E0,2.725232849E0,1.852846985E0,3.614540082E0
6.364828467E1,-1.184337158E0,2.275268555E0,1.975891113E0,3.237846073E0
6.365823667E1,-1.022373962E0,1.545536041E0,1.743424530E0,2.544299366E0
6.366818967E1,-9.569599915E-1,6.486012268E-1,1.227896576E0,1.686471458E0
6.367814167E1,-6.903643799E-1,-1.303788757E-1,6.195616150E-1,9.367274006E-1
6.368809367E1,-3.140469360E-1,-5.228627014E-1,-1.734892273E-1,6.341209621E-1
6.369804667E1,-1.751358032E-2,-6.321354675E-1,-6.894662476E-1,9.355563486E-1
6.370799867E1,1.550775146E-1,-7.961943054E-1,-5.046006775E-1,9.552990376E-1
6.371795167E1,-2.556683350E-1,-7.952961731E-1,-8.861572266E-2,8.400684774E-1
6.372790367E1,-1.013093262E0,9.505233765E-2,1.877096558E-1,1.034711466E0
6.373785567E1,-1.319356384E0,1.995949402E0,3.635939026E-1,2.420065249E0
6.374780867E1,-1.387464752E0,4.401596832E0,1.400936737E0,4.823042282E0
6.375776067E1,-1.979034576E0,6.941065979E0,2.977308655E0,7.807646355E0
6.376771367E1,-3.148851929E0,1.009425888E1,4.258793793E0,1.139941469E1
6.377766567E1,-4.709805908E0,1.442310699E1,6.242768097E0,1.640671937E1
6.378761867E1,-6.254294128E0,1.952749237E1,7.953859863E0,2.199324987E1
6.379757067E1,-6.888824615E0,2.378194519E1,9.396709442E0,2.648272965E1
6.380752267E1,-6.384074249E0,2.622247009E1,1.036519547E1,2.891040676E1
6.381747567E1,-5.179678802E0,2.625016251E1,9.868079224E0,2.851804852E1
6.382742767E1,-3.997886353E0,2.407638290E1,9.382489014E0,2.614739775E1
6.383738067E1,-3.302582245E0,2.045601151E1,8.890162811E0,2.254751541E1
6.384733267E1,-3.078498230E0,1.793270874E1,8.347690887E0,2.001856981E1
6.385728567E1,-2.890040131E0,1.642175079E1,7.361840973E0,1.822698367E1
6.386723767E1,-2.805765381E0,1.546044983E1,6.081253967E0,1.684872334E1
6.387718967E1,-2.792293396E0,1.468940323E1,4.678970032E0,1.566742577E1
6.388714267E1,-2.275717621E0,1.377495483E1,3.749253387E0,1.445631946E1
6.389709467E1,-1.587448883E0,1.263282990E1,2.991978149E0,1.307900296E1
6.390704767E1,-1.019529877E0,1.163994461E1,2.501747589E0,1.194933022E1
6.391699967E1,-6.812333679E-1,1.098281113E1,1.863325195E0,1.116056450E1
6.392695167E1,-1.068478088E0,1.038255936E1,-5.843847656E-1,1.045374047E1
6.393690467E1,-1.975741425E0,8.641978912E0,-4.735702057E0,1.005058345E1
6.394685667E1,-1.848955078E0,6.477180634E0,-6.321204987E0,9.237431262E0
6.395680967E1,-9.984237671E-1,5.154980164E0,-7.172185364E0,8.888808323E0
6.396676167E1,-3.293151855E-3,5.164260864E0,-7.793692932E0,9.349398411E0
6.397671467E1,2.188449097E-1,6.175408173E0,-7.295379181E0,9.560654611E0
6.398666667E1,-1.133293304E0,7.868836670E0,-7.025041351E0,1.060915408E1
6.399661867E1,-3.894451447E0,9.268276520E0,-7.006030884E0,1.225365947E1
6.400657167E1,-6.690936127E0,9.928403778E0,-6.822512512E0,1.378000380E1
6.401652367E1,-8.671617279E0,9.930349731E0,-6.702761536E0,1.478971955E1
6.402647667E1,-9.739496613E0,9.593550110E0,-6.391109619E0,1.509106624E1
6.403642867E1,-1.014320709E1,9.317075043E0,-5.853427734E0,1.496513126E1
6.404638167E1,-1.006222549E1,9.477541351E0,-5.216053162E0,1.477428112E1
6.405633367E1,-9.353599091E0,1.009455826E1,-4.784650269E0,1.456992795E1
6.406628567E1,-7.800877991E0,1.112875763E1,-4.007316742E0,1.416903424E1
6.407623867E1,-6.390361176E0,1.184367096E1,-3.448379059E0,1.389246472E1
6.408619067E1,-5.553451538E0,1.215652039E1,-2.739752655E0,1.364287567E1
6.409614367E1,-5.347180481E0,1.233150650E1,-1.553619232E0,1.353041479E1
6.410609567E1,-5.565426636E0,1.227163101E1,-7.493417358E-1,1.349549608E1
6.411604767E1,-6.117478638E0,1.200967575E1,-6.701564026E-1,1.349462731E1
6.412600067E1,-6.602470093E0,1.183259399E1,-2.067201233E-1,1.355159124E1
6.413595267E1,-6.803651733E0,1.217807556E1,-3.772155762E-2,1.394978940E1
6.414590567E1,-7.154372406E0,1.294044022E1,1.034349060E-1,1.478684335E1
6.415585767E1,-7.452851715E0,1.421084839E1,5.745053101E-1,1.605687600E1
6.416581067E1,-7.791746979E0,1.571896225E1,1.131197662E0,1.758057745E1
6.417576267E1,-8.181087341E0,1.726599518E1,2.075733490E0,1.921857042E1
6.418571467E1,-8.613388367E0,1.843326782E1,3.269051971E0,2.060734147E1
6.419566767E1,-9.004375305E0,1.910581924E1,4.079466705E0,2.151169803E1
6.420561967E1,-9.267378387E0,1.915686310E1,4.496798859E0,2.175065300E1
6.421557267E1,-9.162895660E0,1.864642456E1,4.309687958E0,2.121841691E1
6.422552442E1,-8.925639038E0,1.750549713E1,3.918401642E0,2.003654994E1
6.423547642E1,-8.551267548E0,1.603465576E1,3.795207825E0,1.856442739E1
6.424542942E1,-7.971373444E0,1.435889053E1,3.559298401E0,1.680443802E1
6.425538142E1,-7.513775024E0,1.265423538E1,2.437381439E0,1.491734951E1
6.426533442E1,-6.979835358E0,1.090347610E1,8.617579651E-1,1.297484179E1
6.427528642E1,-6.071075134E0,9.114246826E0,-4.442761230E-1,1.096014734E1
6.428523942E1,-4.985233154E0,7.451354828E0,-1.618135071E0,9.110082298E0
6.429519142E1,-3.837719421E0,6.005661163E0,-2.147883453E0,7.443753065E0
6.430514342E1,-2.347568207E0,4.954996033E0,-1.838476868E0,5.782997438E0
6.431509642E1,-1.088087311E0,4.089795227E0,-9.675878906E-1,4.341265406E0
6.432504842E1,-5.032534790E-1,2.961890717E0,-9.186396790E-1,3.141649175E0
6.433500142E1,-4.071533203E-2,1.811682587E0,-1.617686005E0,2.429147905E0
6.434495342E1,6.602769470E-1,6.421646118E-1,-2.036365356E0,2.234977606E0
6.435490642E1,1.459015961E0,-8.014334106E-1,-1.872755585E0,2.505640949E0
6.436485842E1,1.918410645E0,-2.129621429E0,-1.855242004E0,3.414309554E0
6.437481042E1,2.026934967E0,-2.884351959E0,-2.067201233E0,4.086719041E0
6.438476342E1,1.794917450E0,-3.190465393E0,-1.992656250E0,4.167910389E0
6.439471542E1,1.281185760E0,-2.964585114E0,-1.410067749E0,3.523988210E0
6.440466842E1,7.911048889E-1,-2.284249878E0,-7.473957825E-1,2.530265778E0
6.441462042E1,5.287005615E-1,-1.499880981E0,-2.737806702E-1,1.613729561E0
6.442457342E1,2.829116821E-1,-9.816586304E-1,-8.083190918E-3,1.021644764E0
6.443452542E1,1.020877075E-1,-8.544232178E-1,1.317260742E-2,8.606012158E-1
6.444447742E1,4.355941772E-2,-1.053209839E0,-1.631607056E-1,1.066662929E0
6.445443042E1,1.893562317E-1,-1.317560120E0,-3.152444458E-1,1.367917948E0
6.446438242E1,4.655319214E-1,-1.598525848E0,-2.924917603E-1,1.690430799E0
6.447433542E1,7.851173401E-1,-1.800306244E0,-8.502319336E-2,1.965894390E0
6.448428742E1,1.119671631E0,-1.887425079E0,2.305206299E-1,2.206621343E0
6.449423942E1,1.324745178E0,-1.915716248E0,6.444099426E-1,2.416646996E0
6.450419242E1,1.390159149E0,-1.717977448E0,4.936734009E-1,2.264443066E0
6.451414442E1,1.591789856E0,-7.951464844E-1,3.472778320E-2,1.779679436E0
6.452409742E1,1.512604523E0,7.716453552E-1,-1.115180969E-1,1.701718332E0
6.453404942E1,9.460327148E-1,2.635120239E0,8.035290527E-1,2.912815736E0
6.454400242E1,2.529739380E-1,5.276527405E0,1.899549866E0,5.613735562E0
6.455395442E1,-6.718029785E-1,8.636590118E0,2.949316864E0,9.150982356E0
6.456390642E1,-3.195255432E0,1.286320084E1,3.236120453E0,1.364346249E1
6.457385942E1,-6.387068024E0,1.834195770E1,4.698579254E0,1.998245974E1
6.458381142E1,-8.157735901E0,2.389750488E1,6.906038818E0,2.617886107E1
6.459376442E1,-9.161398773E0,2.906670547E1,7.778574371E0,3.145331165E1
6.460371642E1,-9.788145447E0,3.253259811E1,4.298311615E0,3.424402450E1
6.461366842E1,-8.141120453E0,3.074890732E1,3.050207062E0,3.195429402E1
6.462362142E1,-6.216422882E0,2.746922745E1,5.628295898E0,2.872072570E1
6.463357342E1,-6.603817291E0,2.587055191E1,6.417305145E0,2.746047458E1
6.464352642E1,-7.364385681E0,2.507809982E1,6.283483429E0,2.688173044E1
6.465347842E1,-7.068600769E0,2.415990921E1,6.299799500E0,2.594906171E1
6.466343142E1,-6.342311096E0,2.364438126E1,6.195466461E0,2.525203912E1
6.467338342E1,-5.673202515E0,2.249312531E1,5.763165436E0,2.390271927E1
6.468333542E1,-5.317691803E0,2.063024918E1,5.688770142E0,2.205101206E1
6.469328842E1,-5.290448456E0,1.848535950E1,4.795577545E0,1.981653160E1
6.470324042E1,-5.238207092E0,1.591056381E1,3.547772369E0,1.712225286E1
6.471319342E1,-5.240602112E0,1.339624237E1,1.778152313E0,1.449431081E1
6.472314542E1,-5.617667999E0,1.061502594E1,3.336561584E-1,1.201450356E1
6.473309742E1,-6.187383270E0,7.707771606E0,-8.485853577E-1,9.920360476E0
6.474305042E1,-6.404581604E0,4.776716766E0,-1.925146637E0,8.218386591E0
6.475300242E1,-5.615572357E0,2.482886810E0,-2.078577576E0,6.482273101E0
6.476295542E1,-4.106859741E0,7.331753540E-1,-1.689386902E0,4.500874486E0
6.477290742E1,-2.538870392E0,-8.259823608E-1,-1.512754211E0,3.068637325E0
6.478286042E1,-1.272803192E0,-2.502945099E0,-1.254391479E0,3.075428445E0
6.479281242E1,-7.339237976E-1,-3.641327820E0,-2.174228668E0,4.304089071E0
6.480276442E1,-9.261241150E-1,-4.149371338E0,-2.783461761E0,5.081598937E0
6.481271742E1,-1.111738129E0,-4.609664154E0,-1.997895355E0,5.145537011E0
6.482266942E1,-1.109941864E0,-4.359983368E0,-1.583706665E0,4.769649118E0
6.483262242E1,-8.322692871E-1,-3.505260773E0,-1.713037720E0,3.989238459E0
6.484257442E1,-2.969824219E-1,-2.835852814E0,-9.198371887E-1,2.996057442E0
6.485252742E1,7.634124756E-3,-2.490670624E0,-3.568579102E-1,2.516117248E0
6.486247942E1,5.239105225E-2,-2.274969177E0,-6.393205261E-1,2.363675171E0
6.487243142E1,-8.232879639E-2,-2.173629913E0,-6.574328613E-1,2.272369468E0
6.488238442E1,-2.351609802E-1,-1.922003174E0,-2.670446777E-1,1.954663589E0
6.489233642E1,-6.947053528E-1,-1.154698792E0,-1.474134521E0,1.997252466E0
6.490228942E1,-1.566492462E0,6.286926270E-3,-2.709665222E0,3.129891975E0
6.491224142E1,-2.845133514E0,1.951192474E0,-4.199666748E0,5.434991958E0
6.492219342E1,-4.130510559E0,4.961432648E0,-5.838608551E0,8.704382874E0
6.493214642E1,-5.122797089E0,8.813372498E0,-7.191495209E0,1.247542336E1
6.494209842E1,-6.192173309E0,1.322380096E1,-5.511987762E0,1.560749600E1
6.495205142E1,-7.963889008E0,1.801413940E1,-1.746418304E0,1.977328307E1
6.496200342E1,-1.132470016E1,2.294443680E1,1.134191437E0,2.561215344E1
6.497195642E1,-1.537303162E1,2.586501343E1,2.905009003E0,3.022859735E1
6.498190842E1,-1.760384262E1,2.519919800E1,2.220482483E0,3.081923745E1
6.499186042E1,-1.758138931E1,2.184287750E1,1.314117279E0,2.807033046E1
6.500181342E1,-1.666963531E1,2.031275940E1,1.224453735E0,2.630559300E1
6.501176542E1,-1.553634201E1,2.063683548E1,2.147584076E0,2.592043632E1
6.502171842E1,-1.395877258E1,2.112946106E1,3.647015991E0,2.558519459E1
6.503167042E1,-1.268716690E1,2.158361664E1,4.603077850E0,2.545594306E1
6.504162242E1,-1.181597855E1,2.168046524E1,5.589376831E0,2.531602369E1
6.505157542E1,-1.150208130E1,2.093516510E1,6.157894592E0,2.466776597E1
6.506152742E1,-1.175310928E1,1.980741028E1,5.739963684E0,2.373639111E1
6.507148042E1,-1.196836166E1,1.813763260E1,5.711522827E0,2.246857562E1
6.508143242E1,-1.138068375E1,1.667981415E1,3.670068054E0,2.052329316E1
6.509138542E1,-9.603728943E0,1.511871048E1,2.975362701E0,1.815653600E1
6.510133742E1,-7.588619385E0,1.359233459E1,2.610122223E0,1.578453173E1
6.511128942E1,-5.987698517E0,1.201940552E1,1.759740601E0,1.354309158E1
6.512124242E1,-4.673281860E0,1.040336609E1,1.154549103E0,1.146309613E1
6.513119442E1,-3.477119293E0,8.822503510E0,4.760101318E-1,9.494920347E0
6.514114742E1,-2.330803070E0,6.860234070E0,2.032772827E-1,7.248225721E0
6.515109942E1,-1.354383545E0,4.594994659E0,7.264393616E-1,4.845208443E0
6.516105142E1,-3.396437073E-1,2.646496582E0,8.457412720E-1,2.799032030E0
6.517100442E1,3.044668579E-1,8.634045410E-1,-2.137554932E-1,9.401376920E-1
6.518095642E1,9.011260986E-1,-5.795947266E-1,-1.249900818E0,1.646271650E0
6.519090942E1,1.600771179E0,-1.865121460E0,-1.779050446E0,3.034166593E0
6.520086142E1,2.200124817E0,-2.820883942E0,-1.994302826E0,4.095751358E0
6.521081442E1,2.564616852E0,-3.272195435E0,-2.111958160E0,4.663141627E0
6.522076642E1,2.738555145E0,-3.240611115E0,-1.960622864E0,4.673894168E0
6.523071896E1,2.796185303E0,-2.732118530E0,-1.884131927E0,4.339709326E0
6.524067196E1,2.725981293E0,-2.041005707E0,-1.772913208E0,3.839257682E0
6.525062396E1,2.349214783E0,-1.629062347E0,-1.423539734E0,3.193606050E0
6.526057696E1,1.888772278E0,-1.467997284E0,-3.906875610E-1,2.423863345E0
6.527052896E1,1.478625183E0,-1.506766663E0,5.132826233E-1,2.172587687E0
6.528048196E1,9.857002258E-1,-1.533710632E0,8.443940735E-1,2.009197499E0
6.529043396E1,3.502716064E-1,-1.786085815E0,7.511380005E-1,1.969010166E0
6.530038596E1,-1.657054138E-1,-2.386936340E0,3.929328918E-1,2.424730838E0
6.531033896E1,-3.029699707E-1,-2.807112579E0,-1.706451416E-1,2.828567058E0
6.532029096E1,-8.307723999E-2,-2.553839264E0,-1.069376221E0,2.769939045E0
6.533024396E1,4.394860840E-1,-1.145867157E0,-1.778002625E0,2.160428868E0
6.534019596E1,5.146298218E-1,1.185384979E0,-1.642234955E0,2.089716978E0
6.535014796E1,-1.496887207E-1,4.004622345E0,-8.225395203E-1,4.090962980E0
6.536010096E1,-1.462009735E0,7.668553162E0,4.405339050E-1,7.819095228E0
6.537005296E1,-4.269571381E0,1.313159271E1,9.849517822E-1,1.384334125E1
6.538000596E1,-8.429271240E0,1.942720093E1,2.266586609E0,2.129803194E1
6.538995796E1,-1.082294357E1,2.592982864E1,4.036206665E0,2.838631863E1
6.539991096E1,-1.255109985E1,2.988445496E1,5.848038940E0,3.293645875E1
6.540986296E1,-1.288475601E1,2.929153793E1,2.555036774E0,3.210201465E1
6.541981496E1,-9.308991852E0,2.479683472E1,-3.540138245E-1,2.648897256E1
6.542976796E1,-6.642736359E0,2.308589264E1,2.048939209E0,2.410980168E1
6.543971996E1,-5.676196289E0,2.241379028E1,3.991599426E0,2.346337710E1
6.544967296E1,-6.201753387E0,2.296644104E1,5.159919891E0,2.434222530E1
6.545962496E1,-7.584278412E0,2.392055695E1,4.705015869E0,2.553138261E1
6.546957696E1,-8.237519989E0,2.369961639E1,4.281546478E0,2.545309791E1
6.547952996E1,-8.245752869E0,2.222293716E1,4.023632812E0,2.404248318E1
6.548948196E1,-8.076005859E0,2.017848862E1,3.466790771E0,2.200935964E1
6.549943496E1,-7.335196381E0,1.803389832E1,2.514022064E0,1.963025474E1
6.550938696E1,-6.640640717E0,1.550341049E1,1.472188568E0,1.692989029E1
6.551933896E1,-6.204298096E0,1.275796967E1,7.369175720E-1,1.420570844E1
6.552929196E1,-5.525010681E0,1.066127975E1,2.254312134E-1,1.200997287E1
6.553924396E1,-4.652475128E0,9.144483948E0,-1.267863464E-1,1.026075954E1
6.554919696E1,-3.906576233E0,7.835755463E0,-4.064048767E-1,8.765019478E0
6.555914896E1,-3.298091583E0,6.696324921E0,-5.252577209E-1,7.482918629E0
6.556910196E1,-2.698139191E0,5.629792786E0,-4.748126221E-1,6.260987856E0
6.557905396E1,-2.062111816E0,4.234394531E0,-4.052073669E-1,4.727218548E0
6.558900596E1,-1.394200745E0,2.577041016E0,-1.543290710E-1,2.934067752E0
6.559895896E1,-9.355545044E-1,8.244854736E-1,1.080752563E-1,1.251686378E0
6.560891096E1,-8.770262146E-1,-8.887019348E-1,2.478845215E-1,1.272954377E0
6.561886396E1,-9.163943481E-1,-2.223625946E0,-2.862048340E-1,2.422024805E0
6.562881596E1,-6.893165588E-1,-2.843936005E0,-9.740245056E-1,3.084129221E0
6.563876796E1,-7.304809570E-2,-2.665057983E0,-1.151854706E0,2.904245056E0
6.564872096E1,4.571493530E-1,-2.099983063E0,-1.390458527E0,2.559743993E0
6.565867296E1,6.728507996E-1,-1.529219971E0,-1.143322449E0,2.024457493E0
6.566862596E1,6.141728210E-1,-1.331181793E0,-6.960525513E-1,1.622880887E0
6.567857796E1,3.197351074E-1,-1.379830627E0,-4.349954224E-1,1.481682866E0
6.568853096E1,-1.272354126E-1,-1.667382660E0,-1.761836243E-1,1.681485788E0
6.569848296E1,-7.197033691E-1,-1.864971771E0,-6.390211487E-1,2.098675934E0
6.570843496E1,-1.261426849E0,-1.773511963E0,-1.723515930E0,2.776157334E0
6.571838796E1,-1.323996735E0,-1.609902191E0,-2.645149384E0,3.367724407E0
6.572833996E1,-6.812333679E-1,-1.423988800E0,-2.492017822E0,2.949911156E0
6.573829296E1,2.897973633E-1,-1.119671631E0,-1.662293243E0,2.025059481E0
6.574824496E1,8.818162537E-1,-9.434880066E-1,-6.259982300E-1,1.435145744E0
6.575819796E1,3.306623840E-1,-5.189707947E-1,-3.210823059E-1,6.940908767E-1
6.576814996E1,-1.739233246E0,1.026565247E0,-7.191046143E-1,2.143800349E0
6.577810196E1,-4.651427307E0,3.914509735E0,-2.485880585E0,6.568010714E0
6.578805496E1,-6.984326019E0,8.168363800E0,-3.684438171E0,1.136125265E1
6.579800696E1,-9.084907837E0,1.390578278E1,-2.689756622E0,1.682679814E1
6.580795996E1,-1.235785172E1,2.153751251E1,1.474433899E-1,2.483148573E1
6.581791196E1,-1.703143295E1,2.912433563E1,3.886218567E0,3.396173331E1
6.582786396E1,-1.984333557E1,3.130065994E1,2.562371521E0,3.714909188E1
6.583781696E1,-1.748963013E1,2.526895294E1,-6.084846497E-1,3.073723147E1
6.584776896E1,-1.514026566E1,1.858684845E1,-1.170266418E0,2.400141877E1
6.585772196E1,-1.359053833E1,1.553304886E1,-9.083111572E-1,2.065921993E1
6.586767396E1,-1.223795105E1,1.561013855E1,2.035766602E-1,1.983646427E1
6.587762596E1,-1.158411072E1,1.772104889E1,1.409768372E0,2.121826199E1
6.588757896E1,-1.168664749E1,2.017579422E1,2.027833099E0,2.340411308E1
6.589753096E1,-1.206910217E1,2.084101089E1,2.318378906E0,2.419474826E1
6.590748396E1,-1.178589111E1,1.940369980E1,2.266736298E0,2.281554051E1
6.591743596E1,-1.102711899E1,1.701990692E1,1.866468658E0,2.036561539E1
6.592738896E1,-9.710157623E0,1.484268448E1,1.877845001E0,1.783588365E1
6.593734096E1,-7.912845154E0,1.279135025E1,1.969155121E0,1.516935501E1
6.594729296E1,-6.261329498E0,1.099388809E1,1.351240082E0,1.272382302E1
6.595724596E1,-4.949756927E0,9.488318939E0,2.631527710E-1,1.070502402E1
6.596719796E1,-3.965104523E0,8.027806091E0,-8.699908447E-1,8.995810613E0
6.597715096E1,-3.053949280E0,6.639143829E0,-1.530866547E0,7.466484405E0
6.598710296E1,-2.047292633E0,5.498216400E0,-1.496438141E0,6.054842510E0
6.599705496E1,-1.115031281E0,4.880600739E0,-1.149759064E0,5.136682220E0
6.600700796E1,-4.854405212E-1,4.996609497E0,-6.207591248E-1,5.058369387E0
6.601695996E1,-1.166075134E-1,5.472020874E0,4.610412598E-1,5.492646794E0
6.602691296E1,4.032614136E-1,5.999523926E0,1.378782806E0,6.169112508E0
6.603686496E1,7.946974182E-1,6.396797791E0,1.818867645E0,6.697674632E0
6.604681796E1,7.716453552E-1,6.755751343E0,2.028581543E0,7.095826649E0
6.605676996E1,3.480262756E-1,6.985373840E0,1.688937836E0,7.195073383E0
6.606672196E1,-3.227288818E-1,6.912774811E0,1.307530975E0,7.042744264E0
6.607667496E1,-1.152902527E0,6.404132538E0,1.282832336E0,6.632326636E0
6.608662696E1,-1.665436707E0,5.663772125E0,1.655856628E0,6.131382820E0
6.609657996E1,-1.950444031E0,4.916526031E0,2.136058044E0,5.704314517E0
6.610653196E1,-2.114353180E0,4.270619202E0,2.302661591E0,5.292535133E0
6.611648396E1,-2.146835632E0,3.889212341E0,2.110311584E0,4.918159295E0
6.612643696E1,-1.872456207E0,4.084107056E0,1.569486237E0,4.759129094E0
6.613638896E1,-1.324445801E0,4.484823761E0,1.426234131E0,4.888961510E0
6.614634196E1,-7.182064819E-1,4.739743652E0,1.520687714E0,5.029262527E0
6.615629396E1,-5.013075256E-1,4.632716217E0,1.640588379E0,4.940131477E0
6.616624696E1,-9.301657104E-1,4.377646637E0,1.767225037E0,4.811661112E0
6.617619896E1,-1.600920868E0,4.088448029E0,2.100432129E0,4.867254877E0
6.618615096E1,-2.276615753E0,3.984264679E0,2.809208221E0,5.380427042E0
6.619610396E1,-2.820285187E0,4.177812195E0,3.308869171E0,6.029654921E0
6.620605596E1,-3.265609131E0,4.741539917E0,3.300486603E0,6.636235047E0
6.621600896E1,-3.694617004E0,5.817502441E0,3.115321655E0,7.562986082E0
6.622596092E1,-4.257745972E0,7.182513885E0,3.024460602E0,8.880555636E0
6.623591292E1,-4.991819458E0,8.276588745E0,3.412304077E0,1.025007326E1
6.624586592E1,-5.724695435E0,8.885073395E0,4.103865967E0,1.133835892E1
6.625581792E1,-6.380182343E0,9.139993286E0,4.243076477E0,1.192685633E1
6.626577092E1,-6.748266907E0,9.582024078E0,3.900289307E0,1.235178321E1
6.627572292E1,-6.458619232E0,1.063074326E1,3.593128052E0,1.294747210E1
6.628567492E1,-6.046675873E0,1.177556259E1,2.562521210E0,1.348305152E1
6.629562792E1,-5.222639465E0,1.319610855E1,4.706213379E-1,1.419981438E1
6.630557992E1,-3.866908722E0,1.503278915E1,-2.424957275E-2,1.552218802E1
6.631553292E1,-3.254681854E0,1.617805756E1,-2.414479065E-1,1.650396308E1
6.632548492E1,-3.528013458E0,1.691946579E1,-1.074016571E0,1.731671774E1
6.633543792E1,-3.444786530E0,1.715762054E1,-2.934198303E0,1.774429533E1
6.634538992E1,-2.955304413E0,1.673280396E1,-3.605552216E0,1.737010533E1
6.635534192E1,-1.835782471E0,1.667382660E1,-2.611918488E0,1.697671078E1
6.636529492E1,-7.450007629E-1,1.658146866E1,-9.280700684E-1,1.662412232E1
6.637524692E1,-1.884580994E-1,1.636786285E1,4.466711426E-1,1.637504095E1
6.638519992E1,-4.766088867E-1,1.597582809E1,1.322649536E0,1.603756968E1
6.639515192E1,-1.612147522E0,1.518367538E1,2.043251038E0,1.540512553E1
6.640510392E1,-2.842888184E0,1.410007874E1,2.038011932E0,1.452748176E1
6.641505692E1,-3.794010315E0,1.303190002E1,1.514550476E0,1.365718842E1
6.642500892E1,-4.182153168E0,1.209335175E1,1.106798401E0,1.284385317E1
6.643496192E1,-3.684438171E0,1.116408417E1,9.797126770E-1,1.179710544E1
6.644491392E1,-2.581381989E0,1.030247589E1,1.043779449E0,1.067211404E1
6.645486592E1,-1.356778564E0,9.390123138E0,1.253643036E0,9.570103526E0
6.646481892E1,-3.820056152E-1,8.409961395E0,1.473535767E0,8.546618432E0
6.647477092E1,2.384541321E-1,7.481142883E0,1.500030670E0,7.633770446E0
6.648472392E1,5.028044128E-1,6.549330597E0,1.489103394E0,6.735278202E0
6.649467592E1,5.331912231E-1,5.773344269E0,1.460961914E0,5.979147652E0
6.650462892E1,5.792953491E-1,5.355263672E0,1.357227631E0,5.554862639E0
6.651458092E1,8.107141113E-1,5.137316895E0,1.362466736E0,5.376392643E0
6.652453292E1,7.363188171E-1,4.972958679E0,1.264570312E0,5.183784477E0
6.653448592E1,5.016069031E-1,4.979544983E0,1.023870850E0,5.108403786E0
6.654443792E1,1.972897339E-1,5.128185883E0,8.662486267E-1,5.204574946E0
6.655439092E1,-8.487350464E-2,5.358407135E0,1.008452911E0,5.453137428E0
6.656434292E1,-2.505789185E-1,5.805078278E0,1.366208954E0,5.968940485E0
6.657429492E1,-3.197351074E-1,6.390810242E0,1.693578186E0,6.619130846E0
6.658424792E1,-4.489164734E-1,6.899751892E0,1.881736908E0,7.165824165E0
6.659419992E1,-7.330256653E-1,7.420219574E0,1.611997833E0,7.628598965E0
6.660415292E1,-1.062490540E0,7.861950989E0,1.393152924E0,8.054814372E0
6.661410492E1,-1.343306580E0,8.109236755E0,1.359772339E0,8.331456904E0
6.662405692E1,-1.487307129E0,8.365354156E0,1.313518524E0,8.597474255E0
6.663400992E1,-1.459315338E0,8.692124634E0,1.236877899E0,8.900140383E0
6.664396192E1,-1.370699615E0,8.961714020E0,1.320553894E0,9.161604564E0
6.665391492E1,-1.272653503E0,9.277257843E0,1.594334564E0,9.498897974E0
6.666386692E1,-1.311572571E0,9.560319214E0,1.868713989E0,9.829141267E0
6.667381992E1,-1.529070282E0,9.636361084E0,1.910177765E0,9.942147150E0
6.668377192E1,-1.930236053E0,9.476493530E0,1.924996948E0,9.860798857E0
6.669372392E1,-2.282303925E0,9.138346710E0,1.916764069E0,9.612090111E0
6.670367692E1,-2.464475098E0,8.952882385E0,1.592687988E0,9.421485846E0
6.671362892E1,-2.483784943E0,9.035959625E0,1.191522217E0,9.446559119E0
6.672358192E1,-2.269730072E0,9.490264893E0,1.070573730E0,9.816462216E0
6.673353392E1,-2.096091156E0,1.028526169E1,1.275946655E0,1.057394184E1
6.674348592E1,-2.043550415E0,1.119222565E1,1.983974304E0,1.154894659E1
6.675343892E1,-2.080523529E0,1.191746750E1,2.886746979E0,1.243735976E1
6.676339092E1,-2.389630737E0,1.198827026E1,3.346291351E0,1.267385596E1
6.677334392E1,-2.772085419E0,1.137185211E1,3.764521637E0,1.229532843E1
6.678329592E1,-2.782114563E0,1.074465637E1,3.294499054E0,1.157763041E1
6.679324892E1,-2.487377472E0,1.011177246E1,2.767295380E0,1.077464212E1
6.680320092E1,-2.048939209E0,9.524393921E0,3.086132355E0,1.021941507E1
6.681315292E1,-1.625918884E0,9.215137024E0,2.732866974E0,9.748380608E0
6.682310592E1,-1.183738403E0,9.306297455E0,2.373015289E0,9.676756197E0
6.683305792E1,-8.945397949E-1,9.590406647E0,2.613415375E0,9.980282612E0
6.684301092E1,-7.532336426E-1,9.856852570E0,2.937641144E0,1.031283855E1
6.685296292E1,-7.105723572E-1,1.007420059E1,2.915936279E0,1.051176080E1
6.686291492E1,-6.505471802E-1,1.032777328E1,2.782264252E0,1.071574109E1
6.687286792E1,-6.664141846E-1,1.050470535E1,2.534828796E0,1.082674002E1
6.688281992E1,-8.747808838E-1,1.050545380E1,2.101330261E0,1.074920415E1
6.689277292E1,-1.417701874E0,1.025951523E1,1.508862305E0,1.046633636E1
6.690272492E1,-2.648741913E0,1.013751892E1,-1.362167358E-1,1.047872505E1
6.691267692E1,-4.778812408E0,1.069361252E1,-2.399510193E-1,1.171528801E1
6.692262992E1,-6.442303162E0,9.458231506E0,1.172362061E0,1.150373183E1
6.693258192E1,-7.711813202E0,8.937913513E0,-1.311871948E0,1.187768365E1
6.694253492E1,-8.172704773E0,1.085737198E1,-2.027234344E0,1.373991662E1
6.695248692E1,-9.502090302E0,1.271366180E1,-2.454595642E0,1.606088280E1
6.696243992E1,-1.112561417E1,1.290526337E1,-1.989662476E0,1.715470402E1
6.697239192E1,-1.218975128E1,1.171508835E1,-1.195713501E0,1.694883660E1
6.698234392E1,-1.257669662E1,1.042701691E1,-5.745053101E-1,1.634704976E1
6.699229692E1,-1.214813782E1,1.012554382E1,-5.673202515E-2,1.581477501E1
6.700224892E1,-1.107846222E1,1.097023727E1,6.197113037E-1,1.560328405E1
6.701220192E1,-9.669741669E0,1.227687012E1,1.435365143E0,1.569349282E1
6.702215392E1,-8.301287384E0,1.317215836E1,2.053878937E0,1.570463456E1
6.703210592E1,-7.006629639E0,1.326152252E1,2.414778442E0,1.519183970E1
6.704205892E1,-6.030958557E0,1.239153168E1,2.495610352E0,1.400537716E1
6.705201092E1,-5.639522552E0,1.104313568E1,2.239942017E0,1.260049207E1
6.706196392E1,-5.760770416E0,9.639654236E0,1.988015900E0,1.140445601E1
6.707191592E1,-5.958658905E0,8.307424622E0,1.771566010E0,1.037580676E1
6.708186792E1,-6.057752838E0,7.029831390E0,1.333127747E0,9.375080182E0
6.709182092E1,-5.961652679E0,5.848488007E0,7.973918152E-1,8.389394993E0
6.710177292E1,-5.664520569E0,4.878654785E0,5.001100159E-1,7.492541346E0
6.711172592E1,-5.138963470E0,4.127965851E0,6.776408386E-1,6.626329657E0
6.712167792E1,-4.421655121E0,3.654201050E0,1.089584198E0,5.838785237E0
6.713162992E1,-3.667822723E0,3.561094666E0,1.277293854E0,5.269326175E0
6.714158292E1,-3.199446716E0,3.744912415E0,9.705816650E-1,5.020244720E0
6.715153492E1,-2.871778107E0,3.976181488E0,1.013991394E0,5.008523462E0
6.716148792E1,-2.656226349E0,4.315226440E0,9.032217407E-1,5.147089193E0
6.717143992E1,-2.631976776E0,4.794380035E0,8.111631775E-1,5.529138032E0
6.718139292E1,-2.763403473E0,5.118755493E0,1.624421997E0,6.039602916E0
6.719134492E1,-2.816692657E0,5.483247528E0,2.056273956E0,6.498309285E0
6.720129692E1,-2.898572388E0,5.908662872E0,2.136507111E0,6.919442279E0
6.721124992E1,-3.095413055E0,6.347849579E0,2.401905212E0,7.459619622E0
6.722120192E1,-3.415746918E0,6.800657959E0,2.659369812E0,8.061545973E0
6.723115442E1,-3.801345062E0,7.238796844E0,2.676883392E0,8.603261517E0
6.724110642E1,-4.009113007E0,7.616461487E0,2.909050598E0,9.085485571E0
6.725105842E1,-4.133953400E0,7.853718109E0,3.212469635E0,9.438772166E0
6.726101142E1,-4.258045349E0,7.992629242E0,3.184477844E0,9.599686012E0
6.727096342E1,-4.312382355E0,8.086633759E0,3.106340332E0,9.676757586E0
6.728091642E1,-4.401147766E0,8.086783447E0,3.159330139E0,9.733834553E0
6.729086842E1,-4.564757538E0,7.992928619E0,3.201991425E0,9.745597384E0
6.730082042E1,-4.634213104E0,7.942633209E0,3.338956604E0,9.783147990E0
6.731077342E1,-4.674030304E0,7.916737061E0,3.792064362E0,9.944900054E0
6.732072542E1,-4.861889648E0,7.886949005E0,3.961661682E0,1.007654201E1
6.733067842E1,-5.060526581E0,7.869435425E0,4.001179504E0,1.017577420E1
6.734063042E1,-4.960235138E0,7.995473328E0,4.265230408E0,1.033071715E1
6.735058342E1,-4.653972015E0,8.212821350E0,4.437222748E0,1.043066804E1
6.736053542E1,-4.553830261E0,8.310418396E0,4.477638702E0,1.048091944E1
6.737048742E1,-4.414320374E0,8.355025635E0,4.201163635E0,1.034129845E1
6.738044042E1,-4.289779358E0,8.321645050E0,3.765419769E0,1.009110347E1
6.739039242E1,-4.202660522E0,8.192613373E0,3.674708405E0,9.913866612E0
6.740034542E1,-4.165837097E0,7.965236206E0,3.748954010E0,9.739293748E0
6.741029742E1,-4.298161926E0,7.655829620E0,3.792663116E0,9.564006307E0
6.742024942E1,-4.413272552E0,7.408693542E0,3.860023041E0,9.448041729E0
6.743020242E1,-4.487967224E0,7.314689026E0,3.967499542E0,9.454500408E0
6.744015442E1,-4.655768280E0,7.287894745E0,3.871249695E0,9.475028353E0
6.745010742E1,-4.778513031E0,7.187752991E0,3.699706421E0,9.390729867E0
6.746005942E1,-4.834496613E0,7.105124817E0,3.679049377E0,9.348291848E0
6.747001142E1,-4.809498596E0,7.084916840E0,3.910019073E0,9.413584467E0
6.747996442E1,-4.779411163E0,7.182663574E0,4.283043365E0,9.632127883E0
6.748991642E1,-4.807552643E0,7.253915405E0,4.489913177E0,9.792403763E0
6.749986942E1,-4.891677704E0,7.361691284E0,4.505480804E0,9.920804736E0
6.750982142E1,-5.073100433E0,7.510481873E0,4.549040222E0,1.014088028E1
6.751977442E1,-5.457052002E0,7.439679108E0,4.332290955E0,1.019298713E1
6.752972642E1,-5.830076294E0,7.155270538E0,3.940256195E0,1.003560187E1
6.753967842E1,-6.016887817E0,6.769522705E0,3.431015167E0,9.685104116E0
6.754963142E1,-5.946085052E0,6.579567719E0,2.703677673E0,9.271273471E0
6.755958342E1,-5.518125000E0,7.555538177E0,1.805245972E-1,9.357801547E0
6.756953642E1,-3.773952026E0,9.622140656E0,1.570234680E-1,1.033697059E1
6.757948842E1,-3.501817932E0,1.074600357E1,5.587879944E-1,1.131598717E1
6.758944042E1,-5.827531586E0,1.076890594E1,1.619631958E-1,1.224563970E1
6.759939342E1,-8.080945587E0,1.043045975E1,-6.655160522E-1,1.321132407E1
6.760934542E1,-8.795559540E0,1.080752563E1,-1.296304321E0,1.399445901E1
6.761929842E1,-8.265960846E0,1.192315567E1,-8.536747742E-1,1.453328973E1
6.762925042E1,-7.196135559E0,1.314536407E1,-5.146298218E-1,1.499499275E1
6.763920242E1,-5.259013824E0,1.399784134E1,3.294648743E-1,1.495678226E1
6.764915542E1,-3.125500488E0,1.405562119E1,1.205143890E0,1.444927721E1
6.765910742E1,-1.818717957E0,1.336615494E1,1.610351257E0,1.358510449E1
6.766906042E1,-1.641187134E0,1.237027588E1,1.639989624E0,1.258597579E1
6.767901242E1,-2.167193298E0,1.130823441E1,1.383423157E0,1.159684232E1
6.768896442E1,-3.015179901E0,1.021745270E1,1.186881866E0,1.071897094E1
6.769891742E1,-3.939956818E0,9.339827728E0,9.936337280E-1,1.018542830E1
6.770886942E1,-4.742438049E0,8.759185181E0,8.090675354E-1,9.993429539E0
6.771882242E1,-5.285808105E0,8.378975830E0,7.457492065E-1,9.934945655E0
6.772877442E1,-5.572611694E0,8.128995667E0,8.644523621E-1,9.893525637E0
6.773872642E1,-5.543422394E0,7.863148499E0,1.121168518E0,9.685848181E0
6.774867942E1,-5.079986115E0,7.765102386E0,1.512454834E0,9.401627179E0
6.775863142E1,-4.525090027E0,7.743996277E0,1.754202118E0,9.139099691E0
6.776858442E1,-3.899690552E0,7.713908844E0,1.772164764E0,8.823408865E0
6.777853642E1,-3.250340881E0,7.598798218E0,1.634750519E0,8.424895219E0
6.778848942E1,-2.675835571E0,7.326664124E0,1.486109619E0,7.940316428E0
6.779844142E1,-2.248324585E0,7.079228668E0,1.317709808E0,7.543659663E0
6.780839342E1,-2.089055786E0,6.938371582E0,1.207389221E0,7.345947387E0
6.781834642E1,-2.146236877E0,6.988666992E0,1.227297821E0,7.413100499E0
6.782829842E1,-2.408042450E0,7.068002014E0,1.353934479E0,7.588706048E0
6.783825142E1,-2.786305847E0,7.235803070E0,1.551523590E0,7.907437751E0
6.784820342E1,-3.026107178E0,7.568561096E0,1.765279083E0,8.340063067E0
6.785815542E1,-3.242856445E0,7.893086243E0,1.734892273E0,8.707857346E0
6.786810842E1,-3.514242096E0,8.324189758E0,1.541195068E0,9.166095945E0
6.787806042E1,-3.745361481E0,8.692723389E0,1.202449493E0,9.541334148E0
6.788801342E1,-3.855083313E0,8.888216858E0,1.036594391E0,9.743541153E0
6.789796542E1,-3.801494751E0,9.042994995E0,6.550378418E-1,9.831388274E0
6.790791742E1,-3.821253662E0,8.998836823E0,5.486091614E-1,9.791936260E0
6.791787042E1,-3.811224518E0,8.814420319E0,1.281634827E0,9.688241621E0
6.792782242E1,-3.755989380E0,8.841513977E0,1.563648376E0,9.732667768E0
6.793777542E1,-3.724854126E0,9.020841064E0,1.250349884E0,9.839384463E0
6.794772742E1,-3.754043427E0,9.111103363E0,9.864486694E-1,9.903440186E0
6.795767942E1,-3.835025024E0,9.040899353E0,9.144483948E-1,9.863138137E0
6.796763242E1,-3.796405334E0,9.004075928E0,1.018332367E0,9.824615900E0
6.797758442E1,-3.869902496E0,8.901838531E0,1.271605682E0,9.789578928E0
6.798753742E1,-4.178560638E0,8.948092346E0,1.471589813E0,9.984703412E0
6.799748942E1,-4.610262909E0,9.105115814E0,1.650168457E0,1.033831292E1
6.800744142E1,-4.992717590E0,9.094038849E0,1.805245972E0,1.053032215E1
6.801739442E1,-5.256169739E0,8.947792969E0,2.050735474E0,1.057808278E1
6.802734642E1,-5.290298767E0,8.838370514E0,2.265089722E0,1.054678557E1
6.803729942E1,-5.058131561E0,8.883426819E0,2.471510468E0,1.051704954E1
6.804725142E1,-4.731061707E0,9.026978302E0,2.636617126E0,1.052715688E1
6.805720442E1,-4.571643219E0,8.936566315E0,2.655777283E0,1.038341428E1
6.806715642E1,-4.449497223E0,8.583300934E0,2.614912262E0,1.001543042E1
6.807710842E1,-4.366120605E0,8.127349091E0,2.433339844E0,9.541381199E0
6.808706142E1,-3.911216583E0,7.786358185E0,2.303260345E0,9.012768563E0
6.809701342E1,-3.375630341E0,7.601193237E0,2.372266846E0,8.648737990E0
6.810696642E1,-3.146157532E0,7.478897552E0,2.350112915E0,8.447203474E0
6.811691842E1,-3.288511505E0,7.541467438E0,2.294279022E0,8.541179969E0
6.812687042E1,-3.515888672E0,7.839497681E0,2.202370148E0,8.869590256E0
6.813682342E1,-3.431314545E0,8.212372284E0,2.192939758E0,9.166567668E0
6.814677542E1,-2.982547760E0,8.640631714E0,2.149380341E0,9.390204652E0
6.815672842E1,-2.428699493E0,9.092691650E0,2.436782684E0,9.721807061E0
6.816668042E1,-2.014211426E0,9.419162750E0,2.863694916E0,1.004880208E1
6.817663242E1,-2.039957886E0,9.563462677E0,2.920426941E0,1.020539759E1
6.818658542E1,-2.168241119E0,9.424850922E0,2.772384796E0,1.006057662E1
6.819653742E1,-2.496209106E0,9.293873291E0,2.453847198E0,9.931188586E0
6.820649042E1,-2.964435425E0,9.130263519E0,2.383643188E0,9.890972863E0
6.821644242E1,-3.510499878E0,8.846453705E0,2.280208282E0,9.786863765E0
6.822639471E1,-4.322112122E0,8.924591217E0,1.501826935E0,1.002918071E1
6.823634771E1,-6.806046753E0,1.094688583E1,-1.284179535E0,1.295398390E1
6.824629971E1,-9.054521027E0,1.298789154E1,-1.919009399E-1,1.583371415E1
6.825625271E1,-9.445208588E0,1.301169205E1,2.410587158E0,1.625813721E1
6.826620471E1,-9.223220215E0,1.166329605E1,3.105142822E0,1.519020006E1
6.827615671E1,-8.938512268E0,8.975485382E0,1.642384644E0,1.277316589E1
6.828610971E1,-8.903784485E0,6.083648987E0,3.049159241E-1,1.078800894E1
6.829606171E1,-8.696764984E0,4.476141815E0,7.933502197E-3,9.781085302E0
6.830601471E1,-8.411158905E0,4.032165070E0,-4.517605591E-1,9.338631424E0
6.831596671E1,-8.108787689E0,4.837789764E0,-1.393751678E0,9.544589637E0
6.832591971E1,-7.571704559E0,6.813531189E0,-1.932631073E0,1.036773746E1
6.833587171E1,-6.973847809E0,8.882378998E0,-8.002359009E-1,1.132128912E1
6.834582371E1,-6.651867371E0,1.030561935E1,1.073717194E0,1.231283876E1
6.835577671E1,-6.303990784E0,1.077249847E1,2.737507324E0,1.277814421E1
6.836572871E1,-6.432124329E0,1.001716919E1,3.096011810E0,1.230045491E1
6.837568171E1,-6.800807648E0,8.674760742E0,2.455493774E0,1.129300262E1
6.838563371E1,-6.910529480E0,7.466024323E0,1.696871338E0,1.031388914E1
6.839558571E1,-6.745572510E0,6.598877563E0,1.303339691E0,9.526102452E0
6.840553871E1,-6.510261841E0,6.057752838E0,9.961784363E-1,8.948309905E0
6.841549071E1,-6.291566620E0,5.743556213E0,7.279362488E-1,8.549978929E0
6.842544371E1,-6.243666229E0,5.707780609E0,4.821473694E-1,8.473169038E0
6.843539571E1,-6.318061523E0,5.846392365E0,6.373745728E-1,8.631596112E0
6.844534771E1,-6.469546509E0,6.049070892E0,8.903485107E-1,8.901629691E0
6.845530071E1,-6.617438965E0,6.281088409E0,1.059796143E0,9.185082358E0
6.846525271E1,-6.676715698E0,6.437213745E0,1.204994202E0,9.352446971E0
6.847520571E1,-6.519692230E0,6.550528107E0,1.886526947E0,9.432644866E0
6.848515771E1,-6.302344208E0,6.699468384E0,2.171234894E0,9.450750240E0
6.849510971E1,-6.111491089E0,6.845863953E0,2.115401001E0,9.417595127E0
6.850506271E1,-5.737119598E0,6.951843567E0,2.001338196E0,9.232985695E0
6.851501471E1,-5.429958344E0,6.916517029E0,1.888921967E0,8.993924706E0
6.852496771E1,-5.340294800E0,6.766977997E0,1.873953094E0,8.821702781E0
6.853491971E1,-5.430557098E0,6.678212585E0,1.930984497E0,8.821461039E0
6.854487171E1,-5.638175354E0,6.774911499E0,1.837878113E0,9.003679420E0
6.855482471E1,-5.851781158E0,7.107070770E0,1.647174683E0,9.352378419E0
6.856477671E1,-6.014941864E0,7.467371521E0,1.567390594E0,9.715856953E0
6.857472971E1,-5.999374237E0,7.704328766E0,1.638043671E0,9.901129230E0
6.858468171E1,-5.704038391E0,7.746840363E0,1.879341888E0,9.802117909E0
6.859463471E1,-5.347779236E0,7.514074402E0,2.216291199E0,9.485357323E0
6.860458671E1,-5.110372925E0,7.086713104E0,2.385439453E0,9.056916442E0
6.861453871E1,-5.229076080E0,6.698121185E0,2.336640930E0,8.812942466E0
6.862449171E1,-5.519023132E0,6.538253632E0,2.214644623E0,8.838157483E0
6.863444371E1,-5.731730804E0,6.667434998E0,2.059267731E0,9.030393737E0
6.864439671E1,-5.828130341E0,7.025789795E0,2.087109833E0,9.364019060E0
6.865434871E1,-5.850284271E0,7.524702301E0,2.093546448E0,9.758581224E0
6.866430071E1,-5.815706177E0,7.922724609E0,1.947001190E0,1.001912258E1
6.867425371E1,-5.723946991E0,8.098309479E0,2.373164978E0,1.019696512E1
6.868420571E1,-5.640720062E0,8.140970764E0,2.832859039E0,1.030136972E1
6.869415871E1,-5.702092438E0,8.108188934E0,2.762655029E0,1.029023074E1
6.870411071E1,-5.885760498E0,8.093220062E0,2.397115173E0,1.029021617E1
6.871406271E1,-6.067332916E0,7.997718658E0,2.341580658E0,1.030820219E1
6.872401571E1,-6.045777740E0,7.911647644E0,2.337239685E0,1.022781923E1
6.873396771E1,-5.880671082E0,7.769143982E0,2.551444244E0,1.007232636E1
6.874392071E1,-5.774242401E0,7.564369812E0,2.551743622E0,9.852561163E0
6.875387271E1,-5.773793335E0,7.478598175E0,2.291884003E0,9.722080663E0
6.876382471E1,-5.757626953E0,7.444169769E0,2.066153412E0,9.635088044E0
6.877377771E1,-5.643713837E0,7.445666656E0,2.124981079E0,9.581492703E0
6.878372971E1,-5.424569550E0,7.491621094E0,2.345173187E0,9.542021730E0
6.879368271E1,-5.179080048E0,7.595205688E0,2.524949341E0,9.533382860E0
6.880363471E1,-4.990023193E0,7.733817444E0,2.532433777E0,9.545966926E0
6.881358671E1,-4.853207703E0,7.891439667E0,2.354154510E0,9.558791162E0
6.882353971E1,-4.729714508E0,8.013136597E0,2.422861633E0,9.615134733E0
6.883349171E1,-4.725373535E0,8.034691772E0,2.553689575E0,9.664717139E0
6.884344471E1,-4.738695831E0,7.878716125E0,2.653382263E0,9.569213312E0
6.885339671E1,-4.766537933E0,7.690407715E0,2.601140900E0,9.414254547E0
6.886334871E1,-4.908143463E0,7.657326508E0,2.743644562E0,9.500110893E0
6.887330171E1,-5.145998840E0,7.738457794E0,3.253634033E0,9.846378396E0
6.888325371E1,-5.258415070E0,7.868986359E0,3.810625763E0,1.020258517E1
6.889320671E1,-5.353916473E0,8.091124420E0,3.914360046E0,1.046197546E1
6.890315871E1,-5.480852509E0,8.254734192E0,3.559298401E0,1.052848450E1
6.891311071E1,-5.446424103E0,8.342302094E0,3.060984650E0,1.042243574E1
6.892306371E1,-5.279970245E0,8.341403961E0,2.329006805E0,1.014304582E1
6.893301571E1,-5.285209351E0,8.224347382E0,1.736987915E0,9.929272619E0
6.894296871E1,-5.361400909E0,8.086334381E0,1.684447174E0,9.847374560E0
6.895292071E1,-5.420228577E0,7.983348541E0,1.753902740E0,9.807594332E0
6.896287271E1,-5.478008423E0,8.079149323E0,1.780996399E0,9.922357494E0
6.897282571E1,-5.428910522E0,8.380472717E0,1.785636749E0,1.014366260E1
6.898277771E1,-5.354515228E0,8.762777710E0,1.635948029E0,1.039872264E1
6.899273071E1,-5.060975647E0,9.109157410E0,1.429976349E0,1.051832000E1
6.900268271E1,-4.811444550E0,9.481732635E0,6.993457031E-1,1.065562466E1
6.901263571E1,-4.509672089E0,1.098370926E1,-4.281097412E-1,1.188117374E1
6.902258771E1,-3.732937317E0,1.241308685E1,6.994953918E-1,1.298109549E1
6.903253971E1,-4.557572479E0,1.236862930E1,5.550457764E-1,1.319327607E1
6.904249271E1,-5.627547455E0,1.165715881E1,-6.104306030E-1,1.295882971E1
6.905244471E1,-6.324797516E0,1.039198975E1,-1.538350983E0,1.226226073E1
6.906239771E1,-6.213429108E0,9.184301147E0,-1.884580994E0,1.124765462E1
6.907234971E1,-4.968917084E0,8.461454315E0,-1.833088074E0,9.982312257E0
6.908230171E1,-3.143612823E0,8.588390350E0,-1.342408447E0,9.243636234E0
6.909225471E1,-1.288969574E0,9.218130798E0,-9.991722107E-1,9.361288538E0
6.910220671E1,9.639953613E-2,9.735604706E0,-1.196012878E0,9.809267998E0
6.911215971E1,9.458830261E-1,1.042686722E1,-1.411414948E0,1.056439051E1
6.912211171E1,1.086440735E0,1.138622223E1,-1.208736420E0,1.150162831E1
6.913206371E1,4.550537109E-2,1.188588318E1,-5.807922363E-1,1.190015165E1
6.914201671E1,-1.873653717E0,1.190055267E1,6.915618896E-2,1.204734472E1
6.915196871E1,-3.850742340E0,1.177226944E1,6.346801758E-1,1.240231282E1
6.916192171E1,-5.480104065E0,1.148875900E1,7.277865601E-1,1.274961949E1
6.917187371E1,-6.512656860E0,1.110750183E1,2.157014465E-1,1.287780352E1
6.918182571E1,-6.427034912E0,1.075498489E1,8.053253174E-2,1.252928423E1
6.919177871E1,-5.437592468E0,1.046189438E1,5.436694336E-1,1.180314459E1
6.920173071E1,-4.307592316E0,1.014530273E1,1.125509491E0,1.107922789E1
6.921168371E1,-3.456462250E0,9.797575836E0,1.453327789E0,1.049055695E1
6.922163571E1,-2.905009003E0,9.501491547E0,1.416953430E0,1.003619330E1
6.923158804E1,-2.601589966E0,9.117689667E0,1.279988251E0,9.567596623E0
6.924154104E1,-2.580783234E0,8.518635406E0,1.125210114E0,8.971827522E0
6.925149304E1,-2.649640045E0,7.760012970E0,1.096769257E0,8.272925508E0
6.926144604E1,-2.657423859E0,7.013964386E0,1.233285370E0,7.601222979E0
6.927139804E1,-2.831960907E0,6.431974640E0,1.298250275E0,7.146730310E0
6.928135004E1,-3.247197418E0,6.302493896E0,1.295705566E0,7.207258376E0
6.929130304E1,-3.656147003E0,6.765181732E0,1.339564362E0,7.805736830E0
6.930125504E1,-3.734733582E0,7.529192963E0,1.341660004E0,8.510994840E0
6.931120804E1,-3.547323303E0,7.972271576E0,1.432970123E0,8.842738268E0
6.932116004E1,-3.264411621E0,8.107290802E0,1.703757019E0,8.904343623E0
6.933111204E1,-3.083437958E0,8.039182434E0,1.999092865E0,8.839254275E0
6.934106504E1,-3.047213287E0,7.958350525E0,2.107617188E0,8.778547836E0
6.935101704E1,-2.978506165E0,7.887697449E0,2.035616913E0,8.673580935E0
6.936097004E1,-2.378853149E0,8.039930878E0,2.118245087E0,8.647912642E0
6.937092204E1,-1.990261230E0,8.155041504E0,1.790576477E0,8.583239820E0
6.938087404E1,-1.895807648E0,8.360713806E0,1.536255341E0,8.709517923E0
6.939082704E1,-2.134710846E0,8.721164246E0,1.283580780E0,9.069910463E0
6.940077904E1,-2.540966034E0,8.990903320E0,1.136137390E0,9.411889240E0
6.941073204E1,-2.549049225E0,9.275012512E0,1.183439026E0,9.691441429E0
6.942068404E1,-2.199376373E0,9.525142365E0,1.181343384E0,9.846886091E0
6.943063604E1,-2.005230103E0,9.414971466E0,1.428629150E0,9.731578326E0
6.944058904E1,-2.000440063E0,8.971443787E0,2.023492126E0,9.411858714E0
6.945054104E1,-2.352507935E0,8.641679535E0,1.992506561E0,9.175129490E0
6.946049404E1,-3.002606049E0,8.741222534E0,1.272803192E0,9.329771832E0
6.947044604E1,-3.299438782E0,9.139993286E0,9.327104187E-1,9.761952790E0
6.948039804E1,-3.408561859E0,9.261839905E0,9.577084351E-1,9.915501894E0
6.949035104E1,-3.634292450E0,9.121581573E0,1.567839661E0,9.943311984E0
6.950030304E1,-3.839964752E0,8.666378174E0,2.449206848E0,9.790304088E0
6.951025604E1,-3.757186890E0,8.171656952E0,3.014880524E0,9.485880836E0
6.952020804E1,-3.701802063E0,8.057294769E0,3.203488312E0,9.427919966E0
6.953016104E1,-3.620521088E0,8.469088440E0,3.169359283E0,9.740558003E0
6.954011304E1,-3.530857544E0,9.191336517E0,3.215762787E0,1.035802840E1
6.955006504E1,-3.458408203E0,9.894424438E0,3.157683563E0,1.094674325E1
6.956001804E1,-3.226839752E0,1.014335678E1,2.999761963E0,1.105887668E1
6.956997004E1,-2.863395538E0,9.961784363E0,2.657124481E0,1.070030337E1
6.957992204E1,-2.577190704E0,9.558223572E0,2.439626770E0,1.019575051E1
6.958987504E1,-2.454146576E0,8.982071686E0,2.505639496E0,9.642545124E0
6.959982704E1,-2.358495483E0,8.412805481E0,2.534379730E0,9.097300568E0
6.960978004E1,-2.273771667E0,8.062234497E0,2.437680817E0,8.724216323E0
6.961973204E1,-2.279160461E0,8.008346558E0,2.337688751E0,8.648293224E0
6.962968404E1,-2.381098480E0,8.103398895E0,2.235750732E0,8.736892180E0
6.963963704E1,-2.533930664E0,8.201445007E0,1.983225861E0,8.810090217E0
6.964958904E1,-3.205434265E0,8.887767792E0,7.451504517E-1,9.477471938E0
6.965954204E1,-4.387675781E0,1.026804749E1,7.574249268E-2,1.116647818E1
6.966949404E1,-5.213807831E0,1.042492126E1,1.614093475E0,1.176724578E1
6.967944704E1,-5.960305481E0,9.867480469E0,1.970951385E0,1.169517258E1
6.968939904E1,-6.863826599E0,9.304950256E0,1.088686066E0,1.161376133E1
6.969935104E1,-7.308701477E0,9.132059784E0,1.175056458E-1,1.169724073E1
6.970930404E1,-7.448361053E0,9.575587463E0,2.691403198E-1,1.213434770E1
6.971925604E1,-7.597600708E0,1.005114853E1,5.989045715E-1,1.261379443E1
6.972920904E1,-7.641010437E0,1.025397675E1,5.367837524E-1,1.279910998E1
6.973916104E1,-7.564519501E0,1.017104919E1,1.788780212E-1,1.267691581E1
6.974911304E1,-7.669900360E0,9.998757477E0,-1.905537415E-1,1.260312792E1
6.975906604E1,-7.918383636E0,9.879006500E0,-2.516267395E-1,1.266328886E1
6.976901804E1,-8.104746094E0,9.700577545E0,-8.741821289E-2,1.264103461E1
6.977897104E1,-8.116571503E0,9.197174377E0,3.062631226E-1,1.227031159E1
6.978892304E1,-7.800428925E0,8.503516846E0,6.483018494E-1,1.155754236E1
6.979887504E1,-7.240293732E0,7.929161224E0,8.505313110E-1,1.077111204E1
6.980882804E1,-6.667884064E0,7.514822845E0,6.203100586E-1,1.006568551E1
6.981878004E1,-6.320905609E0,7.131020966E0,6.077362061E-1,9.548541827E0
6.982873304E1,-6.077661438E0,6.999594269E0,4.673281860E-1,9.281739283E0
6.983868504E1,-5.929020538E0,7.096742249E0,3.100053406E-1,9.252736806E0
6.984863704E1,-5.918093262E0,7.310497742E0,1.875599670E-1,9.407570559E0
6.985859004E1,-6.021677856E0,7.407795410E0,3.695814514E-1,9.553670891E0
6.986854204E1,-6.155050507E0,7.403903503E0,6.363267517E-1,9.649214764E0
6.987849504E1,-6.298452301E0,7.291038208E0,1.001567230E0,9.686737142E0
6.988844704E1,-6.378236389E0,7.041806488E0,1.234033813E0,9.580802550E0
6.989839904E1,-6.265670471E0,6.905140686E0,1.344953156E0,9.420641875E0
6.990835204E1,-6.119873657E0,6.859036560E0,1.213825836E0,9.272141569E0
6.991830404E1,-6.032305756E0,6.739135895E0,8.475375366E-1,9.084216269E0
6.992825704E1,-6.028563538E0,6.614445190E0,5.242098999E-1,8.964890380E0
6.993820904E1,-6.031557312E0,6.589147797E0,4.802014160E-1,8.945789272E0
6.994816104E1,-6.036347351E0,6.657405853E0,5.206173706E-1,9.001643432E0
6.995811404E1,-5.929768982E0,6.774163055E0,3.653901672E-1,9.010269433E0
6.996806604E1,-5.769003296E0,6.955885162E0,4.634362793E-1,9.048785035E0
6.997801904E1,-5.537135468E0,7.134613495E0,8.021818542E-1,9.066756566E0
6.998797104E1,-5.412295074E0,7.219786377E0,9.136999512E-1,9.069349530E0
6.999792304E1,-5.421575775E0,7.259304199E0,9.041198730E-1,9.105405762E0
7.000787604E1,-5.497168579E0,7.252568207E0,9.012757874E-1,9.144993495E0
7.001782804E1,-5.646707611E0,7.246281281E0,7.574249268E-1,9.217786706E0
7.002778104E1,-5.756429443E0,7.228618011E0,6.911128235E-1,9.266446742E0
7.003773304E1,-5.829776917E0,7.233258362E0,6.183641052E-1,9.310676645E0
7.004768504E1,-5.924978943E0,7.209158478E0,6.276448059E-1,9.352608162E0
7.005763804E1,-6.036646729E0,7.152875519E0,7.113208008E-1,9.386730485E0
7.006759004E1,-6.258335724E0,7.122039642E0,6.433621216E-1,9.502848495E0
7.007754304E1,-6.339916077E0,7.175927582E0,5.722599792E-1,9.592494670E0
7.008749504E1,-6.297554169E0,7.239994354E0,6.159690857E-1,9.615410791E0
7.009744704E1,-6.273005219E0,7.331154785E0,6.472540283E-1,9.670334158E0
7.010740004E1,-6.228397980E0,7.429051208E0,6.486012268E-1,9.716194049E0
7.011735204E1,-6.155798950E0,7.586374054E0,7.846682739E-1,9.801154845E0
7.012730504E1,-6.113586731E0,7.799830170E0,8.484356689E-1,9.946513785E0
7.013725704E1,-6.018085327E0,8.026009827E0,1.027613068E0,1.008415457E1
7.014720904E1,-5.926176453E0,8.173303528E0,1.175505524E0,1.016387087E1
7.015716204E1,-5.854625244E0,8.329877930E0,1.168320465E0,1.024834015E1
7.016711404E1,-5.836662598E0,8.408464508E0,1.361119537E0,1.032577126E1
7.017706704E1,-5.862409058E0,8.458310852E0,1.611099701E0,1.041664556E1
7.018701904E1,-6.013594666E0,8.442593536E0,1.665586395E0,1.049832770E1
7.019697104E1,-6.216273193E0,8.240064697E0,1.488654327E0,1.042865333E1
7.020692404E1,-6.287974091E0,8.041427765E0,1.503623199E0,1.031814234E1
7.021687604E1,-6.122268677E0,7.841293945E0,1.891766052E0,1.012654153E1
7.022682854E1,-5.849386139E0,7.558382263E0,1.918111267E0,9.748005512E0
7.023678054E1,-5.627697144E0,7.333699493E0,1.565744019E0,9.375802778E0
7.024673254E1,-5.506898346E0,7.118896179E0,1.241069183E0,9.085420459E0
7.025668554E1,-5.507497101E0,6.976242828E0,1.117875366E0,8.958243893E0
7.026663754E1,-5.688171387E0,6.865622864E0,1.106349335E0,8.984212814E0
7.027659054E1,-5.862259369E0,6.916966095E0,1.255289612E0,9.153483319E0
7.028654254E1,-6.031557312E0,7.188351746E0,1.446591797E0,9.494456923E0
7.029649454E1,-6.078260193E0,7.575596466E0,1.581760712E0,9.840572937E0
7.030644754E1,-5.974376221E0,7.891589355E0,1.695075073E0,1.004209307E1
7.031639954E1,-5.762716370E0,8.046517181E0,1.747466125E0,1.005032221E1
7.032635254E1,-5.590574341E0,8.057145081E0,1.585502930E0,9.934079114E0
7.033630454E1,-5.452860718E0,7.965685272E0,1.162033539E0,9.722970421E0
7.034625654E1,-5.330265656E0,7.825127563E0,9.279203796E-1,9.513432061E0
7.035620954E1,-5.261109467E0,7.763156433E0,9.196875000E-1,9.422934560E0
7.036616154E1,-5.261857910E0,7.805817719E0,9.845027161E-1,9.465050688E0
7.037611454E1,-5.393284607E0,7.907456360E0,1.063238983E0,9.630465309E0
7.038606654E1,-5.531147919E0,8.135881348E0,1.038240967E0,9.892628918E0
7.039601854E1,-5.662724304E0,8.326285400E0,1.224154358E0,1.014357082E1
7.040597154E1,-5.795797577E0,8.390052795E0,1.509011993E0,1.030831570E1
7.041592354E1,-5.995931396E0,8.416847076E0,1.511856079E0,1.044414749E1
7.042587654E1,-6.105054474E0,8.574618988E0,1.385818176E0,1.061679203E1
7.043582854E1,-6.140081635E0,8.771908722E0,1.254241791E0,1.078054301E1
7.044578054E1,-6.073470154E0,8.859027557E0,1.189725952E0,1.080670425E1
7.045573354E1,-6.005810852E0,8.752149811E0,9.731263733E-1,1.065912122E1
7.046568554E1,-6.015540619E0,8.547974396E0,6.155200195E-1,1.047059980E1
7.047563854E1,-6.121370544E0,8.408614197E0,2.065704346E-1,1.040281892E1
7.048559054E1,-6.202052765E0,8.508606262E0,-1.169068909E-1,1.052974388E1
7.049554254E1,-6.201753387E0,9.094637604E0,-5.900729370E-1,1.102371826E1
7.050549554E1,-5.688321075E0,1.037791901E1,-4.543052673E-1,1.184333538E1
7.051544754E1,-5.018014984E0,1.106349335E1,2.739303589E-1,1.215139487E1
7.052540054E1,-5.056185608E0,1.051727921E1,4.061054993E-1,1.167660466E1
7.053535254E1,-5.237458649E0,9.566456451E0,3.442840576E-2,1.090638563E1
7.054530454E1,-4.858147430E0,8.863817596E0,-3.020718384E-1,1.011237392E1
7.055525754E1,-4.062402191E0,8.194409637E0,-4.426295471E-1,9.156821598E0
7.056520954E1,-3.101849670E0,7.604336700E0,-5.981561279E-1,8.234391221E0
7.057516254E1,-2.146386566E0,7.328161011E0,-1.058748322E0,7.709076929E0
7.058511454E1,-1.531614990E0,7.488777008E0,-1.692081299E0,7.828841848E0
7.059506654E1,-1.452579346E0,8.257428589E0,-1.907034302E0,8.598365745E0
7.060501954E1,-1.883233795E0,9.336085510E0,-1.647174683E0,9.665518435E0
7.061497154E1,-2.611918488E0,1.009321106E1,-3.209326172E-1,1.043062920E1
7.062492454E1,-3.412154388E0,1.048599426E1,6.379733276E-1,1.104562733E1
7.063487654E1,-4.158352661E0,1.081770447E1,9.144483948E-1,1.162543946E1
7.064482854E1,-4.760849762E0,1.106049957E1,1.045575714E0,1.208691730E1
7.065478154E1,-5.047054596E0,1.092383377E1,1.762135620E0,1.216174438E1
7.066473354E1,-4.963827667E0,1.062310913E1,1.893113251E0,1.187745387E1
7.067468654E1,-4.720284119E0,1.031669632E1,1.258433075E0,1.141485694E1
7.068463854E1,-4.271667023E0,9.961634674E0,8.366102600E-1,1.087111868E1
7.069459054E1,-3.679049377E0,9.796827393E0,6.144721985E-1,1.048288163E1
7.070454354E1,-3.053799591E0,9.640252991E0,4.942721558E-1,1.012444935E1
7.071449554E1,-2.669698334E0,9.407187653E0,7.114704895E-1,9.804522374E0
7.072444854E1,-2.497556305E0,9.197773132E0,1.317709808E0,9.621495582E0
7.073440054E1,-2.558180237E0,9.092991028E0,1.523681488E0,9.568091619E0
7.074435254E1,-2.764750671E0,9.179361420E0,1.153800659E0,9.655867559E0
7.075430554E1,-3.048859863E0,9.164392548E0,1.020877075E0,9.712045471E0
7.076425754E1,-3.326682129E0,8.890761566E0,1.162033539E0,9.563617368E0
7.077421054E1,-3.463647308E0,8.492888947E0,1.437011719E0,9.283911784E0
7.078416254E1,-3.697012024E0,8.011939087E0,1.436862030E0,8.940002144E0
7.079411454E1,-3.770808563E0,7.752977600E0,1.353186035E0,8.726899297E0
7.080406754E1,-3.727099457E0,7.714507599E0,1.336420898E0,8.671269727E0
7.081401954E1,-3.694766693E0,7.777077484E0,1.171613617E0,8.689471421E0
7.082397254E1,-3.616778870E0,7.991132355E0,9.654922485E-1,8.824480777E0
7.083392454E1,-3.491190033E0,8.172255707E0,8.843609619E-1,8.930636343E0
7.084387654E1,-3.410657501E0,8.275091858E0,8.431965637E-1,8.990033943E0
7.085382954E1,-3.297043762E0,8.306227112E0,9.728269958E-1,8.989454865E0
7.086378154E1,-3.174448700E0,8.386160889E0,1.119971008E0,9.036545472E0
7.087373454E1,-3.152594147E0,8.458909607E0,1.173709259E0,9.103273863E0
7.088368654E1,-3.198847961E0,8.588689728E0,1.191522217E0,9.242182898E0
7.089363854E1,-3.212319946E0,8.797206116E0,1.315913544E0,9.457349699E0
7.090359154E1,-3.090623016E0,9.082213440E0,1.544937286E0,9.717272396E0
7.091354354E1,-2.880160675E0,9.343869324E0,1.810784454E0,9.943950915E0
7.092349654E1,-2.611619110E0,9.479487305E0,1.982477417E0,1.003052594E1
7.093344854E1,-2.401306458E0,9.551637268E0,2.110610962E0,1.007247367E1
7.094340054E1,-2.395019531E0,9.424551544E0,2.167342987E0,9.962713786E0
7.095335354E1,-2.510429535E0,9.064999237E0,1.911524963E0,9.598457965E0
7.096330554E1,-2.636467438E0,8.759334869E0,1.707798615E0,9.305561993E0
7.097325754E1,-2.639161835E0,8.627758484E0,1.893712006E0,9.218976993E0
7.098321054E1,-2.541864166E0,8.601413269E0,1.829046478E0,9.153731189E0
7.099316254E1,-2.443368988E0,8.794212341E0,1.667532349E0,9.278409716E0
7.100311554E1,-2.414479065E0,9.167086945E0,1.546883240E0,9.605104891E0
7.101306754E1,-2.528691559E0,9.583520966E0,1.552721100E0,1.003240240E1
7.102301954E1,-2.638563080E0,9.767787781E0,2.064357147E0,1.032633835E1
7.103297254E1,-2.540067902E0,9.714199219E0,2.424807587E0,1.032943867E1
7.104292454E1,-2.343975677E0,9.616751862E0,2.439177704E0,1.019439680E1
7.105287754E1,-2.274370422E0,9.495803375E0,2.185904388E0,1.000605919E1
7.106282954E1,-2.297572174E0,9.413175201E0,1.921853485E0,9.878270400E0
7.107278154E1,-2.385289764E0,9.322014771E0,1.837279358E0,9.796180995E0
7.108273454E1,-2.468666382E0,9.197024689E0,1.750459900E0,9.682132342E0
7.109268654E1,-2.522254944E0,9.107660522E0,1.568737793E0,9.579780188E0
7.110263954E1,-2.536774750E0,9.084309082E0,1.423090668E0,9.538610207E0
7.111259154E1,-2.407294006E0,8.951834564E0,1.528621216E0,9.395056643E0
7.112254354E1,-2.153871002E0,8.842112732E0,1.533111877E0,9.228897545E0
7.113249654E1,-1.945953369E0,8.911717987E0,1.366059265E0,9.223425064E0
7.114244854E1,-2.384092255E0,9.686357117E0,5.128335571E-1,9.988613934E0
7.115240154E1,-3.900588684E0,1.158515854E1,-1.101858673E0,1.227373549E1
7.116235354E1,-5.245092773E0,1.296498917E1,-8.045768738E-1,1.400890025E1
7.117230554E1,-5.932463379E0,1.322619598E1,1.335073700E0,1.455708775E1
7.118225854E1,-6.187532959E0,1.272698410E1,2.583926697E0,1.438535247E1
7.119221054E1,-6.003116455E0,1.169009033E1,1.842219086E0,1.326986776E1
7.120216354E1,-5.617218933E0,1.046219376E1,6.658154297E-1,1.189344176E1
7.121211554E1,-5.309458923E0,9.360634460E0,2.074685669E-1,1.076359024E1
7.122206754E1,-5.110672302E0,8.394543457E0,-6.721023560E-2,9.828115203E0
7.123202017E1,-5.018613739E0,7.636968842E0,-2.999761963E-1,9.143290582E0
7.124197217E1,-4.989873505E0,7.148384857E0,-5.420228577E-1,8.734531037E0
7.125192517E1,-4.945415955E0,6.987619171E0,-5.792953491E-1,8.580183200E0
7.126187717E1,-4.991520081E0,7.002588043E0,-3.198847961E-1,8.605453986E0
7.127182917E1,-5.193001099E0,7.123835907E0,-5.029541016E-2,8.815828269E0
7.128178217E1,-5.578898621E0,7.233258362E0,2.317181396E-1,9.137714684E0
7.129173417E1,-6.079607391E0,7.346273346E0,3.360511780E-1,9.541608276E0
7.130168717E1,-6.477779388E0,7.592810669E0,3.356021118E-1,9.986241958E0
7.131163917E1,-6.685846710E0,7.905510406E0,2.576142883E-1,1.035683379E1
7.132159117E1,-6.551575928E0,8.208031311E0,2.180964661E-1,1.050440342E1
7.133154417E1,-6.245013428E0,8.511600037E0,-2.769241333E-1,1.056050259E1
7.134149617E1,-5.994284821E0,8.778644714E0,-5.740562439E-1,1.064544946E1
7.135144917E1,-5.717510376E0,8.991202698E0,-2.026785278E-1,1.065705069E1
7.136140117E1,-5.427413635E0,9.181157684E0,1.839674377E-1,1.066697329E1
7.137135317E1,-5.304519196E0,9.359287262E0,3.062631226E-1,1.076234078E1
7.138130617E1,-5.328020325E0,9.452992401E0,2.447410583E-1,1.085388244E1
7.139125817E1,-5.426066437E0,9.311536560E0,1.312770081E-1,1.077794710E1
7.140121117E1,-5.669310608E0,9.037007446E0,2.408491516E-1,1.067082915E1
7.141116317E1,-5.833968201E0,8.697513428E0,5.963598633E-1,1.048987940E1
7.142111517E1,-5.793103180E0,8.410111084E0,9.559121704E-1,1.025688944E1
7.143106817E1,-5.666915588E0,8.163124695E0,1.118324432E0,1.000005933E1
7.144102017E1,-5.566773834E0,7.920030212E0,1.092577972E0,9.742154593E0
7.145097317E1,-5.502557373E0,7.674391022E0,9.288185120E-1,9.488789123E0
7.146092517E1,-5.401068420E0,7.550748138E0,7.626640320E-1,9.314880244E0
7.147087717E1,-5.344635773E0,7.478448486E0,6.258485413E-1,9.213251853E0
7.148083017E1,-5.319039001E0,7.421566772E0,4.367916870E-1,9.141259007E0
7.149078217E1,-5.227279816E0,7.347021790E0,5.532495117E-1,9.033784836E0
7.150073517E1,-5.119204559E0,7.380402374E0,6.948550415E-1,9.008852205E0
7.151068717E1,-5.024152222E0,7.502099304E0,7.405101013E-1,9.059357302E0
7.152063917E1,-4.939129028E0,7.691156158E0,8.934919739E-1,9.184073525E0
7.153059217E1,-4.887636108E0,7.945626984E0,9.997709656E-1,9.381978303E0
7.154054417E1,-4.882696381E0,8.183632050E0,8.906478882E-1,9.571092473E0
7.155049617E1,-4.885690155E0,8.352331238E0,7.391629028E-1,9.704523028E0
7.156044917E1,-4.829706573E0,8.425678711E0,7.126679993E-1,9.737865423E0
7.157040117E1,-4.723128204E0,8.463549957E0,7.442523193E-1,9.720778232E0
7.158035417E1,-4.738396454E0,8.367300110E0,7.927514648E-1,9.648448941E0
7.159030617E1,-4.911885681E0,8.195457458E0,9.039701843E-1,9.597359324E0
7.160025817E1,-5.096751251E0,8.079299011E0,9.663903809E-1,9.601346583E0
7.161021117E1,-5.219046936E0,8.097411346E0,8.861572266E-1,9.674285300E0
7.162016317E1,-5.253325653E0,8.181237030E0,7.012916565E-1,9.747916687E0
7.163011617E1,-5.263055420E0,8.299042053E0,5.399272156E-1,9.842020766E0
7.164006817E1,-5.162763977E0,8.481961670E0,3.903881836E-1,9.937313952E0
7.165002017E1,-5.007686462E0,8.601413269E0,2.894979858E-1,9.957160389E0
7.165997317E1,-4.799170074E0,8.615484009E0,2.417472839E-1,9.864939932E0
7.166992517E1,-4.646188202E0,8.574469299E0,1.526824951E-1,9.753558352E0
7.167987817E1,-4.703818359E0,8.431067505E0,7.020401001E-2,9.654726046E0
7.168983017E1,-4.905000000E0,8.248297577E0,1.501377869E-1,9.597706980E0
7.169978217E1,-5.176385651E0,8.197553101E0,4.188290405E-1,9.704136386E0
7.170973517E1,-5.401517487E0,8.394393768E0,4.333488464E-1,9.991497842E0
7.171968717E1,-5.460794220E0,8.707542572E0,2.234852600E-1,1.028063796E1
7.172964017E1,-5.392087097E0,9.301357727E0,2.237846375E-1,1.075360118E1
7.173959217E1,-5.069807281E0,9.910890198E0,7.378157043E-1,1.115674963E1
7.174954417E1,-4.848118286E0,1.030142807E1,9.704319763E-1,1.142652219E1
7.175949717E1,-4.950655060E0,1.052685928E1,3.104544067E-1,1.163701568E1
7.176944917E1,-5.057233429E0,1.081545914E1,-1.254391479E-1,1.194007962E1
7.177940217E1,-4.939428406E0,1.107771378E1,-3.143463135E-2,1.212908420E1
7.178935417E1,-4.958289185E0,1.115495316E1,6.137237549E-2,1.220743127E1
7.179930617E1,-5.033133545E0,1.106139771E1,6.227050781E-2,1.215281161E1
7.180925917E1,-4.876110077E0,1.090811646E1,1.118174744E-1,1.194888937E1
7.181921117E1,-4.480931854E0,1.066262695E1,2.474354553E-1,1.156856033E1
7.182916417E1,-4.025578766E0,1.016311569E1,4.796026611E-1,1.094185650E1
7.183911617E1,-3.580254822E0,9.440268860E0,7.406597900E-1,1.012351113E1
7.184906817E1,-3.195105743E0,8.659342804E0,8.271798706E-1,9.266992233E0
7.185902117E1,-2.865491180E0,7.995173950E0,6.210585022E-1,8.515841700E0
7.186897317E1,-2.553689575E0,7.548502808E0,3.767665100E-1,7.977667459E0
7.187892617E1,-2.276166687E0,7.343878326E0,-2.439926147E-2,7.688568071E0
7.188887817E1,-2.082469482E0,7.361242218E0,-3.478765869E-1,7.658040497E0
7.189883017E1,-2.043101349E0,7.517666931E0,-3.603007507E-1,7.798679109E0
7.190878317E1,-2.169887695E0,7.782166901E0,-2.215393066E-2,8.079048525E0
7.191873517E1,-2.342179413E0,7.973469086E0,2.902464294E-1,8.315422819E0
7.192868717E1,-2.543211365E0,8.212222595E0,5.569917297E-1,8.615031270E0
7.193864017E1,-2.792892151E0,8.476273499E0,5.716612244E-1,8.942832635E0
7.194859217E1,-2.984044647E0,8.840765533E0,3.676354980E-1,9.338030495E0
7.195854517E1,-2.963686981E0,9.345515900E0,1.193019104E-1,9.804914120E0
7.196849717E1,-2.868185577E0,1.005938141E1,-9.550140381E-2,1.046072480E1
7.197844917E1,-2.995870056E0,1.079150894E1,-2.004331970E-1,1.120143188E1
7.198840217E1,-3.177891541E0,1.136002670E1,-9.235794067E-2,1.179651352E1
7.199835417E1,-3.070265350E0,1.163246017E1,2.221380615E-1,1.203287182E1
7.200830717E1,-2.623893585E0,1.153531219E1,7.358697510E-1,1.185283718E1
7.201825917E1,-2.138303375E0,1.121692429E1,1.125808868E0,1.147428331E1
7.202821117E1,-1.896705780E0,1.087174210E1,1.207239532E0,1.110178798E1
7.203816417E1,-1.804946594E0,1.047806076E1,1.233734436E0,1.070372319E1
7.204811617E1,-1.795067139E0,1.012569351E1,1.222208405E0,1.035595136E1
7.205806917E1,-1.862576752E0,9.827513580E0,9.283694458E-1,1.004545097E1
7.206802117E1,-1.985770569E0,9.482930145E0,6.707551575E-1,9.711805258E0
7.207797317E1,-2.040107574E0,9.135802002E0,4.062551880E-1,9.369629684E0
7.208792617E1,-2.023641815E0,8.920549622E0,4.670288086E-2,9.147322718E0
7.209787817E1,-1.769470367E0,8.844208374E0,-8.232879639E-3,9.019485292E0
7.210783117E1,-1.514400787E0,8.949888611E0,-1.679507446E-1,9.078663081E0
7.211778317E1,-1.411864014E0,9.192534027E0,-4.977149963E-1,9.313633128E0
7.212773517E1,-1.468596039E0,9.336085510E0,-5.254074097E-2,9.451033145E0
7.213768817E1,-1.599873047E0,9.213789825E0,7.738906860E-1,9.383625286E0
7.214764017E1,-1.887125702E0,9.062903595E0,1.123114471E0,9.325172980E0
7.215759317E1,-2.337688751E0,8.966204681E0,1.087937622E0,9.329588595E0
7.216754517E1,-2.887345734E0,8.935817871E0,9.889933777E-1,9.442653987E0
7.217749717E1,-3.237767029E0,9.000633087E0,1.025367737E0,9.620078498E0
7.218745017E1,-3.213517456E0,9.114995270E0,1.151555328E0,9.733237533E0
7.219740217E1,-3.004851379E0,9.240733795E0,1.140029297E0,9.783657786E0
7.220735517E1,-2.777923279E0,9.279054108E0,1.140029297E0,9.752813424E0
7.221730717E1,-2.486030273E0,9.157357178E0,1.209933929E0,9.565640445E0
7.222725992E1,-2.121987305E0,8.984766083E0,1.201850739E0,9.309849455E0
7.223721292E1,-1.848955078E0,8.873996429E0,1.119072876E0,9.133387740E0
7.224716492E1,-1.629661102E0,8.849746857E0,1.296154633E0,9.091415268E0
7.225711692E1,-1.464105377E0,8.924441528E0,1.489253082E0,9.165540676E0
7.226706992E1,-1.556613007E0,9.131910095E0,1.436862030E0,9.374401236E0
7.227702192E1,-1.806144104E0,9.426347809E0,1.218466187E0,9.674856556E0
7.228697492E1,-2.114951935E0,9.708211670E0,1.140029297E0,1.000110305E1
7.229692692E1,-2.496957550E0,9.848020935E0,1.213825836E0,1.023189555E1
7.230687892E1,-2.901865540E0,9.889933777E0,1.528920593E0,1.041965508E1
7.231683192E1,-3.234024811E0,9.834998016E0,1.588646393E0,1.047424937E1
7.232678392E1,-3.410507812E0,9.616751862E0,1.515897675E0,1.031559139E1
7.233673692E1,-3.406316528E0,9.367370453E0,1.453028412E0,1.007283044E1
7.234668892E1,-3.240461426E0,9.209149475E0,1.376537476E0,9.859202794E0
7.235664092E1,-3.060834961E0,9.147627411E0,1.332079926E0,9.737670914E0
7.236659392E1,-2.920576630E0,9.184750214E0,1.395697632E0,9.738448347E0
7.237654592E1,-2.826422424E0,9.291178894E0,1.442849579E0,9.818171106E0
7.238649892E1,-2.761158142E0,9.448501740E0,1.528321838E0,9.961623715E0
7.239645092E1,-2.849025421E0,9.707762604E0,1.347198486E0,1.020649521E1
7.240640292E1,-2.878214722E0,1.003992188E1,1.721270599E0,1.058522195E1
7.241635592E1,-2.783012695E0,1.008333160E1,2.598895569E0,1.077835767E1
7.242630792E1,-2.760110321E0,1.021475830E1,2.761158142E0,1.093542365E1
7.243626092E1,-2.858156433E0,1.062849792E1,2.599644012E0,1.130894227E1
7.244621292E1,-3.013683014E0,1.087907684E1,2.744991760E0,1.161772689E1
7.245616492E1,-3.287912750E0,1.090197922E1,2.796784058E0,1.172542205E1
7.246611792E1,-3.626358948E0,1.073492661E1,2.645149384E0,1.163554656E1
7.247606992E1,-3.982468414E0,1.035726196E1,2.184856567E0,1.130957684E1
7.248602292E1,-4.238585815E0,9.945168915E0,1.821412354E0,1.096309890E1
7.249597492E1,-4.148772583E0,9.653126221E0,2.159110107E0,1.072645870E1
7.250592692E1,-3.888463898E0,9.315877533E0,2.496209106E0,1.039888386E1
7.251587992E1,-3.607498169E0,9.050778809E0,1.928140411E0,9.932188355E0
7.252583192E1,-3.244353333E0,8.863218842E0,1.805245972E0,9.609442741E0
7.253578392E1,-2.789449310E0,8.560697937E0,2.158661041E0,9.258854903E0
7.254573692E1,-2.401156769E0,8.222551117E0,2.891686707E0,9.040893358E0
7.255568892E1,-2.134860535E0,7.997269592E0,3.344495087E0,8.927463123E0
7.256564192E1,-2.063758392E0,7.879763947E0,3.334166565E0,8.801502442E0
7.257559392E1,-2.236050110E0,8.089028778E0,3.151845703E0,8.964733013E0
7.258554592E1,-2.610720978E0,8.480614471E0,2.964435425E0,9.355456334E0
7.259549892E1,-2.938090210E0,8.877439270E0,2.953657837E0,9.806395703E0
7.260545092E1,-3.229683838E0,9.059610443E0,2.766996002E0,1.000817995E1
7.261540392E1,-3.448678436E0,8.982520752E0,2.367626495E0,9.908820174E0
7.262535592E1,-3.542832642E0,8.712033234E0,2.148781586E0,9.647198997E0
7.263530792E1,-3.612437897E0,8.515941010E0,1.809437256E0,9.425763737E0
7.264526092E1,-4.031416626E0,8.533454590E0,-1.176553345E0,9.510859321E0
7.265521292E1,-2.447260895E0,9.087452545E0,4.885540466E0,1.060374393E1
7.266516592E1,-2.794239349E0,7.823181610E0,4.783602448E0,9.586073045E0
7.267511792E1,-3.191513214E0,8.177494812E0,1.710942078E0,8.943405436E0
7.268506992E1,-3.116968231E0,8.530909882E0,2.808459778E0,9.506806019E0
7.269502292E1,-3.489244080E0,8.482261047E0,1.910776520E0,9.368812285E0
7.270497492E1,-3.710933075E0,8.415948944E0,2.065704346E0,9.426895319E0
7.271492792E1,-4.156257019E0,8.314909058E0,1.641486511E0,9.439632568E0
7.272487992E1,-4.505780182E0,8.412057037E0,1.265468445E0,9.626326871E0
7.273483192E1,-4.411925354E0,8.614735565E0,2.130519562E0,9.910492813E0
7.274478492E1,-4.845573578E0,8.258775787E0,1.833986206E0,9.749382863E0
7.275473692E1,-4.418960724E0,8.686885529E0,2.212399292E0,9.994193549E0
7.276468892E1,-4.565206604E0,8.519383850E0,2.248174896E0,9.923472320E0
7.277464192E1,-5.159021759E0,8.104895782E0,1.767225037E0,9.768721794E0
7.278459392E1,-5.129233704E0,7.977061615E0,2.274669800E0,9.752777712E0
7.279454692E1,-4.949307861E0,7.873477020E0,2.127675476E0,9.540141070E0
7.280449892E1,-4.807402954E0,7.686964874E0,1.668280792E0,9.218661125E0
7.281445092E1,-4.704866180E0,7.489824829E0,1.441352692E0,8.961625931E0
7.282440392E1,-4.803211670E0,7.309150543E0,1.278940430E0,8.839129631E0
7.283435592E1,-4.906197510E0,7.151378632E0,1.168021088E0,8.750843594E0
7.284430892E1,-4.902305603E0,7.203470306E0,1.147962799E0,8.788651960E0
7.285426092E1,-4.725523224E0,7.238198090E0,1.468895416E0,8.768108979E0
7.286421292E1,-4.667294312E0,7.408992920E0,1.829794922E0,8.945667205E0
7.287416592E1,-4.939129028E0,7.784412231E0,1.956281891E0,9.424389009E0
7.288411792E1,-5.188211060E0,8.313112793E0,2.292931824E0,1.006394131E1
7.289407092E1,-5.458848267E0,8.676557007E0,2.994971924E0,1.067949075E1
7.290402292E1,-5.705984344E0,8.756939850E0,3.568878479E0,1.104441698E1
7.291397492E1,-5.863307190E0,8.852441254E0,3.170706482E0,1.108140185E1
7.292392792E1,-5.912704468E0,9.283694458E0,2.678529968E0,1.132791153E1
7.293387992E1,-5.855673065E0,9.761650543E0,2.620001678E0,1.168088769E1
7.294383292E1,-5.235662384E0,1.008243347E1,2.818937988E0,1.170529951E1
7.295378492E1,-4.880301361E0,1.026265869E1,2.750230865E0,1.169201756E1
7.296373692E1,-4.958887939E0,1.011087433E1,3.224295044E0,1.171394160E1
7.297368992E1,-4.914879456E0,9.625284119E0,3.229534149E0,1.127971743E1
7.298364192E1,-4.662803650E0,9.160949707E0,2.986439667E0,1.070437104E1
7.299359392E1,-4.444407806E0,8.744066620E0,2.870580597E0,1.022016119E1
7.300354692E1,-4.479734344E0,8.295299835E0,2.664608917E0,9.796946455E0
7.301349892E1,-4.666545868E0,7.857909393E0,2.576292572E0,9.495297457E0
7.302345192E1,-4.657414856E0,7.527845764E0,2.718496857E0,9.260140396E0
7.303340392E1,-4.391567688E0,7.335346069E0,2.549348602E0,8.921454310E0
7.304335592E1,-3.906576233E0,7.209607544E0,2.241887970E0,8.500931741E0
7.305330892E1,-3.547323303E0,7.265291748E0,2.364782410E0,8.423785529E0
7.306326092E1,-3.490441589E0,7.545509033E0,2.499651947E0,8.681367917E0
7.307321392E1,-3.705394592E0,7.717950439E0,2.719095612E0,8.982771789E0
7.308316592E1,-3.962559814E0,7.954159241E0,2.955304413E0,9.365060260E0
7.309311792E1,-4.220473480E0,8.250542908E0,2.971919861E0,9.732222887E0
7.310307092E1,-4.356091461E0,8.291407928E0,2.980751495E0,9.828929633E0
7.311302292E1,-4.258045349E0,8.895401917E0,2.381846924E0,1.014555667E1
7.312297592E1,-3.934867401E0,1.020457947E1,2.685715027E0,1.126186880E1
7.313292792E1,-4.077071686E0,8.968300323E0,3.221450958E0,1.036487677E1
7.314287992E1,-4.340523834E0,9.046138458E0,3.197949829E0,1.053089034E1
7.315283292E1,-4.383933563E0,7.870183868E0,3.498075714E0,9.664119272E0
7.316278492E1,-4.125720520E0,8.882977753E0,2.492167511E0,1.010642184E1
7.317273792E1,-4.048181763E0,8.191565552E0,2.984194336E0,9.612228545E0
7.318268992E1,-3.720064087E0,9.791288910E0,1.893562317E0,1.064395573E1
7.319264192E1,-3.679947510E0,8.931177521E0,2.288291473E0,9.926944316E0
7.320259492E1,-3.518583069E0,8.732091522E0,1.830992432E0,9.590744624E0
7.321254692E1,-3.410058746E0,8.649014282E0,1.779499512E0,9.465757615E0
7.322249892E1,-3.508254547E0,8.636290741E0,1.625320129E0,9.462295348E0
7.323245167E1,-3.716770935E0,8.959768066E0,1.694925385E0,9.847060579E0
7.324240367E1,-3.760030975E0,8.038134613E0,1.606908417E0,9.018403165E0
7.325235667E1,-4.220174103E0,7.840395813E0,1.607357483E0,9.047943083E0
7.326230867E1,-4.349056091E0,8.687184906E0,1.493893433E0,9.829200785E0
7.327226067E1,-4.223018188E0,8.084837494E0,1.729054413E0,9.283755118E0
7.328221367E1,-4.228556671E0,7.840246124E0,1.646875305E0,9.058827136E0
7.329216567E1,-4.538711700E0,7.754025421E0,1.219514008E0,9.067084898E0
7.330211867E1,-5.150489502E0,7.429949341E0,7.924520874E-1,9.075222842E0
7.331207067E1,-5.316494293E0,7.700885925E0,1.326391754E0,9.451352850E0
7.332202267E1,-5.374423828E0,7.892487488E0,2.137554932E0,9.784933894E0
7.333197567E1,-5.460644531E0,8.615334320E0,2.233355713E0,1.044176718E1
7.334192767E1,-5.356461182E0,9.123377838E0,2.354004822E0,1.083831344E1
7.335188067E1,-5.129084015E0,9.210945740E0,2.917433167E0,1.093894147E1
7.336183267E1,-4.836741943E0,9.270970917E0,3.199746094E0,1.093541720E1
7.337178467E1,-4.773872681E0,1.002300705E1,3.085982666E0,1.152275226E1
7.338173767E1,-4.951702881E0,1.108010880E1,2.525099030E0,1.239614043E1
7.339168967E1,-4.685706024E0,1.163889679E1,1.696122894E0,1.266082905E1
7.340164167E1,-4.334087219E0,1.094538895E1,1.169368286E0,1.183018484E1
7.341159467E1,-3.988455963E0,9.938582611E0,1.071920929E0,1.076253779E1
7.342154667E1,-3.527265015E0,9.340127106E0,1.545086975E0,1.010281479E1
7.343149967E1,-3.275039520E0,8.746162262E0,1.930984497E0,9.536767760E0
7.344145167E1,-3.366948395E0,8.981023865E0,1.867217102E0,9.771470251E0
7.345140367E1,-3.455863495E0,9.480984192E0,1.767823792E0,1.024486480E1
7.346135667E1,-3.180436249E0,9.794432373E0,1.704355774E0,1.043795520E1
7.347130867E1,-3.145558777E0,1.162527512E1,1.278940430E0,1.211103836E1
7.348126167E1,-2.617007904E0,1.075004517E1,1.728156281E0,1.119815724E1
7.349121367E1,-2.370620270E0,9.878856812E0,2.394420776E0,1.043766752E1
7.350116567E1,-2.642904053E0,8.955726471E0,2.592758331E0,9.690839707E0
7.351111867E1,-2.758314056E0,7.072492676E0,2.668051758E0,8.046548904E0
7.352107067E1,-3.093766479E0,6.242618408E0,2.836750946E0,7.522554855E0
7.353102267E1,-3.382965088E0,6.591991882E0,2.260898438E0,7.746642596E0
7.354097567E1,-3.356021118E0,7.331154785E0,2.304607544E0,8.385697595E0
7.355092767E1,-2.824925537E0,7.785759430E0,2.115401001E0,8.548284950E0
7.356088067E1,-3.354823608E0,7.749235382E0,1.098715210E0,8.515436898E0
7.357083267E1,-3.568878479E0,6.297853546E0,1.041683807E0,7.313341100E0
7.358078467E1,-4.116888885E0,7.204368439E0,7.271878052E-1,8.329495831E0
7.359073767E1,-4.057761841E0,8.350235596E0,7.743397522E-1,9.316193843E0
7.360068967E1,-2.971620483E0,7.579638062E0,1.643582153E0,8.305588705E0
7.361064267E1,-3.192561035E0,8.469238129E0,1.723066864E0,9.213544370E0
7.362059467E1,-3.056793365E0,8.697962494E0,1.823058929E0,9.397982820E0
7.363054667E1,-3.235821075E0,8.936266937E0,1.512604523E0,9.623688339E0
7.364049967E1,-3.447929993E0,9.454189911E0,9.351054382E-1,1.010664882E1
7.365045167E1,-3.492237854E0,9.887688446E0,9.639953613E-1,1.053049833E1
7.366040467E1,-3.445984039E0,9.678124237E0,1.396296387E0,1.036776439E1
7.367035667E1,-3.646566925E0,9.650431824E0,1.532962189E0,1.042968158E1
7.368030867E1,-3.822600861E0,9.743837585E0,1.363664246E0,1.055529386E1
7.369026167E1,-3.845802612E0,8.836723938E0,1.104702759E0,9.700425551E0
7.370021367E1,-3.743415527E0,8.122409363E0,1.339264984E0,9.043247446E0
7.371016567E1,-3.622916107E0,8.516090698E0,1.237776031E0,9.337098661E0
7.372011867E1,-3.378025360E0,8.920699310E0,1.356628876E0,9.634852019E0
7.373007067E1,-3.282523956E0,9.363179169E0,1.511856079E0,1.003642349E1
7.374002367E1,-3.261866913E0,9.919422455E0,1.547631683E0,1.055603531E1
7.374997567E1,-3.186573486E0,1.026580215E1,1.377435608E0,1.083689408E1
7.375992767E1,-3.050057373E0,1.013617172E1,1.363065491E0,1.067252429E1
7.376988067E1,-2.921474762E0,9.843530273E0,1.445993042E0,1.036923328E1
7.377983267E1,-2.803969116E0,9.760303345E0,1.535207520E0,1.027047352E1
7.378978567E1,-2.681224365E0,9.830058289E0,1.589843903E0,1.031244945E1
7.379973767E1,-2.575993195E0,9.920170898E0,1.615740051E0,1.037574805E1
7.380968967E1,-2.576891327E0,9.966424713E0,1.615590363E0,1.042017863E1
7.381964267E1,-2.529589691E0,9.946067047E0,1.534758453E0,1.037682790E1
7.382959467E1,-2.530936890E0,9.942025452E0,1.168919220E0,1.032549678E1
7.383954767E1,-2.585872650E0,1.003842499E1,1.460662537E0,1.046853613E1
7.384949967E1,-2.621648254E0,9.954299927E0,2.012564850E0,1.048863880E1
7.385945167E1,-2.766397247E0,9.702822876E0,1.876048737E0,1.026242098E1
7.386940467E1,-2.638712769E0,1.000339783E1,8.997789001E-1,1.038462206E1
7.387935667E1,-1.193617859E0,1.162078445E1,-1.433568878E0,1.176955711E1
7.388930867E1,-1.828896790E0,1.151061356E1,3.546125793E-1,1.166039613E1
7.389926167E1,-4.723128204E0,8.343349915E0,2.154170380E0,9.826488582E0
7.390921367E1,-5.197042694E0,7.184759216E0,2.666255493E0,9.259532176E0
7.391916667E1,-4.124672699E0,7.644303589E0,2.234403534E0,8.968882951E0
7.392911867E1,-2.765349426E0,8.077353058E0,3.767964478E0,9.332113703E0
7.393907067E1,-2.215093689E0,8.167465668E0,4.249662781E0,9.469623500E0
7.394902367E1,-2.324516144E0,8.948840790E0,3.511398010E0,9.890148774E0
7.395897567E1,-2.426903229E0,9.366172943E0,2.085912323E0,9.897781827E0
7.396892867E1,-2.885399780E0,8.991502075E0,1.204395447E0,9.519622359E0
7.397888067E1,-3.581901398E0,8.518036652E0,1.169368286E0,9.314203574E0
7.398883267E1,-3.934268646E0,8.191116486E0,1.854493561E0,9.274265762E0
7.399878567E1,-3.798500977E0,8.447682953E0,2.241289215E0,9.529707985E0
7.400873767E1,-3.309767303E0,8.955427094E0,2.162253571E0,9.789258120E0
7.401868967E1,-3.055446167E0,8.966204681E0,2.286794586E0,9.744639919E0
7.402864267E1,-3.122955780E0,8.797655182E0,2.313588867E0,9.617914688E0
7.403859467E1,-3.355422363E0,8.727750549E0,2.115850067E0,9.586934358E0
7.404854767E1,-3.486849060E0,8.757239227E0,2.117646332E0,9.660837502E0
7.405849967E1,-3.303929443E0,8.727600861E0,2.508633270E0,9.663343491E0
7.406845167E1,-3.257675629E0,9.502239990E0,2.564916229E0,1.036743992E1
7.407840467E1,-3.077300720E0,1.027927414E1,3.940705261E0,1.143076614E1
7.408835667E1,-2.658321991E0,1.012584320E1,5.942492523E0,1.203796468E1
7.409830967E1,-3.406017151E0,1.023182281E1,1.700463867E0,1.091708424E1
7.410826167E1,-4.097429352E0,1.016955231E1,-2.180964661E-1,1.096614278E1
7.411821367E1,-4.251908112E0,1.008991791E1,7.295828247E-1,1.097348883E1
7.412816667E1,-3.728446655E0,1.017060013E1,1.683249664E0,1.096247011E1
7.413811867E1,-2.801274719E0,9.977501678E0,1.895508270E0,1.053520913E1
7.414807067E1,-2.248923340E0,9.366172943E0,1.776056671E0,9.794755183E0
7.415802367E1,-2.201322327E0,8.968150635E0,1.782792664E0,9.404886787E0
7.416797567E1,-2.294728088E0,8.606652374E0,1.811532898E0,9.089658604E0
7.417792867E1,-2.483335876E0,8.341254272E0,1.711241455E0,8.869714044E0
7.418788067E1,-2.821632385E0,8.246351624E0,1.322799225E0,8.815538679E0
7.419783267E1,-3.115022278E0,8.183482361E0,1.077010345E0,8.822284207E0
7.420778567E1,-2.821033630E0,8.270900574E0,1.593286743E0,8.882825547E0
7.421773767E1,-3.168760529E0,8.847800903E0,1.167572021E0,9.470366864E0
7.422769067E1,-3.947141876E0,8.698112183E0,8.961863708E-1,9.593760188E0
7.423764229E1,-4.259991302E0,8.835526428E0,7.934999084E-1,9.840919432E0
7.424759429E1,-4.174369354E0,9.003327484E0,9.524693298E-1,9.969576878E0
7.425754729E1,-3.934867401E0,8.952283630E0,1.564845886E0,9.903297749E0
7.426749929E1,-3.778891754E0,8.956474915E0,1.899400177E0,9.904856729E0
7.427745129E1,-3.710184631E0,9.109756165E0,1.678309937E0,9.978469403E0
7.428740429E1,-3.745660858E0,9.200916595E0,1.538350983E0,1.005253029E1
7.429735629E1,-3.854185181E0,9.198970642E0,1.105002136E0,1.003478121E1
7.430730929E1,-3.893703003E0,9.166488190E0,6.581813049E-1,9.980913357E0
7.431726129E1,-3.801195374E0,9.190288696E0,7.511380005E-1,9.973700461E0
7.432721329E1,-3.572920074E0,9.264683990E0,1.147962799E0,9.995896453E0
7.433716629E1,-3.037333832E0,9.567204895E0,1.641636200E0,1.017112460E1
7.434711829E1,-2.932701416E0,9.468859406E0,1.467997284E0,1.002073111E1
7.435707129E1,-3.171754303E0,9.294472046E0,1.135688324E0,9.886203717E0
7.436702329E1,-3.576063538E0,9.228159943E0,9.104067993E-1,9.938611920E0
7.437697529E1,-3.939208374E0,9.142537994E0,9.907896423E-1,1.000425048E1
7.438692829E1,-4.044888611E0,9.071884918E0,1.319805450E0,1.002008514E1
7.439688029E1,-3.958368530E0,9.276958466E0,1.671573944E0,1.022373705E1
7.440683229E1,-3.802243195E0,9.611512756E0,2.311642914E0,1.059159685E1
7.441678529E1,-3.840713196E0,9.754615173E0,3.340004425E0,1.100269170E1
7.442673729E1,-4.214036865E0,9.568402405E0,4.590204620E0,1.141851171E1
7.443669029E1,-4.440815277E0,9.317673798E0,3.523223419E0,1.090655714E1
7.444664229E1,-4.563709717E0,8.390352173E0,-3.908372498E-1,9.559195035E0
7.445659429E1,-4.793332214E0,7.040309601E0,-8.270301819E-1,8.557217533E0
7.446654729E1,-4.750521240E0,7.030879211E0,2.544708252E-3,8.485323860E0
7.447649929E1,-4.701273651E0,8.086783447E0,9.792636108E-1,9.405158036E0
7.448645229E1,-4.787943420E0,8.458161163E0,2.733316040E0,1.009633146E1
7.449640429E1,-5.264402618E0,8.619675293E0,3.445085907E0,1.067152070E1
7.450635629E1,-6.009403381E0,9.080267487E0,3.786974945E0,1.152845895E1
7.451630929E1,-6.816075897E0,9.633516998E0,3.669618988E0,1.235838355E1
7.452626129E1,-7.090455322E0,1.018841309E1,2.633174286E0,1.268904743E1
7.453621429E1,-6.800957336E0,1.058643539E1,2.299817505E0,1.279119993E1
7.454616629E1,-6.142776031E0,1.090811646E1,1.809886322E0,1.264896796E1
7.455611829E1,-6.247558136E0,9.965825958E0,9.235794067E-1,1.179841806E1
7.456607129E1,-6.630162506E0,9.140292664E0,6.611750793E-1,1.131110770E1
7.457602329E1,-5.897885284E0,9.546996918E0,7.780819702E-1,1.124880494E1
7.458597529E1,-4.593348083E0,9.778715057E0,8.873547363E-1,1.084018050E1
7.459592829E1,-3.292104034E0,8.981472931E0,1.061891785E0,9.624573712E0
7.460588029E1,-2.527344360E0,9.433383179E0,2.121089172E0,9.993758402E0
7.461583329E1,-1.538051605E0,9.496102753E0,3.647914124E0,1.028828692E1
7.462578529E1,-1.316212921E0,8.153544617E0,5.255121918E0,9.789229420E0
7.463573729E1,-1.616787872E0,6.330635376E0,4.998256073E0,8.226391132E0
7.464569029E1,-1.843566284E0,5.850134583E0,2.764600983E0,6.727988546E0
7.465564229E1,-1.132993927E0,7.476801910E0,1.014290771E0,7.629877313E0
7.466559529E1,-6.725514221E-1,8.509803772E0,2.784210205E-2,8.536384530E0
7.467554729E1,-2.047741699E-1,9.708660736E0,-1.571731567E0,9.837192987E0
7.468549929E1,4.665797424E-1,1.065604065E1,-2.607577515E0,1.098036245E1
7.469545229E1,1.079704742E0,1.074256073E1,-3.053350525E0,1.122013025E1
7.470540429E1,-5.351371765E-1,1.088251968E1,-1.549727325E0,1.100532877E1
7.471535629E1,-2.872526550E-1,7.970924377E0,-3.759581909E0,8.817743796E0
7.472530929E1,2.437680817E0,7.129224701E0,-3.383563843E0,8.259336346E0
7.473526129E1,4.731959839E0,7.436835022E0,-3.087778931E0,9.339825362E0
7.474521429E1,4.826862488E0,7.348368988E0,-5.358706512E0,1.029625484E1
7.475516629E1,4.453239441E0,8.016729126E0,-4.775668945E0,1.033955034E1
7.476511829E1,5.135221252E0,9.107211456E0,-5.961353302E0,1.203534507E1
7.477507129E1,5.600004730E0,1.047102539E1,-6.841972046E0,1.370456155E1
7.478502329E1,5.870941315E0,1.024499542E1,-2.194885712E0,1.201022091E1
7.479497629E1,5.779331818E0,5.736520844E0,-3.202440491E0,8.750084156E0
7.480492829E1,6.999594269E0,3.105442200E0,-3.564238129E0,8.446412530E0
7.481488029E1,8.739575958E0,5.056335297E0,-2.421364746E0,1.038314605E1
7.482483329E1,8.417445831E0,4.941673737E0,-2.226470032E0,1.001152848E1
7.483478529E1,6.330485687E0,6.837032318E0,-2.233206024E0,9.581610987E0
7.484473729E1,4.245022430E0,7.264094238E0,-4.361180878E0,9.476664982E0
7.485469029E1,4.854704590E0,7.082970886E0,-4.172423401E0,9.547028347E0
7.486464229E1,6.490502930E0,6.935377808E0,-3.100951538E0,9.992096580E0
7.487459529E1,7.649842072E0,5.817352753E0,-2.332898712E0,9.889595197E0
7.488454729E1,8.312064972E0,4.755161591E0,-1.576072540E0,9.704946703E0
7.489449929E1,7.892786865E0,3.313210144E0,-6.718029785E-1,8.586312666E0
7.490445229E1,6.670578461E0,1.858235779E0,7.897576904E-1,6.969460124E0
7.491440429E1,5.635930023E0,1.009351044E0,1.241967316E0,5.858752390E0
7.492435729E1,5.590274963E0,1.705702972E0,1.078956299E0,5.943462248E0
7.493430929E1,6.221063232E0,2.833008728E0,-1.755848694E-1,6.838011132E0
7.494426129E1,6.894363098E0,3.999532928E0,-1.376537476E0,8.088470906E0
7.495421429E1,7.833659821E0,5.046605530E0,-5.655239868E-1,9.335645181E0
7.496416629E1,7.766898651E0,4.129462738E0,7.035369873E-1,8.824519333E0
7.497411929E1,8.223149872E0,3.217708740E0,1.575174408E0,8.969672110E0
7.498407129E1,8.841064911E0,3.086431732E0,2.413431244E0,9.670322640E0
7.499402329E1,9.388925629E0,2.471211090E0,2.339035950E0,9.986485763E0
7.500397629E1,1.208242447E1,4.162843323E-1,2.988684998E0,1.245353411E1
7.501392829E1,9.375154266E0,1.399589539E0,1.576521606E0,9.609255370E0
7.502388029E1,7.832013245E0,3.682492218E0,1.624421997E0,8.805675853E0
7.503383329E1,8.929381256E0,2.996319122E0,2.962639160E0,9.873652247E0
7.504378529E1,8.007149048E0,3.270099792E0,2.343975677E0,8.961150066E0
7.505373829E1,7.667205963E0,3.447480927E0,2.023641815E0,8.646750732E0
7.506369029E1,8.580456848E0,2.898572388E0,2.790048065E0,9.476831212E0
7.507364229E1,8.408015442E0,2.254461823E0,2.730771332E0,9.123290736E0
7.508359529E1,8.713081055E0,2.865491180E0,2.382595367E0,9.476580705E0
7.509354729E1,8.999435577E0,4.150419159E0,5.723198547E0,1.144424840E1
7.510350029E1,9.377399597E0,5.786516876E0,8.266409912E0,1.377508380E1
7.511345229E1,9.575288086E0,6.735693054E0,9.413773956E0,1.502247792E1
7.512340429E1,9.680818634E0,7.412435760E0,1.050455566E1,1.609372993E1
7.513335729E1,5.531147919E0,1.063119232E1,4.185895386E0,1.269399731E1
7.514330929E1,8.577163696E-2,8.052654419E0,1.450783081E0,8.182748408E0
7.515326129E1,-1.460662537E0,4.586462402E-1,4.468807068E0,4.723783233E0
7.516321429E1,3.787124634E-1,-2.173330536E0,3.132236481E0,3.831147885E0
7.517316629E1,4.505780182E0,-2.345173187E0,6.643784180E0,8.363119068E0
7.518311929E1,6.555467834E0,-8.632548523E-1,9.430988159E0,1.151793841E1
7.519307129E1,4.808600464E0,-2.213896179E-1,9.828711090E0,1.094418629E1
7.520302329E1,6.198759613E0,6.373745728E-1,9.644893341E0,1.148280604E1
7.521297629E1,7.327262878E0,1.615889740E0,9.424551544E0,1.204666148E1
7.522292829E1,6.892566833E0,1.598226471E0,9.097631378E0,1.152513350E1
7.523288217E1,6.807693329E0,1.388811951E0,9.238787842E0,1.155978754E1
7.524283417E1,5.842799835E0,2.251168671E0,6.876250763E0,9.299940583E0
7.525278617E1,5.315745850E0,3.035238190E0,5.553900604E0,8.265327382E0
7.526273917E1,5.488187256E0,3.844904480E0,5.717510376E0,8.808712432E0
7.527269117E1,5.225184174E0,5.021457825E0,4.342170410E0,8.448196979E0
7.528264317E1,5.250182190E0,6.162385254E0,4.323609009E0,9.177853774E0
7.529259617E1,5.551505585E0,6.196514282E0,6.881489868E0,1.079680074E1
7.530254817E1,5.771098938E0,4.990921326E0,7.817343750E0,1.092363227E1
7.531250117E1,5.398673401E0,4.324956207E0,6.527925110E0,9.511294703E0
7.532245317E1,4.887785797E0,4.585115204E0,6.414311371E0,9.276697785E0
7.533240517E1,4.849166107E0,4.000131683E0,6.442452850E0,9.001147935E0
7.534235817E1,4.356989594E0,3.926035767E0,4.168980560E0,7.195659391E0
7.535231017E1,4.758903809E0,3.671564941E0,2.972219238E0,6.705344270E0
7.536226317E1,7.492519226E0,4.357139282E0,6.919361115E0,1.109053945E1
7.537221517E1,1.181523010E1,6.739884338E0,1.268177811E1,1.859712879E1
7.538216717E1,1.194515991E1,7.462132416E0,1.030591873E1,1.745228428E1
7.539212017E1,1.116947296E1,7.315886536E0,9.662855988E0,1.648181143E1
7.540207217E1,1.070483917E1,6.327342224E0,1.045725403E1,1.624755376E1
7.541202417E1,1.046204407E1,4.685406647E0,1.078118042E1,1.573662139E1
7.542197717E1,9.103918304E0,4.328099670E0,9.357191620E0,1.375393799E1
7.543192917E1,7.391778717E0,3.028502197E0,8.700656891E0,1.181150492E1
7.544188217E1,6.071374512E0,3.080593872E-1,9.452842712E0,1.123889338E1
7.545183417E1,6.426436157E0,-1.473685455E0,1.019889130E1,1.214447258E1
7.546178617E1,7.421417084E0,-1.138083344E0,1.018182678E1,1.265078108E1
7.547173917E1,8.184530182E0,-1.246907043E-1,8.547225952E0,1.183457450E1
7.548169117E1,8.065078583E0,7.837701416E-1,8.345595245E0,1.163222886E1
7.549164417E1,7.028184814E0,1.058299255E-1,9.900262299E0,1.214173692E1
7.550159617E1,5.995332642E0,1.125359802E0,9.507928162E0,1.129651035E1
7.551154817E1,5.954168243E0,3.093167725E0,7.263196106E0,9.888064710E0
7.552150117E1,5.868695984E0,4.688250732E0,6.111940155E0,9.683857699E0
7.553145317E1,5.498964844E0,4.817881165E0,7.579937439E0,1.053119389E1
7.554140517E1,6.647227020E0,5.222639465E0,7.817942505E0,1.151441770E1
7.555135817E1,6.596632233E0,6.349795532E0,6.286926270E0,1.110679531E1
7.556131017E1,5.458399200E0,6.111640778E0,3.748804321E0,9.011093644E0
7.557126317E1,4.990472260E0,5.523513794E0,5.710924072E0,9.382359605E0
7.558121517E1,4.472399597E0,5.161416779E0,6.401587830E0,9.360710874E0
7.559116717E1,3.865561523E0,5.035827942E0,7.214696960E0,9.610097876E0
7.560112017E1,2.943928070E0,4.864284668E0,8.438701630E0,1.017544412E1
7.561107217E1,2.208357697E0,4.385430450E0,8.829089813E0,1.010255764E1
7.562102517E1,1.737436981E0,3.791166229E0,9.535620575E0,1.040767449E1
7.563097717E1,1.569037170E0,3.397335205E0,9.798473969E0,1.048874903E1
7.564092917E1,1.728006592E0,3.345393219E0,8.534053345E0,9.327793365E0
7.565088217E1,1.963766327E0,3.583098907E0,6.907535706E0,8.025523378E0
7.566083417E1,2.092947693E0,3.941753082E0,5.877976685E0,7.380274880E0
7.567078617E1,2.647993469E0,3.731141052E0,6.291267242E0,7.779031204E0
7.568073917E1,3.535946960E0,3.769311676E0,6.232888641E0,8.096884106E0
7.569069117E1,4.802463226E0,3.960015106E0,4.780159607E0,7.848267232E0
7.570064417E1,5.333109741E0,3.945345612E0,4.994663544E0,8.303883153E0
7.571059617E1,5.341941376E0,3.671115875E0,8.192164307E0,1.044629051E1
7.572054817E1,4.471202087E0,3.276087341E0,1.029409332E1,1.169156763E1
7.573050117E1,2.414778442E0,2.535726929E0,9.103918304E0,9.754096292E0
7.574045317E1,1.112935638E0,6.936575317E-1,1.243613892E1,1.250509247E1
7.575040617E1,3.107537842E-1,-5.638774109E-1,1.500958740E1,1.502338975E1
7.576035817E1,-1.043330383E-1,-7.855664063E-1,1.398122589E1,1.400366657E1
7.577031017E1,-2.323168945E-1,-3.793112183E-1,1.188423660E1,1.189255766E1
7.578026317E1,-1.013392639E-1,5.261558533E-1,1.077968353E1,1.079299248E1
7.579021517E1,1.324745178E-1,8.126600647E-1,9.697583771E0,9.732476400E0
7.580016717E1,-4.813989258E-1,1.445394287E0,8.537196808E0,8.672060822E0
7.581012017E1,-1.234931946E0,2.882705383E0,9.425449677E0,9.933486238E0
7.582007217E1,-1.313069458E0,4.107009430E0,1.076920532E1,1.160032160E1
7.583002517E1,-9.361532593E-1,3.999981995E0,1.177271851E1,1.246888687E1
7.583997717E1,-1.519340515E-1,3.292253723E0,1.217747681E1,1.261558401E1
7.584992917E1,1.306782532E-1,2.777025146E0,1.178169983E1,1.210526317E1
7.585988217E1,-7.753875732E-2,2.247725830E0,1.076037369E1,1.099290342E1
7.586983417E1,-1.149609375E-1,1.947150879E0,8.843908997E0,9.056452887E0
7.587978717E1,-7.171586609E-1,1.356479187E0,7.765102386E0,7.915249042E0
7.588973917E1,-1.356628876E0,4.694238281E-1,7.623347168E0,7.757333477E0
7.589969117E1,-1.374441833E0,-1.812730408E-1,7.817343750E0,7.939320725E0
7.590964417E1,-6.737489319E-1,9.175918579E-2,8.808283081E0,8.834489697E0
7.591959617E1,4.775070190E-2,1.246457977E0,1.028586044E1,1.036121917E1
7.592954817E1,3.803590393E-1,2.495909729E0,1.051712952E1,1.081592583E1
7.593950117E1,7.846682739E-1,2.946173401E0,1.021760239E1,1.066278765E1
7.594945317E1,1.132993927E0,2.704875183E0,8.857979736E0,9.330800073E0
7.595940617E1,9.722282410E-1,2.459385681E0,7.186256104E0,7.657420092E0
7.596935817E1,5.300477600E-1,2.379751282E0,6.815327454E0,7.238290896E0
7.597931017E1,-1.246907043E-1,1.001118164E0,1.050530411E1,1.055363443E1
7.598926317E1,-9.123527527E-1,7.288343811E-1,1.250843857E1,1.256282701E1
7.599921517E1,-3.489244080E-1,1.414558411E0,1.272369095E1,1.280683548E1
7.600916817E1,4.257147217E-1,2.216291199E0,1.195024933E1,1.216148176E1
7.601912017E1,1.122665405E0,3.113226013E0,1.054586975E1,1.105295990E1
7.602907217E1,1.557810516E0,3.913611603E0,9.262288971E0,1.017512292E1
7.603902517E1,1.413211212E0,4.356390839E0,8.266559601E0,9.450466375E0
7.604897717E1,8.893006897E-1,4.220024414E0,7.802374878E0,8.914960208E0
7.605892917E1,-3.951782227E-2,3.717220001E0,7.319179688E0,8.209121603E0
7.606888217E1,-8.629554749E-1,2.828817444E0,6.840325470E0,7.452311911E0
7.607883417E1,-1.542991333E0,1.876946869E0,6.986721039E0,7.397163151E0
7.608878717E1,-1.941612396E0,1.270408173E0,8.095615082E0,8.421566314E0
7.609873917E1,-1.878743134E0,9.045689392E-1,9.425000610E0,9.652904083E0
7.610869117E1,-1.335073700E0,8.373587036E-1,1.032328262E1,1.044288061E1
7.611864417E1,-5.894741821E-1,1.191821594E0,1.070019882E1,1.078249384E1
7.612859617E1,-3.170407104E-1,1.857487335E0,1.026220963E1,1.043377786E1
7.613854917E1,-1.591191101E-1,2.651286621E0,9.490115204E0,9.854792044E0
7.614850117E1,6.137237549E-2,3.049907684E0,9.256451111E0,9.746157736E0
7.615845317E1,1.652563477E-1,3.147055664E0,9.746232605E0,1.024306199E1
7.616840617E1,1.190025330E-1,2.923869781E0,1.034902908E1,1.075479331E1
7.617835817E1,-1.875599670E-1,2.390229492E0,1.061577438E1,1.088315402E1
7.618831017E1,-5.776487732E-1,1.917961578E0,1.047476761E1,1.066456803E1
7.619826317E1,-8.499325562E-1,1.896855469E0,1.006491989E1,1.027730794E1
7.620821517E1,-1.176703033E0,2.271526337E0,9.723030853E0,1.005394405E1
7.621816817E1,-1.523681488E0,2.788850555E0,9.646539917E0,1.015652623E1
7.622812017E1,-1.841021576E0,3.295995941E0,9.672286377E0,1.038297036E1
7.623807179E1,-1.977687378E0,3.338806915E0,9.890233154E0,1.062429249E1
7.624802479E1,-1.851350098E0,3.064876556E0,9.948611755E0,1.057335526E1
7.625797679E1,-1.779050446E0,2.664908295E0,9.789941711E0,1.030095701E1
7.626792979E1,-1.971250763E0,2.319127350E0,9.489067383E0,9.965268739E0
7.627788179E1,-2.274669800E0,2.216291199E0,8.951235809E0,9.497930927E0
7.628783379E1,-2.407144318E0,2.244732056E0,8.535101166E0,9.147738391E0
7.629778679E1,-2.524051208E0,2.387086029E0,8.174351349E0,8.881949909E0
7.630773879E1,-2.439776459E0,2.322420502E0,8.153993683E0,8.822344311E0
7.631769079E1,-2.193688202E0,2.217788086E0,8.362360382E0,8.925240786E0
7.632764379E1,-2.090702362E0,2.292033691E0,8.519832916E0,9.067083750E0
7.633759579E1,-2.142794037E0,2.659519501E0,8.641230469E0,9.291688451E0
7.634754879E1,-2.242935791E0,3.003055115E0,8.705297241E0,9.477937594E0
7.635750079E1,-2.335892487E0,3.135978699E0,8.639583893E0,9.483309863E0
7.636745279E1,-2.432292023E0,3.197800140E0,8.529263306E0,9.428165397E0
7.637740579E1,-2.607128448E0,3.247047729E0,8.366851044E0,9.345835120E0
7.638735779E1,-2.715353394E0,3.085234222E0,8.259224854E0,9.225324354E0
7.639731079E1,-2.600392456E0,2.666554871E0,8.510851593E0,9.290164188E0
7.640726279E1,-2.407443695E0,2.287243652E0,8.929231567E0,9.526722682E0
7.641721479E1,-2.141147461E0,2.368374939E0,9.421557770E0,9.947837107E0
7.642716779E1,-1.875150604E0,2.810705109E0,9.872120819E0,1.043431945E1
7.643711979E1,-1.804647217E0,3.316203918E0,9.966724091E0,1.065783980E1
7.644707179E1,-1.928140411E0,3.662134552E0,9.677824860E0,1.052564720E1
7.645702479E1,-2.198478241E0,3.663930817E0,9.305099945E0,1.023926660E1
7.646697679E1,-2.341730347E0,3.469036102E0,9.029223633E0,9.952124995E0
7.647692979E1,-2.362237701E0,3.161126404E0,8.874295807E0,9.712158008E0
7.648688179E1,-2.305954742E0,2.903961182E0,8.916807404E0,9.657115102E0
7.649683379E1,-2.214644623E0,2.956651611E0,8.917555847E0,9.652421553E0
7.650678679E1,-2.150428162E0,3.154689789E0,9.032965851E0,9.806675329E0
7.651673879E1,-2.252216492E0,3.457959137E0,8.987161102E0,9.889338967E0
7.652669179E1,-2.365081787E0,3.674259338E0,8.809480591E0,9.833653534E0
7.653664379E1,-2.344275055E0,3.622616730E0,8.840466156E0,9.837317691E0
7.654659579E1,-2.265389099E0,3.456462250E0,8.886420593E0,9.800387238E0
7.655654879E1,-2.191442871E0,3.262914734E0,8.840166779E0,9.674584389E0
7.656650079E1,-2.198328552E0,3.157833252E0,8.728948059E0,9.539344500E0
7.657645379E1,-2.303709412E0,3.220852203E0,8.631201324E0,9.496241481E0
7.658640579E1,-2.461032257E0,3.342549133E0,8.451724548E0,9.415995025E0
7.659635779E1,-2.586920471E0,3.454216919E0,8.194409637E0,9.261323953E0
7.660631079E1,-2.578837280E0,3.451522522E0,8.034841461E0,9.117131498E0
7.661626279E1,-2.402503967E0,3.323688354E0,8.101902008E0,9.080734868E0
7.662621479E1,-2.206411743E0,3.115621033E0,8.435408478E0,9.259128652E0
7.663616779E1,-2.183509369E0,3.162922668E0,8.765172729E0,9.570791292E0
7.664611979E1,-2.343975677E0,3.449127502E0,8.907377014E0,9.835246198E0
7.665607279E1,-2.420765991E0,3.644321594E0,8.981023865E0,9.989993870E0
7.666602479E1,-2.354453888E0,3.740571442E0,9.062005463E0,1.008242386E1
7.667597679E1,-2.283351746E0,3.732637939E0,9.056916046E0,1.005852919E1
7.668592979E1,-2.208956451E0,3.554358673E0,9.073830872E0,9.992365129E0
7.669588179E1,-2.226020966E0,3.385210419E0,9.066047058E0,9.930157510E0
7.670583479E1,-2.267634430E0,3.308120728E0,8.993148651E0,9.846956449E0
7.671578679E1,-2.304607544E0,3.413800964E0,8.921298065E0,9.826230820E0
7.672573879E1,-2.406844940E0,3.632795563E0,8.851094055E0,9.865696739E0
7.673569179E1,-2.494861908E0,3.756737823E0,8.808582458E0,9.895885000E0
7.674564379E1,-2.547702026E0,3.829486542E0,8.689879303E0,9.832077862E0
7.675559579E1,-2.549049225E0,3.722608795E0,8.640032959E0,9.747083550E0
7.676554879E1,-2.399809570E0,3.371738434E0,8.816815338E0,9.739812049E0
7.677550079E1,-2.336042175E0,3.115920410E0,9.083560638E0,9.883173929E0
7.678545379E1,-2.312840424E0,3.093167725E0,9.237141266E0,1.001207751E1
7.679540579E1,-2.344275055E0,3.163371735E0,9.344019012E0,1.013968627E1
7.680535779E1,-2.509082336E0,3.314557343E0,9.408085785E0,1.028561436E1
7.681531079E1,-2.644700317E0,3.569327545E0,9.335636444E0,1.033869657E1
7.682526279E1,-2.706970825E0,3.759282532E0,8.937614136E0,1.006681889E1
7.683521579E1,-2.606080627E0,3.712729340E0,8.413553925E0,9.558446789E0
7.684516779E1,-2.839894409E0,3.515888672E0,7.855214996E0,9.062608678E0
7.685511979E1,-3.226839752E0,3.231031036E0,7.135811005E0,8.471827137E0
7.686507279E1,-3.405867462E0,2.877017212E0,7.106771393E0,8.389479176E0
7.687502479E1,-3.367397461E0,2.861449585E0,7.586224365E0,8.779411114E0
7.688497679E1,-3.327879639E0,3.099454651E0,7.977660370E0,9.182835455E0
7.689492979E1,-3.336411896E0,3.274141388E0,8.183781738E0,9.424750910E0
7.690488179E1,-3.261717224E0,3.310815125E0,8.362510071E0,9.567228999E0
7.691483479E1,-3.138822784E0,3.403472443E0,8.760831757E0,9.908986134E0
7.692478679E1,-2.955603790E0,3.614982605E0,9.186995544E0,1.030556064E1
7.693473879E1,-2.671344910E0,3.550167389E0,9.248966675E0,1.026075809E1
7.694469179E1,-2.328258362E0,3.283272400E0,9.214987335E0,1.005567781E1
7.695464379E1,-2.249971161E0,3.110681305E0,9.248218231E0,1.001340346E1
7.696459679E1,-2.202519836E0,3.199596405E0,9.555529175E0,1.031487511E1
7.697454879E1,-2.040107574E0,3.408112793E0,1.000085312E1,1.076077761E1