"Time (s)","Acceleration x (m/s^2)","Acceleration y (m/s^2)","Acceleration z (m/s^2)","Absolute acceleration (m/s^2)"
1.809999812E-4,-2.507735138E0,7.396419067E0,6.535110168E0,1.018348739E1
1.013399998E-2,-2.248324585E0,7.189249878E0,5.550457764E0,9.356701269E0
2.008699998E-2,-1.634451141E0,7.480544128E0,5.119653625E0,9.210907894E0
3.004099999E-2,-1.208137665E0,7.638316040E0,5.889652405E0,9.720672507E0
3.999399999E-2,-9.196875000E-1,7.889493713E0,6.497687988E0,1.026206048E1
4.994800000E-2,-1.109492798E0,8.263116760E0,6.988068237E0,1.087856473E1
5.990100000E-2,-1.737287292E0,8.451125793E0,7.570207672E0,1.147814177E1
6.985500001E-2,-2.337988129E0,8.512049103E0,7.629334717E0,1.166738688E1
7.980800001E-2,-2.292782135E0,8.200846252E0,7.043752441E0,1.105102609E1
8.976200002E-2,-1.813478851E0,7.608827362E0,6.089636536E0,9.912952764E0
9.971500002E-2,-1.527423706E0,8.178093567E0,5.292993164E0,9.860528089E0
1.096690000E-1,-1.855391693E0,8.424930267E0,4.990172882E0,9.966130329E0
1.196220000E-1,-2.071242828E0,7.788603516E0,5.164709930E0,9.572179493E0
1.295750000E-1,-1.474882965E0,7.805518341E0,5.414241028E0,9.613292997E0
1.395289999E-1,-1.139729919E0,8.072413330E0,5.473966827E0,9.819732893E0
1.494819999E-1,-1.052611084E0,7.699239349E0,5.235512695E0,9.369998390E0
1.594359999E-1,-9.205856323E-1,7.662415924E0,5.249583435E0,9.333714263E0
1.693889999E-1,-5.730084229E-1,7.413483582E0,5.274731140E0,9.116516115E0
1.793429999E-1,2.148033142E-1,7.126230927E0,5.445376282E0,8.971144327E0
1.892959999E-1,1.193019104E0,6.748715973E0,5.818699951E0,8.990313175E0
1.992499999E-1,1.728455658E0,5.959706726E0,6.506070557E0,8.990807378E0
2.092029999E-1,2.021845551E0,5.347030792E0,6.618337097E0,8.745340683E0
2.191570000E-1,1.100062408E0,5.292693787E0,7.455097046E0,9.208757614E0
2.291100000E-1,8.837622070E-1,6.190826111E0,6.982080688E0,9.373196590E0
2.390630000E-1,3.101550293E-1,5.835165710E0,6.539301453E0,8.769710286E0
2.490170000E-1,8.563691711E-1,5.172044678E0,6.999145203E0,8.744795474E0
2.589700000E-1,2.126178589E0,5.732179871E0,5.104834442E0,7.964788518E0
2.689240000E-1,1.484163666E0,5.962850189E0,5.486241302E0,8.237546224E0
2.788770000E-1,-3.492237854E-1,5.507048035E0,5.984105988E0,8.139966817E0
2.888310000E-1,1.554517365E0,6.088588715E0,5.324427795E0,8.236320059E0
2.987840000E-1,1.497785339E0,6.502777405E0,5.765410767E0,8.818698102E0
3.087380000E-1,2.646496582E-1,6.564000092E0,6.377338257E0,9.155685659E0
3.186910000E-1,-4.954696655E-1,7.261848907E0,6.722071381E0,9.907884910E0
3.286450000E-1,-1.572779388E0,7.567812653E0,7.299869843E0,1.063172249E1
3.385985000E-1,-1.650467834E0,6.755601654E0,7.884404297E0,1.051313602E1
3.485515000E-1,-1.237177277E0,6.496490479E0,8.189769287E0,1.052650546E1
3.585055000E-1,-8.608598328E-1,6.277944946E0,8.582552490E0,1.066835881E1
3.684585000E-1,-4.872367859E-1,5.878874817E0,8.982820129E0,1.074660999E1
3.784125000E-1,-2.710862732E-1,5.928122406E0,9.379046173E0,1.109876706E1
3.883655000E-1,-1.679507446E-1,6.031108246E0,9.492061157E0,1.124729741E1
3.983195000E-1,-1.137634277E-2,5.946683807E0,9.313931580E0,1.105045244E1
4.082725000E-1,2.218386841E-1,5.829926605E0,9.008267212E0,1.073248037E1
4.182264999E-1,2.758763123E-1,5.558540955E0,9.057814178E0,1.063096811E1
4.281794999E-1,-1.505868530E-1,5.430856476E0,8.882977753E0,1.041269284E1
4.381334999E-1,-9.955796814E-1,5.675896912E0,8.532257080E0,1.029594073E1
4.480864999E-1,-2.032922516E0,6.234086151E0,8.469986572E0,1.071154875E1
4.580404999E-1,-2.542013855E0,6.784641266E0,8.169411621E0,1.091936252E1
4.679934999E-1,-1.718725891E0,6.619983673E0,7.960895233E0,1.049543022E1
4.779464999E-1,-2.344125366E-1,5.873486023E0,8.363408203E0,1.022249402E1
4.879005000E-1,3.987707520E-1,5.425467682E0,8.637787628E0,1.020813856E1
4.978535000E-1,-1.151106262E-1,5.428012390E0,8.780740356E0,1.032366070E1
5.078075000E-1,-1.138083344E0,5.571264496E0,8.703950043E0,1.039677681E1
5.177605000E-1,-1.514251099E0,5.544170837E0,8.292904816E0,1.008975009E1
5.277145000E-1,-1.358574829E0,5.558990021E0,8.225544891E0,1.002036349E1
5.376675000E-1,-1.002914429E0,5.711672516E0,8.465795288E0,1.026151695E1
5.476215000E-1,-3.619473267E-1,5.887257385E0,8.799601135E0,1.059357284E1
5.575745000E-1,2.200424194E-1,6.044430542E0,8.963659973E0,1.081345270E1
5.675285000E-1,3.047662354E-1,6.336323547E0,9.005273438E0,1.101529973E1
5.774815000E-1,-5.149291992E-2,6.632707214E0,8.806337128E0,1.102483697E1
5.874345000E-1,-3.481759644E-1,6.634054413E0,8.459059296E0,1.075581650E1
5.973885000E-1,-7.023394775E-1,6.482569427E0,8.121062164E0,1.041482779E1
6.073415000E-1,-6.632707214E-1,6.081553345E0,7.957452393E0,1.003724403E1
6.172955000E-1,-6.960525513E-2,5.605842590E0,8.237070923E0,9.963917574E0
6.272485000E-1,3.071612549E-1,5.577401733E0,8.565937042E0,1.022629139E1
6.372025000E-1,3.749702454E-1,5.950725403E0,8.894503784E0,1.070812463E1
6.471555000E-1,5.221142578E-1,6.275100861E0,8.934320984E0,1.093030583E1
6.571095000E-1,7.310797119E-1,6.305487671E0,8.799152069E0,1.084982624E1
6.670625000E-1,7.599696350E-1,6.425088959E0,8.593479767E0,1.075672889E1
6.770164999E-1,6.923103333E-1,6.735243988E0,8.131240997E0,1.058110983E1
6.869694999E-1,6.233038330E-1,7.605833588E0,8.006699982E0,1.106094285E1
6.969224999E-1,3.728746033E-1,7.694000244E0,6.910080414E0,1.034823108E1
7.068764999E-1,-4.388873291E-1,7.528594208E0,5.547014923E0,9.361716049E0
7.168294999E-1,2.095642090E-1,8.484955444E0,4.260140991E0,9.496693494E0
7.267834999E-1,1.838327179E0,9.016051025E0,5.608237610E0,1.077594321E1
7.367364999E-1,3.431464233E0,8.797505493E0,7.337292023E0,1.195854941E1
7.466904999E-1,4.655169525E0,8.570278015E0,8.575217743E0,1.298670966E1
7.566434999E-1,4.918471985E0,8.528514862E0,9.966275024E0,1.400905315E1
7.665975000E-1,4.602628784E0,8.498128052E0,1.076127182E1,1.446400163E1
7.765505000E-1,4.572691040E0,8.294551392E0,1.137888748E1,1.480500478E1
7.865045000E-1,4.243675232E0,8.107141113E0,1.213212112E1,1.519614686E1
7.964575000E-1,3.476819916E0,8.129444733E0,1.299552567E1,1.571813716E1
8.064105000E-1,2.632276154E0,8.043224030E0,1.347378113E1,1.591116301E1
8.163645000E-1,1.718875580E0,7.626939697E0,1.332364334E1,1.544811362E1
8.263175000E-1,6.938072205E-1,6.917564850E0,1.275572433E1,1.452730447E1
8.362715000E-1,-3.559597778E-1,6.011199646E0,1.200638260E1,1.343184469E1
8.462245000E-1,-1.244362335E0,4.899162140E0,1.097382980E1,1.208201837E1
8.561785000E-1,-2.089355164E0,3.764072571E0,9.853110352E0,1.075255462E1
8.661315000E-1,-3.177442474E0,2.862647095E0,9.085207214E0,1.004150781E1
8.760855000E-1,-4.176764374E0,2.171384583E0,8.497080231E0,9.713940708E0
8.860385000E-1,-4.602778473E0,1.454824677E0,7.849377136E0,9.214923002E0
8.959925000E-1,-4.924010468E0,5.656736755E-1,7.657775574E0,9.121808622E0
9.059455000E-1,-5.286855927E0,-2.068698120E-1,7.899672546E0,9.507810844E0
9.158985000E-1,-5.655389557E0,-6.614744568E-1,7.967481537E0,9.792943456E0
9.258525000E-1,-5.923332367E0,-8.740324402E-1,8.161627808E0,1.012234990E1
9.358055000E-1,-6.019133148E0,-8.873547363E-1,8.453221436E0,1.041510033E1
9.457595000E-1,-6.040089569E0,-7.670050049E-1,8.679999847E0,1.060251744E1
9.557125000E-1,-6.192322998E0,-6.420149231E-1,8.450976105E0,1.049647771E1
9.656664999E-1,-6.255042572E0,-5.658233643E-1,7.784561920E0,1.000225564E1
9.756194999E-1,-6.323450317E0,-5.809419250E-1,7.208410034E0,9.606492214E0
9.855734999E-1,-6.541247406E0,-5.032534790E-1,7.016808472E0,9.606080513E0
9.955264999E-1,-6.744973755E0,-2.246827698E-1,6.812333679E0,9.589214955E0
1.005480500E0,-6.946305084E0,1.136137390E-1,6.630611572E0,9.603596838E0
1.015433500E0,-6.964267731E0,4.653822327E-1,6.396797791E0,9.467662205E0
1.025387500E0,-6.959028625E0,9.542655945E-1,6.209537201E0,9.375342900E0
1.035340500E0,-6.926995239E0,1.604663086E0,5.911806335E0,9.247035244E0
1.045293500E0,-6.951993256E0,2.032323761E0,5.422024841E0,9.047591032E0
1.055247500E0,-7.011719055E0,2.472707977E0,5.228028259E0,9.089046613E0
1.065200500E0,-7.106472015E0,3.053799591E0,5.162015533E0,9.299141940E0
1.075154500E0,-7.147486725E0,3.334765320E0,5.248685303E0,9.473960293E0
1.085107500E0,-7.100783844E0,3.308270416E0,5.316793671E0,9.467527622E0
1.095061500E0,-6.935826874E0,3.077600098E0,5.225034485E0,9.212942101E0
1.105014500E0,-6.796616364E0,2.750979309E0,5.215903473E0,8.998195941E0
1.114968500E0,-6.776707764E0,2.353406067E0,5.433999939E0,8.999480183E0
1.124921500E0,-6.722520447E0,1.842368774E0,5.746999054E0,9.034080030E0
1.134875500E0,-6.704108734E0,1.315913544E0,5.841602325E0,8.988938764E0
1.144828500E0,-6.772965546E0,9.759704590E-1,5.724246368E0,8.921467206E0
1.154781500E0,-6.975644073E0,9.077124023E-1,5.788762207E0,9.110066956E0
1.164735500E0,-6.896159363E0,1.024768982E0,6.277196503E0,9.381383766E0
1.174688500E0,-6.744225311E0,1.308878174E0,6.826404419E0,9.684912721E0
1.184642500E0,-6.466552734E0,1.620230713E0,7.087012482E0,9.729706971E0
1.194595500E0,-5.959107971E0,1.932481384E0,7.186705170E0,9.533844099E0
1.204549500E0,-5.713019714E0,2.217039642E0,7.172035675E0,9.433554725E0
1.214502500E0,-5.374274139E0,2.504891052E0,7.002138977E0,9.175361135E0
1.224456500E0,-4.927153931E0,2.834954681E0,6.846163330E0,8.898526071E0
1.234409500E0,-4.957690430E0,3.351380768E0,6.852899323E0,9.097949031E0
1.244363500E0,-4.947511597E0,4.130959625E0,7.060218201E0,9.559779258E0
1.254316500E0,-4.568350067E0,4.963228912E0,7.072193298E0,9.773401743E0
1.264270500E0,-4.487518158E0,5.753735046E0,6.899751892E0,1.004240322E1
1.274223500E0,-4.688550110E0,6.298302612E0,6.313720551E0,1.007542481E1
1.284176500E0,-4.819378052E0,6.445147247E0,5.416186981E0,9.700588088E0
1.294130500E0,-4.808750153E0,6.171216888E0,4.663552094E0,9.108057644E0
1.304083500E0,-4.481979675E0,5.608986053E0,4.030069427E0,8.233488079E0
1.314037500E0,-4.245770874E0,4.993466034E0,3.744762726E0,7.548809258E0
1.323990500E0,-4.260739746E0,4.193978577E0,3.828738098E0,7.099478496E0
1.333944500E0,-3.844006348E0,3.518283691E0,4.369114380E0,6.800284215E0
1.343897125E0,-3.525768127E0,3.416944427E0,5.584137726E0,7.435667035E0
1.353851125E0,-2.782264252E0,3.354973297E0,6.688391418E0,7.983196099E0
1.363804125E0,-2.350711670E0,3.519630890E0,6.870113525E0,8.069207322E0
1.373758125E0,-2.511028290E0,4.094285889E0,6.039490814E0,7.716468707E0
1.383711125E0,-2.562670898E0,4.794978790E0,4.550537109E0,7.089886580E0
1.393664125E0,-2.503843231E0,5.323080597E0,2.949017487E0,6.580358813E0
1.403618125E0,-2.544109497E0,5.425018616E0,1.782942352E0,6.251576085E0
1.413571125E0,-2.749482422E0,5.595963135E0,1.472038879E0,6.406352742E0
1.423525125E0,-3.065625000E0,6.446045380E0,1.894610138E0,7.385059597E0
1.433478125E0,-2.788551178E0,7.396868134E0,3.712429962E0,8.733373465E0
1.443432125E0,-1.661694489E0,7.677983551E0,5.381010132E0,9.521970911E0
1.453385125E0,-1.206341400E0,7.820636902E0,5.731581116E0,9.770805658E0
1.463339125E0,-1.374292145E0,7.899373169E0,5.126239929E0,9.516675426E0
1.473292125E0,-1.324296112E0,7.855664063E0,3.442092133E0,8.678318749E0
1.483246125E0,-1.508562927E0,8.943601685E0,9.861492920E-1,9.123391016E0
1.493199125E0,-1.193318481E0,1.162512543E1,-1.368154907E0,1.176602728E1
1.503152125E0,-2.073188782E-1,1.049796936E1,1.464853821E0,1.060170451E1
1.513106125E0,-9.551637268E-1,8.694669342E0,4.419110413E0,9.799905589E0
1.523059125E0,-9.857002258E-1,8.401728516E0,6.305337982E0,1.055073145E1
1.533013125E0,-3.209326172E-1,1.089135132E1,9.279802551E0,1.431220691E1
1.542966125E0,1.086141357E0,1.443478271E1,4.258045349E0,1.508885699E1
1.552920125E0,1.616787872E0,1.731748810E1,4.941224670E-1,1.739981477E1
1.562873125E0,1.099613342E0,1.504551270E1,1.484163666E0,1.515847431E1
1.572827125E0,1.106349335E0,1.340462494E1,9.026229858E-1,1.348045648E1
1.582780125E0,1.149010620E0,1.547392181E1,2.331850891E0,1.569076194E1
1.592734125E0,2.841091919E0,1.301752991E1,2.837050323E0,1.362265549E1
1.602687125E0,1.538201294E0,1.134954849E1,5.226681061E0,1.258953967E1
1.612640125E0,-3.472778320E-1,1.120195541E1,3.927083588E0,1.187545336E1
1.622594125E0,-1.112187195E-1,1.035471725E1,1.954485626E0,1.053814752E1
1.632547125E0,-2.359094238E-1,9.701026611E0,4.319866791E0,1.062199697E1
1.642501125E0,-4.697232056E-1,9.907447357E0,5.652844849E0,1.141633951E1
1.652454125E0,-4.144880676E-1,1.031220566E1,6.345753937E0,1.211536128E1
1.662408125E0,-7.363188171E-1,1.052790710E1,5.359005890E0,1.183629746E1
1.672361125E0,-1.022673340E0,8.958420868E0,3.532504120E0,9.683891292E0
1.682315125E0,7.315287781E-1,-3.766467590E0,1.199904785E0,4.020097506E0
1.692268125E0,-2.800077209E0,-6.162235565E0,6.185137939E0,9.168942735E0
1.702222125E0,-2.776725769E0,-3.203338623E-1,1.515583328E1,1.541142765E1
1.712175125E0,-7.864645386E-1,6.056106262E0,-6.081852722E-1,6.137168635E0
1.722128125E0,-2.918331299E0,1.076351715E1,1.023152344E1,1.513453108E1
1.732082125E0,-3.035088501E0,1.691901672E1,8.861572266E-1,1.721191923E1
1.742035125E0,-3.559298401E0,1.797312469E1,5.627248077E0,1.916683952E1
1.751989125E0,-3.400478668E0,1.780337769E1,-6.286926270E-3,1.812521867E1
1.761942125E0,-4.265529785E0,1.338845856E1,4.378694458E0,1.471796630E1
1.771896125E0,-3.603157196E0,9.266480255E0,2.335593109E0,1.021300119E1
1.781849125E0,-3.894301758E0,6.340365143E0,4.536166992E0,8.714506716E0
1.791803125E0,-2.094594269E0,5.242548065E0,4.989574127E0,7.534420040E0
1.801756125E0,-1.226549377E0,4.895270233E0,5.319488068E0,7.332465297E0
1.811710125E0,-1.234033813E0,5.429808655E0,3.692072296E0,6.681097164E0
1.821663125E0,-1.816921692E0,5.710475006E0,3.166215820E0,6.777584514E0
1.831616125E0,-1.070424042E0,5.717809753E0,2.174078979E0,6.210134895E0
1.841570125E0,-5.885760498E-1,5.954018555E0,3.332370300E0,6.848463370E0
1.851523125E0,8.982820129E-1,9.064250793E0,2.191742249E0,9.368633150E0
1.861477125E0,1.755848694E0,1.233105743E1,-1.528321838E0,1.254885452E1
1.871430125E0,1.739233246E0,1.407672729E1,-2.261347504E0,1.436289929E1
1.881384125E0,2.128723297E0,1.423704391E1,-3.331172791E0,1.477570961E1
1.891337125E0,3.432961121E0,1.416938461E1,-4.518204346E0,1.526338275E1
1.901291125E0,4.028422852E0,1.419812485E1,-3.761078796E0,1.523025455E1
1.911244125E0,3.645668793E0,1.371957001E1,-1.851799164E0,1.431595831E1
1.921198125E0,3.042722626E0,1.318338501E1,1.619631958E-1,1.353092877E1
1.931151125E0,1.855242004E0,1.193752579E1,1.288370819E0,1.214933513E1
1.941104125E0,1.270408173E0,1.103205872E1,1.194366302E0,1.116900924E1
1.951058125E0,5.962101746E-1,1.102652023E1,1.020727386E0,1.108970240E1
1.961011125E0,1.275048523E0,1.141705811E1,9.139993286E-1,1.152433769E1
1.970965125E0,2.954406281E0,1.125060425E1,1.877845001E0,1.178265311E1
1.980918125E0,2.676883392E0,1.153531219E1,6.809339905E-1,1.186139972E1
1.990872125E0,6.759942627E-1,1.117141891E1,-4.310286713E0,1.199317057E1
2.000825125E0,-1.763183441E0,9.809550934E0,-5.065166931E0,1.117998307E1
2.010779125E0,-3.052003326E0,8.735384674E0,-8.152047729E-1,9.289038084E0
2.020732125E0,-1.822460175E0,9.289831696E0,2.015558624E0,9.679091413E0
2.030686125E0,3.841012573E-1,8.905880127E0,1.498384094E0,9.039213987E0
2.040639125E0,1.597178650E0,9.238638153E0,1.002914429E0,9.429170266E0
2.050592125E0,2.231110382E0,9.724976807E0,-3.103047180E-1,9.982450423E0
2.060546125E0,3.252735901E-1,9.370214539E0,-7.572752380E-1,9.406390870E0
2.070499125E0,-1.290616150E0,9.272767181E0,2.500250702E0,9.690260823E0
2.080453125E0,-1.200054474E0,9.154363403E0,4.665498047E0,1.034453344E1
2.090406125E0,-6.873706055E-1,8.790021057E0,3.748654633E0,9.580676390E0
2.100360125E0,-1.227447510E-2,8.970845032E0,2.426304474E0,9.293178393E0
2.110313125E0,9.015751648E-1,9.547296295E0,1.579964447E0,9.719053039E0
2.120267125E0,1.541045380E0,1.022733215E1,5.632786560E-1,1.035810922E1
2.130220125E0,1.759141846E0,1.076905563E1,-1.916015625E-1,1.091347105E1
2.140173125E0,2.182910614E0,1.096769257E1,-4.357438660E-1,1.119130250E1
2.150127125E0,2.821482697E0,1.081605789E1,-4.876858521E-1,1.118864203E1
2.160080125E0,3.380121002E0,1.073163345E1,-3.635939026E-1,1.125723657E1
2.170034125E0,3.315006409E0,1.052551208E1,-5.944139099E-1,1.105119903E1
2.179987125E0,2.746189270E0,1.035247192E1,-8.897497559E-1,1.074741295E1
2.189941125E0,2.499202881E0,1.049752029E1,-8.966354370E-1,1.082810706E1
2.199894125E0,2.313439178E0,1.045081741E1,-1.454974365E-1,1.070480056E1
2.209848125E0,1.897454224E0,9.362281036E0,3.876937866E-1,9.560488754E0
2.219801125E0,2.054178314E0,9.366023254E0,1.205293579E0,9.664097100E0
2.229755125E0,2.104174347E0,9.528734894E0,1.661694489E0,9.898765930E0
2.239708125E0,2.484982452E0,9.345066833E0,2.243983612E0,9.926775628E0
2.249661125E0,2.459086304E0,1.004935226E1,9.026229858E-1,1.038514875E1
2.259615125E0,1.687141571E0,1.094074860E1,6.093827820E-1,1.108682885E1
2.269568125E0,1.064885559E0,1.043016037E1,1.828298035E0,1.064259838E1
2.279522125E0,8.616082764E-1,9.323062592E0,2.096839600E0,9.594717360E0
2.289475125E0,8.110134888E-1,9.333989868E0,1.208137665E0,9.446729929E0
2.299429125E0,7.725434875E-1,9.490564270E0,3.435356140E-1,9.528150415E0
2.309382125E0,2.987786865E-1,1.037477554E1,-1.190923462E0,1.044717833E1
2.319336125E0,6.695576477E-1,1.083342178E1,-1.438957672E0,1.094906088E1
2.329289125E0,1.215322723E0,9.133257294E0,-8.211923218E-1,9.250284047E0
2.339244667E0,9.330097961E-1,1.053449341E1,-2.456391907E-1,1.057858201E1
2.349197667E0,1.746567993E0,1.110121490E1,1.063089294E0,1.128794184E1
2.359150667E0,1.866019592E0,1.027478348E1,2.364033966E0,1.070709397E1
2.369104667E0,2.295925598E0,9.616602173E0,2.759661255E0,1.026479624E1
2.379057667E0,2.725681915E0,7.983797607E0,2.763104095E0,8.877224250E0
2.389011667E0,2.066752167E0,7.005132751E0,3.002306671E0,7.896657187E0
2.398964667E0,1.648372192E0,7.081324310E0,2.187700653E0,7.592649012E0
2.408918667E0,1.728455658E0,8.707692261E0,1.936972046E0,9.086436275E0
2.418871667E0,9.409432983E-1,1.103310654E1,3.381019135E0,1.157782814E1
2.428825667E0,-4.962181091E-1,1.132619705E1,3.581003265E0,1.188917812E1
2.438778667E0,-1.522483978E0,1.089359665E1,2.002685394E0,1.118030206E1
2.448731667E0,-1.149459686E0,1.021116577E1,1.661544800E0,1.040912557E1
2.458685667E0,3.378474426E-1,8.330177307E0,1.461261292E0,8.464117167E0
2.468638667E0,1.133892059E0,8.777596893E0,2.012265472E0,9.076405167E0
2.478592667E0,1.314865723E0,9.515412598E0,2.503992920E0,9.926828764E0
2.488545667E0,9.190887451E-1,1.009380981E1,4.029620361E-1,1.014357428E1
2.498499667E0,-4.011657715E-1,1.094553864E1,-3.189866638E-1,1.095753177E1
2.508452667E0,-7.059320068E-1,1.069690567E1,-1.309476929E0,1.079985466E1
2.518406667E0,3.796105957E-1,9.826016693E0,-1.394649811E0,9.931754948E0
2.528359667E0,8.122109985E-1,9.883497162E0,-1.577120361E0,1.004143971E1
2.538313667E0,-6.348298645E-1,1.041025177E1,-1.531914368E0,1.054149479E1
2.548266667E0,-1.346749420E0,9.638157349E0,-2.501597900E0,1.004817412E1
2.558219667E0,-2.077679443E-1,9.610315247E0,-1.996548157E0,9.817715172E0
2.568173667E0,-4.745132446E-2,1.044482986E1,-3.216810608E-1,1.044989001E1
2.578126667E0,-6.785389709E-1,1.097682358E1,1.010398865E0,1.104409240E1
2.588080667E0,-8.693920898E-1,1.006806335E1,2.081421661E0,1.031765760E1
2.598033667E0,-8.599617004E-1,9.060209198E0,7.961943054E-1,9.135691009E0
2.607987667E0,-1.596430206E0,9.892179108E0,1.019679565E0,1.007191855E1
2.617940667E0,-1.247356110E0,1.048135391E1,1.593885498E0,1.067497766E1
2.627894667E0,1.221459961E-1,1.026894562E1,4.432283020E-1,1.027923222E1
2.637847667E0,2.114802246E0,1.043674667E1,-9.439370728E-1,1.069060741E1
2.647801667E0,4.684059448E0,9.862540741E0,-3.361260223E0,1.142401825E1
2.657754667E0,3.229085083E0,9.904603271E0,-3.123853912E0,1.087596523E1
2.667707667E0,-2.061213684E-1,8.855884094E0,-8.331674194E-1,8.897378100E0
2.677661667E0,-1.491797791E0,9.213490448E0,-1.489402771E0,9.451570637E0
2.687614667E0,-1.932331696E0,1.049856812E1,-9.229806519E-1,1.071474365E1
2.697568667E0,-1.298250275E0,1.090811646E1,-5.403762817E-2,1.098523456E1
2.707521667E0,-8.846603394E-2,1.044872177E1,5.987548828E-1,1.046623716E1
2.717475667E0,1.186283112E0,9.891879730E0,1.084494781E0,1.002161071E1
2.727428667E0,2.011517029E0,9.459129639E0,1.588197327E0,9.800189030E0
2.737382667E0,2.354753265E0,9.123677216E0,1.861528931E0,9.604771670E0
2.747335667E0,1.595532074E0,9.298813019E0,1.895657959E0,9.623261674E0
2.757289667E0,6.406677246E-2,9.476194153E0,1.772164764E0,9.640691268E0
2.767242667E0,-1.071920929E0,9.049880676E0,1.252146149E0,9.198762129E0
2.777195667E0,-1.147513733E0,8.709937592E0,4.040098572E-1,8.794488307E0
2.787149667E0,-1.107995911E0,9.206305389E0,-8.451425171E-1,9.311174992E0
2.797102667E0,-1.380579071E0,9.768087158E0,-1.348845062E0,9.956952762E0
2.807056667E0,-2.082469482E0,9.141041107E0,-8.869056702E-1,9.417107482E0
2.817009667E0,-5.298980713E-1,8.321645050E0,2.649490356E-2,8.338541256E0
2.826963667E0,-1.272503815E0,1.025547363E1,2.915936279E-1,1.033823158E1
2.836916667E0,-8.771759033E-2,1.052087173E1,6.206094360E-1,1.053952525E1
2.846870667E0,3.257226562E-1,9.989925842E0,8.223898315E-1,1.002900985E1
2.856823667E0,1.233435059E-1,1.036459671E1,3.881428528E-1,1.037259531E1
2.866777667E0,8.918453979E-1,9.815388794E0,7.670050049E-1,9.885622998E0
2.876730667E0,1.651066589E0,9.239386597E0,1.109043732E0,9.451045633E0
2.886683667E0,2.533331909E0,9.091344452E0,1.471140747E0,9.551678889E0
2.896637667E0,3.204536133E0,8.562344513E0,1.349294128E0,9.241395459E0
2.906590667E0,2.744842072E0,9.158255310E0,1.305734711E0,9.649494363E0
2.916544667E0,2.052681427E0,9.404493256E0,1.996997223E0,9.830869359E0
2.926497667E0,1.245859222E0,9.223669281E0,2.373913422E0,9.605399791E0
2.936451667E0,5.230123901E-1,9.181157684E0,2.623743896E0,9.563013668E0
2.946404667E0,-6.526428223E-2,9.530980225E0,2.649190979E0,9.892525275E0
2.956358667E0,-3.664379883E-1,9.962233429E0,1.609752502E0,1.009810254E1
2.966311667E0,-9.565109253E-2,9.380692749E0,9.304650879E-1,9.427211192E0
2.976264667E0,1.544787598E-1,9.321865082E0,5.390290833E-1,9.338714293E0
2.986218667E0,-2.245330811E-1,1.007195526E1,-4.854405212E-1,1.008614646E1
2.996171667E0,-2.408491516E-1,1.044363235E1,-2.335144043E-2,1.044643529E1
3.006125667E0,1.591191101E-1,1.033106644E1,8.740324402E-1,1.036919405E1
3.016078667E0,7.833210754E-1,1.042432251E1,1.528920593E0,1.056492735E1
3.026032667E0,9.264234924E-1,1.119956039E1,8.581654358E-1,1.127053066E1
3.035985667E0,1.170266418E0,1.030157776E1,9.068142700E-1,1.040741754E1
3.045939667E0,1.476080475E0,9.312285004E0,1.459614716E0,9.540856391E0
3.055892667E0,1.319805450E0,9.147178345E0,1.840422821E0,9.423370642E0
3.065846667E0,9.912387085E-1,8.772507477E0,2.286345520E0,9.119584280E0
3.075799667E0,3.034190369E-1,7.904163208E0,2.143841858E0,8.195359482E0
3.085752667E0,-2.002835083E-1,7.910599823E0,2.201322327E0,8.213618145E0
3.095706667E0,-4.029620361E-1,8.227490845E0,3.159779205E0,8.822595345E0
3.105659667E0,-7.376660156E-1,9.000782776E0,2.778072968E0,9.448594136E0
3.115613667E0,-3.695814514E-1,1.002210892E1,3.113675079E0,1.050115375E1
3.125566667E0,1.529818726E-1,1.012644196E1,2.857258301E0,1.052293472E1
3.135520667E0,8.704399109E-1,9.467063141E0,1.003812561E0,9.559842562E0
3.145473667E0,1.039288788E0,1.068867279E1,1.453477478E0,1.083699423E1
3.155427667E0,1.255738678E0,1.096948883E1,1.766626282E0,1.118157114E1
3.165380667E0,1.602268066E0,1.010324020E1,2.080673218E0,1.043896195E1
3.175333667E0,1.425635376E0,9.762698364E0,1.891316986E0,1.004588451E1
3.185287667E0,1.973196716E0,1.000354752E1,1.844165039E0,1.036172828E1
3.195240667E0,2.131268005E0,9.816436615E0,1.015637970E0,1.009634843E1
3.205194667E0,1.430874481E0,9.293723602E0,-6.710545349E-1,9.427142428E0
3.215147667E0,7.973918152E-1,8.173902283E0,4.490661621E-3,8.212705547E0
3.225101667E0,1.336720276E-1,8.042325897E0,2.105222168E0,8.314375167E0
3.235054667E0,-2.216889954E-1,8.885672150E0,3.333418121E0,9.492944324E0
3.245008667E0,3.799099731E-1,8.866062927E0,3.231480103E0,9.444250477E0
3.254961667E0,1.538350983E0,9.176068268E0,2.260748749E0,9.574849216E0
3.264915667E0,2.319875793E0,9.850715332E0,2.467768250E0,1.041673156E1
3.274868667E0,2.438878326E0,1.009755203E1,2.529889069E0,1.069153980E1
3.284821667E0,2.312241669E0,9.712103577E0,2.336640930E0,1.025335595E1
3.294775667E0,2.048639832E0,9.517957306E0,2.655627594E0,1.009162001E1
3.304728667E0,1.536554718E0,9.577383728E0,2.438878326E0,1.000177019E1
3.314682667E0,1.047970734E0,9.501641235E0,2.079026642E0,9.782728689E0
3.324635667E0,6.090834045E-1,9.349707184E0,1.896107025E0,9.559457561E0
3.334589667E0,6.069877625E-1,9.331445160E0,2.005828857E0,9.563872245E0
3.344540875E0,1.323397980E0,7.384294281E0,8.494834900E-1,7.549887843E0
3.354494875E0,1.838776245E0,8.478518829E0,-1.297801208E-1,8.676590488E0
3.364447875E0,1.532962189E0,1.011207184E1,1.192420349E0,1.029688478E1
3.374400875E0,1.353485413E0,1.060275146E1,2.486778717E0,1.097425760E1
3.384354875E0,1.360969849E0,1.026295807E1,2.755170593E0,1.071314670E1
3.394307875E0,1.283431091E0,9.917177124E0,2.672542419E0,1.035084926E1
3.404261875E0,1.360221405E0,9.407187653E0,2.113754425E0,9.737214159E0
3.414214875E0,1.723815308E0,8.849896545E0,2.009271698E0,9.237390369E0
3.424168875E0,2.186353455E0,8.992100830E0,2.187550964E0,9.509121831E0
3.434121875E0,2.235151978E0,9.614356842E0,1.316212921E0,9.958121224E0
3.444075875E0,9.015751648E-1,1.100271973E1,-6.512956238E-1,1.105879131E1
3.454028875E0,4.619393921E-1,1.011506561E1,1.705253906E0,1.026819513E1
3.463982875E0,5.233117676E-1,9.157057800E0,4.286486206E0,1.012420499E1
3.473935875E0,8.878038025E-1,7.903115387E0,2.437531128E0,8.317991729E0
3.483888875E0,1.578766937E0,7.848928070E0,1.650018768E0,8.174395319E0
3.493842875E0,1.355581055E0,8.882828064E0,1.272503815E0,9.075323706E0
3.503795875E0,9.231303406E-1,9.264085236E0,8.138575745E-1,9.345469974E0
3.513749875E0,-3.203338623E-2,1.070019882E1,9.295669556E-1,1.074054820E1
3.523702875E0,-5.307962036E-1,1.150178192E1,8.306227112E-1,1.154394500E1
3.533656875E0,-7.723937988E-2,1.031699570E1,2.221380615E-1,1.031967594E1
3.543609875E0,1.953437805E-1,1.034708313E1,3.941304016E-1,1.035642927E1
3.553563875E0,4.366419983E-1,1.038914566E1,6.614744568E-1,1.041933550E1
3.563516875E0,4.441264343E-1,1.056817337E1,7.843688965E-1,1.060654379E1
3.573469875E0,-1.113684082E-1,1.088431595E1,5.578898621E-1,1.089917326E1
3.583423875E0,-8.216413879E-1,1.080363373E1,7.391629028E-1,1.086001649E1
3.593376875E0,-7.438032532E-1,9.943073273E0,1.797013092E0,1.013149572E1
3.603330875E0,-2.565664673E-1,9.453890533E0,2.481389923E0,9.777482729E0
3.613283875E0,7.845185852E-1,8.523126068E0,1.885628815E0,8.764402057E0
3.623237875E0,1.933828583E0,9.658515015E0,1.863923950E0,1.002500961E1
3.633190875E0,2.539768524E0,8.252788239E0,2.423011322E0,8.968273063E0
3.643144875E0,3.700754242E0,7.179819489E0,2.346071320E0,8.411268661E0
3.653097875E0,4.168980560E0,7.378007355E0,3.261567535E0,9.080375225E0
3.663051875E0,4.081262970E0,7.832911377E0,3.033890991E0,9.338934769E0
3.673004875E0,2.636018372E0,8.983119507E0,2.519710236E0,9.695048664E0
3.682957875E0,1.764830017E-1,1.065604065E1,1.523382111E0,1.076582749E1
3.692911875E0,-2.116598511E0,1.123204285E1,5.986051941E-1,1.144539663E1
3.702864875E0,-2.239343262E0,9.354497223E0,9.515711975E-1,9.665752132E0
3.712818875E0,-1.376986542E0,8.821006622E0,1.794169006E0,9.106332532E0
3.722771875E0,-1.633553009E0,8.613687744E0,2.036215668E0,9.000571439E0
3.732725875E0,-1.603016510E0,9.286538544E0,-5.974076843E-1,9.442793866E0
3.742678875E0,-7.541317749E-1,1.018796402E1,-1.806293793E0,1.037429626E1
3.752632875E0,-8.734336853E-1,1.118489090E1,-1.921853485E0,1.138236318E1
3.762585875E0,-6.833290100E-1,1.136511612E1,-8.834628296E-1,1.141986469E1
3.772538875E0,-1.639390869E0,1.148292114E1,-1.312770081E-1,1.160009974E1
3.782492875E0,-1.592089233E0,1.157947037E1,-2.044747925E-1,1.169019641E1
3.792445875E0,9.292675781E-1,8.605005798E0,2.399061127E0,8.981378364E0
3.802399875E0,2.058219910E0,7.685767365E0,3.755839691E0,8.798501063E0
3.812352875E0,2.594404907E0,8.398884430E0,2.695893860E0,9.194565797E0
3.822306875E0,2.613714752E0,9.166488190E0,1.660946045E0,9.675471684E0
3.832259875E0,1.567091217E0,9.313632202E0,1.055904236E0,9.503391681E0
3.842213875E0,-4.935237122E-1,8.920549622E0,-8.592132568E-2,8.934604282E0
3.852166875E0,-1.757495270E0,9.708960114E0,-7.547305298E-1,9.895570437E0
3.862119875E0,-2.292183380E0,1.013721954E1,-1.443598022E0,1.049291666E1
3.872073875E0,-1.913470917E0,9.894574127E0,-1.102906494E0,1.013806544E1
3.882026875E0,-8.655001831E-1,9.306297455E0,-1.734892273E-1,9.348067255E0
3.891980875E0,9.907896423E-1,9.704319763E0,4.525090027E-1,9.765257323E0
3.901933875E0,1.865720215E0,9.801318054E0,9.219328308E-1,1.001981575E1
3.911887875E0,2.185155945E0,9.995763702E0,1.194665680E0,1.030133120E1
3.921840875E0,1.934277649E0,1.049347870E1,-1.838177490E-1,1.067184680E1
3.931794875E0,1.506317596E0,9.980645142E0,-1.729503479E0,1.024077402E1
3.941747875E0,9.367520142E-1,8.935967560E0,-2.295326843E0,9.273486177E0
3.951701875E0,5.846841431E-1,8.592431946E0,-9.767189026E-1,8.667509568E0
3.961654875E0,3.832031250E-1,8.602760468E0,2.505789185E-1,8.614935989E0
3.971607875E0,9.259744263E-1,9.185049591E0,1.024768982E0,9.288310723E0
3.981561875E0,1.601669312E0,9.769434357E0,1.680555267E0,1.004148685E1
3.991514875E0,1.304986267E0,9.550439758E0,1.540746002E0,9.761546342E0
4.001468875E0,1.346599731E0,9.735155640E0,5.354365540E-1,9.842422388E0
4.011421875E0,1.219064941E0,9.942773895E0,6.780899048E-2,1.001745827E1
4.021375875E0,9.105564880E-1,9.644294586E0,-3.809577942E-1,9.694671734E0
4.031328875E0,9.377998352E-1,9.312883759E0,-4.752616882E-1,9.372040658E0
4.041282875E0,1.061442719E0,9.793384552E0,1.582209778E-1,9.852008704E0
4.051235875E0,8.385562134E-1,9.814790039E0,5.213658142E-1,9.864334866E0
4.061188875E0,1.008153534E0,9.634115753E0,1.374142456E-1,9.687695421E0
4.071142875E0,1.461261292E0,1.015832565E1,-4.556524658E-1,1.027299780E1
4.081095875E0,1.687590637E0,9.821675720E0,-3.237767029E-1,9.970862925E0
4.091049875E0,2.026036835E0,9.403595123E0,9.535171509E-2,9.619850230E0
4.101002875E0,2.173929291E0,9.688303070E0,3.125500488E-1,9.934126659E0
4.110956875E0,2.125280457E0,1.025038422E1,2.493814087E-1,1.047136021E1
4.120909875E0,2.043999481E0,1.011207184E1,-9.969268799E-2,1.031706690E1
4.130863875E0,1.864373016E0,1.048584457E1,-5.081932068E-1,1.066241453E1
4.140816875E0,1.898951111E0,9.537117462E0,-3.908372498E-1,9.732182621E0
4.150770875E0,2.079176331E0,9.576635284E0,-2.372566223E-1,9.802612320E0
4.160723875E0,2.263143768E0,1.207209595E1,-2.359094238E-1,1.228466416E1
4.170676875E0,1.484912109E0,9.342522125E0,-2.974314880E-1,9.464467715E0
4.180630875E0,1.850601654E0,9.219777374E0,-3.683839417E-1,9.410883489E0
4.190583875E0,2.289339294E0,9.328002319E0,3.981719971E-2,9.604909530E0
4.200537875E0,2.218087463E0,9.229806519E0,6.117778015E-1,9.512282189E0
4.210490875E0,2.033221893E0,9.151519318E0,2.969824219E-1,9.379365418E0
4.220444875E0,1.628912659E0,8.957373047E0,-1.386117554E-1,9.105333688E0
4.230397875E0,1.156195679E0,8.789422302E0,-4.168830872E-1,8.874937992E0
4.240351875E0,8.628057861E-1,8.756341095E0,-3.697311401E-2,8.798824365E0
4.250304875E0,7.379653931E-1,8.818611603E0,6.092330933E-2,8.849644918E0
4.260257875E0,6.421646118E-1,9.035809937E0,1.396595764E-1,9.059676672E0
4.270211875E0,8.328680420E-1,9.179960175E0,-1.826202393E-2,9.217682544E0
4.280164875E0,1.505419464E0,1.043839325E1,5.987548828E-3,1.054639167E1
4.290118875E0,2.034120026E0,1.098161362E1,7.993377686E-2,1.116870052E1
4.300071875E0,2.008074188E0,9.145980835E0,1.586700439E-1,9.365175042E0
4.310025875E0,2.167043610E0,8.046517181E0,2.504292297E-1,8.336979762E0
4.319978875E0,2.721790009E0,9.591005402E0,-4.894821167E-2,9.969850620E0
4.329932875E0,3.087629242E0,1.126048370E1,-9.839039612E-1,1.171750889E1
4.339885875E0,2.697839813E0,1.106364304E1,-8.884025574E-1,1.142242514E1
4.349839167E0,2.580932922E0,1.111319000E1,-4.254153442E-1,1.141688158E1
4.359793167E0,2.146386566E0,1.118309464E1,-4.884342957E-1,1.139768174E1
4.369746167E0,1.894460449E0,1.031804352E1,-4.785548401E-1,1.050142929E1
4.379700167E0,1.695973206E0,8.190667419E0,-4.915777588E-1,8.378842795E0
4.389653167E0,1.480571136E0,8.367599487E0,-4.312532043E-1,8.508512878E0
4.399607167E0,1.590442657E0,9.486971741E0,-6.092330933E-2,9.619555723E0
4.409560167E0,1.558708649E0,9.331594849E0,-2.947370911E-1,9.465469086E0
4.419514167E0,1.788780212E0,8.980574799E0,-3.032693481E-1,9.162010187E0
4.429467167E0,1.993853760E0,8.743318176E0,-2.020797729E-1,8.970055840E0
4.439421167E0,2.192490692E0,8.685987396E0,-2.088157654E-1,8.960859139E0
4.449374167E0,2.259251862E0,8.797954559E0,-2.122586060E-1,9.085883398E0
4.459327167E0,2.347268829E0,9.061107330E0,1.348695374E-1,9.361171230E0
4.469281167E0,2.232756958E0,9.206754456E0,4.049079895E-1,9.482271970E0
4.479234167E0,2.766247559E0,9.427245941E0,6.074368286E-1,9.843478607E0
4.489188167E0,2.786006470E0,9.495204620E0,5.905220032E-1,9.913095332E0
4.499141167E0,2.632276154E0,9.369166718E0,3.731739807E-1,9.739066770E0
4.509095167E0,2.432890778E0,9.442214813E0,3.293151855E-2,9.750664726E0
4.519048167E0,2.077978821E0,9.555978241E0,-2.742297363E-1,9.783144590E0
4.529002167E0,1.739682312E0,9.722731476E0,-3.887416077E-1,9.884792458E0
4.538955167E0,1.657503204E0,9.981243896E0,-3.397933960E-1,1.012363601E1
4.548908167E0,1.819167023E0,9.952952728E0,-5.553451538E-1,1.013306691E1
4.558862167E0,2.128872986E0,9.711055756E0,-6.426136780E-1,9.962412179E0
4.568815167E0,2.307152252E0,9.373657379E0,-1.021326141E0,9.707291654E0
4.578769167E0,2.177222443E0,9.063951416E0,-9.060658264E-1,9.365707027E0
4.588722167E0,2.019600220E0,8.817863159E0,-4.110452271E-1,9.055520632E0
4.598676167E0,1.897005157E0,8.423882446E0,-1.380130005E-1,8.635940691E0
4.608629167E0,1.851499786E0,8.467441864E0,-2.909948730E-1,8.672387284E0
4.618583167E0,1.811832275E0,8.662336578E0,-8.876541138E-2,8.850236748E0
4.628536167E0,1.790726166E0,8.502469025E0,-8.412506104E-2,8.689404855E0
4.638490167E0,1.755399628E0,8.142168274E0,-6.122268677E-1,8.351715620E0
4.648443167E0,1.792971497E0,7.695796509E0,-7.283853149E-1,7.935400170E0
4.658396167E0,1.969155121E0,7.532186737E0,-8.340655518E-1,7.829883414E0
4.668350167E0,2.209704895E0,8.033344574E0,-1.212478638E0,8.419472977E0
4.678303167E0,2.349813538E0,8.800050201E0,-1.222058716E0,9.189991007E0
4.688257167E0,2.584974518E0,9.549242249E0,-8.792715454E-1,9.931930287E0
4.698210167E0,2.876867523E0,1.030052994E1,-7.599696350E-1,1.072169938E1
4.708164167E0,3.054398346E0,1.107367218E1,-8.409512329E-1,1.151793227E1
4.718117167E0,3.033741302E0,1.148980682E1,-9.695338440E-1,1.192305510E1
4.728071167E0,2.792742462E0,1.125958557E1,-5.451663208E-1,1.161356466E1
4.738024167E0,2.285447388E0,1.040022263E1,2.020797729E-2,1.064839466E1
4.747977167E0,1.627715149E0,9.581425323E0,4.568499756E-1,9.729433680E0
4.757931167E0,1.064137115E0,9.277407532E0,8.232879639E-1,9.374458991E0
4.767884167E0,9.545649719E-1,9.250762939E0,1.003662872E0,9.353884135E0
4.777838167E0,1.352587280E0,9.279353485E0,1.130598907E0,9.445324099E0
4.787791167E0,1.988315277E0,9.454788666E0,1.255289612E0,9.742801361E0
4.797745167E0,2.778522034E0,9.582473145E0,9.497749329E-1,1.002227762E1
4.807698167E0,3.681893463E0,9.327852631E0,4.924758911E-2,1.002833982E1
4.817652167E0,4.287683716E0,8.711284790E0,-8.331674194E-1,9.744992678E0
4.827605167E0,4.512815552E0,8.520132294E0,-9.830058289E-1,9.691463200E0
4.837558167E0,4.664300537E0,8.735684052E0,-1.039139099E0,9.957293077E0
4.847512167E0,4.761598206E0,9.248068542E0,-8.337661743E-1,1.043526498E1
4.857465167E0,4.645140381E0,1.010967682E1,-1.058299255E-1,1.112627946E1
4.867419167E0,4.209695892E0,1.097487762E1,8.104147339E-1,1.178245519E1
4.877372167E0,3.590134277E0,1.174547516E1,1.404828644E0,1.236198990E1
4.887326167E0,2.894680481E0,1.223136475E1,1.780697021E0,1.269473673E1
4.897279167E0,2.249971161E0,1.236249207E1,2.321971436E0,1.277830707E1
4.907233167E0,1.718426514E0,1.232162704E1,2.848576355E0,1.276283158E1
4.917186167E0,1.326092377E0,1.230710724E1,3.066373444E0,1.275249214E1
4.927140167E0,1.202000427E0,1.216026260E1,2.745889893E0,1.252424460E1
4.937093167E0,1.517843628E0,1.162557449E1,2.497256927E0,1.198724838E1
4.947046167E0,2.163151703E0,1.085288132E1,2.710413666E0,1.139344550E1
4.957000167E0,2.833906860E0,1.020038818E1,3.232527924E0,1.106924496E1
4.966953167E0,3.540287933E0,9.813891907E0,4.298012238E0,1.128357311E1
4.976907167E0,4.038751373E0,9.641001434E0,5.673352203E0,1.189316386E1
4.986860167E0,4.281396790E0,9.840835876E0,6.768774261E0,1.268813281E1
4.996814167E0,3.830983429E0,1.021730301E1,7.078929291E0,1.300695793E1
5.006767167E0,2.855312347E0,1.043809387E1,5.916446686E0,1.233332695E1
5.016721167E0,1.673519897E0,1.004635849E1,4.279750214E0,1.104745444E1
5.026674167E0,8.229885864E-1,9.222920837E0,3.236419830E0,9.808873141E0
5.036627167E0,5.071453857E-1,8.560847626E0,2.569257202E0,8.952451680E0
5.046581167E0,6.655160522E-1,8.261470184E0,2.808609467E0,8.751176399E0
5.056534167E0,1.130449219E0,7.929610291E0,2.243235168E0,8.317976846E0
5.066488167E0,1.606758728E0,7.522456970E0,2.042053528E0,7.958581223E0
5.076441167E0,1.933529205E0,6.948101349E0,1.908231812E0,7.460294645E0
5.086395167E0,2.008972321E0,6.440806274E0,2.217339020E0,7.101869302E0
5.096348167E0,1.962868195E0,6.226302338E0,2.675236816E0,7.055252254E0
5.106302167E0,1.872456207E0,6.581962738E0,2.621199188E0,7.327960898E0
5.116255167E0,2.116598511E0,7.375762024E0,3.392694855E0,8.390007930E0
5.126209167E0,2.670746155E0,7.869136047E0,4.689747620E0,9.542008169E0
5.136162167E0,2.997816010E0,7.833210754E0,5.190606079E0,9.863492435E0
5.146115167E0,2.851121063E0,7.400610352E0,4.690496063E0,9.214047873E0
5.156069167E0,2.483934631E0,7.055727539E0,3.981869659E0,8.473990108E0
5.166022167E0,2.199376373E0,7.074288940E0,3.971092072E0,8.405497765E0
5.175976167E0,1.737736359E0,6.865772552E0,3.814218292E0,8.044055046E0
5.185929167E0,1.576820984E0,6.908882904E0,2.997217255E0,7.694305600E0
5.195883167E0,2.124532013E0,7.420369263E0,2.817141724E0,8.216556685E0
5.205836167E0,2.536175995E0,8.030650177E0,3.139271851E0,8.987689286E0
5.215790167E0,2.898123322E0,8.456364899E0,3.075953522E0,9.453608631E0
5.225743167E0,3.175795898E0,8.725205841E0,3.405717773E0,9.890086456E0
5.235696167E0,3.154390411E0,9.054221649E0,4.083508301E0,1.042133142E1
5.245650167E0,3.016826477E0,9.320368195E0,4.184697876E0,1.065280252E1
5.255603167E0,2.728526001E0,9.431287537E0,3.885470123E0,1.055892593E1
5.265557167E0,2.531385956E0,9.477541351E0,4.335284729E0,1.072503607E1
5.275510167E0,2.680775299E0,9.425000610E0,4.638254700E0,1.084115305E1
5.285464167E0,2.794538727E0,9.069789276E0,4.726421356E0,1.060233856E1
5.295417167E0,2.772235107E0,8.648265839E0,4.562961273E0,1.016358230E1
5.305371167E0,2.667902069E0,8.296647034E0,4.416116638E0,9.770063440E0
5.315324167E0,2.456840973E0,8.130941620E0,4.324357452E0,9.531439900E0
5.325277167E0,2.207758942E0,8.171357574E0,4.541106720E0,9.605567885E0
5.335231167E0,1.995500336E0,8.453071747E0,4.730612640E0,9.890153664E0
5.345184500E0,2.094594269E0,8.862620087E0,4.883145447E0,1.033336680E1
5.355138500E0,2.303410034E0,9.034462738E0,4.805307312E0,1.048895577E1
5.365091500E0,2.151925049E0,8.967851257E0,4.704866180E0,1.035320740E1
5.375045500E0,1.989363098E0,9.073830872E0,4.949457550E0,1.052564023E1
5.384998500E0,2.088756409E0,9.256301422E0,4.906796265E0,1.068263399E1
5.394952500E0,2.434986420E0,9.635013885E0,4.777016144E0,1.102644706E1
5.404905500E0,3.168910217E0,1.027298721E1,5.059628448E0,1.188175485E1
5.414858500E0,3.848347321E0,1.057969940E1,5.358107758E0,1.246792426E1
5.424812500E0,4.167034607E0,1.039483383E1,4.868026886E0,1.221124210E1
5.434765500E0,4.273612976E0,9.852661285E0,4.273912354E0,1.155876417E1
5.444719500E0,4.373754730E0,9.313781891E0,3.909270630E0,1.100720947E1
5.454672500E0,4.161945190E0,8.821306000E0,3.418141937E0,1.033542073E1
5.464626500E0,3.733536072E0,8.620423737E0,3.244952087E0,9.938848578E0
5.474579500E0,3.323987732E0,8.547525330E0,2.691253510E0,9.557820314E0
5.484533500E0,2.947221222E0,8.601413269E0,2.301613770E0,9.379117714E0
5.494486500E0,2.596949615E0,8.789721680E0,2.398312683E0,9.473925176E0
5.504440500E0,2.358944550E0,8.779842224E0,2.785108337E0,9.508263633E0
5.514393500E0,2.275867310E0,8.639284515E0,3.055745544E0,9.442160229E0
5.524346500E0,2.390828247E0,8.637937317E0,3.325035553E0,9.559596342E0
5.534300500E0,2.415975952E0,8.820856934E0,3.329226837E0,9.732841732E0
5.544253500E0,2.373614044E0,9.241182861E0,3.477867737E0,1.015524831E1
5.554207500E0,2.454595642E0,9.722282410E0,3.664828949E0,1.067608478E1
5.564160500E0,2.512225800E0,1.001507355E1,3.560795288E0,1.092209869E1
5.574114500E0,2.480342102E0,1.010398865E1,3.236270142E0,1.089569309E1
5.584067500E0,2.569257202E0,1.012015503E1,2.977907410E0,1.085755741E1
5.594021500E0,2.911295929E0,1.000519409E1,2.857258301E0,1.080478958E1
5.603974500E0,3.317850494E0,9.760003967E0,2.577190704E0,1.062580450E1
5.613927500E0,3.555256805E0,9.668095093E0,2.663411407E0,1.063981551E1
5.623881500E0,3.578757935E0,9.661658478E0,2.730771332E0,1.065890543E1
5.633834500E0,3.362906799E0,9.653724976E0,2.796185303E0,1.059821684E1
5.643788500E0,3.132685547E0,9.608069916E0,2.795287170E0,1.048534008E1
5.653741500E0,3.079096985E0,9.560319214E0,2.876867523E0,1.044781836E1
5.663695500E0,3.195704498E0,9.534273376E0,2.818788300E0,1.044320179E1
5.673648500E0,3.348087616E0,9.408085785E0,2.403851166E0,1.027133240E1
5.683602500E0,3.332070923E0,9.387728119E0,2.599344635E0,1.029508273E1
5.693555500E0,3.078947296E0,9.187444611E0,2.646646271E0,1.004459016E1
5.703508500E0,2.595303040E0,9.074279938E0,2.668949890E0,9.808233672E0
5.713462500E0,2.142195282E0,9.364077301E0,2.778671722E0,9.999798041E0
5.723415500E0,1.684746552E0,9.649384003E0,2.903212738E0,1.021653693E1
5.733369500E0,1.457818451E0,9.819580078E0,2.661166077E0,1.027770366E1
5.743322500E0,1.541045380E0,9.668544159E0,2.693199463E0,1.015425479E1
5.753276500E0,1.664538574E0,9.232949982E0,2.705773315E0,9.764182673E0
5.763229500E0,2.165846100E0,8.659492493E0,2.303559723E0,9.218681411E0
5.773183500E0,2.450554047E0,8.220156097E0,1.482966156E0,8.704904940E0
5.783136500E0,2.656076660E0,8.011639709E0,8.363108826E-1,8.481776344E0
5.793089500E0,2.727927246E0,7.836054840E0,1.253643036E0,8.391481596E0
5.803043500E0,2.638712769E0,7.775430908E0,2.085762634E0,8.471749326E0
5.812996500E0,2.467917938E0,8.052504730E0,2.748434601E0,8.859308333E0
5.822950500E0,2.107766876E0,8.495134277E0,3.059936829E0,9.272173477E0
5.832903500E0,1.541793823E0,8.872499542E0,3.188220062E0,9.553173477E0
5.842857500E0,1.280437317E0,9.088350677E0,2.926713867E0,9.633446518E0
5.852810500E0,1.368903351E0,9.019942932E0,2.730621643E0,9.523106712E0
5.862764500E0,1.581311646E0,8.905880127E0,2.777324524E0,9.461964852E0
5.872717500E0,1.999990997E0,8.636590118E0,2.555934906E0,9.226237375E0
5.882670500E0,2.412084045E0,8.378975830E0,2.854264526E0,9.174541481E0
5.892624500E0,2.735411682E0,8.038583679E0,2.256258087E0,8.785898087E0
5.902577500E0,2.779270477E0,7.782915344E0,1.999541931E0,8.502722127E0
5.912531500E0,2.886597290E0,7.740254059E0,1.745370483E0,8.443358037E0
5.922484500E0,2.978805542E0,7.838749237E0,2.250420227E0,8.682376590E0
5.932438500E0,3.197201385E0,8.157137146E0,2.692600708E0,9.165755926E0
5.942391500E0,3.173101501E0,8.436905365E0,2.719394989E0,9.415150258E0
5.952345500E0,2.827619934E0,8.705596619E0,2.554737396E0,9.503132649E0
5.962298500E0,2.462229767E0,8.954678650E0,2.165247345E0,9.536096749E0
5.972251500E0,2.182461548E0,9.372010803E0,2.126627655E0,9.854961699E0
5.982205500E0,2.284848633E0,9.548493805E0,2.049537964E0,1.002969955E1
5.992158500E0,2.396366730E0,9.285640411E0,1.962269440E0,9.788574600E0
6.002112500E0,2.850522308E0,8.911717987E0,1.863923950E0,9.540356775E0
6.012065500E0,3.244952087E0,8.512797546E0,2.038760376E0,9.335629598E0
6.022019500E0,3.288511505E0,8.129145355E0,2.227667542E0,9.047641394E0
6.031972500E0,2.998714142E0,7.949069824E0,2.460583191E0,8.845024998E0
6.041925500E0,2.669997711E0,7.956554260E0,2.721640320E0,8.822866286E0
6.051879500E0,2.354453888E0,8.133186951E0,2.881807251E0,8.944103986E0
6.061832500E0,1.998643799E0,8.532107391E0,3.181184692E0,9.322626755E0
6.071786500E0,1.753303986E0,8.776249695E0,2.954555969E0,9.424756472E0
6.081739500E0,1.614542542E0,8.792266388E0,2.717299347E0,9.343147842E0
6.091693500E0,1.497036896E0,8.671916656E0,2.825075226E0,9.242527143E0
6.101646500E0,1.284927979E0,8.496780853E0,2.928959198E0,9.078828491E0
6.111600500E0,1.036893768E0,8.361761627E0,3.074606323E0,8.969248031E0
6.121553500E0,8.219407654E-1,8.189020844E0,3.159629517E0,8.815832784E0
6.131506500E0,6.265969849E-1,8.018375702E0,3.255430298E0,8.676681342E0
6.141460500E0,5.523513794E-1,8.044571228E0,3.328029327E0,8.723301983E0
6.151413500E0,7.117698669E-1,8.201744385E0,3.347488861E0,8.887120398E0
6.161367500E0,1.096020813E0,8.348589020E0,3.248843994E0,9.025252769E0
6.171320500E0,1.500928802E0,8.413404236E0,3.100053406E0,9.091121450E0
6.181274500E0,1.782044220E0,8.459508362E0,3.013383636E0,9.155295968E0
6.191227500E0,1.972897339E0,8.502618713E0,2.929258575E0,9.206921565E0
6.201181500E0,2.147883453E0,8.600814514E0,2.934347992E0,9.337976857E0
6.211134500E0,2.354004822E0,8.696764984E0,2.878364410E0,9.458331860E0
6.221087500E0,2.485431519E0,8.741072845E0,3.054398346E0,9.587130623E0
6.231041500E0,2.542762299E0,8.824299774E0,3.413052521E0,9.797082939E0
6.240994500E0,2.627037048E0,9.011260986E0,3.664529572E0,1.007635476E1
6.250948500E0,2.701731720E0,9.323960724E0,3.586691437E0,1.034891073E1
6.260901500E0,2.769540710E0,9.702673187E0,3.200344849E0,1.058557650E1
6.270855500E0,2.823428650E0,9.985584869E0,2.639311523E0,1.070745627E1
6.280808500E0,2.930306396E0,1.002764740E1,2.022893372E0,1.064107633E1
6.290762500E0,3.147055664E0,9.782457275E0,2.196532288E0,1.050833877E1
6.300715500E0,3.535497894E0,9.171577606E0,3.465293884E0,1.042237223E1
6.310668500E0,3.967499542E0,8.284222870E0,4.010609894E0,1.002269389E1
6.320622500E0,4.508474579E0,7.903714142E0,4.885091400E0,1.032759208E1
6.330575500E0,5.009782104E0,8.221503296E0,4.761298828E0,1.074062380E1
6.340529500E0,5.470973053E0,8.713081055E0,3.763922882E0,1.095520164E1
6.350482292E0,5.451962585E0,9.072932739E0,2.791844330E0,1.094698129E1
6.360436292E0,4.732708282E0,9.104367371E0,1.724114685E0,1.040483562E1
6.370389292E0,3.839964752E0,9.115444336E0,1.024768982E0,9.944184542E0
6.380342292E0,3.258124695E0,9.341474304E0,3.008743286E-1,9.897931302E0
6.390296292E0,3.575614471E0,9.849068756E0,-1.303788757E-1,1.047884406E1
6.400249292E0,4.148024139E0,1.051503387E1,4.098477173E-1,1.131105728E1
6.410203292E0,4.423900452E0,1.077773758E1,1.364712067E0,1.173000262E1
6.420156292E0,4.587360535E0,1.085482727E1,1.844464417E0,1.192783303E1
6.430110292E0,4.053271179E0,1.053239777E1,2.607876892E0,1.158280760E1
6.440063292E0,3.300336914E0,1.007060806E1,3.322341156E0,1.110618392E1
6.450017292E0,2.252366180E0,9.934241638E0,4.160597992E0,1.100331250E1
6.459970292E0,1.200204163E0,1.020293289E1,4.930896149E0,1.139535284E1
6.469923292E0,5.948629761E-1,1.066023193E1,5.420527954E0,1.197399391E1
6.479877292E0,6.128256226E-1,1.096859070E1,5.295837250E0,1.219554957E1
6.489830292E0,1.054557037E0,1.087488556E1,4.453838196E0,1.179880931E1
6.499784292E0,1.327888641E0,1.071576645E1,3.008144531E0,1.120891932E1
6.509737292E0,1.213975525E0,1.053958282E1,1.907633057E0,1.077940660E1
6.519691292E0,1.744921417E0,9.959089966E0,1.375040588E0,1.020386987E1
6.529644292E0,2.753973083E0,9.183702393E0,3.073408813E0,1.006829673E1
6.539598292E0,3.256478119E0,9.670789490E0,4.821174316E0,1.128594439E1
6.549551292E0,2.705024872E0,1.057326279E1,5.886508942E0,1.240008198E1
6.559504292E0,1.654509430E0,1.029873367E1,6.303841095E0,1.218768761E1
6.569458292E0,1.183588715E0,9.201365662E0,6.276597748E0,1.120096833E1
6.579411292E0,9.186396790E-1,8.354127502E0,6.033054199E0,1.034567969E1
6.589365292E0,4.611909485E-1,8.427325287E0,6.186485138E0,1.046446878E1
6.599318292E0,-6.903643799E-1,8.708889771E0,5.411097565E0,1.027625130E1
6.609272292E0,-1.978735199E0,9.488618317E0,4.107159119E0,1.052701413E1
6.619225292E0,-2.432441711E0,1.037477554E1,4.036356354E0,1.139495120E1
6.629178292E0,-1.557960205E0,1.019919067E1,4.217779083E0,1.114631736E1
6.639132292E0,-2.131567383E-1,9.444609833E0,4.111949158E0,1.030311684E1
6.649085292E0,5.736071777E-1,8.988508301E0,4.237837372E0,9.953972687E0
6.659039292E0,6.782395935E-1,9.507329407E0,5.046306152E0,1.078492129E1
6.668992292E0,5.852828979E-1,1.083731369E1,5.648653564E0,1.223508117E1
6.678946292E0,4.261637878E-1,1.201805832E1,5.571713562E0,1.325365359E1
6.688899292E0,7.550299072E-1,1.271111710E1,4.237088928E0,1.341996612E1
6.698853292E0,1.843715973E0,1.247206421E1,2.354603577E0,1.282559286E1
6.708806292E0,1.626517639E0,1.051952454E1,2.307301941E0,1.089172155E1
6.718759292E0,1.194515991E-1,8.066725159E0,3.869154053E0,8.947439665E0
6.728713292E0,-5.688171387E-1,5.656587067E0,2.607427826E0,6.254535158E0
6.738666292E0,-5.887257385E-1,4.010460205E0,-5.792953491E-2,4.053855558E0
6.748620292E0,-2.797682190E-1,2.888992310E0,-9.961784363E-1,3.068699773E0
6.758573292E0,4.348457336E-1,2.766696625E0,-6.165678406E-1,2.867726787E0
6.768527292E0,1.366059265E0,3.786525879E0,-3.445834351E-1,4.040127955E0
6.778480292E0,2.607278137E0,5.170847168E0,7.831713867E-1,5.843707482E0
6.788434292E0,3.358416138E0,6.055357819E0,2.019749908E0,7.212884788E0
6.798387292E0,3.090772705E0,5.752836914E0,3.813320160E0,7.562368618E0
6.808340292E0,1.822310486E0,4.563110962E0,6.249504089E0,7.949786068E0
6.818294292E0,1.628613281E-1,4.044439545E0,6.048621826E0,7.278038269E0
6.828247292E0,-9.680369568E-1,3.680396576E0,4.760849762E0,6.094924525E0
6.838201292E0,-1.718576202E0,2.917133789E0,4.384831696E0,5.539848618E0
6.848154292E0,-1.587598572E0,4.072880402E0,5.233267365E0,6.818791044E0
6.858108292E0,-6.634204102E-1,6.517147522E0,5.560935974E0,8.592866074E0
6.868061292E0,1.765279083E0,1.261052628E1,6.719526672E0,1.439769502E1
6.878014292E0,3.346890106E0,1.361823074E1,9.742640076E0,1.707562349E1
6.887968292E0,2.375410309E0,7.120393066E0,9.757309570E0,1.231046959E1
6.897921292E0,4.318519592E-1,6.925198975E0,8.625662842E0,1.107009198E1
6.907875292E0,-8.402626648E0,5.809868317E0,7.417225800E0,1.262433931E1
6.917828292E0,-4.359983368E0,-1.523082733E0,2.684996521E1,2.724426302E1
6.927782292E0,5.000950470E0,1.118773499E0,1.291184967E1,1.389161696E1
6.937735292E0,6.040538635E0,7.367379456E0,1.162632294E1,1.503122657E1
6.947688292E0,6.905440063E0,7.762258301E0,1.270707550E1,1.641363836E1
6.957642292E0,3.933819580E0,8.105793915E0,1.219169724E1,1.515969370E1
6.967595292E0,2.577041016E0,6.704557800E0,1.035022659E1,1.259838983E1
6.977549292E0,2.942431183E0,5.466033325E0,8.462651825E0,1.049532741E1
6.987502292E0,2.800077209E0,4.923711090E0,8.692124634E0,1.037479609E1
6.997456292E0,2.848127289E0,4.062851257E0,8.258775787E0,9.634623340E0
7.007409292E0,2.368674316E0,3.268602905E0,5.986351318E0,7.220165170E0
7.017362292E0,2.093247070E0,2.369871826E0,6.731501770E0,7.437142721E0
7.027316292E0,1.987716522E0,1.897454224E0,7.783963165E0,8.254782375E0
7.037269292E0,2.652035065E0,2.776576080E0,8.344547424E0,9.185539529E0
7.047223292E0,2.942880249E0,3.777394867E0,9.467811584E0,1.060984035E1
7.057176292E0,2.523302765E0,4.540507965E0,1.009770172E1,1.135547663E1
7.067130292E0,2.637215881E0,5.914351044E0,1.010144394E1,1.199890101E1
7.077083292E0,2.294129333E0,6.818171539E0,9.204359436E0,1.168206853E1
7.087037292E0,2.173779602E0,7.625891876E0,8.541986847E0,1.165525993E1
7.096990292E0,2.383942566E0,8.181835785E0,8.653954010E0,1.214563868E1
7.106943292E0,2.701731720E0,8.439300385E0,8.206384735E0,1.207749542E1
7.116897292E0,2.998863831E0,8.308322754E0,8.159981232E0,1.202525280E1
7.126850292E0,2.975213013E0,8.472381592E0,7.620353394E0,1.177722073E1
7.136804292E0,2.651436310E0,7.961643677E0,8.179590454E0,1.171851460E1
7.146757292E0,2.385888519E0,7.720195770E0,8.381520538E0,1.164232680E1
7.156711292E0,2.054477692E0,7.420219574E0,8.391399994E0,1.138842092E1
7.166664292E0,1.971101074E0,7.264243927E0,8.700956268E0,1.150483026E1
7.176617292E0,1.784439240E0,7.341333618E0,9.376950531E0,1.204186879E1
7.186571292E0,1.522483978E0,7.395520935E0,9.687554626E0,1.228252425E1
7.196524292E0,4.831951904E-1,6.948700104E0,9.880802765E0,1.208917590E1
7.206478292E0,5.342390442E-1,5.791157227E0,9.506880341E0,1.114467080E1
7.216431292E0,9.743238831E-1,5.092410278E0,9.412426758E0,1.074596329E1
7.226385292E0,1.720821533E0,4.144730988E0,9.613159332E0,1.060909299E1
7.236338292E0,2.039359131E0,3.137026520E0,9.938432922E0,1.061943360E1
7.246291292E0,1.827399902E0,2.863395538E0,1.004111938E1,1.060011806E1
7.256245292E0,2.087558899E0,3.276835785E0,9.531429291E0,1.029289557E1
7.266198292E0,2.146685944E0,3.412004700E0,9.513616333E0,1.033242142E1
7.276152292E0,1.710193634E0,2.824925537E0,9.863139496E0,1.040127335E1
7.286105292E0,1.196761322E0,3.000360718E0,1.001387604E1,1.052198248E1
7.296059292E0,9.065148926E-1,3.608246613E0,1.003902374E1,1.070622298E1
7.306012292E0,8.072712708E-1,4.264182587E0,1.063403641E1,1.148554180E1
7.315965292E0,9.719288635E-1,4.988077240E0,1.036414764E1,1.154301159E1
7.325919292E0,1.369053040E0,5.646857300E0,9.473499756E0,1.111343787E1
7.335872292E0,1.650168457E0,6.307882690E0,8.937913513E0,1.106339631E1
7.345826542E0,1.616338806E0,6.664590912E0,8.623716888E0,1.101806771E1
7.355779542E0,1.563798065E0,7.028933258E0,8.080496521E0,1.082339093E1
7.365733542E0,1.329684906E0,7.549700317E0,7.825876007E0,1.095492456E1
7.375686542E0,1.043480072E0,7.639363861E0,7.924820251E0,1.105674034E1
7.385640542E0,1.535357208E0,8.167016602E0,8.180787964E0,1.166116519E1
7.395593542E0,3.488645325E0,8.108638000E0,7.361391907E0,1.149394394E1
7.405546542E0,4.929998016E0,7.706424408E0,5.661227417E0,1.075840850E1
7.415500542E0,4.823269958E0,7.699239349E0,5.982459412E0,1.087805315E1
7.425453542E0,4.891677704E0,7.404651947E0,7.775580597E0,1.179902686E1
7.435407542E0,4.962779846E0,6.750811615E0,9.033863983E0,1.232125561E1
7.445360542E0,3.506907349E0,6.126459961E0,9.278455353E0,1.165854384E1
7.455314542E0,1.861229553E0,5.826932831E0,9.611063690E0,1.139253558E1
7.465267542E0,1.421593781E0,6.073769531E0,9.004075928E0,1.095376595E1
7.475220542E0,3.848497009E-1,6.532116394E0,7.863447876E0,1.022988105E1
7.485174542E0,-2.484832764E-2,7.079677734E0,7.209308167E0,1.010428516E1
7.495127542E0,3.397933960E-1,6.732848969E0,7.301516418E0,9.937749081E0
7.505081542E0,9.021739197E-1,6.860084381E0,7.811805267E0,1.043546726E1
7.515034542E0,1.574425964E0,6.968608704E0,8.739126892E0,1.128772179E1
7.524988542E0,1.643282776E0,7.019203491E0,7.701784058E0,1.054926887E1
7.534941542E0,1.482517090E0,7.561825104E0,7.550448761E0,1.078834243E1
7.544894542E0,1.095721436E0,7.509284363E0,7.435487823E0,1.062433227E1
7.554848542E0,7.923023987E-1,7.273674316E0,7.407645721E0,1.041188246E1
7.564801542E0,6.429130554E-1,7.674989777E0,7.447762299E0,1.071391472E1
7.574755542E0,9.955796814E-1,8.080346832E0,7.574099579E0,1.111980972E1
7.584708542E0,1.872156830E0,7.998018036E0,7.705825653E0,1.126290427E1
7.594662542E0,2.950214996E0,7.791148224E0,7.507488098E0,1.121463939E1
7.604615542E0,3.642225952E0,7.713759155E0,6.537056122E0,1.074713883E1
7.614568542E0,3.858975220E0,7.773035889E0,5.549409943E0,1.030086052E1
7.624522542E0,3.371738434E0,7.967780914E0,5.123994598E0,1.005532065E1
7.634475542E0,2.497406616E0,7.639214172E0,5.151537323E0,9.546358980E0
7.644429542E0,1.694176941E0,6.914870453E0,5.242847443E0,8.841556322E0
7.654382542E0,1.170266418E0,6.499783630E0,5.411396942E0,8.538145442E0
7.664336542E0,1.116378479E0,6.126160583E0,5.254523163E0,8.147770129E0
7.674289542E0,9.885443115E-1,6.176306305E0,4.978497162E0,7.994336334E0
7.684242542E0,3.056643677E-1,5.796096954E0,4.809049530E0,7.537581044E0
7.694196542E0,4.402345276E-1,5.965843964E0,5.251379700E0,7.960030740E0
7.704149542E0,1.088536377E0,6.303691406E0,7.097790070E0,9.555106523E0
7.714103542E0,1.376537476E0,6.032305756E0,8.556806030E0,1.055947430E1
7.724056542E0,1.128054199E0,5.762716370E0,8.194259949E0,1.008103677E1
7.734010542E0,3.987707520E-1,5.341192932E0,7.917186127E0,9.558723566E0
7.743963542E0,-2.785707092E-1,5.795198822E0,7.538623352E0,9.512768949E0
7.753916542E0,-3.531156921E-1,5.806126099E0,6.978338470E0,9.084767403E0
7.763870542E0,6.646179199E-2,5.667214966E0,6.442602539E0,8.580726666E0
7.773823542E0,9.439370728E-1,5.601501617E0,6.250252533E0,8.445915835E0
7.783777542E0,1.988315277E0,5.972430267E0,6.036047974E0,8.721077690E0
7.793730542E0,2.342478790E0,5.995033264E0,5.662574615E0,8.572769797E0
7.803684542E0,2.095941467E0,5.951024780E0,6.117927704E0,8.788441612E0
7.813637542E0,1.307680664E0,5.895639954E0,6.506070557E0,8.876798594E0
7.823591542E0,6.593788147E-1,5.706433411E0,6.582112427E0,8.736267320E0
7.833544542E0,1.178050232E-1,5.911057892E0,6.845863953E0,9.045459451E0
7.843497542E0,-3.517684937E-2,6.222260742E0,6.924450531E0,9.309445811E0
7.853451542E0,-2.396516418E-1,6.691085815E0,6.638994141E0,9.428907970E0
7.863404542E0,-2.525248718E-1,7.208110657E0,6.611301727E0,9.784167751E0
7.873358542E0,-1.252894592E-1,7.551346893E0,6.252048798E0,9.804419999E0
7.883311542E0,-3.417393494E-1,7.615862732E0,5.969286804E0,9.682486038E0
7.893265542E0,-8.090675354E-1,7.485034790E0,6.407725067E0,9.886317647E0
7.903218542E0,-1.646276550E0,8.608448639E0,6.603218536E0,1.097351856E1
7.913171542E0,-1.926643524E0,8.957373047E0,6.186335449E0,1.105519034E1
7.923125542E0,-9.873468018E-1,7.357649689E0,5.699248352E0,9.359022087E0
7.933078542E0,-5.574407959E-1,6.827152863E0,6.129753113E0,9.192096044E0
7.943032542E0,-4.146377563E-2,4.809199219E0,5.678890686E0,7.441768324E0
7.952985542E0,5.924679565E-1,4.380191345E0,5.716163177E0,7.225760581E0
7.962939542E0,1.710792389E0,5.041067047E0,6.066135406E0,8.070759961E0
7.972892542E0,2.980751495E0,6.157595215E0,7.053631897E0,9.826219072E0
7.982845542E0,3.546574860E0,7.445067902E0,7.659721527E0,1.125515718E1
7.992799542E0,3.198548584E0,8.526269531E0,9.560468903E0,1.320342951E1
8.002752542E0,2.881358185E0,8.148006134E0,6.783443756E0,1.098668913E1
8.012706542E0,3.445684662E0,7.724087677E0,7.762258301E0,1.147984874E1
8.022659542E0,3.696862335E0,7.262896729E0,8.334967346E0,1.165710687E1
8.032613542E0,3.527115326E0,7.075636139E0,7.169191589E0,1.067251036E1
8.042566542E0,3.153641968E0,6.676416321E0,6.455924835E0,9.808106750E0
8.052519542E0,2.991379395E0,6.270759888E0,6.114185486E0,9.254947023E0
8.062473542E0,3.128643951E0,5.740113373E0,7.441325684E0,9.905081647E0
8.072426542E0,3.202141113E0,5.581293640E0,8.908574524E0,1.098941520E1
8.082380542E0,2.874173126E0,5.232668610E0,9.007518768E0,1.080634472E1
8.092333542E0,2.017504578E0,4.866080933E0,9.433532867E0,1.080465690E1
8.102287542E0,1.173858948E0,4.634811859E0,8.579409027E0,9.821694612E0
8.112240542E0,2.885998535E-1,4.542603607E0,8.193960571E0,9.373341307E0
8.122193542E0,6.466552734E-2,4.697082367E0,7.542814636E0,8.885989930E0
8.132147542E0,6.884184265E-1,5.142256622E0,7.978857880E0,9.517294582E0
8.142100542E0,2.174827423E0,5.353467407E0,9.157057800E0,1.082779734E1
8.152054542E0,3.337609406E0,5.655389557E0,9.412726135E0,1.147704147E1
8.162007542E0,4.082161102E0,5.474565582E0,9.601333923E0,1.178221205E1
8.171961542E0,3.411405945E0,5.304369507E0,9.212143250E0,1.116412153E1
8.181914542E0,2.528392181E0,5.575904846E0,8.619824982E0,1.057283617E1
8.191867542E0,2.086361389E0,5.577102356E0,7.979905701E0,9.956699731E0
8.201821542E0,2.169738007E0,5.516179047E0,7.385192413E0,9.469797320E0
8.211774542E0,2.551893311E0,5.474565582E0,6.603966980E0,8.949603771E0
8.221728542E0,3.013832703E0,5.299429779E0,5.439538422E0,8.170417479E0
8.231681542E0,3.010838928E0,4.919819183E0,4.141138458E0,7.100619662E0
8.241635542E0,2.793640594E0,4.555177460E0,2.901566162E0,6.080555538E0
8.251588542E0,2.745740204E0,4.602778473E0,3.316952362E0,6.302922490E0
8.261541542E0,3.047662354E0,4.762346649E0,6.383176117E0,8.527199351E0
8.271495542E0,3.790866852E0,4.538262634E0,8.924890594E0,1.070608105E1
8.281448542E0,3.563639374E0,4.333638153E0,1.123458755E1,1.255770293E1
8.291402542E0,2.493514709E0,5.149142303E0,1.193602890E1,1.323631625E1
8.301355542E0,1.558409271E0,5.860163727E0,1.067579956E1,1.227773817E1
8.311309542E0,4.516108704E-1,5.632936249E0,9.372160492E0,1.094400820E1
8.321262542E0,9.455836487E-1,5.655838623E0,8.788973236E0,1.049422172E1
8.331215542E0,2.511477356E0,5.911656647E0,8.255632324E0,1.045995544E1
8.341169542E0,4.048181763E0,6.103258209E0,7.303312683E0,1.034291605E1
8.351122000E0,4.460424500E0,6.201304321E0,6.496789856E0,1.002795295E1
8.361076000E0,4.551285553E0,6.152655487E0,5.924829254E0,9.678479809E0
8.371029000E0,4.631668396E0,6.203699341E0,6.195765839E0,9.915934246E0
8.380983000E0,4.236340485E0,5.904321899E0,6.370302887E0,9.663765139E0
8.390936000E0,3.046015778E0,5.261259155E0,5.941145325E0,8.500368685E0
8.400889000E0,2.156864777E0,5.114863586E0,5.932613068E0,8.124641099E0
8.410843000E0,2.018402710E0,5.130431213E0,6.515650635E0,8.535161225E0
8.420796000E0,2.034269714E0,4.890330505E0,7.325616302E0,9.039814154E0
8.430750000E0,2.147584076E0,4.944068756E0,7.995772705E0,9.643044871E0
8.440703000E0,2.291285248E0,4.997657318E0,8.114625549E0,9.801719980E0
8.450657000E0,3.103945312E0,4.890779572E0,7.178322601E0,9.224018468E0
8.460610000E0,4.290527802E0,5.083129578E0,5.967939606E0,8.936617831E0
8.470563000E0,4.450245667E0,5.157524872E0,5.901777191E0,9.013086226E0
8.480517000E0,3.625011749E0,5.453459473E0,7.923323364E0,1.027910422E1
8.490470000E0,3.450774078E0,5.097948761E0,9.621691589E0,1.142251603E1
8.500424000E0,3.746858368E0,5.177433472E0,1.003183868E1,1.189464385E1
8.510377000E0,3.589834900E0,5.770350494E0,9.941726074E0,1.204249878E1
8.520331000E0,2.995720367E0,5.928721161E0,8.929680634E0,1.112938773E1
8.530284000E0,2.404449921E0,5.811365204E0,8.178093567E0,1.031671262E1
8.540237000E0,1.546583862E0,5.582940216E0,7.822283478E0,9.733923254E0
8.550191000E0,1.860481110E0,6.271059265E0,7.454049225E0,9.917178233E0
8.560144000E0,3.077300720E0,7.034771118E0,7.608827362E0,1.080981213E1
8.570098000E0,4.328848114E0,7.638016663E0,8.183781738E0,1.200218764E1
8.580051000E0,4.496200104E0,7.539671173E0,8.186176758E0,1.200316403E1
8.590005000E0,4.127367096E0,7.466623077E0,8.150101776E0,1.179871935E1
8.599958000E0,3.608246613E0,7.192543030E0,7.823181610E0,1.122293586E1
8.609911000E0,3.390748901E0,7.557334442E0,7.259753265E0,1.101428615E1
8.619865000E0,1.938319244E0,7.606132965E0,6.533463593E0,1.021256514E1
8.629818000E0,7.942483521E-1,7.495363312E0,5.936205597E0,9.594260707E0
8.639772000E0,-1.070274353E-1,7.738607483E0,6.237828369E0,9.940221497E0
8.649725000E0,-9.461824036E-1,7.722590790E0,6.748266907E0,1.029916384E1
8.659679000E0,5.149291992E-2,6.322552185E0,6.997348938E0,9.430811726E0
8.669632000E0,2.011217651E0,5.480702820E0,6.818770294E0,8.976565499E0
8.679585000E0,3.213517456E0,5.749843140E0,6.229745178E0,9.066262491E0
8.689539000E0,3.617377625E0,6.403533783E0,5.680088196E0,9.292688938E0
8.699492000E0,3.273842010E0,6.983727264E0,5.824537811E0,9.665181257E0
8.709446000E0,2.704575806E0,7.112758942E0,5.263953552E0,9.252852374E0
8.719399000E0,2.338886261E0,6.588399353E0,5.207969971E0,8.717817743E0
8.729353000E0,2.387984161E0,6.261479187E0,6.711144104E0,9.484094324E0
8.739306000E0,2.252815247E0,5.746699677E0,8.010292511E0,1.011259214E1
8.749259000E0,1.491947479E0,5.242697754E0,8.677604828E0,1.024756618E1
8.759213000E0,5.769003296E-1,5.513933716E0,9.094487915E0,1.065110273E1
8.769166000E0,-3.496728516E-1,6.148015137E0,8.729397125E0,1.068282432E1
8.779120000E0,-1.179996185E0,6.490802307E0,9.224866791E0,1.134112309E1
8.789073000E0,-1.151106262E0,6.328839111E0,9.546547852E0,1.151155185E1
8.799027000E0,-4.685256958E-2,6.225254517E0,8.964707794E0,1.091430139E1
8.808980000E0,8.029302979E-1,6.339017944E0,7.495213623E0,9.849166098E0
8.818933000E0,1.476080475E0,6.794670410E0,6.317462769E0,9.394503467E0
8.828887000E0,2.269879761E0,7.176226959E0,6.515650635E0,9.955113796E0
8.838840000E0,2.454745331E0,7.403454437E0,7.080875244E0,1.053450077E1
8.848794000E0,2.161505127E0,7.549101563E0,7.693401489E0,1.099315538E1
8.858747000E0,1.726958771E0,7.450456696E0,7.678282928E0,1.083732994E1
8.868701000E0,9.669891357E-1,7.114854584E0,7.223229218E0,1.018485464E1
8.878654000E0,2.770738220E-1,6.914271698E0,7.078330536E0,9.898822465E0
8.888607000E0,-5.626799011E-1,6.646777954E0,7.091054077E0,9.735466798E0
8.898561000E0,-1.444795532E0,6.398144989E0,6.681655426E0,9.363130495E0
8.908514000E0,-1.676363983E0,6.418951721E0,5.993536377E0,8.940671994E0
8.918468000E0,-1.393302612E0,6.683451691E0,5.858367462E0,8.996126277E0
8.928421000E0,-6.688092041E-1,7.022796021E0,5.789211273E0,9.125893757E0
8.938375000E0,1.749861145E-1,7.190447388E0,4.919070740E0,8.713805754E0
8.948328000E0,9.210346985E-1,7.327562256E0,4.879852295E0,8.851803881E0
8.958281000E0,1.336720276E0,7.379653931E0,4.891977081E0,8.954191923E0
8.968235000E0,1.358874207E0,7.168742523E0,4.746629333E0,8.704475774E0
8.978188000E0,1.298549652E0,6.704408112E0,4.316723328E0,8.078949165E0
8.988142000E0,1.306183777E0,6.315516815E0,3.810176697E0,7.490615139E0
8.998095000E0,1.484612732E0,6.139033813E0,3.124153290E0,7.046427812E0
9.008049000E0,1.757046204E0,6.231691132E0,3.761827240E0,7.488159314E0
9.018002000E0,2.090852051E0,6.290818176E0,5.348976746E0,8.518075361E0
9.027956000E0,2.502945099E0,6.433321838E0,7.023993530E0,9.848291687E0
9.037909000E0,2.951113129E0,6.881040802E0,8.452323303E0,1.129157033E1
9.047862000E0,2.935695190E0,6.738686829E0,9.368118896E0,1.190755466E1
9.057816000E0,2.943928070E0,6.723717957E0,9.608069916E0,1.209090994E1
9.067769000E0,2.848576355E0,6.786736908E0,9.428593140E0,1.196129398E1
9.077723000E0,2.120640106E0,6.663393402E0,8.535849609E0,1.103443042E1
9.087676000E0,1.299747162E0,6.417754211E0,7.843988342E0,1.021787967E1
9.097630000E0,1.117875366E0,6.460415497E0,7.621251526E0,1.005336205E1
9.107583000E0,1.810185699E0,7.321874084E0,7.577991486E0,1.069170554E1
9.117536000E0,3.191662903E0,6.685098267E0,5.988896027E0,9.525971160E0
9.127490000E0,4.730912018E0,6.156098328E0,6.623725891E0,1.020552888E1
9.137443000E0,5.635780334E0,6.657405853E0,7.475155334E0,1.148742878E1
9.147397000E0,4.450694733E0,6.293811951E0,7.478149109E0,1.073980757E1
9.157350000E0,1.773961029E0,5.073100433E0,7.747289429E0,9.428880062E0
9.167304000E0,-3.694317627E-1,4.836292877E0,8.630901947E0,9.900438225E0
9.177257000E0,-1.573827209E0,4.250261536E0,9.692494354E0,1.069981785E1
9.187210000E0,-1.837878113E0,4.611759796E0,1.035262161E1,1.148141536E1
9.197164000E0,-1.832040253E0,5.228776703E0,1.043809387E1,1.181737200E1
9.207117000E0,-2.019899597E0,5.423372040E0,9.217681732E0,1.088386949E1
9.217071000E0,-1.855990448E0,5.324577484E0,7.832761688E0,9.651320199E0
9.227024000E0,-9.205856323E-1,5.501509552E0,7.168892212E0,9.083341940E0
9.236978000E0,5.233117676E-1,5.411846008E0,6.987619171E0,8.853742378E0
9.246931000E0,1.552272034E0,5.576802979E0,6.604116669E0,8.782063362E0
9.256884000E0,2.105072479E0,6.043382721E0,6.223308563E0,8.926554449E0
9.266838000E0,2.374362488E0,5.953120422E0,7.035519562E0,9.517130633E0
9.276791000E0,1.815424805E0,5.581443329E0,7.335495758E0,9.394560920E0
9.286745000E0,1.434916077E0,5.119354248E0,7.233857117E0,8.977497471E0
9.296698000E0,1.656006317E0,4.941524048E0,7.076833649E0,8.788776441E0
9.306652000E0,2.083816681E0,5.183720398E0,6.780749359E0,8.785887035E0
9.316605000E0,2.609523468E0,5.473966827E0,6.304439850E0,8.747564654E0
9.326559000E0,2.520907745E0,5.135820007E0,5.742508392E0,8.106048707E0
9.336512000E0,2.333796844E0,5.128934326E0,4.612358551E0,7.281924638E0
9.346465000E0,2.271077271E0,4.869823151E0,4.383185120E0,6.934355145E0
9.356419000E0,2.517913971E0,4.995711365E0,5.827830963E0,8.078405569E0
9.366372000E0,3.171005859E0,5.312602386E0,8.684191132E0,1.066274814E1
9.376326000E0,3.178340607E0,5.719755707E0,1.110301117E1,1.288775820E1
9.386279000E0,2.959645386E0,6.307433624E0,1.164099243E1,1.356672122E1
9.396233000E0,2.643203430E0,6.605613556E0,1.105361389E1,1.314545682E1
9.406186000E0,2.612966309E0,6.676715698E0,9.641151123E0,1.201490410E1
9.416139000E0,2.850821686E0,6.794969788E0,9.489666138E0,1.201468111E1
9.426093000E0,2.668201447E0,6.608158264E0,9.671088867E0,1.201320167E1
9.436046000E0,2.262395325E0,6.314019928E0,9.536818085E0,1.165916718E1
9.446000000E0,1.807042236E0,6.014193420E0,8.581055603E0,1.063345849E1
9.455953000E0,1.570683746E0,5.756130066E0,7.228618011E0,9.372993072E0
9.465907000E0,1.641935577E0,5.589526520E0,6.549180908E0,8.765302603E0
9.475860000E0,2.036215668E0,5.347479858E0,6.524332581E0,8.678054546E0
9.485813000E0,2.327210541E0,5.074148254E0,6.696923676E0,8.718467533E0
9.495767000E0,2.322570190E0,5.027744751E0,6.744674377E0,8.727152000E0
9.505720000E0,2.277364197E0,5.116360474E0,6.825805664E0,8.829221661E0
9.515674000E0,2.265688477E0,5.101241913E0,6.377937012E0,8.475499623E0
9.525627000E0,2.328408051E0,5.133574677E0,6.424939270E0,8.547216952E0
9.535581000E0,2.539319458E0,5.152435455E0,5.672304382E0,8.072841596E0
9.545534000E0,2.713706818E0,5.618566132E0,6.342760162E0,8.897364584E0
9.555488000E0,2.631976776E0,5.649252319E0,7.590715027E0,9.821420882E0
9.565441000E0,2.738704834E0,5.617518311E0,9.128916321E0,1.106318803E1
9.575394000E0,2.580783234E0,5.528752899E0,1.033735336E1,1.200368382E1
9.585348000E0,2.115999756E0,5.532046051E0,1.046234344E1,1.202254627E1
9.595301000E0,1.393003235E0,5.372028809E0,9.987231445E0,1.142558285E1
9.605255000E0,1.194366302E0,5.585185547E0,9.213041382E0,1.083978505E1
9.615208000E0,9.532177734E-1,5.267246704E0,8.675509186E0,1.019396741E1
9.625162000E0,-4.420307922E-1,3.896098022E0,8.208330688E0,9.096794145E0
9.635115000E0,3.763174438E-1,6.343658295E0,7.581134949E0,9.892280955E0
9.645068000E0,1.993554382E0,7.143744507E0,7.928562469E0,1.085676966E1
9.655022000E0,3.287912750E0,7.087012482E0,8.579259338E0,1.160343945E1
9.664975000E0,4.316723328E0,7.356751556E0,8.658744049E0,1.215441246E1
9.674929000E0,4.421056366E0,7.525301056E0,8.230634308E0,1.199663438E1
9.684882000E0,3.365601196E0,7.768844604E0,7.298223267E0,1.117793723E1
9.694836000E0,2.291285248E0,7.963439941E0,6.616989899E0,1.060428777E1
9.704789000E0,1.477277985E0,7.974965973E0,6.181994476E0,1.019801393E1
9.714743000E0,1.162332916E0,7.355404358E0,6.764582977E0,1.006044601E1
9.724696000E0,1.190025330E0,6.660100250E0,7.282805328E0,9.940440085E0
9.734649000E0,1.419947205E0,6.435716858E0,7.746840363E0,1.017095065E1
9.744603000E0,2.125430145E0,6.283184052E0,7.619754639E0,1.010230250E1
9.754556000E0,2.957549744E0,6.559509430E0,6.816674652E0,9.911675830E0
9.764510000E0,2.921025696E0,7.425308990E0,5.643115082E0,9.773042134E0
9.774463000E0,2.415676575E0,7.622149658E0,5.321883087E0,9.604951760E0
9.784417000E0,1.714833984E0,7.184160461E0,5.628595276E0,9.286221078E0
9.794370000E0,1.303938446E0,6.912475433E0,6.068530426E0,9.290297822E0
9.804323000E0,1.308429108E0,6.708000641E0,6.970854034E0,9.762277670E0
9.814277000E0,1.357676697E0,6.682403870E0,7.681576080E0,1.027153438E1
9.824230000E0,1.261726227E0,6.964866486E0,8.523275757E0,1.107914924E1
9.834184000E0,8.261320496E-1,7.229216766E0,9.386380920E0,1.187637217E1
9.844137000E0,-5.560935974E-1,7.258855133E0,8.935668182E0,1.152590056E1
9.854091000E0,-2.123184814E0,7.251670074E0,8.117469635E0,1.108999305E1
9.864044000E0,-3.136876831E0,7.596403198E0,6.985224152E0,1.078604164E1
9.873997000E0,-3.452869720E0,7.477700043E0,6.546037445E0,1.052087988E1
9.883951000E0,-2.532284088E0,7.452851715E0,6.232888641E0,1.004023716E1
9.893904000E0,-9.997709656E-1,7.626191254E0,5.895041199E0,9.690709249E0
9.903858000E0,6.834786987E-1,7.670199738E0,5.520370331E0,9.474892914E0
9.913811000E0,1.950144653E0,7.760911102E0,5.572162628E0,9.751092332E0
9.923765000E0,2.279459839E0,7.989186401E0,6.128854980E0,1.032404474E1
9.933718000E0,2.123184814E0,8.162226562E0,5.978268127E0,1.033777278E1
9.943672000E0,1.653012543E0,8.262368317E0,6.601122894E0,1.070392471E1
9.953625000E0,1.075663147E0,8.285570068E0,6.908882904E0,1.084160438E1
9.963578000E0,6.571334839E-2,8.307424622E0,6.998995514E0,1.086294437E1
9.973532000E0,-6.474037170E-1,8.559500427E0,5.985303497E0,1.046460879E1
9.983485000E0,-2.631527710E-1,9.010662231E0,4.902754669E0,1.026149534E1
9.993439000E0,6.607260132E-1,8.804540863E0,4.891078949E0,1.009352030E1
1.000339200E1,1.067280579E0,8.564589844E0,4.756508789E0,9.854727946E0
1.001334600E1,7.903564453E-1,8.446635132E0,4.329147491E0,9.524275635E0
1.002329900E1,1.793270874E-1,8.141569519E0,4.266278229E0,9.193391233E0
1.003325300E1,-8.846603394E-2,7.796836395E0,3.966900787E0,8.748416192E0
1.004320600E1,-1.642085266E-1,7.584128723E0,3.644770660E0,8.416075457E0
1.005315900E1,-5.523513794E-2,7.338190155E0,3.626209259E0,8.185443132E0
1.006311300E1,-4.041595459E-3,6.941215668E0,2.993025970E0,7.559014204E0
1.007306600E1,4.456233215E-1,6.747368774E0,2.881058807E0,7.350242538E0
1.008302000E1,3.626957703E-1,6.279741211E0,2.079026642E0,6.624881107E0
1.009297300E1,1.445993042E-1,6.177803192E0,2.223775635E0,6.567445418E0
1.010292700E1,2.071691895E-1,6.205196228E0,3.009042664E0,6.899399760E0
1.011288000E1,8.367599487E-2,6.097570038E0,3.009342041E0,6.800257463E0
1.012283300E1,9.220825195E-2,6.144871674E0,2.081271973E0,6.488423789E0
1.013278700E1,5.638774109E-1,6.178102570E0,2.651436310E0,6.746630537E0
1.014274000E1,1.307381287E0,6.250851288E0,4.639452209E0,7.893472269E0
1.015269400E1,2.025887146E0,6.538403320E0,6.941215668E0,9.748610755E0
1.016264700E1,2.311792603E0,7.265890503E0,8.302933960E0,1.127281075E1
1.017260100E1,2.245031433E0,6.916367340E0,7.786807251E0,1.065413866E1
1.018255400E1,1.520088959E0,6.904392242E0,7.407645721E0,1.023984950E1
1.019250800E1,2.806663513E-1,7.599846039E0,8.017028503E0,1.105030223E1
1.020246100E1,-4.849914551E-1,7.596253510E0,8.488697662E0,1.140159077E1
1.021241400E1,-7.679031372E-1,7.091802521E0,8.744216309E0,1.128470899E1
1.022236800E1,-6.738986206E-1,6.412066040E0,8.783883820E0,1.089611606E1
1.023232100E1,1.826202393E-2,5.607339478E0,8.963659973E0,1.057306907E1
1.024227500E1,9.249266052E-1,5.913602600E0,8.797954559E0,1.064096750E1
1.025222800E1,1.255289612E0,8.174800415E0,9.659413147E0,1.271642152E1
1.026218200E1,1.479223938E0,6.747668152E0,7.331903229E0,1.007352639E1
1.027213500E1,8.054750061E-1,4.907993774E0,6.807244263E0,8.430644538E0
1.028208900E1,2.914439392E-1,5.269791412E0,8.836274872E0,1.029249215E1
1.029204200E1,4.640350342E-2,5.068460083E0,9.633367310E0,1.088545849E1
1.030199500E1,-1.722917175E-1,5.116959229E0,1.085407883E1,1.200099927E1
1.031194900E1,-4.281097412E-2,4.774471436E0,1.136870865E1,1.233065070E1
1.032190200E1,2.035766602E-2,5.040917358E0,1.084883972E1,1.196280007E1
1.033185600E1,3.975732422E-1,5.150639191E0,9.583820343E0,1.088745888E1
1.034180900E1,3.838018799E-1,5.278323669E0,8.741072845E0,1.021833446E1
1.035176337E1,7.698490906E-1,5.507347412E0,7.715705109E0,9.510817445E0
1.036171637E1,1.420246582E0,5.585634613E0,6.892117767E0,8.984303073E0
1.037166937E1,2.429298248E0,5.815107422E0,6.217770081E0,8.853114090E0
1.038162337E1,3.473077698E0,6.008355560E0,8.441545715E0,1.092805103E1
1.039157637E1,3.204236755E0,5.434748383E0,1.175520493E1,1.334123180E1
1.040153038E1,1.207389221E0,4.768633575E0,1.547721497E1,1.624013048E1
1.041148338E1,-1.121318207E0,4.409380646E0,1.547556839E1,1.613050555E1
1.042143738E1,-1.040635986E0,4.614454193E0,1.433913162E1,1.509923198E1
1.043139038E1,-4.462220764E-1,4.252357178E0,1.216250793E1,1.289217805E1
1.044134438E1,-6.174659729E-1,4.189338226E0,9.401948547E0,1.031156901E1
1.045129738E1,-1.219963074E-1,4.262536011E0,7.635471954E0,8.745543340E0
1.046125038E1,9.252259827E-1,4.341571655E0,7.006629639E0,8.294464808E0
1.047120438E1,1.783092041E0,4.619393921E0,7.435637512E0,8.933472037E0
1.048115737E1,2.398312683E0,5.010081482E0,8.298592987E0,9.985963436E0
1.049111137E1,2.448009338E0,4.968767395E0,8.784482574E0,1.038501484E1
1.050106437E1,1.919907532E0,4.593946838E0,8.322094116E0,9.697816402E0
1.051101837E1,1.364113312E0,4.231251068E0,8.153843994E0,9.287058878E0
1.052097137E1,1.114133148E0,4.219126282E0,9.070537720E0,1.006563330E1
1.053092537E1,1.370849304E0,4.630770264E0,1.000728973E1,1.111166544E1
1.054087837E1,2.009122009E0,5.062472534E0,1.006970993E1,1.144832990E1
1.055083137E1,3.320095825E0,5.663622437E0,8.870553589E0,1.103568649E1
1.056078537E1,4.109554138E0,5.676795044E0,7.699389038E0,1.041129333E1
1.057073837E1,3.510499878E0,4.941074982E0,7.298822021E0,9.487393439E0
1.058069237E1,2.397264862E0,3.922143860E0,7.821085968E0,9.071905919E0
1.059064537E1,1.256786499E0,3.791465607E0,8.982820129E0,9.830858621E0
1.060059937E1,9.491761780E-1,3.750151520E0,1.195279404E1,1.256319454E1
1.061055237E1,1.645677795E0,3.554508362E0,1.285451889E1,1.343805942E1
1.062050637E1,2.376907196E0,3.812871094E0,1.277937515E1,1.354622099E1
1.063045937E1,3.043321381E0,4.708159332E0,1.054691757E1,1.194428899E1
1.064041237E1,3.858825531E0,6.038892059E0,7.255711670E0,1.019824022E1
1.065036637E1,4.043092346E0,5.874234467E0,6.458170166E0,9.620872527E0
1.066031937E1,2.846181335E0,4.997807007E0,6.610403595E0,8.762206272E0
1.067027337E1,2.004631348E0,4.492906952E0,7.994425507E0,9.386990940E0
1.068022637E1,2.181264038E0,4.750670929E0,9.000184021E0,1.040817465E1
1.069018038E1,2.464924164E0,4.903054047E0,9.055568848E0,1.058863151E1
1.070013338E1,1.681453400E0,4.424648895E0,8.846603394E0,1.003330429E1
1.071008738E1,-3.158432007E-2,4.513713684E0,7.927814026E0,9.122765152E0
1.072004038E1,-1.075214081E0,4.761598206E0,7.737559662E0,9.148701127E0
1.072999338E1,-1.128802643E0,5.212610321E0,7.404352570E0,9.125236366E0
1.073994738E1,-2.508782959E-1,5.654491425E0,6.828500061E0,8.869308106E0
1.074990038E1,6.038442993E-1,6.251300354E0,5.845344543E0,8.579710769E0
1.075985437E1,1.857637024E-1,6.130950623E0,4.700076141E0,7.727469147E0
1.076980737E1,-8.316705322E-1,6.460714874E0,4.236190796E0,7.770316919E0
1.077976137E1,-1.251846771E0,6.781497803E0,4.709656219E0,8.350849926E0
1.078971437E1,-2.778222656E-1,7.000193024E0,4.313280487E0,8.227045408E0
1.079966837E1,5.956114197E-1,7.605384521E0,5.015320587E0,9.129625801E0
1.080962137E1,6.589297485E-1,7.224726105E0,5.814358978E0,9.297183769E0
1.081957437E1,7.349716187E-1,6.702312469E0,7.051985321E0,9.756621992E0
1.082952837E1,1.291663971E0,6.033054199E0,1.092757599E1,1.254902609E1
1.083948137E1,2.181862793E0,5.838758240E0,1.439286987E1,1.568458881E1
1.084943537E1,2.131717072E0,5.523663483E0,1.499686386E1,1.612330616E1
1.085938837E1,2.055525513E0,5.426216125E0,1.286604492E1,1.411396891E1
1.086934237E1,1.510808258E0,5.717360687E0,1.043330383E1,1.199268876E1
1.087929537E1,1.719474335E0,6.127507782E0,9.568552094E0,1.149174194E1
1.088924837E1,2.198029175E0,6.601422272E0,9.141490173E0,1.148812216E1
1.089920237E1,2.620301056E0,7.106771393E0,7.519762573E0,1.067328471E1
1.090915537E1,2.597099304E0,7.508236542E0,6.483168182E0,1.025426791E1
1.091910937E1,2.067949677E0,7.589816895E0,6.490053864E0,1.019816334E1
1.092906237E1,1.238674164E0,6.524182892E0,5.395230560E0,8.556155030E0
1.093901637E1,6.462062073E-1,6.127507782E0,4.627028046E0,7.705408660E0
1.094896937E1,6.018983459E-1,6.221063232E0,3.074756012E0,6.965488776E0
1.095892338E1,1.285526733E0,5.937852173E0,4.367018738E0,7.482079929E0
1.096887638E1,2.281555481E0,7.052434387E0,6.568790131E0,9.904106723E0
1.097882938E1,3.519481201E0,7.416776733E0,6.097120972E0,1.022595762E1
1.098878338E1,3.717369690E0,7.336842957E0,5.258115692E0,9.761961002E0
1.099873638E1,2.560575256E0,6.797813873E0,4.570296021E0,8.582215612E0
1.100869038E1,1.014141083E0,5.599106598E0,3.747307434E0,6.813280402E0
1.101864338E1,-5.763015747E-2,4.691843262E0,3.573818207E0,5.898210831E0
1.102859738E1,-2.908451843E-1,4.367467804E0,3.226989441E0,5.438090363E0
1.103855038E1,-7.439529419E-2,4.325105896E0,2.377056885E0,4.935835806E0
1.104850437E1,2.243833923E-1,4.059109039E0,2.581831055E0,4.815866038E0
1.105845737E1,2.818638611E-1,3.488046570E0,4.296215973E0,5.541063778E0
1.106841037E1,1.130149841E-1,3.187621307E0,7.045548706E0,7.733916120E0
1.107836437E1,-3.616479492E-1,3.332370300E0,1.048808990E1,1.101069984E1
1.108831737E1,-7.807763672E-1,3.903582458E0,1.191701843E1,1.256435020E1
1.109827137E1,-1.339714050E0,3.418740692E0,1.225202179E1,1.279041280E1
1.110822437E1,-1.018781433E0,3.462150421E0,1.244392273E1,1.295668222E1
1.111817837E1,-1.187031555E0,4.031566315E0,1.249406845E1,1.318196940E1
1.112813137E1,-5.846841431E-1,4.270469513E0,1.224633362E1,1.298273671E1
1.113808537E1,6.596781921E-1,4.499493256E0,1.072145462E1,1.164603813E1
1.114803837E1,1.652413788E0,4.511318665E0,7.468119965E0,8.880049731E0
1.115799137E1,2.228415985E0,4.816533966E0,5.957461395E0,7.978482533E0
1.116794537E1,2.878813477E0,3.848946075E0,8.594377899E0,9.847095226E0
1.117789837E1,3.753744049E0,2.774330750E0,1.132874176E1,1.225266891E1
1.118785237E1,3.241808624E0,1.623224487E0,1.184142563E1,1.238400346E1
1.119780537E1,8.634045410E-1,-5.243595886E-1,1.190698929E1,1.194976210E1
1.120775937E1,-1.832040253E0,1.645528107E0,1.130808472E1,1.157311169E1
1.121771237E1,-2.301015015E0,2.575095062E0,1.091335556E1,1.144670757E1
1.122766637E1,2.796185303E-1,2.504891052E0,1.007988876E1,1.039022729E1
1.123761937E1,2.074835358E0,1.003064117E0,9.176217957E0,9.461186784E0
1.124757237E1,-3.113525391E-1,1.013542328E0,9.995015259E0,1.005109638E1
1.125752638E1,-7.676037598E-1,1.019080811E0,1.107187592E1,1.114514143E1
1.126747938E1,-1.175206146E0,1.738035736E0,1.092667786E1,1.112628270E1
1.127743338E1,-1.628313904E0,2.905458069E0,1.065095123E1,1.115956338E1
1.128738638E1,-7.415579224E-1,4.016896820E0,9.871222687E0,1.068299609E1
1.129734038E1,7.861651611E-1,4.626129913E0,8.874744873E0,1.003893571E1
1.130729338E1,1.930236053E0,3.607498169E0,8.301736450E0,9.255197586E0
1.131724738E1,1.732347565E0,1.919608154E0,8.845854950E0,9.216022642E0
1.132720038E1,4.516108704E-1,1.104702759E-1,1.024559418E1,1.025613748E1
1.133715338E1,-5.577401733E-1,-8.484356689E-1,1.093985046E1,1.098686695E1
1.134710737E1,-7.948471069E-1,-5.722599792E-1,1.134356094E1,1.138576472E1
1.135706042E1,-1.086141357E0,-7.529342651E-2,1.082414108E1,1.087875923E1
1.136701442E1,-1.315913544E0,4.930746460E-1,1.007704468E1,1.017455554E1
1.137696742E1,-5.893244934E-1,1.323248291E0,9.374555511E0,9.485809424E0
1.138692142E1,9.880952454E-1,2.103425903E0,9.131610718E0,9.422687889E0
1.139687442E1,2.056723022E0,2.496807861E0,9.482331390E0,1.001892048E1
1.140682742E1,2.524200897E0,3.202141113E0,9.960287476E0,1.076255660E1
1.141678142E1,2.000440063E0,3.568130035E0,1.003632935E1,1.083795272E1
1.142673442E1,1.296304321E0,2.863994293E0,1.030517029E1,1.077401517E1
1.143668842E1,6.306385803E-1,2.374512177E0,1.107337280E1,1.134264512E1
1.144664142E1,2.309696960E-1,2.153571625E0,1.082054855E1,1.103519319E1
1.145659542E1,3.679348755E-1,2.368674316E0,1.086665268E1,1.112789893E1
1.146654842E1,2.713856506E-1,2.517614594E0,1.137963593E1,1.165796497E1
1.147650242E1,6.698570251E-1,2.669398956E0,9.742939453E0,1.012419223E1
1.148645542E1,1.190324707E0,2.746638336E0,8.979077911E0,9.464921299E0
1.149640842E1,1.387614441E0,2.501148834E0,9.770931244E0,1.018097818E1
1.150636242E1,9.321116638E-1,1.727258148E0,1.098580490E1,1.115975637E1
1.151631542E1,9.699829102E-1,1.546134796E0,1.073387878E1,1.088795451E1
1.152626942E1,1.047371979E0,1.588496704E0,9.795031128E0,9.978123302E0
1.153622242E1,1.696871338E0,2.051334229E0,9.436676331E0,9.805009160E0
1.154617642E1,2.079026642E0,2.679278412E0,9.462722168E0,1.005206424E1
1.155612942E1,1.433119812E0,2.798879700E0,9.647587738E0,1.014709363E1
1.156608342E1,5.090913391E-1,2.784808960E0,1.044003983E1,1.081705905E1
1.157603642E1,-6.834786987E-1,2.746039581E0,1.153770721E1,1.187967021E1
1.158598942E1,-1.964215393E0,2.329006805E0,1.286948776E1,1.322520813E1
1.159594342E1,-2.816093903E0,2.010169830E0,1.420111862E1,1.461652961E1
1.160589642E1,-2.647394714E0,2.155367889E0,1.373199417E1,1.414998139E1
1.161585042E1,-1.525926819E0,2.325414276E0,1.389350830E1,1.416917701E1
1.162580342E1,-1.367256775E0,2.400857391E0,1.214574280E1,1.245602567E1
1.163575742E1,-8.102650452E-1,2.436183929E0,1.116647919E1,1.145782610E1
1.164571042E1,-5.182223511E-1,2.299967194E0,1.146016846E1,1.170016515E1
1.165566442E1,-2.535726929E-1,2.618654480E0,1.106648712E1,1.137491924E1
1.166561742E1,8.497828674E-1,4.140839081E0,1.036384827E1,1.119276687E1
1.167557042E1,3.682342529E-1,4.219874725E0,1.010234207E1,1.095446277E1
1.168552442E1,9.295669556E-2,4.402195587E0,9.756710815E0,1.070426891E1
1.169547742E1,-1.050814819E-1,4.356241150E0,9.103768616E0,1.009289265E1
1.170543142E1,-6.050418091E-1,4.336631927E0,8.412057037E0,9.483414768E0
1.171538442E1,-1.217717743E0,4.243226166E0,8.150850220E0,9.269528796E0
1.172533842E1,-1.192120972E0,3.997886353E0,8.111182709E0,9.121158514E0
1.173529142E1,-1.498533783E0,4.387675781E0,8.776998138E0,9.926378926E0
1.174524542E1,-1.888772278E0,4.171375580E0,8.803642731E0,9.923303899E0
1.175519842E1,-1.422342224E0,3.936813354E0,8.308622131E0,9.303480989E0
1.176515142E1,-5.789959717E-1,3.459456024E0,7.942633209E0,8.682654814E0
1.177510542E1,3.237767029E-1,3.129093018E0,6.703509979E0,7.404937576E0
1.178505842E1,1.274599457E0,3.222648468E0,5.548212433E0,6.541615101E0
1.179501242E1,1.648222504E0,3.912863159E0,5.074747009E0,6.616660240E0
1.180496542E1,2.075434113E0,4.129612427E0,6.003565521E0,7.576537766E0
1.181491942E1,2.186952209E0,3.956871643E0,7.434589691E0,8.701305479E0
1.182487242E1,2.275867310E0,4.339326324E0,7.805069275E0,9.215662285E0
1.183482642E1,2.027234344E0,4.641398163E0,7.254514160E0,8.847611638E0
1.184477942E1,1.940863953E0,3.996389465E0,8.818312225E0,9.874244890E0
1.185473242E1,1.439257050E0,3.614683228E0,8.821904755E0,9.641752911E0
1.186468642E1,1.025517426E0,3.660787354E0,8.065677338E0,8.916737125E0
1.187463942E1,1.597178650E-1,3.539090424E0,7.209607544E0,8.033001417E0
1.188459342E1,-1.160237274E0,3.693868561E0,6.324348450E0,7.415402807E0
1.189454642E1,-1.247505798E0,3.626059570E0,4.436923370E0,5.864372747E0
1.190450042E1,-9.026229858E-2,3.912264404E0,1.690734100E0,4.262926442E0
1.191445342E1,2.564317474E0,4.613855438E0,3.237767029E0,6.192456818E0
1.192440642E1,5.212610321E0,5.145400085E0,6.184239807E0,9.585993448E0
1.193436042E1,7.600744171E0,5.993536377E0,6.356531525E0,1.158012449E1
1.194431342E1,7.633076935E0,6.483617249E0,6.701713715E0,1.205048227E1
1.195426742E1,4.971910858E0,5.904172211E0,9.010362854E0,1.186447579E1
1.196422042E1,8.873547363E-1,5.261558533E0,9.308243408E0,1.072915616E1
1.197417442E1,-2.192041626E0,5.551056519E0,1.022553589E1,1.183979979E1
1.198412742E1,-2.763702850E0,6.467750244E0,1.063972458E1,1.275435556E1
1.199408142E1,-8.903485107E-1,7.764204254E0,7.872878265E0,1.109314204E1
1.200403442E1,2.851270752E0,7.880063324E0,7.928562469E0,1.153634456E1
1.201398742E1,3.601959686E0,5.276826782E0,7.322921906E0,9.718240566E0
1.202394142E1,3.638633423E0,2.739004211E0,6.306385803E0,7.778965173E0
1.203389442E1,3.628903656E0,2.509082336E0,6.646179199E0,7.977225950E0
1.204384842E1,1.988165588E0,3.338357849E0,5.917045441E0,7.078761352E0
1.205380142E1,1.117725677E0,3.179538116E0,6.341862030E0,7.181781627E0
1.206375542E1,2.395318909E0,4.823419647E0,6.782845001E0,8.660826524E0
1.207370842E1,2.511627045E0,2.461032257E0,7.123087463E0,7.943760142E0
1.208366242E1,1.639690247E0,4.660857697E0,8.580157471E0,9.901074729E0
1.209361542E1,1.382375336E0,6.785988464E0,1.009470795E1,1.224188423E1
1.210356842E1,1.216370544E0,1.977088623E0,1.165251846E1,1.188148237E1
1.211352242E1,-1.463955688E-1,8.366102600E-1,1.248089584E1,1.250976057E1
1.212347542E1,-5.249583435E-1,1.943258972E0,1.205428299E1,1.222119369E1
1.213342942E1,-6.625222778E-1,1.774559784E0,1.200683167E1,1.215532825E1
1.214338242E1,-9.330097961E-1,1.834435272E0,1.261441818E1,1.278120519E1
1.215333642E1,-1.418150940E0,1.625020752E0,1.180505127E1,1.200046166E1
1.216328942E1,-2.559228058E0,1.160686340E0,1.100990479E1,1.136287131E1
1.217324342E1,-3.039279785E0,6.944059753E-1,1.078731766E1,1.122878638E1
1.218319642E1,-2.284399567E0,5.941145325E-1,1.107232498E1,1.132112335E1
1.219314942E1,3.110531616E-1,1.400936737E0,1.141586060E1,1.150570515E1
1.220310342E1,2.397564240E0,3.649560699E0,1.029139893E1,1.117946776E1
1.221305642E1,3.330574036E0,5.082530823E0,9.038204956E0,1.089100509E1
1.222301042E1,3.526217194E0,4.633165283E0,9.686057739E0,1.130133367E1
1.223296342E1,2.891836395E0,3.643722839E0,9.695787506E0,1.075396342E1
1.224291742E1,2.647394714E0,2.340233459E0,9.471553802E0,1.010919002E1
1.225287042E1,2.353256378E0,1.170565796E0,8.979377289E0,9.356134691E0
1.226282342E1,1.859133911E0,1.416055298E-1,9.186696167E0,9.373996879E0
1.227277742E1,1.473685455E0,-3.321592712E-1,1.016685791E1,1.027847646E1
1.228273042E1,9.973759460E-1,-6.677613831E-1,9.591903534E0,9.666709753E0
1.229268442E1,1.034648438E0,-8.857081604E-1,9.721384277E0,9.816327654E0
1.230263742E1,1.136586456E0,-5.180726624E-1,9.129664764E0,9.214716858E0
1.231259142E1,1.172362061E0,-4.936734009E-1,9.447453918E0,9.532708522E0
1.232254442E1,1.231040039E0,6.418652344E-1,9.190139008E0,9.294412598E0
1.233249842E1,1.163081360E0,1.750010834E0,9.100176086E0,9.339619959E0
1.234245142E1,1.056952057E0,2.404000854E0,9.840237122E0,1.018462736E1
1.235240667E1,1.930834808E0,2.645897827E0,9.732760620E0,1.026915418E1
1.236236067E1,-7.903564453E-2,6.354286194E-1,9.061257019E0,9.083853529E0
1.237231367E1,4.746629333E-1,2.781216431E-1,9.633816376E0,9.649511620E0
1.238226767E1,-5.084925842E-1,-8.590635681E-1,1.091515182E1,1.096070683E1
1.239222067E1,-2.963836670E-2,-1.047821045E0,1.172391998E1,1.177068847E1
1.240217467E1,2.163451080E0,-6.568341064E-1,1.294373337E1,1.313971785E1
1.241212767E1,1.913620605E0,-5.310955811E-1,1.259585678E1,1.275145538E1
1.242208167E1,9.955796814E-1,-6.722520447E-1,1.153516251E1,1.159754611E1
1.243203467E1,9.963281250E-1,7.783813477E-2,9.513167267E0,9.565515143E0
1.244198767E1,1.646725616E0,6.590794373E-1,8.953331451E0,9.127334498E0
1.245194167E1,2.018851776E0,9.768685913E-1,9.450298004E0,9.712783695E0
1.246189467E1,1.423240356E0,1.089584198E0,1.036564453E1,1.051947686E1
1.247184867E1,1.119971008E0,1.235830078E0,1.088551346E1,1.101253896E1
1.248180167E1,5.023553467E-1,1.885179749E0,9.798024902E0,9.990373144E0
1.249175567E1,7.050338745E-2,2.609972534E0,1.056517960E1,1.088301186E1
1.250170867E1,5.996530151E-1,2.894979858E0,1.095781311E1,1.134963261E1
1.251166167E1,4.303550720E-1,3.666774902E0,1.022284149E1,1.086908146E1
1.252161567E1,1.209484863E-1,4.382885742E0,9.243877258E0,1.023101084E1
1.253156867E1,2.769241333E-1,4.875810699E0,8.504564667E0,9.807029985E0
1.254152267E1,6.749464417E-1,4.906347198E0,8.707093506E0,1.001704911E1
1.255147567E1,1.427431641E0,5.204976196E0,9.493108978E0,1.092009416E1
1.256142967E1,2.023941193E0,5.417833557E0,1.014440460E1,1.167725152E1
1.257138267E1,2.065554657E0,5.563031616E0,1.045680496E1,1.202325276E1
1.258133667E1,1.707050171E0,5.390739899E0,1.002809647E1,1.151246349E1
1.259128967E1,1.030457153E0,5.191803589E0,9.950108643E0,1.127037393E1
1.260124267E1,7.533833313E-1,4.886438599E0,1.002570145E1,1.117853113E1
1.261119667E1,5.291496277E-1,4.409081268E0,8.741521912E0,9.804805061E0
1.262114967E1,7.508386230E-1,3.911965027E0,8.035739594E0,8.968853875E0
1.263110367E1,1.185085602E0,3.673810272E0,8.072413330E0,8.947914102E0
1.264105667E1,8.035290527E-1,3.807332611E0,8.416398010E0,9.272388906E0
1.265101067E1,3.835025024E-1,3.696712646E0,8.045020294E0,8.862003729E0
1.266096367E1,1.201701050E0,4.148323517E0,7.245682526E0,8.435199386E0
1.267091667E1,1.806293793E0,4.741090851E0,6.510860596E0,8.254207740E0
1.268087067E1,2.826123047E0,4.546046448E0,5.917644196E0,7.979475083E0
1.269082367E1,3.780987396E0,4.702022095E0,6.009253693E0,8.515633119E0
1.270077767E1,4.194427643E0,5.124743042E0,6.719676361E0,9.434525155E0
1.271073067E1,4.085603943E0,5.358556824E0,7.291936340E0,9.928676971E0
1.272068467E1,3.326682129E0,5.297633514E0,7.341034241E0,9.644818223E0
1.273063767E1,2.433938599E0,5.201832733E0,7.071145477E0,9.109567457E0
1.274059167E1,1.991758118E0,5.117408295E0,6.543193359E0,8.542151216E0
1.275054467E1,2.097588043E0,5.185816040E0,6.187832336E0,8.341572551E0
1.276049767E1,2.375859375E0,5.463638306E0,5.791157227E0,8.308643290E0
1.277045167E1,2.628983002E0,5.522915039E0,5.351072388E0,8.126999314E0
1.278040467E1,2.692301331E0,5.146447906E0,5.434299316E0,7.953994064E0
1.279035867E1,2.242337036E0,5.001249847E0,6.539600830E0,8.532699130E0
1.280031167E1,1.633403320E0,4.957690430E0,6.899602203E0,8.651659457E0
1.281026567E1,1.227896576E0,4.809049530E0,6.357130280E0,8.065221186E0
1.282021867E1,1.030008087E0,4.784051514E0,5.403164062E0,7.289872937E0
1.283017167E1,1.427880707E0,4.881648560E0,6.468049622E0,8.228304921E0
1.284012567E1,2.668949890E0,5.599405975E0,7.738158417E0,9.917446066E0
1.285007867E1,3.123105469E0,5.021457825E0,7.427105255E0,9.493719973E0
1.286003267E1,2.170037384E0,4.808301086E0,7.976462860E0,9.563094758E0
1.286998567E1,1.289119263E0,5.052593079E0,7.909701691E0,9.473853816E0
1.287993967E1,9.210346985E-1,4.658163300E0,7.222929840E0,8.643928836E0
1.288989267E1,1.309177551E0,4.966222687E0,6.745123444E0,8.477853732E0
1.289984567E1,2.468965759E0,5.234464874E0,6.830745392E0,8.952904392E0
1.290979967E1,3.586242371E0,4.925058289E0,6.872508545E0,9.184155224E0
1.291975267E1,3.903133392E0,5.354814606E0,7.033872986E0,9.663532425E0
1.292970667E1,3.513343964E0,5.121599579E0,6.720574493E0,9.150982984E0
1.293965967E1,2.854414215E0,5.354515228E0,7.423213348E0,9.587627979E0
1.294961367E1,1.832189941E0,5.557642822E0,8.515491943E0,1.033237227E1
1.295956667E1,1.218466187E0,4.341871033E0,8.389603729E0,9.524807329E0
1.296952067E1,9.395960999E-1,3.072061615E0,8.219257965E0,8.824772229E0
1.297947367E1,8.493338013E-1,2.850821686E0,7.757617950E0,8.308380616E0
1.298942667E1,8.904981995E-1,3.029699707E0,6.715784454E0,7.421174314E0
1.299938067E1,1.253643036E0,2.011816406E0,6.541247406E0,6.957509881E0
1.300933367E1,1.603166199E0,2.032024384E0,7.870333557E0,8.285011482E0
1.301928767E1,1.622326355E0,2.452350311E0,8.320148163E0,8.824445042E0
1.302924067E1,1.820514221E0,3.291804657E0,8.630303192E0,9.414477315E0
1.303919467E1,2.088906097E0,3.929029541E0,8.692723389E0,9.765461675E0
1.304914767E1,2.320474548E0,4.182003479E0,8.885821838E0,1.009116371E1
1.305910067E1,1.982028351E0,4.630171509E0,9.437275085E0,1.069715316E1
1.306905467E1,1.246607666E0,4.888534241E0,9.853260040E0,1.106971233E1
1.307900767E1,1.014590149E0,5.293591919E0,9.919422455E0,1.128921833E1
1.308896167E1,1.520987091E0,5.806724854E0,9.719288635E0,1.142348576E1
1.309891467E1,2.056423645E0,5.976771240E0,9.613608398E0,1.150530917E1
1.310886867E1,2.098186798E0,5.999972992E0,9.233099670E0,1.120946891E1
1.311882167E1,1.868564301E0,5.809269562E0,8.495583344E0,1.046011863E1
1.312877467E1,1.869163055E0,5.551804962E0,7.898475037E0,9.833728528E0
1.313872867E1,2.240690460E0,5.527555389E0,7.529941406E0,9.605965850E0
1.314868167E1,2.572400665E0,5.551056519E0,7.213050385E0,9.458306905E0
1.315863567E1,2.737357635E0,5.405559082E0,7.327861633E0,9.508456864E0
1.316858867E1,2.794389038E0,5.223687286E0,7.808362427E0,9.801328622E0
1.317854267E1,3.163521423E0,5.229974213E0,8.206235046E0,1.023243821E1
1.318849567E1,3.322041779E0,5.447471924E0,8.583001556E0,1.069480377E1
1.319844867E1,3.765120392E0,5.913153534E0,8.611143036E0,1.110375165E1
1.320840267E1,3.673959961E0,6.243666229E0,8.090375977E0,1.085981276E1
1.321835567E1,3.415896606E0,6.354286194E0,7.493866425E0,1.040208328E1
1.322830967E1,3.320095825E0,6.258335724E0,6.809938660E0,9.826752611E0
1.323826267E1,3.165018311E0,6.017636261E0,6.963968353E0,9.732735602E0
1.324821667E1,2.990930328E0,6.016438751E0,7.272776184E0,9.901336925E0
1.325816967E1,2.272125092E0,6.273753662E0,7.010970612E0,9.678648995E0
1.326812267E1,2.196232910E0,6.747518463E0,8.030051422E0,1.071607065E1
1.327807667E1,1.476080475E0,6.811585236E0,7.759114838E0,1.042978284E1
1.328802967E1,1.360820160E0,6.808741150E0,7.301366730E0,1.007575028E1
1.329798367E1,2.401456146E0,6.960525513E0,6.671326904E0,9.935920174E0
1.330793667E1,2.673141174E0,6.844067688E0,5.625900879E0,9.254064348E0
1.331789067E1,2.675087128E0,6.352190552E0,6.074517975E0,9.187283852E0
1.332784367E1,2.962639160E0,5.655838623E0,6.720275116E0,9.269727016E0
1.333779667E1,2.808010712E0,4.833149414E0,7.335046692E0,9.222102113E0
1.334775067E1,2.927312622E0,4.187392273E0,8.396040344E0,9.828372536E0
1.335770112E1,2.768343201E0,3.788771210E0,8.587492218E0,9.785884424E0
1.336765512E1,2.552941132E0,3.450325012E0,9.154513092E0,1.011075472E1
1.337760812E1,2.466720428E0,3.194956055E0,1.010563522E1,1.088192617E1
1.338756212E1,2.361189880E0,3.075055389E0,1.040127045E1,1.110034280E1
1.339751512E1,2.250719604E0,3.056643677E0,1.034169434E1,1.101632657E1
1.340746812E1,2.040257263E0,3.202440491E0,9.931696930E0,1.063282083E1
1.341742212E1,2.109413452E0,3.503015442E0,9.580377502E0,1.041654335E1
1.342737513E1,2.063758392E0,3.876039734E0,9.530381470E0,1.049337666E1
1.343732913E1,1.683998108E0,3.960464172E0,9.544003143E0,1.046943752E1
1.344728213E1,1.626367950E0,4.055516510E0,9.711804199E0,1.064948016E1
1.345723613E1,1.434317322E0,3.985162811E0,9.946067047E0,1.081032093E1
1.346718913E1,1.344803467E0,3.866160278E0,9.756561127E0,1.058046203E1
1.347714213E1,1.262474670E0,3.850892029E0,9.564211121E0,1.038736473E1
1.348709613E1,1.201401672E0,3.866160278E0,9.272018738E0,1.011735602E1
1.349704913E1,1.507664795E0,3.850442963E0,9.046886902E0,9.947116505E0
1.350700312E1,2.161205750E0,4.091591492E0,9.058263245E0,1.017172867E1
1.351695612E1,1.945803680E0,4.001778259E0,9.171278229E0,1.019375915E1
1.352691012E1,2.018103333E0,3.881727905E0,9.076225891E0,1.007563542E1
1.353686312E1,2.049238586E0,3.954925690E0,8.813671875E0,9.875303940E0
1.354681612E1,1.871857452E0,3.674708405E0,8.665929108E0,9.597169347E0
1.355677012E1,1.817221069E0,3.617377625E0,8.320297852E0,9.252841165E0
1.356672312E1,2.204016724E0,4.025129700E0,8.280630341E0,9.467216996E0
1.357667712E1,2.555036774E0,4.217779083E0,8.378077698E0,9.721628424E0
1.358663012E1,2.480641479E0,4.347559204E0,8.272846527E0,9.669273129E0
1.359658412E1,2.312241669E0,4.337679749E0,8.505462799E0,9.823686913E0
1.360653712E1,2.005679169E0,4.332889709E0,9.128018188E0,1.030132992E1
1.361649012E1,2.134561157E0,4.328848114E0,9.398056641E0,1.056497733E1
1.362644412E1,2.256856842E0,4.651277618E0,9.128616943E0,1.049092148E1
1.363639712E1,2.421664124E0,4.696333923E0,8.613987122E0,1.010548285E1
1.364635112E1,2.559677124E0,5.095703430E0,8.066276093E0,9.878408294E0
1.365630412E1,2.301613770E0,5.136119385E0,7.865244141E0,9.671567281E0
1.366625812E1,2.246977386E0,5.295537872E0,7.318131866E0,9.308419992E0
1.367621112E1,2.243833923E0,5.657485199E0,6.770271149E0,9.103763007E0
1.368616412E1,1.917811890E0,5.627846832E0,6.430477753E0,8.757951047E0
1.369611812E1,1.576820984E0,5.517077179E0,6.140530701E0,8.404202657E0
1.370607112E1,1.567689972E0,5.813460846E0,6.511908417E0,8.868986982E0
1.371602513E1,1.981728973E0,6.003565521E0,7.205116882E0,9.585601597E0
1.372597813E1,2.308649139E0,6.036646729E0,6.687193909E0,9.299974567E0
1.373593213E1,2.153272247E0,6.033802643E0,6.634204102E0,9.222582055E0
1.374588513E1,2.002386017E0,5.934259644E0,6.303541718E0,8.885922882E0
1.375583813E1,1.982477417E0,5.777535553E0,6.650520172E0,9.029925378E0
1.376579213E1,2.276466064E0,5.956413574E0,7.552245026E0,9.884207876E0
1.377574513E1,2.371967468E0,6.344257050E0,7.666307831E0,1.022976554E1
1.378569913E1,2.207160187E0,6.453230438E0,7.183711395E0,9.905627117E0
1.379565213E1,1.931583252E0,6.596482544E0,6.997049561E0,9.808328011E0
1.380560612E1,1.569186859E0,6.696624298E0,6.934030609E0,9.766673173E0
1.381555912E1,1.164428558E0,7.065606995E0,7.778125305E0,1.057250819E1
1.382551212E1,9.048683167E-1,7.577542419E0,7.766299896E0,1.088822069E1
1.383546612E1,9.377998352E-1,7.232210541E0,8.080945587E0,1.088512836E1
1.384541912E1,1.172511749E0,6.936275940E0,8.437354431E0,1.098524727E1
1.385537312E1,1.094374237E0,7.130721588E0,7.619006195E0,1.049257360E1
1.386532612E1,1.293609924E0,6.530469818E0,6.887327728E0,9.578921960E0
1.387527912E1,1.662742310E0,6.695875854E0,6.666536865E0,9.593861539E0
1.388523312E1,1.748364258E0,6.653663635E0,6.810238037E0,9.680256168E0
1.389518612E1,1.932780762E0,6.550378418E0,6.720125427E0,9.581397844E0
1.390514012E1,2.044747925E0,6.552324371E0,6.571933594E0,9.502855355E0
1.391509312E1,2.084565125E0,6.586154022E0,6.536756744E0,9.510626967E0
1.392504712E1,2.196232910E0,6.730603638E0,6.999145203E0,9.955525998E0
1.393500012E1,2.072739716E0,7.280410309E0,7.825277252E0,1.088740503E1
1.394495312E1,2.031725006E0,8.319250031E0,7.747888184E0,1.154848903E1
1.395490712E1,1.997745667E0,9.378746796E0,7.130721588E0,1.194985647E1
1.396486012E1,1.486558685E0,1.032747391E1,6.436165924E0,1.225931506E1
1.397481412E1,1.175056458E0,1.067505112E1,6.431375885E0,1.251798985E1
1.398476712E1,1.690734100E0,1.006252487E1,7.251370697E0,1.251780195E1
1.399472112E1,2.053130493E0,8.697214050E0,7.765401764E0,1.183884883E1
1.400467412E1,1.847757568E0,7.333699493E0,7.683971100E0,1.078150120E1
1.401462712E1,1.322050781E0,6.538403320E0,7.438032532E0,9.991139284E0
1.402458113E1,1.268013153E0,6.292913818E0,7.836354218E0,1.013000835E1
1.403453413E1,1.627864838E0,6.232439575E0,7.582182770E0,9.949007113E0
1.404448813E1,2.096540222E0,6.504124603E0,7.668852539E0,1.027182637E1
1.405444113E1,2.426454163E0,6.939868469E0,7.825127563E0,1.073694908E1
1.406439413E1,2.563419342E0,7.368427277E0,7.208859100E0,1.062226383E1
1.407434813E1,1.887874146E0,7.714357910E0,6.653364258E0,1.036062945E1
1.408430113E1,1.504371643E0,8.702004089E0,6.946754150E0,1.123589794E1
1.409425512E1,1.114881592E0,9.318721619E0,5.866600342E0,1.106790554E1
1.410420812E1,9.119036865E-1,9.373956757E0,5.648653564E0,1.098225481E1
1.411416212E1,1.069974976E0,9.145232391E0,5.249284058E0,1.059882565E1
1.412411512E1,1.184486847E0,8.911268921E0,5.615123291E0,1.059921377E1
1.413406812E1,1.303639069E0,8.836873627E0,5.976322174E0,1.074738280E1
1.414402212E1,1.628762970E0,8.911717987E0,5.700745239E0,1.070374152E1
1.415397512E1,1.949994965E0,8.699160004E0,5.478307800E0,1.046373363E1
1.416392912E1,2.140698395E0,8.441096649E0,6.002068634E0,1.057636659E1
1.417388212E1,2.311642914E0,8.416547699E0,6.447991333E0,1.085166164E1
1.418383612E1,2.157313843E0,8.478967896E0,6.800059204E0,1.108096136E1
1.419378912E1,1.487606506E0,8.601413269E0,6.628515930E0,1.096058880E1
1.420374212E1,7.996371460E-1,8.746012573E0,6.670578461E0,1.102854353E1
1.421369612E1,4.258644104E-1,8.516240387E0,7.191046143E0,1.115432004E1
1.422364912E1,5.545967102E-1,8.092022552E0,7.749534760E0,1.121800764E1
1.423360312E1,1.289718018E0,7.603737946E0,7.354356537E0,1.065677078E1
1.424355612E1,2.131866760E0,7.252418518E0,6.680457916E0,1.008815881E1
1.425350912E1,2.798131256E0,7.510930939E0,6.125561829E0,1.008791999E1
1.426346312E1,3.064577179E0,7.929011536E0,4.984335022E0,9.854159164E0
1.427341612E1,3.022963715E0,8.364755402E0,3.936813354E0,9.726558587E0
1.428337012E1,2.817291412E0,8.873247986E0,3.015179901E0,9.785855637E0
1.429332312E1,2.316432953E0,9.291627960E0,3.238665161E0,1.010886560E1
1.430327713E1,2.223476257E0,9.955647125E0,3.447929993E0,1.076786783E1
1.431323013E1,2.178419952E0,1.036160294E1,3.612587585E0,1.118745360E1
1.432318313E1,2.163750458E0,1.032477951E1,3.393443298E0,1.108144149E1
1.433313713E1,2.210752716E0,9.940977631E0,3.355422363E0,1.072237488E1
1.434309013E1,2.374512177E0,9.351353760E0,3.497027893E0,1.026232573E1
1.435304387E1,2.483635254E0,8.934470673E0,4.236639862E0,1.019521101E1
1.436299687E1,2.388882294E0,8.423583069E0,4.208049316E0,9.714483485E0
1.437294987E1,1.923799438E0,8.195307770E0,4.692442017E0,9.637587136E0
1.438290387E1,1.520388336E0,8.247698822E0,5.268444214E0,9.904171898E0
1.439285687E1,1.189875641E0,8.420738983E0,5.255121918E0,9.997047336E0
1.440281087E1,9.383985901E-1,8.667276306E0,5.486540680E0,1.030069896E1
1.441276387E1,4.882846069E-1,8.869505768E0,5.336702271E0,1.036276727E1
1.442271787E1,1.751358032E-1,8.830886078E0,5.213209076E0,1.025635268E1
1.443267087E1,-4.206253052E-2,8.555758209E0,4.962330780E0,9.890778259E0
1.444262387E1,-1.107696533E-1,8.224646759E0,4.564907227E0,9.407202677E0
1.445257787E1,2.709365845E-1,8.131989441E0,4.691843262E0,9.392340075E0
1.446253087E1,8.134085083E-1,8.066276093E0,3.894750824E0,8.994194093E0
1.447248488E1,1.437460785E0,7.685617676E0,2.838996277E0,8.318347939E0
1.448243788E1,1.935175781E0,7.104675751E0,2.834056549E0,7.890069667E0
1.449239088E1,2.451302490E0,6.819219360E0,4.018244019E0,8.285947235E0
1.450234488E1,2.887645111E0,6.746171265E0,4.559668121E0,8.639438315E0
1.451229788E1,2.915038147E0,6.551725616E0,3.896547089E0,8.161227553E0
1.452225188E1,2.715652771E0,6.383475494E0,3.119662628E0,7.606301616E0
1.453220488E1,2.505489807E0,6.333629150E0,2.742147675E0,7.342459483E0
1.454215888E1,2.296674042E0,6.217171326E0,3.003953247E0,7.276789543E0
1.455211188E1,2.196681976E0,6.107748871E0,3.537144470E0,7.391982074E0
1.456206487E1,2.189796295E0,6.094576263E0,3.624562683E0,7.421355826E0
1.457201887E1,2.254162445E0,6.082601166E0,3.990551605E0,7.616021756E0
1.458197187E1,2.113604736E0,6.057154083E0,4.943769379E0,8.099215779E0
1.459192587E1,1.738335114E0,6.029012604E0,5.492079163E0,8.338689074E0
1.460187887E1,1.388512573E0,6.241869965E0,5.623805237E0,8.515638154E0
1.461183187E1,9.172924805E-1,6.261778564E0,5.770949249E0,8.564762199E0
1.462178587E1,3.303630066E-1,6.180198212E0,5.979016571E0,8.605383711E0
1.463173887E1,1.134640503E-1,6.106401672E0,6.070775757E0,8.611349126E0
1.464169287E1,-1.709445190E-1,6.409970398E0,6.540349274E0,9.159318269E0
1.465164587E1,-3.577560425E-1,6.852599945E0,6.948999481E0,9.765997603E0
1.466159987E1,-3.204835510E-1,7.431296539E0,6.557862854E0,9.916271637E0
1.467155287E1,-2.821632385E-1,7.977810059E0,5.636229401E0,9.772008559E0
1.468150587E1,-4.311035156E-2,8.103847961E0,5.229525146E0,9.644798782E0
1.469145987E1,5.619314575E-1,8.373137970E0,5.631289673E0,1.010626686E1
1.470141287E1,1.149160309E0,8.702153778E0,5.306465149E0,1.025702794E1
1.471136687E1,1.648821259E0,8.621022491E0,4.970563660E0,1.008697891E1
1.472131987E1,1.975741425E0,8.143365784E0,5.103786621E0,9.811554328E0
1.473127387E1,2.150877228E0,7.529642029E0,4.620441742E0,9.092318946E0
1.474122687E1,2.115700378E0,7.265441437E0,4.043242035E0,8.579663951E0
1.475117987E1,1.930535431E0,7.507488098E0,3.714824982E0,8.595886763E0
1.476113387E1,1.869013367E0,7.892188110E0,3.707190857E0,8.917572999E0
1.477108688E1,2.027384033E0,8.114775238E0,4.103716278E0,9.316670568E0
1.478104088E1,2.144141235E0,8.395740967E0,4.675527191E0,9.846134395E0
1.479099388E1,2.085313568E0,8.787476349E0,4.990771637E0,1.031872448E1
1.480094688E1,1.748064880E0,9.300160217E0,4.574187927E0,1.051056164E1
1.481090088E1,1.367556152E0,9.612710266E0,3.477418671E0,1.031343052E1
1.482085388E1,1.161285095E0,9.488169250E0,3.279679871E0,1.010595067E1
1.483080788E1,1.348545685E0,8.979227600E0,3.327280884E0,9.670362032E0
1.484076088E1,1.962419128E0,8.472980347E0,2.530338135E0,9.057874799E0
1.485071388E1,2.573747864E0,7.842491455E0,2.620151367E0,8.659910131E0
1.486066787E1,3.019670563E0,7.472910004E0,3.634741516E0,8.841614113E0
1.487062087E1,3.273542633E0,7.387737122E0,4.318968658E0,9.162326747E0
1.488057487E1,3.349135437E0,7.602241058E0,4.268822937E0,9.339894354E0
1.489052787E1,3.101250916E0,7.967331848E0,3.890409851E0,9.393158299E0
1.490048087E1,2.761307831E0,8.264314270E0,3.203039246E0,9.283489199E0
1.491043487E1,2.447410583E0,8.686735840E0,2.757415924E0,9.436765372E0
1.492038787E1,1.999990997E0,9.172924805E0,2.723436584E0,9.775460106E0
1.493034187E1,1.634451141E0,9.454938354E0,2.831362152E0,1.000419419E1
1.494029487E1,1.512155457E0,9.397607574E0,3.049907684E0,9.995177794E0
1.495024887E1,1.513352966E0,9.100625153E0,3.305126953E0,9.799769362E0
1.496020187E1,1.394200745E0,8.702004089E0,3.350931702E0,9.428542526E0
1.497015487E1,1.094374237E0,8.310119019E0,3.198997650E0,8.971583976E0
1.498010887E1,8.574169922E-1,7.874375153E0,2.635718994E0,8.347931634E0
1.499006187E1,8.048762512E-1,7.548353119E0,2.072440338E0,7.868956064E0
1.500001587E1,1.037642212E0,7.602390747E0,1.820214844E0,7.885824529E0
1.500996887E1,1.356030121E0,7.751929779E0,2.052681427E0,8.132941290E0
1.501992187E1,1.776805115E0,8.024662628E0,2.426154785E0,8.569625065E0
1.502987587E1,2.142195282E0,8.353229370E0,2.461780701E0,8.968043586E0
1.503982887E1,2.107617188E0,8.649613037E0,2.255958710E0,9.184073475E0
1.504978287E1,1.783391418E0,8.940907288E0,1.882784729E0,9.309413860E0
1.505973587E1,1.495240631E0,9.082213440E0,1.321901093E0,9.298912195E0
1.506968988E1,1.269959106E0,9.234297180E0,9.610015869E-1,9.370622423E0
1.507964288E1,1.385818176E0,9.450597382E0,7.104226685E-1,9.578046944E0
1.508959588E1,1.791324921E0,9.513766022E0,5.631289673E-1,9.697303910E0
1.509954988E1,2.371069336E0,9.531878357E0,7.637118530E-1,9.852001350E0
1.510950288E1,2.929258575E0,9.398505707E0,7.972421265E-1,9.876642159E0
1.511945688E1,3.469335480E0,9.129664764E0,1.067879333E0,9.824837589E0
1.512940988E1,3.994293823E0,8.917406158E0,1.075064392E0,9.830070152E0
1.513936288E1,4.181404724E0,8.633147278E0,7.554789734E-1,9.622168460E0
1.514931688E1,3.965553589E0,8.502319336E0,4.920268250E-1,9.394527117E0
1.515926988E1,3.578757935E0,8.514743500E0,-7.185058594E-3,9.236255564E0
1.516922387E1,3.307372284E0,8.658444672E0,-4.635859680E-1,9.280209454E0
1.517917687E1,3.268752594E0,9.036558380E0,-7.794291687E-1,9.641143122E0
1.518912987E1,3.404370575E0,9.427096252E0,-4.053570557E-1,1.003116130E1
1.519908387E1,3.684438171E0,9.698930969E0,-8.487350464E-2,1.037552650E1
1.520903687E1,3.923491058E0,9.920619965E0,-2.454895020E-2,1.066832157E1
1.521899087E1,3.959715729E0,1.009216324E1,-1.151106262E-1,1.084178758E1
1.522894387E1,3.635190582E0,1.016446289E1,-7.978408813E-2,1.079524349E1
1.523889787E1,3.319796448E0,1.010174332E1,1.362167358E-1,1.063413473E1
1.524885087E1,3.134930878E0,9.956545258E0,4.170327759E-1,1.044674597E1
1.525880387E1,2.812052307E0,9.805359650E0,5.298980713E-1,1.021437751E1
1.526875787E1,2.807411957E0,9.686357117E0,8.960366821E-1,1.012472014E1
1.527871087E1,2.897973633E0,9.511670380E0,1.106798401E0,1.000475523E1
1.528866487E1,3.093467102E0,9.242380371E0,1.094823303E0,9.807638436E0
1.529861787E1,3.426823883E0,8.966204681E0,1.094523926E0,9.660948760E0
1.530857087E1,3.812272339E0,8.679251404E0,1.253044281E0,9.562057586E0
1.531852487E1,3.775897980E0,8.334667969E0,1.341660004E0,9.247926647E0
1.532847787E1,3.615431671E0,8.031997375E0,1.357527008E0,8.912194319E0
1.533843187E1,3.485651550E0,7.859406281E0,1.206940155E0,8.681977790E0
1.534838487E1,3.081042938E0,7.857310638E0,1.209185486E0,8.525977105E0
1.535833787E1,2.601739655E0,8.134534149E0,1.203497314E0,8.624853671E0
1.536829187E1,2.507585449E0,8.300089874E0,1.621877289E0,8.820995559E0
1.537824487E1,2.671793976E0,8.307574310E0,2.183209991E0,8.995592245E0
1.538819888E1,2.809657288E0,8.186625824E0,2.750230865E0,9.081783210E0
1.539815188E1,2.775677948E0,8.109685822E0,3.318299561E0,9.191436458E0
1.540810488E1,2.607727203E0,8.195008392E0,3.847898254E0,9.421503314E0
1.541805888E1,2.363734589E0,8.519533539E0,4.295168152E0,9.829453819E0
1.542801188E1,2.285597076E0,9.021140442E0,4.367767181E0,1.028019061E1
1.543796588E1,2.401755524E0,9.320517883E0,4.125421143E0,1.047184715E1
1.544791888E1,2.492017822E0,9.560319214E0,3.996239777E0,1.065738189E1
1.545787188E1,2.489024048E0,9.772428131E0,3.788172455E0,1.077245760E1
1.546782587E1,2.458188171E0,9.890831909E0,3.594325562E0,1.080696170E1
1.547777887E1,2.412982178E0,9.765542450E0,3.364703064E0,1.060705091E1
1.548773287E1,2.436483307E0,9.681267700E0,3.173999634E0,1.047557487E1
1.549768587E1,2.543810120E0,9.608069916E0,3.091521149E0,1.040881744E1
1.550763987E1,2.709365845E0,9.616003418E0,3.015179901E0,1.043549208E1
1.551759287E1,2.849175110E0,9.662107544E0,3.143014069E0,1.055237691E1
1.552754587E1,2.812052307E0,9.717492371E0,3.435056763E0,1.068348778E1
1.553749987E1,2.627037048E0,9.911938019E0,3.652255096E0,1.088516450E1
1.554745287E1,2.429148560E0,1.021879990E1,3.890858917E0,1.120104536E1
1.555740687E1,2.098037109E0,1.076007431E1,4.041445770E0,1.168393096E1
1.556735987E1,1.777703247E0,1.101439545E1,3.255729675E0,1.162225932E1
1.557731287E1,1.562301178E0,1.116573074E1,2.745590515E0,1.160399049E1
1.558726687E1,1.600471802E0,1.126153152E1,2.688858490E0,1.168818045E1
1.559721987E1,1.962419128E0,1.083686462E1,2.703977051E0,1.134020351E1
1.560717387E1,2.479144592E0,1.034004776E1,2.714305573E0,1.097406945E1
1.561712687E1,2.900668030E0,9.967023468E0,2.546504517E0,1.068831685E1
1.562707987E1,3.107986908E0,9.777218170E0,2.599344635E0,1.058348573E1
1.563703387E1,3.229983215E0,9.717192993E0,2.753374329E0,1.060366453E1
1.564698687E1,3.171454926E0,9.748777313E0,2.723735962E0,1.060733346E1
1.565694087E1,3.080144806E0,9.727222137E0,2.398312683E0,1.048131892E1
1.566689387E1,2.953508148E0,9.726324005E0,2.267185364E0,1.041463962E1
1.567684687E1,2.801125031E0,9.726174316E0,2.208357697E0,1.035961447E1
1.568680088E1,2.834056549E0,9.680070190E0,2.086361389E0,1.029992909E1
1.569675388E1,3.052153015E0,9.638456726E0,1.953737183E0,1.029721200E1
1.570670788E1,3.318449249E0,9.591454468E0,1.890119476E0,1.032379077E1
1.571666088E1,3.460803223E0,9.603728943E0,1.868115234E0,1.037779471E1
1.572661388E1,3.513493652E0,9.666598206E0,1.734293518E0,1.043050970E1
1.573656788E1,3.516936493E0,9.746382294E0,1.536105652E0,1.047475206E1
1.574652088E1,3.421884155E0,9.748028870E0,1.497485962E0,1.043914854E1
1.575647488E1,3.255729675E0,9.621392212E0,1.596430206E0,1.028200142E1
1.576642788E1,3.180436249E0,9.421707458E0,1.640588379E0,1.007845605E1
1.577638088E1,3.208727417E0,9.279203796E0,1.794917450E0,9.981046207E0
1.578633487E1,3.241808624E0,9.197773132E0,1.917063446E0,9.938988178E0
1.579628787E1,3.249143372E0,9.148525543E0,1.858535156E0,9.884665153E0
1.580624187E1,3.218307495E0,9.185199280E0,1.739382935E0,9.886902545E0
1.581619487E1,3.253035278E0,9.247918854E0,1.716330872E0,9.952488800E0
1.582614787E1,3.351380768E0,9.302555237E0,1.655557251E0,1.002547539E1
1.583610187E1,3.432661743E0,9.266330566E0,1.594633942E0,1.000954076E1
1.584605487E1,3.355272675E0,9.219477997E0,1.670376434E0,9.952225213E0
1.585600887E1,3.259471893E0,9.141639862E0,1.850451965E0,9.880177573E0
1.586596187E1,3.177292786E0,9.126221924E0,1.998943176E0,9.868074274E0
1.587591487E1,3.123105469E0,9.048383789E0,1.887724457E0,9.756563974E0
1.588586887E1,3.124452667E0,8.953780518E0,1.693877563E0,9.633359291E0
1.589582187E1,3.295696564E0,9.036259003E0,1.643282776E0,9.757867128E0
1.590577587E1,3.612737274E0,9.134005737E0,1.444346466E0,9.928145252E0
1.591572887E1,3.963158569E0,9.172775116E0,1.807640991E0,1.015450615E1
1.592568287E1,4.090094604E0,9.075776825E0,1.852846985E0,1.012579087E1
1.593563587E1,3.959566040E0,8.856782227E0,1.362915802E0,9.796851235E0
1.594558887E1,3.649560699E0,8.985664215E0,1.132095795E0,9.764378914E0
1.595554287E1,3.310066681E0,9.473649445E0,1.303938446E0,1.011962602E1
1.596549587E1,2.999761963E0,9.739646301E0,1.457519073E0,1.029483578E1
1.597544987E1,2.916085968E0,9.876312103E0,1.453178101E0,1.039984734E1
1.598540287E1,3.129841461E0,9.913285217E0,1.394949188E0,1.048880425E1
1.599535587E1,3.562591553E0,9.798773346E0,1.459165649E0,1.052792392E1
1.600530988E1,4.041745148E0,9.528435516E0,1.445244598E0,1.045062291E1
1.601526288E1,4.285588074E0,9.195976868E0,1.551822968E0,1.026354764E1
1.602521688E1,4.243226166E0,8.968599701E0,1.445543976E0,1.002648225E1
1.603516988E1,4.047283630E0,8.895401917E0,1.282982025E0,9.856709538E0
1.604512288E1,3.874393158E0,9.061406708E0,1.341959381E0,9.945897086E0
1.605507688E1,3.783681793E0,9.368118896E0,1.531016235E0,1.021870394E1
1.606502988E1,3.697910156E0,9.589658203E0,1.641486511E0,1.040819686E1
1.607498387E1,3.606300659E0,9.639504547E0,1.566043396E0,1.041047282E1
1.608493687E1,3.523373108E0,9.648485870E0,1.499581604E0,1.038056755E1
1.609488987E1,3.366349640E0,9.550739136E0,1.429227905E0,1.022700447E1
1.610484387E1,3.275638275E0,9.379944305E0,1.411115570E0,1.003515862E1
1.611479687E1,3.260220337E0,9.279203796E0,1.475182343E0,9.945291483E0
1.612475087E1,3.248394928E0,9.282347260E0,1.598226471E0,9.963351249E0
1.613470387E1,3.200644226E0,9.301058350E0,1.743125153E0,9.989609361E0
1.614465687E1,3.224295044E0,9.310638428E0,1.663191376E0,9.992510796E0
1.615461087E1,3.367247772E0,9.295968933E0,1.635798340E0,1.002143863E1
1.616456387E1,3.542982330E0,9.341474304E0,1.706750793E0,1.013552486E1
1.617451787E1,3.603606262E0,9.400601349E0,1.720821533E0,1.021364335E1
1.618447087E1,3.507805481E0,9.435778198E0,1.671573944E0,1.020454648E1
1.619442387E1,3.354673920E0,9.423204346E0,1.643582153E0,1.013666511E1
1.620437787E1,3.212769012E0,9.420959015E0,1.611249390E0,1.008327715E1
1.621433087E1,3.171903992E0,9.380692749E0,1.675166473E0,1.004313467E1
1.622428487E1,3.222199402E0,9.344468079E0,1.662442932E0,1.002324145E1
1.623423787E1,3.285368042E0,9.246421967E0,1.520837402E0,9.929899736E0
1.624419087E1,3.360960846E0,9.183552704E0,1.418300629E0,9.881562364E0
1.625414487E1,3.416195984E0,9.180109863E0,1.281784515E0,9.878652927E0
1.626409787E1,3.447929993E0,9.246721344E0,1.118174744E0,9.931786929E0
1.627405187E1,3.489693146E0,9.370962982E0,1.420246582E0,1.010000029E1
1.628400487E1,3.486100616E0,9.421557770E0,1.743274841E0,1.019596271E1
1.629395787E1,3.462150421E0,9.269623718E0,1.640887756E0,1.003020050E1
1.630391188E1,3.443888397E0,9.196575623E0,1.259181519E0,9.900651927E0
1.631386488E1,3.347788239E0,9.333391113E0,1.098565521E0,9.976308033E0
1.632381888E1,3.184777222E0,9.594148865E0,1.232387238E0,1.018377517E1
1.633377188E1,3.092868347E0,9.648036804E0,1.431772614E0,1.023232240E1
1.634372488E1,3.107088776E0,9.540111237E0,1.506616974E0,1.014581775E1
1.635368125E1,3.076701965E0,9.438322906E0,1.403481445E0,1.002585629E1
1.636363425E1,3.147205353E0,9.480086060E0,1.286275177E0,1.007131754E1
1.637358825E1,3.122207336E0,9.533524933E0,1.353485413E0,1.012265771E1
1.638354125E1,3.034340057E0,9.547296295E0,1.440005493E0,1.012085480E1
1.639349425E1,2.973865814E0,9.464817810E0,1.446591797E0,1.002593047E1
1.640344825E1,2.917133789E0,9.332942047E0,1.355730743E0,9.871751752E0
1.641340125E1,3.021317139E0,9.218879242E0,1.169218597E0,9.771548693E0
1.642335525E1,3.125650177E0,9.192384338E0,1.113833771E0,9.772934284E0
1.643330825E1,3.260220337E0,9.261540527E0,1.070573730E0,9.876806047E0
1.644326125E1,3.373834076E0,9.287286987E0,1.107846222E0,9.943026662E0
1.645321525E1,3.471880188E0,9.374405823E0,1.136586456E0,1.006107675E1
1.646316825E1,3.520828400E0,9.447154541E0,1.057251434E0,1.013719597E1
1.647312225E1,3.472628632E0,9.472302246E0,1.081201630E0,1.014655885E1
1.648307525E1,3.330274658E0,9.487271118E0,1.052611084E0,1.010974939E1
1.649302825E1,3.156635742E0,9.406888275E0,1.063238983E0,9.979197030E0
1.650298225E1,3.063379669E0,9.280251617E0,9.645941162E-1,9.820275296E0
1.651293525E1,3.147355042E0,9.191336517E0,8.219407654E-1,9.749979351E0
1.652288925E1,3.204236755E0,9.216933289E0,6.620732117E-1,9.780456705E0
1.653284225E1,3.218157806E0,9.376351776E0,5.083428955E-1,9.926274467E0
1.654279525E1,3.237018585E0,9.508526917E0,4.984634399E-1,1.005678076E1
1.655274925E1,3.271297302E0,9.567055206E0,5.263055420E-1,1.012457055E1
1.656270225E1,3.291355591E0,9.567204895E0,5.698649597E-1,1.013356685E1
1.657265625E1,3.316952362E0,9.535321198E0,6.864724731E-1,1.011907939E1
1.658260925E1,3.313659210E0,9.426198120E0,6.926097107E-1,1.001565058E1
1.659256225E1,3.314407654E0,9.262139282E0,4.963677979E-1,9.849817418E0
1.660251625E1,3.299139404E0,9.070986786E0,3.026705933E-1,9.657056051E0
1.661246925E1,3.288810883E0,8.927435303E0,8.397537231E-2,9.514327615E0
1.662242325E1,3.302133179E0,8.883875885E0,3.457809448E-2,9.477791405E0
1.663237625E1,3.418291626E0,9.004225616E0,2.384541321E-1,9.634192076E0
1.664232925E1,3.525618439E0,9.163644104E0,5.493576050E-1,9.833826947E0
1.665228325E1,3.522025909E0,9.146579590E0,5.132826233E-1,9.814685107E0
1.666223625E1,3.498674469E0,9.140142975E0,2.266287231E-1,9.789499334E0
1.667219025E1,3.529210968E0,9.112749939E0,6.840774536E-2,9.772523785E0
1.668214325E1,3.514092407E0,9.079519043E0,7.439529419E-2,9.736120693E0
1.669209625E1,3.485202484E0,8.972790985E0,2.594105530E-1,9.629377355E0
1.670205025E1,3.552861786E0,8.952732697E0,4.219725037E-1,9.641177853E0
1.671200325E1,3.634142761E0,8.956175537E0,3.106040955E-1,9.670395481E0
1.672195625E1,3.802093506E0,8.936566315E0,2.100132751E-1,9.714022756E0
1.673191025E1,3.941902771E0,8.970994720E0,3.716770935E-1,9.805890454E0
1.674186325E1,3.897894287E0,9.002129974E0,5.972579956E-1,9.827952028E0
1.675181725E1,3.712130585E0,9.061257019E0,8.451425171E-1,9.828558293E0
1.676177025E1,3.473975830E0,9.139244843E0,8.978329468E-1,9.818370963E0
1.677172325E1,3.297343140E0,9.193432159E0,8.273295593E-1,9.801843747E0
1.678167725E1,3.221301270E0,9.263187103E0,6.628216553E-1,9.829687163E0
1.679163025E1,3.194806366E0,9.272467804E0,7.194039917E-1,9.833767792E0
1.680158425E1,3.167563019E0,9.299561462E0,7.783813477E-1,9.855007681E0
1.681153725E1,3.234324188E0,9.311686249E0,7.232958984E-1,9.883901593E0
1.682149125E1,3.382366333E0,9.264983368E0,6.225553894E-1,9.882706817E0
1.683144425E1,3.514691162E0,9.142388306E0,6.276448059E-1,9.814797802E0
1.684139725E1,3.495830383E0,9.038204956E0,6.569837952E-1,9.712960754E0
1.685135125E1,3.431314545E0,8.964857483E0,5.815406799E-1,9.616692714E0
1.686130425E1,3.436553650E0,8.950786743E0,4.293072510E-1,9.597436586E0
1.687125725E1,3.513493652E0,8.980574799E0,4.712200928E-1,9.654916350E0
1.688121125E1,3.571423187E0,9.008566589E0,6.734495544E-1,9.714055275E0
1.689116425E1,3.578009491E0,9.001231842E0,7.590715027E-1,9.715992802E0
1.690111825E1,3.550317078E0,9.003477173E0,7.866142273E-1,9.710103733E0
1.691107125E1,3.509601746E0,9.066645813E0,8.357121277E-1,9.758062588E0
1.692102425E1,3.459755402E0,9.163045349E0,9.616003418E-1,9.841543717E0
1.693097825E1,3.451522522E0,9.181756439E0,9.925859070E-1,9.859152388E0
1.694093125E1,3.469185791E0,9.098828888E0,9.363029480E-1,9.782668368E0
1.695088525E1,3.536545715E0,9.076375580E0,8.827143860E-1,9.780947498E0
1.696083825E1,3.614982605E0,9.126072235E0,8.587641907E-1,9.853464853E0
1.697079125E1,3.636088715E0,9.139843597E0,8.135581970E-1,9.870144835E0
1.698074525E1,3.614683228E0,9.157057800E0,7.828720093E-1,9.875754704E0
1.699069825E1,3.634891205E0,9.190139008E0,7.170089722E-1,9.908844076E0
1.700065225E1,3.666924591E0,9.244925079E0,1.206191711E0,1.001847664E1
1.701060525E1,3.636986847E0,9.183552704E0,1.231788483E0,9.954025138E0
1.702055825E1,3.610042877E0,8.912316742E0,5.927673340E-1,9.633959331E0
1.703051225E1,3.563190308E0,8.918903046E0,3.106040955E-1,9.609351259E0
1.704046525E1,3.604953461E0,9.197324066E0,5.125341797E-1,9.891872963E0
1.705041925E1,3.670816498E0,9.438023529E0,8.452922058E-1,1.016197327E1
1.706037225E1,3.628304901E0,9.482630768E0,8.354127502E-1,1.018738422E1
1.707032525E1,3.533252563E0,9.374705200E0,7.794291687E-1,1.004870544E1
1.708027925E1,3.447780304E0,9.286388855E0,6.194119263E-1,9.925113507E0
1.709023225E1,3.383264465E0,9.268875275E0,4.340972900E-1,9.876586848E0
1.710018625E1,3.289409637E0,9.253157959E0,4.644841003E-1,9.831423776E0
1.711013925E1,3.236419830E0,9.299711151E0,5.851332092E-1,9.864148300E0
1.712009225E1,3.249742126E0,9.311835938E0,4.972659302E-1,9.875139787E0
1.713004625E1,3.293151855E0,9.248068542E0,4.734654236E-1,9.828315747E0
1.713999925E1,3.265010376E0,9.192534027E0,6.251000977E-1,9.775158553E0
1.714995325E1,3.198249207E0,9.125323792E0,8.093669128E-1,9.703370914E0
1.715990625E1,3.118315430E0,9.102271729E0,9.297166443E-1,9.666416853E0
1.716985925E1,3.086880798E0,9.046138458E0,7.920030212E-1,9.591075167E0
1.717981325E1,3.014281769E0,8.945248260E0,5.439688110E-1,9.455118354E0
1.718976625E1,3.014132080E0,8.912316742E0,4.381388855E-1,9.418404726E0
1.719971925E1,3.104394379E0,8.950936432E0,5.417234802E-1,9.489467414E0
1.720967325E1,3.235671387E0,9.043743439E0,5.873785400E-1,9.623090889E0
1.721962625E1,3.331621857E0,9.067094879E0,4.339476013E-1,9.669551399E0
1.722958025E1,3.351231079E0,9.046587524E0,3.390449524E-1,9.653312751E0
1.723953325E1,3.257226562E0,9.078022156E0,3.270698547E-1,9.650232424E0
1.724948625E1,3.171305237E0,9.095535736E0,3.734733582E-1,9.639783690E0
1.725944025E1,3.067121887E0,9.081764374E0,4.373904419E-1,9.595675652E0
1.726939325E1,3.026256866E0,9.038953400E0,4.685256958E-1,9.543606525E0
1.727934725E1,3.046464844E0,9.045090637E0,4.537065125E-1,9.555127539E0
1.728930025E1,3.127446442E0,9.084309082E0,4.224215698E-1,9.616861896E0
1.729925325E1,3.212769012E0,9.141639862E0,3.303630066E-1,9.695390854E0
1.730920725E1,3.294648743E0,9.218729553E0,3.384461975E-1,9.795623040E0
1.731916025E1,3.341052246E0,9.230405273E0,3.592529297E-1,9.823037936E0
1.732911425E1,3.335064697E0,9.148226166E0,2.966830444E-1,9.741700023E0
1.733906725E1,3.288062439E0,9.083860016E0,2.161505127E-1,9.663052749E0
1.734902025E1,3.201692047E0,9.021290131E0,1.035845947E-1,9.573151903E0
1.735897217E1,3.117866364E0,8.986712036E0,3.640429688E-1,9.519170718E0
1.736892517E1,3.113974457E0,9.046886902E0,7.574249268E-1,9.597744113E0
1.737887917E1,3.131637726E0,8.921597443E0,3.140469360E-1,9.460479969E0
1.738883217E1,3.148552551E0,8.883726196E0,-3.353027344E-2,9.425237322E0
1.739878517E1,3.172203369E0,9.063502350E0,-1.088237000E-1,9.603217776E0
1.740873917E1,3.208577728E0,9.292526093E0,2.240840149E-1,9.833423914E0
1.741869217E1,3.264860687E0,9.311237183E0,7.024891663E-1,9.892014163E0
1.742864617E1,3.303181000E0,9.149872742E0,6.197113037E-1,9.747574981E0
1.743859917E1,3.354823608E0,8.885971527E0,1.158590698E-1,9.498881763E0
1.744855217E1,3.423381042E0,8.771160278E0,-1.508862305E-1,9.416769990E0
1.745850617E1,3.471281433E0,8.868907013E0,-9.954299927E-2,9.524558530E0
1.746845917E1,3.437601471E0,8.988059235E0,5.493576050E-2,9.623166351E0
1.747841317E1,3.335364075E0,9.101672974E0,1.725910950E-1,9.695096292E0
1.748836617E1,3.242407379E0,9.218579865E0,1.597178650E-1,9.773480963E0
1.749831917E1,3.206332397E0,9.373807068E0,1.206491089E-1,9.907743567E0
1.750827317E1,3.171454926E0,9.463769989E0,1.636097717E-1,9.982376316E0
1.751822617E1,3.150498505E0,9.469308472E0,1.880090332E-1,9.981422301E0
1.752817917E1,3.181334381E0,9.409283295E0,7.873626709E-2,9.932859607E0
1.753813317E1,3.241509247E0,9.376052399E0,5.613327026E-2,9.920730403E0
1.754808617E1,3.273991699E0,9.380093994E0,9.595046997E-2,9.935511636E0
1.755804017E1,3.288960571E0,9.356143799E0,1.323248291E-1,9.918275973E0
1.756799317E1,3.321592712E0,9.294022980E0,1.862127686E-1,9.871500215E0
1.757794617E1,3.389850769E0,9.250613251E0,5.493576050E-2,9.852306922E0
1.758790017E1,3.443589020E0,9.248667297E0,-1.676513672E-1,9.870372794E0
1.759785317E1,3.366499329E0,9.250912628E0,-2.766247559E-1,9.848310690E0
1.760780717E1,3.177292786E0,9.265282745E0,-2.528242493E-1,9.798192379E0
1.761776017E1,3.078049164E0,9.272168427E0,-2.219883728E-1,9.772245025E0
1.762771317E1,3.029550018E0,9.192983093E0,-8.382568359E-2,9.679676555E0
1.763766717E1,3.047812042E0,9.163344727E0,1.052311707E-1,9.657490276E0
1.764762017E1,3.107238464E0,9.157656555E0,2.257305908E-1,9.673084242E0
1.765757417E1,3.191662903E0,9.143286438E0,2.347119141E-1,9.687181667E0
1.766752717E1,3.262465668E0,9.121731262E0,1.372645569E-1,9.688576005E0
1.767748017E1,3.311713257E0,9.138047333E0,2.350112915E-2,9.719665944E0
1.768743417E1,3.350782013E0,9.238189087E0,-1.871109009E-2,9.827116963E0
1.769738717E1,3.367098083E0,9.373657379E0,-6.511459351E-2,9.960273193E0
1.770734017E1,3.373385010E0,9.484127655E0,-9.984237671E-2,1.006669620E1
1.771729417E1,3.421584778E0,9.547296295E0,2.294728088E-1,1.014449440E1
1.772724717E1,3.433410187E0,9.568851471E0,5.191204834E-1,1.017942582E1
1.773720117E1,3.438649292E0,9.435478821E0,3.189866638E-1,1.004760280E1
1.774715417E1,3.446732483E0,9.225914612E0,-1.390608215E-1,9.849710815E0
1.775710717E1,3.437002716E0,9.232351227E0,-3.478765869E-1,9.857500442E0
1.776706117E1,3.487298126E0,9.429042206E0,-8.412506104E-2,1.005361438E1
1.777701417E1,3.574866028E0,9.580078125E0,3.224295044E-1,1.023042153E1
1.778696817E1,3.649560699E0,9.545799408E0,2.517764282E-1,1.022276729E1
1.779692117E1,3.710783386E0,9.390871582E0,-3.128494263E-2,1.009749282E1
1.780687417E1,3.784280548E0,9.304800568E0,-1.181044006E-1,1.004559812E1
1.781682817E1,3.779191132E0,9.271419983E0,-1.751358032E-2,1.001208374E1
1.782678117E1,3.627257080E0,9.240135040E0,7.574249268E-2,9.926873950E0
1.783673517E1,3.448977814E0,9.219178619E0,1.913021851E-1,9.845064698E0
1.784668817E1,3.359913025E0,9.241781616E0,2.517764282E-1,9.836815254E0
1.785664117E1,3.317102051E0,9.311087494E0,2.733316040E-1,9.888085078E0
1.786659517E1,3.240461426E0,9.474846954E0,3.406915283E-1,1.001945037E1
1.787654817E1,3.132086792E0,9.636510773E0,3.487747192E-1,1.013873519E1
1.788650217E1,3.085383911E0,9.734706573E0,1.046324158E-1,1.021249499E1
1.789645517E1,3.110980682E0,9.811047821E0,-1.508862305E-1,1.029357211E1
1.790640817E1,3.206631775E0,9.914333038E0,-1.643582153E-1,1.042130033E1
1.791636217E1,3.294648743E0,9.881401520E0,-1.321751404E-1,1.041701860E1
1.792631517E1,3.337160339E0,9.714947662E0,-1.121168518E-1,1.027275121E1
1.793626817E1,3.398233337E0,9.562414856E0,-2.619552612E-2,1.014832271E1
1.794622217E1,3.454815674E0,9.465416565E0,1.543290710E-1,1.007738456E1
1.795617517E1,3.538791046E0,9.452094269E0,2.173480225E-1,1.009516559E1
1.796612917E1,3.625311127E0,9.445807343E0,2.812651062E-1,1.012152494E1
1.797608217E1,3.604354706E0,9.428593140E0,2.975811768E-1,1.009843037E1
1.798603517E1,3.495231628E0,9.403295746E0,3.394940186E-1,1.003762279E1
1.799598917E1,3.440744934E0,9.417815552E0,4.340972900E-1,1.003605580E1
1.800594217E1,3.378474426E0,9.426347809E0,4.791535950E-1,1.002495440E1
1.801589617E1,3.314257965E0,9.453441467E0,3.960763550E-1,1.002540463E1
1.802584917E1,3.241060181E0,9.466913452E0,4.441264343E-1,1.001619537E1
1.803580217E1,3.171754303E0,9.492360535E0,4.846920776E-1,1.001997307E1
1.804575617E1,3.207829285E0,9.473649445E0,4.387376404E-1,1.001162790E1
1.805570917E1,3.285068665E0,9.443412323E0,4.592449951E-1,1.000902685E1
1.806566317E1,3.373834076E0,9.425150299E0,3.330574036E-1,1.001634373E1
1.807561617E1,3.498674469E0,9.461075592E0,6.218069458E-1,1.010639987E1
1.808556917E1,3.571722565E0,9.536818085E0,1.157692566E0,1.024930990E1
1.809552317E1,3.548221436E0,9.428892517E0,7.658074951E-1,1.010348210E1
1.810547617E1,3.400927734E0,9.435927887E0,4.026626587E-1,1.003818618E1
1.811542917E1,3.260519714E0,9.625583496E0,3.366499329E-1,1.016839120E1
1.812538317E1,3.124153290E0,9.994416504E0,6.316864014E-1,1.049036333E1
1.813533617E1,3.047213287E0,1.016730698E1,9.806108093E-1,1.065932632E1
1.814529017E1,3.079845428E0,1.007809250E1,8.984317017E-1,1.057641602E1
1.815524317E1,3.174598389E0,9.699380035E0,7.577243042E-1,1.023377712E1
1.816519617E1,3.242557068E0,9.327702942E0,5.662724304E-1,9.891455048E0
1.817515017E1,3.177891541E0,9.212292938E0,4.257147217E-1,9.754310270E0
1.818510317E1,2.931354218E0,9.372759247E0,4.049079895E-1,9.828804807E0
1.819505717E1,2.708916779E0,9.714797974E0,4.364923096E-1,1.009485291E1
1.820501017E1,2.599344635E0,1.000130219E1,5.592370605E-1,1.034868997E1
1.821496317E1,2.695295105E0,1.007150620E1,5.795947266E-1,1.044202005E1
1.822491717E1,2.947819977E0,1.000489471E1,5.885760498E-1,1.044672114E1
1.823487017E1,3.138074341E0,9.890233154E0,5.650749207E-1,1.039151250E1
1.824482417E1,3.204236755E0,9.766739960E0,4.117936707E-1,1.028717243E1
1.825477717E1,3.252137146E0,9.754315796E0,4.683760071E-1,1.029283483E1
1.826473017E1,3.254981232E0,9.785001984E0,6.381230164E-1,1.033191016E1
1.827468417E1,3.267704773E0,9.809401245E0,7.596702576E-1,1.036722461E1
1.828463717E1,3.266656952E0,9.798473969E0,8.024812317E-1,1.035978358E1
1.829459017E1,3.180136871E0,9.730814667E0,7.569758606E-1,1.026523439E1
1.830454417E1,2.976111145E0,9.665700073E0,8.330177307E-1,1.014775414E1
1.831449717E1,2.728975067E0,9.610914001E0,7.902067566E-1,1.002204568E1
1.832445117E1,2.532882843E0,9.538464661E0,6.753955078E-1,9.892116188E0
1.833440417E1,2.469863892E0,9.562115479E0,6.465055847E-1,9.897082880E0
1.834435717E1,2.559677124E0,9.648336182E0,7.065307617E-1,1.000707369E1
1.835431137E1,2.602488098E0,9.748028870E0,6.848258972E-1,1.011266521E1
1.836426437E1,2.550097046E0,9.798623657E0,6.249504089E-1,1.014428822E1
1.837421837E1,2.416425018E0,9.651928711E0,5.745053101E-1,9.966388215E0
1.838417137E1,2.267634430E0,9.578581238E0,7.634124756E-1,9.872901450E0
1.839412437E1,2.192939758E0,9.526489563E0,8.677455139E-1,9.814070025E0
1.840407837E1,2.309696960E0,9.608219604E0,7.668553162E-1,9.911642200E0
1.841403137E1,2.464924164E0,9.746531982E0,6.336323547E-1,1.007334238E1
1.842398437E1,2.619103546E0,9.891730042E0,3.074606323E-1,1.023721440E1
1.843393837E1,2.682870941E0,9.918674011E0,2.043251038E-1,1.027714160E1
1.844389137E1,2.893632660E0,9.899513855E0,7.256909180E-1,1.033925103E1
1.845384537E1,3.114573212E0,9.667496338E0,1.586700439E-1,1.015806221E1
1.846379837E1,2.850222931E0,9.314380646E0,-3.507206726E-1,9.747023267E0
1.847375137E1,2.521057434E0,9.241332550E0,-3.201841736E-1,9.584387085E0
1.848370537E1,2.455942841E0,9.361083527E0,1.074765015E-1,9.678485999E0
1.849365837E1,2.501897278E0,9.349108429E0,3.189866638E-1,9.683339863E0
1.850361238E1,2.552941132E0,9.135352936E0,2.115101624E-1,9.487724608E0
1.851356538E1,2.623893585E0,8.747210083E0,-5.448669434E-2,9.132440560E0
1.852351838E1,2.752925262E0,8.481362915E0,-2.580633545E-1,8.920690057E0
1.853347238E1,2.773133240E0,8.417894897E0,-1.927990723E-1,8.865009529E0
1.854342538E1,2.672093353E0,8.553213501E0,-3.906875610E-2,8.960974860E0
1.855337938E1,2.520758057E0,8.765172729E0,1.204994202E-1,9.121238637E0
1.856333238E1,2.479294281E0,8.980874176E0,2.933898926E-1,9.321431152E0
1.857328538E1,2.360890503E0,9.173074493E0,5.004093933E-1,9.485225838E0
1.858323938E1,2.362387390E0,9.462722168E0,7.084767151E-1,9.778850866E0
1.859319238E1,2.269281006E0,9.732760620E0,5.836363220E-1,1.001083897E1
1.860314538E1,2.154020691E0,9.785151672E0,1.008901978E-1,1.001993898E1
1.861309937E1,2.126927032E0,9.727371826E0,-3.074606323E-1,9.961933210E0
1.862305237E1,2.139051819E0,9.545949097E0,-5.284011841E-1,9.796932921E0
1.863300637E1,2.329605560E0,9.360035706E0,-4.426295471E-1,9.655736709E0
1.864295937E1,2.589465179E0,9.181457062E0,-2.263293457E-1,9.542311495E0
1.865291237E1,2.855761414E0,9.002579041E0,-1.981878662E-1,9.446749762E0
1.866286637E1,3.061134338E0,8.770711212E0,-3.662882996E-1,9.296778244E0
1.867281937E1,3.242856445E0,8.602610779E0,-5.963598633E-1,9.212853805E0
1.868277337E1,3.362308044E0,8.720715179E0,-8.994795227E-1,9.389624702E0
1.869272637E1,3.411106567E0,9.084458771E0,-1.116378479E0,9.767770476E0
1.870267937E1,3.463946686E0,9.344468079E0,-1.194515991E0,1.003717484E1
1.871263337E1,3.544329529E0,9.505832520E0,-1.234183502E0,1.021989886E1
1.872258637E1,3.665278015E0,9.469757538E0,-1.285676422E0,1.023540593E1
1.873253937E1,3.644321594E0,9.348210297E0,-1.258582764E0,1.011207922E1
1.874249337E1,3.501518555E0,9.207802277E0,-1.159039764E0,9.919053792E0
1.875244637E1,3.341351624E0,9.163195038E0,-1.041983185E0,9.808899170E0
1.876240037E1,3.193159790E0,9.238338776E0,-8.595126343E-1,9.812335846E0
1.877235337E1,3.039279785E0,9.423952789E0,-6.976991272E-1,9.926474291E0
1.878230637E1,2.898123322E0,9.601782990E0,-7.673043823E-1,1.005893192E1
1.879226037E1,2.840792542E0,9.747579803E0,-6.075865173E-1,1.017126225E1
1.880221337E1,2.932252350E0,9.951156464E0,9.759704590E-2,1.037463946E1
1.881216737E1,2.871029663E0,9.889634399E0,9.131011963E-2,1.029835023E1
1.882212037E1,2.768941956E0,9.697733459E0,-2.990780640E-1,1.008972356E1
1.883207338E1,2.754871216E0,9.659263458E0,-4.574487305E-1,1.005484686E1
1.884202738E1,2.823728027E0,9.770482178E0,1.257385254E-2,1.017034513E1
1.885198038E1,3.031196594E0,9.764943695E0,3.394940186E-1,1.023022651E1
1.886193338E1,3.095113678E0,9.477840729E0,1.297801208E-1,9.971260524E0
1.887188738E1,3.135230255E0,9.272467804E0,-2.327659607E-1,9.790940094E0
1.888184038E1,3.225941620E0,9.155411224E0,-3.722758484E-1,9.714259793E0
1.889179438E1,3.265010376E0,9.151219940E0,-2.730322266E-1,9.720065110E0
1.890174738E1,3.172652435E0,9.194030914E0,-1.299298096E-1,9.726911621E0
1.891170038E1,3.035537567E0,9.198671265E0,-1.181044006E-1,9.687310773E0
1.892165437E1,3.033441925E0,9.228159943E0,-2.529739380E-1,9.717237347E0
1.893160737E1,3.111878815E0,9.254954224E0,-3.782633972E-1,9.771440561E0
1.894156137E1,3.169808350E0,9.329648895E0,-3.841012573E-1,9.860911076E0
1.895151437E1,3.202440491E0,9.478589172E0,-4.435276794E-1,1.001478879E1
1.896146737E1,3.176394653E0,9.558672638E0,-8.827143860E-1,1.011122595E1
1.897142137E1,3.134631500E0,9.624984741E0,-1.129850464E0,1.018542135E1
1.898137437E1,3.080893250E0,9.712852020E0,-1.152303772E0,1.025471606E1
1.899132737E1,3.013383636E0,9.685159607E0,-1.152154083E0,1.020834250E1
1.900128137E1,2.983894958E0,9.497449951E0,-1.026565247E0,1.000794789E1
1.901123437E1,2.931653595E0,9.139843597E0,-1.080752563E0,9.659159378E0
1.902118837E1,2.891237640E0,8.788524170E0,-1.202748871E0,9.329738315E0
1.903114137E1,2.857557678E0,8.496930542E0,-1.225950623E0,9.048006380E0
1.904109437E1,2.875370636E0,8.282426605E0,-1.195264435E0,8.848446408E0
1.905104837E1,2.957549744E0,8.161777496E0,-1.147962799E0,8.756684931E0
1.906100137E1,3.000510406E0,8.165968781E0,-1.181044006E0,8.779577084E0
1.907095537E1,3.056793365E0,8.256829834E0,-1.215921478E0,8.888064448E0
1.908090837E1,3.183579712E0,8.306227112E0,-1.204694824E0,8.976629559E0
1.909086137E1,3.331921234E0,8.299341431E0,-1.180744629E0,9.020805129E0
1.910081537E1,3.469485168E0,8.275241547E0,-1.160836029E0,9.047899772E0
1.911076837E1,3.514990540E0,8.275840302E0,-8.946894836E-1,9.035771160E0
1.912072137E1,3.514092407E0,8.298293610E0,-5.683680725E-1,9.029593819E0
1.913067537E1,3.418890381E0,8.239615631E0,-4.299060059E-1,8.931119547E0
1.914062837E1,3.279979248E0,8.139773254E0,-3.513194275E-1,8.782801252E0
1.915058238E1,3.228636017E0,8.072263641E0,-2.639012146E-1,8.697998314E0
1.916053538E1,3.301085358E0,8.136031036E0,2.329156494E-1,8.783303209E0
1.917048838E1,3.359463959E0,8.285420380E0,6.361770630E-2,8.940818540E0
1.918044238E1,3.459156647E0,8.710386658E0,-2.116598511E-1,9.374508004E0
1.919039538E1,3.560196533E0,9.284742279E0,-1.570234680E-1,9.945154343E0
1.920034838E1,3.706741791E0,9.836794281E0,1.454974365E-1,1.051302173E1
1.921030238E1,3.806584167E0,9.992320862E0,2.841091919E-1,1.069660120E1
1.922025538E1,3.921096039E0,9.782307587E0,-2.948867798E-2,1.053894707E1
1.923020938E1,4.074526978E0,9.391769714E0,-1.076261902E-1,1.023810001E1
1.924016237E1,4.255949707E0,9.067693634E0,-1.901046753E-1,1.001859848E1
1.925011537E1,4.293222198E0,8.851094055E0,-3.278182983E-2,9.837413149E0
1.926006937E1,4.141437836E0,8.731343079E0,9.400451660E-2,9.664196612E0
1.927002237E1,3.955674133E0,8.589288483E0,-2.933898926E-2,9.456431423E0
1.927997637E1,3.789669342E0,8.500672760E0,-3.457809448E-1,9.313570505E0
1.928992937E1,3.688030701E0,8.556356964E0,-4.643344116E-1,9.328902475E0
1.929988237E1,3.630999298E0,8.728049927E0,-4.477189636E-1,9.463797530E0
1.930983637E1,3.532653809E0,8.955726471E0,-2.854563904E-1,9.631519346E0
1.931978937E1,3.414100342E0,9.209299164E0,-3.769161987E-1,9.829004937E0
1.932974237E1,3.366199951E0,9.427545319E0,-5.757028198E-1,1.002703080E1
1.933969637E1,3.316952362E0,9.633067932E0,-5.992039490E-1,1.020574427E1
1.934964937E1,3.236270142E0,9.733359375E0,-6.743476868E-1,1.027941992E1
1.935960350E1,2.994971924E0,9.715995483E0,-7.138655090E-1,1.019215527E1
1.936955650E1,2.866988068E0,9.694889374E0,-9.033714294E-1,1.015020101E1
1.937950950E1,2.908751221E0,9.558822327E0,-1.002914429E0,1.004180040E1
1.938946350E1,2.858904877E0,9.429042206E0,-9.610015869E-1,9.899681715E0
1.939941650E1,2.942880249E0,9.339678040E0,-8.734336853E-1,9.831226599E0
1.940936950E1,3.125650177E0,9.293124847E0,-6.074368286E-1,9.823484003E0
1.941932350E1,3.213068390E0,9.244476013E0,-5.203179932E-1,9.800758953E0
1.942927650E1,3.255729675E0,9.207951965E0,-4.468208313E-1,9.776799270E0
1.943923050E1,3.219055939E0,9.184600525E0,-3.632945251E-1,9.739157605E0
1.944918350E1,3.181933136E0,9.149573364E0,-3.483256531E-1,9.693333895E0
1.945913650E1,3.025508423E0,9.085955658E0,-4.076023865E-1,9.585115082E0
1.946909050E1,2.958597565E0,9.154962158E0,-1.836680603E-1,9.622908377E0
1.947904350E1,3.065026245E0,9.245673523E0,4.760101318E-2,9.740591904E0
1.948899750E1,3.056194611E0,9.269324341E0,1.300794983E-1,9.761025556E0
1.949895050E1,3.069666595E0,9.412576447E0,9.101074219E-2,9.900895481E0
1.950890350E1,2.990331573E0,9.461824036E0,2.445913696E-1,9.926128245E0
1.951885750E1,2.979254608E0,9.605525208E0,9.557624817E-1,1.010225492E1
1.952881050E1,3.080893250E0,9.612859955E0,5.677693176E-1,1.011045705E1
1.953876350E1,2.964585114E0,9.601333923E0,9.849517822E-2,1.004908351E1
1.954871750E1,3.136876831E0,9.988279266E0,2.877017212E-1,1.047322736E1
1.955867050E1,3.254232788E0,1.023541534E1,4.400848389E-1,1.074929919E1
1.956862450E1,3.378624115E0,1.030292496E1,3.954776001E-1,1.084996618E1
1.957857750E1,3.449726257E0,1.017658768E1,5.797444153E-1,1.076102465E1
1.958853050E1,3.386557617E0,9.871222687E0,6.363267517E-1,1.045536807E1
1.959848450E1,3.421884155E0,9.727671204E0,4.242178345E-1,1.032069954E1
1.960843750E1,3.280128937E0,9.604178009E0,1.234931946E-1,1.014961731E1
1.961839050E1,2.914589081E0,9.533674622E0,-4.745132446E-2,9.969354690E0
1.962834450E1,2.627486115E0,9.615554352E0,7.679031372E-2,9.968373264E0
1.963829750E1,2.621648254E0,9.785151672E0,3.129991150E-1,1.013509750E1
1.964825150E1,2.690654755E0,9.870474243E0,4.746629333E-1,1.024163999E1
1.965820450E1,2.799927521E0,9.888885956E0,5.620811462E-1,1.029298765E1
1.966815750E1,2.886148224E0,9.804611206E0,5.483097839E-1,1.023527704E1
1.967811150E1,3.175945587E0,9.806257782E0,6.403683472E-1,1.032760348E1
1.968806450E1,3.337010651E0,9.750723267E0,4.358935547E-1,1.031514651E1
1.969801850E1,3.499572601E0,9.631421356E0,2.531236267E-1,1.025062717E1
1.970797150E1,3.567980347E0,9.599837036E0,3.833528137E-1,1.024862499E1
1.971792450E1,3.478616180E0,9.621841278E0,6.912625122E-1,1.025467913E1
1.972787850E1,3.202440491E0,9.689500580E0,1.008153534E0,1.025467796E1
1.973783150E1,2.970422974E0,9.667047272E0,1.430275726E0,1.021376053E1
1.974778450E1,2.792892151E0,9.524842987E0,1.622925110E0,1.005767202E1
1.975773850E1,2.642005920E0,9.292226715E0,1.552721100E0,9.784508952E0
1.976769150E1,2.422711945E0,9.101672974E0,1.541344757E0,9.543884311E0
1.977764550E1,2.156266022E0,8.996292114E0,1.605261841E0,9.389335468E0
1.978759850E1,1.894909515E0,9.047485657E0,1.720372467E0,9.402518822E0
1.979755150E1,1.630259857E0,9.210047607E0,1.829794922E0,9.530523259E0
1.980750550E1,1.489103394E0,9.387728119E0,1.985920258E0,9.710342292E0
1.981745850E1,1.496887207E0,9.587412872E0,2.121987305E0,9.932874056E0
1.982741150E1,1.506766663E0,9.877808990E0,2.037562866E0,1.019770164E1
1.983736550E1,1.431922302E0,1.019455032E1,1.982926483E0,1.048385689E1
1.984731850E1,1.468446350E0,1.037552399E1,1.864672394E0,1.064353493E1
1.985727250E1,1.872156830E0,1.027538223E1,1.651964722E0,1.057437651E1
1.986722550E1,2.223176880E0,9.928104401E0,1.525627441E0,1.028772626E1
1.987717850E1,2.574496307E0,9.627978516E0,2.047891388E0,1.017447103E1
1.988713250E1,2.655028839E0,9.251511383E0,2.021695862E0,9.834983232E0
1.989708550E1,2.475102997E0,9.001980286E0,1.633403320E0,9.477857897E0
1.990703950E1,2.059567108E0,9.062903595E0,1.501677246E0,9.414513944E0
1.991699250E1,1.898951111E0,9.448052673E0,1.586700439E0,9.766746281E0
1.992694550E1,1.666783905E0,9.751471710E0,1.722917175E0,1.004180326E1
1.993689950E1,1.580413513E0,9.782457275E0,1.798060913E0,1.007110720E1
1.994685250E1,1.436263275E0,9.739496613E0,1.597328339E0,9.973570288E0
1.995680550E1,1.603465576E0,9.852212219E0,9.988728333E-1,1.003169649E1
1.996675950E1,1.808988190E0,9.944121094E0,8.497828674E-1,1.014298346E1
1.997671250E1,1.704056396E0,9.887089691E0,9.654922485E-1,1.007921257E1
1.998666650E1,1.515747986E0,9.661059723E0,1.302591248E0,9.865612545E0
1.999661950E1,1.147513733E0,9.344019012E0,1.865720215E0,9.597311654E0
2.000657250E1,9.586065674E-1,9.168883209E0,2.037113800E0,9.441248778E0
2.001652650E1,1.103505249E0,9.137448578E0,1.808239746E0,9.379787915E0
2.002647950E1,1.363065491E0,9.187893677E0,1.536854095E0,9.414736229E0
2.003643250E1,1.637145538E0,9.505982208E0,1.436263275E0,9.752271297E0
2.004638650E1,1.712738342E0,1.000998413E1,1.566193085E0,1.027551535E1
2.005633950E1,1.440304871E0,1.019963974E1,1.218166809E0,1.037261102E1
2.006629350E1,1.451531525E0,1.004052063E1,5.366340637E-1,1.015908334E1
2.007624650E1,1.472038879E0,9.880503387E0,1.631457367E0,1.012190194E1
2.008619950E1,8.436456299E-1,9.810598755E0,3.725602570E0,1.052804352E1
2.009615350E1,7.063810730E-1,1.023601410E1,4.859344940E0,1.135289356E1
2.010610650E1,1.102158051E0,1.050769913E1,5.243146820E0,1.179479046E1
2.011605950E1,1.396595764E0,1.040860519E1,4.553979950E0,1.144675828E1
2.012601350E1,1.582359467E0,1.020233414E1,3.765419769E0,1.098953454E1
2.013596650E1,1.489851837E0,1.027388535E1,4.490511932E0,1.131092728E1
2.014592050E1,1.361418915E0,1.061727127E1,5.722899170E0,1.213801819E1
2.015587350E1,1.136885834E0,1.067505112E1,5.859714661E0,1.223051437E1
2.016582650E1,8.105644226E-1,1.050275940E1,4.640200653E0,1.151070944E1
2.017578050E1,1.088087311E0,1.031460068E1,2.317181396E0,1.062752327E1
2.018573350E1,1.997745667E0,1.012644196E1,1.848655701E-1,1.032327418E1
2.019568650E1,2.540966034E0,1.006447083E1,1.106199646E-1,1.038086307E1
2.020564050E1,2.782863007E0,1.020907013E1,1.094074860E0,1.063797157E1
2.021559350E1,3.323388977E0,1.010174332E1,1.207688599E0,1.070274003E1
2.022554750E1,3.861370239E0,9.605225830E0,1.113684082E0,1.041205242E1
2.023550050E1,3.825894012E0,9.204658813E0,1.066382446E0,1.002498780E1
2.024545350E1,3.151845703E0,9.035510559E0,3.299139404E-1,9.575146245E0
2.025540750E1,2.402204590E0,9.007967834E0,2.650987244E-1,9.326540019E0
2.026536050E1,1.892514496E0,8.660540314E0,1.556912384E0,9.000585859E0
2.027531350E1,1.978585510E0,8.166118469E0,2.679278412E0,8.819230368E0
2.028526750E1,2.588117981E0,7.439828796E0,3.208577728E0,8.505549849E0
2.029522050E1,2.885399780E0,6.643634491E0,2.830164642E0,7.776454401E0
2.030517450E1,2.487976227E0,6.422244873E0,2.379900970E0,7.286918659E0
2.031512750E1,1.891167297E0,7.162605286E0,2.619702301E0,7.857624856E0
2.032508050E1,1.122964783E0,8.513695679E0,3.162473602E0,9.151245997E0
2.033503450E1,6.292913818E-1,9.877509613E0,3.564836884E0,1.051994609E1
2.034498750E1,5.313949585E-1,1.040321640E1,3.467539215E0,1.097875768E1
2.035494113E1,1.026864624E0,1.003123993E1,3.386856995E0,1.063724710E1
2.036489413E1,1.603914642E0,9.724228363E0,4.368815002E0,1.078052429E1
2.037484713E1,1.887874146E0,9.597292328E0,4.753215637E0,1.087497806E1
2.038480112E1,1.843266907E0,9.012009430E0,4.465513916E0,1.022520227E1
2.039475412E1,1.669178925E0,7.953410797E0,3.462150421E0,8.833424428E0
2.040470712E1,1.651066589E0,6.611900482E0,2.761158142E0,7.353043122E0
2.041466112E1,1.793270874E0,6.011499023E0,2.278112640E0,6.674109539E0
2.042461412E1,2.029779053E0,6.171815643E0,2.297572174E0,6.891309689E0
2.043456812E1,2.634970551E0,6.434669037E0,3.479514313E0,7.775284900E0
2.044452112E1,3.078198853E0,6.355633392E0,3.987258453E0,8.109723421E0
2.045447412E1,2.362836456E0,5.576802979E0,5.382207642E0,8.102585185E0
2.046442812E1,9.586065674E-1,5.585185547E0,6.204896851E0,8.403211831E0
2.047438112E1,-4.845423889E-1,6.044131165E0,5.706732788E0,8.326650105E0
2.048433412E1,-1.553020477E0,5.761219482E0,4.767585754E0,7.637630290E0
2.049428812E1,-2.005379791E0,4.621788940E0,4.840933228E0,6.986924619E0
2.050424112E1,-1.604513397E0,4.006418610E0,5.364095306E0,6.884720167E0
2.051419512E1,-5.608836365E-1,4.446952515E0,5.806126099E0,7.334921772E0
2.052414812E1,8.057743835E-1,5.059179382E0,6.789580994E0,8.505467562E0
2.053410112E1,1.907932434E0,6.044131165E0,7.430398407E0,9.766398937E0
2.054405512E1,1.942959595E0,6.798562317E0,7.009024658E0,9.956001618E0
2.055400812E1,1.180145874E0,6.818171539E0,6.156547394E0,9.261926540E0
2.056396112E1,3.894900513E-1,6.317612457E0,5.274880829E0,8.239435504E0
2.057391512E1,2.526745605E-1,5.354066162E0,4.280498657E0,6.859485233E0
2.058386812E1,9.901908875E-1,4.557123413E0,4.339026947E0,6.369851383E0
2.059382212E1,2.537223816E0,5.796246643E0,6.170468445E0,8.837910424E0
2.060377512E1,3.362008667E0,8.072563019E0,6.716832275E0,1.102656845E1
2.061372812E1,3.080294495E0,7.546856232E0,1.014739838E1,1.301587289E1
2.062368213E1,3.344046021E-1,5.232818298E0,1.528486496E1,1.615924845E1
2.063363513E1,-5.563929749E0,2.549049225E0,6.314618683E0,8.793712260E0
2.064358813E1,-6.850803680E0,6.528074799E0,1.439242081E1,1.722472201E1
2.065354213E1,-1.134790192E0,8.974736938E0,1.269854324E1,1.559123640E1
2.066349513E1,4.216431885E0,9.481582947E0,1.014051270E1,1.450891832E1
2.067344913E1,5.297783203E0,8.892258453E0,1.066547104E1,1.486240357E1
2.068340213E1,4.085903320E0,9.208999786E0,9.446406097E0,1.381067961E1
2.069335513E1,2.493514709E0,8.719517670E0,7.692353668E0,1.189201030E1
2.070330912E1,2.315834198E0,7.865842896E0,8.347241821E0,1.170089819E1
2.071326212E1,2.167043610E0,7.903714142E0,7.378306732E0,1.102742878E1
2.072321512E1,2.347418518E0,7.656578064E0,6.641239471E0,1.040382733E1
2.073316912E1,2.699935455E0,7.236252136E0,6.380481720E0,1.001816068E1
2.074312212E1,3.247347107E0,6.993157654E0,6.992558899E0,1.040890951E1
2.075307612E1,3.466042328E0,7.029981079E0,7.672594757E0,1.096826302E1
2.076302912E1,3.130589905E0,6.883435822E0,7.690557404E0,1.078549744E1
2.077298212E1,2.640509033E0,6.685697021E0,7.675438843E0,1.051585441E1
2.078293612E1,2.215692444E0,6.736441498E0,7.855514374E0,1.058291279E1
2.079288912E1,1.945953369E0,6.917864227E0,8.251291351E0,1.094200114E1
2.080284212E1,1.907333679E0,6.886728973E0,8.056995392E0,1.076940725E1
2.081279612E1,2.223326569E0,7.176376648E0,7.944429474E0,1.093423626E1
2.082274912E1,2.547103271E0,7.318281555E0,7.548502808E0,1.081780360E1
2.083270212E1,2.858755188E0,7.333400116E0,7.612120514E0,1.094968571E1
2.084265612E1,3.094365234E0,7.177125092E0,7.723488922E0,1.098810729E1
2.085260912E1,2.920876007E0,7.047644348E0,7.892936554E0,1.097721526E1
2.086256312E1,2.538870392E0,7.015012207E0,7.885751495E0,1.085547492E1
2.087251612E1,2.324516144E0,6.949298859E0,7.805967407E0,1.070650536E1
2.088246912E1,2.212249603E0,6.673123169E0,8.068671112E0,1.070177904E1
2.089242312E1,2.362986145E0,6.703509979E0,8.443192291E0,1.103667729E1
2.090237612E1,2.366428986E0,6.508764954E0,8.512797546E0,1.097413912E1
2.091232912E1,2.230661316E0,6.397995300E0,8.509803772E0,1.087781936E1
2.092228312E1,2.056573334E0,6.541247406E0,8.435707855E0,1.087099713E1
2.093223612E1,2.338586884E0,7.204667816E0,8.155340881E0,1.113040035E1
2.094219013E1,2.327509918E0,7.135511627E0,8.339008942E0,1.121926463E1
2.095214313E1,2.361788635E0,7.275919647E0,9.030121765E0,1.183470115E1
2.096209613E1,2.261347504E0,7.109166412E0,8.243806915E0,1.111819644E1
2.097205013E1,2.094294891E0,6.330335999E0,7.490573273E0,1.002835544E1
2.098200313E1,1.971999207E0,5.862858124E0,8.070167999E0,1.016806264E1
2.099195613E1,2.338586884E0,5.611830139E0,8.620872803E0,1.054898450E1
2.100191013E1,2.467768250E0,5.202132111E0,9.067993011E0,1.074153415E1
2.101186313E1,2.233954468E0,4.836442566E0,9.269024963E0,1.069095660E1
2.102181713E1,1.988914032E0,4.396956482E0,8.799301758E0,1.003577186E1
2.103177013E1,1.848655701E0,4.120481415E0,8.846453705E0,9.932554462E0
2.104172313E1,1.586700439E0,4.072131958E0,8.970096588E0,9.978101511E0
2.105167712E1,1.219514008E0,4.032464447E0,8.689430237E0,9.656820479E0
2.106163012E1,1.100511475E0,4.750670929E0,8.595725098E0,9.882635769E0
2.107158312E1,1.527723083E0,5.856720886E0,8.527317352E0,1.045706740E1
2.108153712E1,2.010319519E0,6.154152374E0,8.504414978E0,1.068831372E1
2.109149012E1,2.396666107E0,6.153553619E0,8.232280884E0,1.055370452E1
2.110144412E1,2.552342377E0,6.564299469E0,7.599396973E0,1.036124092E1
2.111139712E1,2.359094238E0,6.678362274E0,6.496490479E0,9.610943597E0
2.112135012E1,1.870510254E0,6.257287903E0,7.773035889E0,1.015246509E1
2.113130412E1,1.560654602E0,6.086343384E0,9.549092560E0,1.143085243E1
2.114125712E1,1.470092926E0,6.520141296E0,9.345366211E0,1.148952938E1
2.115121012E1,1.247056732E0,7.357050934E0,9.460327148E0,1.204903061E1
2.116116412E1,1.622775421E0,7.456743622E0,8.921148376E0,1.173981745E1
2.117111712E1,1.972298584E0,7.982749786E0,7.889044647E0,1.139523064E1
2.118107112E1,2.331252136E0,6.517446899E0,7.930957489E0,1.052672491E1
2.119102412E1,3.195255432E0,4.858596497E0,8.009394379E0,9.897778312E0
2.120097712E1,3.941004639E0,5.096002808E0,8.647816772E0,1.078357534E1
2.121093112E1,3.672912140E0,5.435945892E0,9.164242859E0,1.127045423E1
2.122088412E1,2.892435150E0,5.242697754E0,8.526269531E0,1.041870112E1
2.123083712E1,2.305206299E0,5.101541290E0,7.778873749E0,9.583870639E0
2.124079112E1,2.111209717E0,5.651497650E0,7.460635529E0,9.594671159E0
2.125074412E1,2.605182495E0,6.359076233E0,7.448061676E0,1.013402433E1
2.126069712E1,3.091670837E0,6.478976898E0,7.541766815E0,1.041219559E1
2.127065112E1,3.234473877E0,6.390211487E0,6.727011108E0,9.825950466E0
2.128060413E1,3.293301544E0,6.073021088E0,6.118227081E0,9.228224250E0
2.129055813E1,3.373235321E0,5.915398865E0,6.015690308E0,9.086208788E0
2.130051113E1,3.137774963E0,5.717210999E0,6.101162567E0,8.930639282E0
2.131046413E1,2.714604950E0,5.510790253E0,6.659950562E0,9.060509408E0
2.132041813E1,2.544857941E0,5.638325043E0,6.703959045E0,9.121955827E0
2.133037113E1,2.191143494E0,5.648054810E0,5.941295013E0,8.485317871E0
2.134032413E1,1.741029510E0,5.695506134E0,6.127657471E0,8.545066410E0
2.135027813E1,1.766326904E0,6.026916962E0,6.415957947E0,8.978204451E0
2.136023113E1,1.975292358E0,6.029910736E0,6.529272308E0,9.104559312E0
2.137018512E1,1.783241730E0,5.952671356E0,6.515800323E0,9.003882562E0
2.138013812E1,1.551822968E0,6.234385529E0,6.512806549E0,9.148353217E0
2.139009112E1,1.413660278E0,6.589297485E0,6.410718842E0,9.301322099E0
2.140004512E1,1.354982300E0,6.775809631E0,6.261479187E0,9.324896504E0
2.140999812E1,1.604812775E0,6.931635590E0,6.165828094E0,9.414904783E0
2.141995112E1,1.960173798E0,6.942263489E0,5.998625793E0,9.381940901E0
2.142990512E1,2.086660767E0,7.092101898E0,6.078409882E0,9.570743397E0
2.143985812E1,2.133663025E0,7.091203766E0,6.344855804E0,9.751660573E0
2.144981212E1,2.264790344E0,6.645430756E0,6.507268066E0,9.572646600E0
2.145976512E1,3.088677063E0,6.747967529E0,6.319857788E0,9.747594279E0
2.146971812E1,3.797303467E0,6.772516479E0,5.924679565E0,9.766694479E0
2.147967212E1,3.821103973E0,6.632407837E0,5.677244110E0,9.529993178E0
2.148962512E1,3.473227386E0,6.502028961E0,5.536985779E0,9.219430601E0
2.149957812E1,2.917882233E0,6.555467834E0,5.583838348E0,9.092163986E0
2.150953212E1,2.307152252E0,6.428831177E0,4.902604980E0,8.407636850E0
2.151948512E1,1.481618958E0,5.558690643E0,4.917124786E0,7.567849930E0
2.152943812E1,8.249345398E-1,5.091811523E0,5.969586182E0,7.889424616E0
2.153939212E1,7.376660156E-1,5.505850525E0,7.580985260E0,9.398397665E0
2.154934512E1,8.554710388E-1,5.726192322E0,9.282646637E0,1.094023024E1
2.155929912E1,1.001118164E0,6.199358368E0,9.768087158E0,1.161248503E1
2.156925212E1,1.009351044E0,6.693480835E0,8.581205292E0,1.092970994E1
2.157920512E1,9.351054382E-1,6.883585510E0,8.510701904E0,1.098591000E1
2.158915912E1,1.441652069E0,7.731721802E0,8.748108215E0,1.176381231E1
2.159911212E1,2.074535980E0,8.252638550E0,8.159232788E0,1.178909760E1
2.160906512E1,1.873504028E0,8.463549957E0,8.006250916E0,1.180007411E1
2.161901913E1,1.759441223E0,7.997119904E0,7.522307281E0,1.111911269E1
2.162897213E1,1.835782471E0,7.868836670E0,6.060746613E0,1.010056124E1
2.163892613E1,1.902543640E0,7.407196655E0,4.448898468E0,8.847538198E0
2.164887913E1,2.252964935E0,6.852599945E0,4.525688782E0,8.515623052E0
2.165883213E1,2.680625610E0,6.562054138E0,5.741909637E0,9.122271343E0
2.166878613E1,2.812950439E0,6.178401947E0,5.510041809E0,8.743334692E0
2.167873913E1,2.227667542E0,5.789061584E0,3.950135651E0,7.353863499E0
2.168869213E1,1.677561493E0,5.707630920E0,4.118984528E0,7.235834218E0
2.169864612E1,1.265618134E0,6.014043732E0,4.766537933E0,7.777557145E0
2.170859912E1,8.786727905E-1,6.240223389E0,4.901108093E0,7.983314747E0
2.171855312E1,5.694158936E-1,6.624324646E0,5.230423279E0,8.459505846E0
2.172850612E1,3.167413330E-1,6.710695038E0,5.021308136E0,8.387329036E0
2.173845912E1,4.411326599E-1,6.870263214E0,4.710404663E0,8.341644127E0
2.174841312E1,9.607022095E-1,6.916067963E0,5.499713287E0,8.888295171E0
2.175836612E1,1.575773163E0,6.684349823E0,6.404581604E0,9.390540940E0
2.176831912E1,1.930236053E0,6.687493286E0,6.947352905E0,9.834332212E0
2.177827312E1,2.050286407E0,6.946005707E0,6.854246521E0,9.971527717E0
2.178822612E1,2.099384308E0,7.061715088E0,6.709497528E0,9.964566801E0
2.179817912E1,2.332000580E0,6.827901306E0,6.636599121E0,9.803209212E0
2.180813312E1,2.611918488E0,6.598428497E0,6.411916351E0,9.564206612E0
2.181808612E1,3.004252625E0,6.438560944E0,6.699618073E0,9.765525238E0
2.182804012E1,3.315006409E0,6.429429932E0,8.000712433E0,1.078602040E1
2.183799312E1,3.401975555E0,6.719526672E0,8.604407043E0,1.143509060E1
2.184794612E1,3.275638275E0,6.851252747E0,8.196505280E0,1.117372673E1
2.185790012E1,3.292852478E0,6.823859711E0,7.323071594E0,1.053732966E1
2.186785312E1,3.861220551E0,6.978338470E0,6.544540558E0,1.031684269E1
2.187780612E1,5.396727448E0,7.078330536E0,6.952142944E0,1.129423401E1
2.188776012E1,5.182373199E0,7.093598785E0,6.367458801E0,1.084991554E1
2.189771312E1,4.978646851E0,6.308930511E0,7.384893036E0,1.091449375E1
2.190766712E1,4.508025513E0,6.214776306E0,7.959548035E0,1.105893953E1
2.191762012E1,3.419489136E0,8.791068878E0,1.044887146E1,1.407674368E1
2.192757312E1,2.282603302E0,6.420149231E0,8.985514526E0,1.127688190E1
2.193752713E1,1.227597198E0,5.601052551E0,9.762249298E0,1.132167372E1
2.194748013E1,8.008346558E-1,5.913452911E0,9.588161316E0,1.129349808E1
2.195743313E1,9.919871521E-1,6.243666229E0,8.304281158E0,1.043688134E1
2.196738713E1,1.599873047E0,6.407725067E0,7.740403748E0,1.017508646E1
2.197734013E1,2.386936340E0,6.269562378E0,7.445816345E0,1.002222822E1
2.198729313E1,3.294798431E0,6.303242340E0,6.860084381E0,9.881665771E0
2.199724713E1,4.255500641E0,6.345753937E0,7.089257813E0,1.042283335E1
2.200720013E1,4.822072449E0,6.112538910E0,7.632627869E0,1.090286764E1
2.201715413E1,5.199737091E0,5.793701935E0,7.387587433E0,1.073222698E1
2.202710713E1,4.610113220E0,5.995182953E0,6.933282166E0,1.025991053E1
2.203706013E1,3.209475861E0,5.867199097E0,7.071744232E0,9.733156067E0
2.204701412E1,2.367776184E0,5.583988037E0,7.591463470E0,9.716872135E0
2.205696712E1,2.356549530E0,5.363047485E0,7.698939972E0,9.674155297E0
2.206692012E1,2.625989227E0,5.446723480E0,7.628586273E0,9.734369246E0
2.207687412E1,2.909050598E0,5.558241577E0,7.695197754E0,9.928378180E0
2.208682712E1,3.002905426E0,5.548362122E0,7.544760590E0,9.834895810E0
2.209678112E1,3.443439331E0,5.547613678E0,7.330106964E0,9.816504472E0
2.210673412E1,4.184248810E0,5.805377655E0,7.291487274E0,1.021646389E1
2.211668712E1,4.680167542E0,5.710475006E0,7.657027130E0,1.063689605E1
2.212664112E1,4.667144623E0,5.563480682E0,7.277416534E0,1.028082427E1
2.213659412E1,4.252506866E0,5.629194031E0,7.035818939E0,9.963653358E0
2.214654712E1,4.179458771E0,6.170019379E0,6.869065704E0,1.013514077E1
2.215650112E1,4.504732361E0,6.468498688E0,6.838678894E0,1.043559380E1
2.216645412E1,4.458029480E0,6.140979767E0,6.529871063E0,1.001123746E1
2.217640712E1,4.076772308E0,5.971681824E0,6.578070831E0,9.775074021E0
2.218636112E1,3.436853027E0,5.925577698E0,6.975195007E0,9.776388657E0
2.219631412E1,3.036286011E0,6.080655212E0,7.692353668E0,1.026477986E1
2.220626812E1,2.557731171E0,5.876030731E0,8.593629456E0,1.072008363E1
2.221622112E1,2.418071594E0,5.789660339E0,9.278006287E0,1.120038561E1
2.222617412E1,2.495161285E0,5.666616211E0,9.169182587E0,1.106391786E1
2.223612812E1,2.345472565E0,5.548362122E0,8.453221436E0,1.037990927E1
2.224608112E1,2.239642639E0,5.776787109E0,7.920778656E0,1.005614255E1
2.225603412E1,2.281106415E0,5.708678741E0,7.614365845E0,9.786267249E0
2.226598813E1,2.629132690E0,5.677094421E0,7.398514709E0,9.689156810E0
2.227594113E1,3.050356750E0,5.843847656E0,7.074139252E0,9.669471438E0
2.228589413E1,3.286565552E0,6.090684357E0,6.812183990E0,9.711014354E0
2.229584813E1,3.281027069E0,6.260730743E0,6.573131104E0,9.652354147E0
2.230580113E1,3.115920410E0,6.157445526E0,6.797514496E0,9.686552469E0
2.231575513E1,2.871778107E0,5.898034973E0,7.185357971E0,9.729506422E0
2.232570813E1,2.746189270E0,5.876479797E0,7.644004211E0,1.002523669E1
2.233566113E1,2.632874908E0,6.000571747E0,7.976013794E0,1.032258144E1
2.234561513E1,2.260299683E0,5.857319641E0,8.028704224E0,1.019201842E1
2.235556813E1,1.771715698E0,5.735473022E0,8.207282867E0,1.016828989E1
2.236552100E1,1.621577911E0,5.434898071E0,8.145162048E0,9.925285727E0
2.237547500E1,2.049238586E0,5.566025391E0,6.991062012E0,9.168149513E0
2.238542800E1,2.053878937E0,5.977070618E0,7.032226410E0,9.454945803E0
2.239538200E1,1.806443481E0,5.413043518E0,7.883206787E0,9.731866595E0
2.240533500E1,2.280657349E0,4.887037354E0,8.830736389E0,1.034729130E1
2.241528800E1,3.526666260E0,4.674329681E0,9.449250183E0,1.111643207E1
2.242524200E1,4.177512817E0,4.188290405E0,9.282347260E0,1.100705958E1
2.243519500E1,4.095633087E0,4.484374695E0,8.796457672E0,1.068931683E1
2.244514800E1,3.492387543E0,5.402116241E0,8.125552826E0,1.036360166E1
2.245510200E1,3.458557892E0,7.366181946E0,7.138355713E0,1.082489637E1
2.246505500E1,3.826193390E0,8.694369965E0,6.428382111E0,1.146978298E1
2.247500800E1,3.429218903E0,8.703650665E0,6.374494171E0,1.132021436E1
2.248496200E1,2.189945984E0,8.071664886E0,6.827901306E0,1.079666030E1
2.249491500E1,1.287173309E0,7.722890167E0,7.217091980E0,1.064829866E1
2.250486900E1,1.167572021E0,7.039411469E0,7.157964935E0,1.010707674E1
2.251482200E1,1.464704132E0,6.232738953E0,6.926845551E0,9.432580894E0
2.252477500E1,1.512754211E0,5.878126373E0,6.818620605E0,9.128766725E0
2.253472900E1,1.305734711E0,5.889053650E0,6.851701813E0,9.128620583E0
2.254468200E1,1.468745728E0,6.145320740E0,6.575376434E0,9.119087469E0
2.255463500E1,1.765728149E0,6.324498138E0,6.089935913E0,8.955690483E0
2.256458900E1,2.440973969E0,6.546037445E0,5.777834930E0,9.065998932E0
2.257454200E1,3.209775238E0,6.838978271E0,5.840853882E0,9.549337932E0
2.258449500E1,3.267854462E0,7.137607269E0,6.055208130E0,9.914124057E0
2.259444900E1,3.147504730E0,7.639064484E0,6.143225098E0,1.029569361E1
2.260440200E1,2.897674255E0,7.793842621E0,6.041287079E0,1.027801773E1
2.261435600E1,2.348915405E0,7.832013245E0,5.396877136E0,9.797148456E0
2.262430900E1,1.363963623E0,7.619155884E0,5.017416229E0,9.224228898E0
2.263426200E1,7.833210754E-1,7.445816345E0,5.380561066E0,9.219772792E0
2.264421600E1,6.345304871E-1,7.101083221E0,5.739364929E0,9.152503573E0
2.265416900E1,6.941065979E-1,6.971003723E0,5.671555939E0,9.013502296E0
2.266412200E1,9.171427917E-1,6.869963837E0,5.838907928E0,9.062582403E0
2.267407600E1,1.111887817E0,6.596332855E0,5.955365753E0,8.956242678E0
2.268402900E1,1.072519684E0,6.223458252E0,5.872138824E0,8.623441625E0
2.269398300E1,7.195536804E-1,5.755381622E0,6.098917236E0,8.416588773E0
2.270393600E1,2.118095398E-1,5.463338928E0,7.376660156E0,9.181941548E0
2.271388900E1,-1.281335449E-1,6.148913269E0,7.679630127E0,9.838814536E0
2.272384300E1,-2.468367004E-1,7.322772217E0,7.583679657E0,1.054495701E1
2.273379600E1,-4.716691589E-1,7.274572449E0,7.458839264E0,1.042958097E1
2.274374900E1,-3.445834351E-1,7.076384583E0,7.317533112E0,1.018529564E1
2.275370300E1,1.366658020E-1,7.471413116E0,7.457342377E0,1.055711356E1
2.276365600E1,5.153782654E-1,8.014483795E0,7.189698944E0,1.077911574E1
2.277360900E1,8.866062927E-1,8.183482361E0,6.622079315E0,1.056443982E1
2.278356300E1,1.271905060E0,8.166717224E0,6.557563477E0,1.055057588E1
2.279351600E1,1.534309387E0,7.891439667E0,6.787635040E0,1.052145022E1
2.280347000E1,1.575024719E0,7.609426117E0,6.597979431E0,1.019398849E1
2.281342300E1,1.396296387E0,7.450756073E0,6.349047089E0,9.888063946E0
2.282337600E1,1.168170776E0,7.523355103E0,6.563551025E0,1.005214888E1
2.283333000E1,6.569837952E-1,7.562573547E0,6.418951721E0,9.941181397E0
2.284328300E1,1.257385254E-2,7.742499390E0,6.621630249E0,1.018785758E1
2.285323600E1,-2.010319519E-1,7.934849396E0,6.819369049E0,1.046451351E1
2.286319000E1,-2.710862732E-1,7.706574097E0,6.441405029E0,1.004770973E1
2.287314300E1,-3.667373657E-1,7.146738281E0,5.874833221E0,9.258727220E0
2.288309600E1,-4.522096252E-1,6.862778778E0,5.414989471E0,8.753532834E0
2.289305000E1,-5.123844910E-1,6.781946869E0,4.928800507E0,8.399429483E0
2.290300300E1,-3.962260437E-1,6.804998932E0,4.642296295E0,8.247176513E0
2.291295700E1,-1.785786438E-1,6.743476868E0,4.076921997E0,7.882110350E0
2.292291000E1,2.215393066E-2,6.630162506E0,3.980372772E0,7.733234321E0
2.293286300E1,-2.125579834E-2,6.420448608E0,3.990401917E0,7.559492020E0
2.294281700E1,-1.895059204E-1,6.404880981E0,3.691174164E0,7.394807610E0
2.295277000E1,-7.200027466E-2,6.571185150E0,4.512216797E0,7.971559367E0
2.296272300E1,3.237767029E-1,6.713838501E0,4.827461243E0,8.275556828E0
2.297267700E1,6.262976074E-1,6.854246521E0,5.106481018E0,8.570244597E0
2.298263000E1,8.698411560E-1,6.943311310E0,5.535189514E0,8.922136434E0
2.299258300E1,1.102158051E0,6.932084656E0,5.843398590E0,9.133118697E0
2.300253700E1,1.268312531E0,6.664441223E0,6.136788483E0,9.147872232E0
2.301249000E1,1.512903900E0,6.683751068E0,5.935008087E0,9.065634426E0
2.302244400E1,1.383872223E0,6.707252197E0,5.698050842E0,8.908990839E0
2.303239700E1,8.569679260E-1,6.617588654E0,6.158343658E0,9.080312232E0
2.304235000E1,1.232686615E0,6.949448547E0,6.907685394E0,9.875751562E0
2.305230400E1,1.827699280E0,7.328909454E0,7.009922791E0,1.030497045E1
2.306225700E1,2.072140961E0,7.577991486E0,6.968009949E0,1.050108974E1
2.307221000E1,2.377056885E0,7.705376587E0,7.270979919E0,1.085773350E1
2.308216400E1,3.026855621E0,7.793543243E0,7.499554596E0,1.123140643E1
2.309211700E1,3.151097260E0,7.668852539E0,7.039561157E0,1.087640264E1
2.310207000E1,1.360371094E0,6.063441010E0,6.673272858E0,9.118579770E0
2.311202400E1,-3.324586487E-1,6.945556641E0,8.736582184E0,1.116598200E1
2.312197700E1,4.131408691E-2,6.876550140E0,7.337741089E0,1.005639563E1
2.313193100E1,2.083666992E-1,5.841452637E0,7.725584564E0,9.687654125E0
2.314188400E1,5.665718079E-1,6.310277710E0,8.104446716E0,1.028701439E1
2.315183700E1,5.309458923E-1,6.231242065E0,8.027057648E0,1.017565407E1
2.316179100E1,1.628613281E-1,6.315217438E0,7.865992584E0,1.008872313E1
2.317174400E1,-2.487826538E-1,6.388265533E0,7.519163818E0,9.869632914E0
2.318169700E1,-4.748126221E-1,6.558611298E0,7.794740753E0,1.019798081E1
2.319165100E1,-4.743635559E-1,6.494544525E0,8.174201660E0,1.045091872E1
2.320160400E1,-2.965333557E-1,6.441255341E0,8.200696564E0,1.043211994E1
2.321155700E1,7.813751221E-2,6.722370758E0,8.350085907E0,1.072008903E1
2.322151100E1,2.930905151E-1,6.592590637E0,7.898774414E0,1.029265712E1
2.323146400E1,4.038601685E-1,6.450086975E0,7.154671783E0,9.641371964E0
2.324141800E1,4.312532043E-1,6.393953705E0,6.664890289E0,9.246047040E0
2.325137100E1,7.316784668E-1,6.165828094E0,6.584058380E0,9.050006311E0
2.326132400E1,1.056652679E0,6.148015137E0,6.684948578E0,9.143475406E0
2.327127800E1,1.272503815E0,6.212980042E0,6.936874695E0,9.398968959E0
2.328123100E1,1.262474670E0,6.174360352E0,7.302713928E0,9.646045758E0
2.329118400E1,1.040785675E0,6.116730194E0,7.787705383E0,9.957207351E0
2.330113800E1,7.461982727E-1,6.026168518E0,8.058043213E0,1.008977598E1
2.331109100E1,6.595285034E-1,6.028563538E0,7.800428925E0,9.880548951E0
2.332104400E1,7.677534485E-1,6.052513733E0,7.657476196E0,9.790776759E0
2.333099800E1,9.048683167E-1,6.131100311E0,7.326065369E0,9.595853869E0
2.334095100E1,1.329086151E0,6.327342224E0,7.144043884E0,9.635304491E0
2.335090500E1,1.942660217E0,6.292015686E0,7.018005981E0,9.623710203E0
2.336085775E1,2.732866974E0,6.307433624E0,6.787635040E0,9.660448761E0
2.337081075E1,3.138523407E0,6.348148956E0,7.225923615E0,1.011747481E1
2.338076475E1,2.964435425E0,6.027066650E0,8.353079681E0,1.071855167E1
2.339071775E1,2.302362213E0,5.702541504E0,9.421408081E0,1.125090137E1
2.340067075E1,1.130299530E0,5.609285431E0,1.045321243E1,1.191684985E1
2.341062475E1,8.068222046E-2,5.576952667E0,1.048943710E1,1.188011790E1
2.342057775E1,-3.689826965E-1,5.576353912E0,9.819131012E0,1.129810626E1
2.343053075E1,-1.047821045E-3,5.884562988E0,9.878856812E0,1.149869099E1
2.344048475E1,8.803193665E-1,6.216572571E0,9.339977417E0,1.125415101E1
2.345043775E1,1.369202728E0,6.189628601E0,8.687184906E0,1.075422707E1
2.346039175E1,1.487307129E0,6.041885834E0,8.855584717E0,1.082302396E1
2.347034475E1,1.448388062E0,6.024671631E0,8.843010864E0,1.079783948E1
2.348029775E1,1.449286194E0,5.853577423E0,8.440048828E0,1.037300455E1
2.349025175E1,1.718576202E0,5.272635498E0,7.533983002E0,9.354949980E0
2.350020475E1,2.184557190E0,4.865332489E0,6.579867096E0,8.469852498E0
2.351015775E1,2.479743347E0,5.157375183E0,6.262976074E0,8.483661660E0
2.352011175E1,2.540816345E0,5.567821655E0,6.664141846E0,9.048047979E0
2.353006475E1,2.882256317E0,5.891448669E0,7.131170654E0,9.688661611E0
2.354001775E1,3.399580536E0,6.297853546E0,7.900121613E0,1.065983248E1
2.354997175E1,3.616928558E0,6.334078217E0,8.061336365E0,1.087142415E1
2.355992475E1,3.508254547E0,6.185287628E0,7.877817993E0,1.061252323E1
2.356987875E1,3.183879089E0,6.274053040E0,7.484436035E0,1.027217652E1
2.357983175E1,2.993175659E0,6.178401947E0,7.287146301E0,1.001170577E1
2.358978475E1,3.163671112E0,5.920488281E0,7.212152252E0,9.852722289E0
2.359973875E1,3.500021667E0,5.812562714E0,7.513475647E0,1.012365316E1
2.360969175E1,3.843856659E0,5.858666840E0,7.635621643E0,1.036349020E1
2.361964475E1,3.450923767E0,6.101911011E0,6.925498352E0,9.854172733E0
2.362959875E1,2.880160675E0,6.399492188E0,6.055806885E0,9.269391717E0
2.363955175E1,2.474653931E0,6.365662537E0,5.376519470E0,8.692096020E0
2.364950475E1,2.180964661E0,6.104306030E0,5.088218994E0,8.240699697E0
2.365945875E1,2.044897614E0,5.711672516E0,5.688470764E0,8.316460113E0
2.366941175E1,1.828447723E0,5.480852509E0,6.684499512E0,8.835468240E0
2.367936575E1,1.529369659E0,5.741610260E0,7.586823120E0,9.636645941E0
2.368931875E1,1.212628326E0,6.213429108E0,8.180189209E0,1.034372584E1
2.369927175E1,1.212927704E0,6.475384369E0,8.632249146E0,1.085898345E1
2.370922575E1,1.263223114E0,6.531068573E0,8.089777222E0,1.047354213E1
2.371917875E1,1.342558136E0,6.707102509E0,7.556885376E0,1.019285058E1
2.372913175E1,1.179996185E0,6.891668701E0,7.065457306E0,9.940230150E0
2.373908575E1,8.345146179E-1,6.930438080E0,6.874155121E0,9.797009506E0
2.374903875E1,7.421566772E-1,6.865922241E0,6.823560333E0,9.708380935E0
2.375899175E1,9.854008484E-1,6.812782745E0,7.321874084E0,1.004962008E1
2.376894575E1,1.351090393E0,7.001989288E0,7.454797668E0,1.031636116E1
2.377889875E1,1.462309113E0,7.159312134E0,7.752678223E0,1.065354954E1
2.378885275E1,1.286125488E0,6.940317535E0,6.898853760E0,9.869970084E0
2.379880575E1,1.931433563E0,6.589896240E0,5.227728882E0,8.630545599E0
2.380875875E1,2.059417419E0,6.778653717E0,4.830604706E0,8.574735456E0
2.381871275E1,1.774859161E0,6.803502045E0,5.116210785E0,8.695595317E0
2.382866575E1,1.530716858E0,6.670578461E0,5.733527069E0,8.928216157E0
2.383861875E1,1.801204376E0,6.825356598E0,6.214327240E0,9.404663361E0
2.384857275E1,1.902094574E0,6.482120361E0,7.050039368E0,9.764164236E0
2.385852575E1,2.021995239E0,6.271358643E0,7.333849182E0,9.859196103E0
2.386847875E1,2.189197540E0,6.437812500E0,7.241491241E0,9.933640373E0
2.387843275E1,2.010169830E0,6.415209503E0,7.457342377E0,1.004030134E1
2.388838575E1,1.318308563E0,6.253246307E0,7.298672333E0,9.701115640E0
2.389833975E1,3.841012573E-1,5.998176727E0,7.606132965E0,9.694272356E0
2.390829275E1,-7.032376099E-1,6.035598907E0,8.031548309E0,1.007118491E1
2.391824575E1,-9.029223633E-1,6.581064606E0,7.890391846E0,1.031426021E1
2.392819975E1,-3.692820740E-1,6.639592896E0,8.388855286E0,1.070483330E1
2.393815275E1,1.769320679E-1,6.769672394E0,8.059839478E0,1.052714499E1
2.394810575E1,9.538165283E-1,7.264992371E0,7.843090210E0,1.073331003E1
2.395805975E1,1.953288116E0,7.314239960E0,8.386759644E0,1.129828208E1
2.396801275E1,2.307301941E0,7.393125916E0,7.989785156E0,1.112738154E1
2.397796575E1,2.500400391E0,7.508535919E0,6.996450806E0,1.056316419E1
2.398791975E1,2.434687042E0,7.484436035E0,6.503525848E0,1.020981548E1
2.399787275E1,1.737137604E0,7.159312134E0,6.443051605E0,9.787048139E0
2.400782575E1,9.478289795E-1,6.716233521E0,6.200855255E0,9.190036908E0
2.401777975E1,4.471202087E-1,6.528673553E0,6.281387787E0,9.070795300E0
2.402773275E1,2.707868958E-1,6.549779663E0,6.209237823E0,9.029262070E0
2.403768675E1,1.043330383E-1,6.678811340E0,5.983656921E0,8.967806669E0
2.404763975E1,1.034349060E-1,6.627468109E0,5.961502991E0,8.914793897E0
2.405759275E1,2.897973633E-1,6.450835419E0,6.191873932E0,8.946315605E0
2.406754675E1,5.614823914E-1,6.416706390E0,6.089037781E0,8.863733100E0
2.407749975E1,9.060658264E-1,6.404132538E0,5.848787384E0,8.720216896E0
2.408745275E1,1.205892334E0,6.682254181E0,6.379733276E0,9.317064663E0
2.409740675E1,1.441053314E0,7.009473724E0,5.974226532E0,9.322056597E0
2.410735975E1,1.467099152E0,6.865622864E0,6.327342224E0,9.451159551E0
2.411731275E1,1.744322662E0,7.033573608E0,6.734345856E0,9.892685852E0
2.412726675E1,1.636995850E0,7.064858551E0,6.712640991E0,9.881878912E0
2.413721975E1,1.976040802E0,6.870412903E0,7.211403809E0,1.015439095E1
2.414717375E1,2.420466614E0,6.366710358E0,7.090904388E0,9.832323451E0
2.415712675E1,2.556533661E0,6.267915802E0,7.306156769E0,9.960048172E0
2.416707975E1,2.681823120E0,6.233936462E0,8.505013733E0,1.088068921E1
2.417703375E1,2.515518951E0,6.296057281E0,9.088799744E0,1.133906758E1
2.418698675E1,2.199675751E0,6.246210938E0,8.984766083E0,1.116152974E1
2.419693975E1,2.042203217E0,6.198909302E0,8.574020233E0,1.077547648E1
2.420689375E1,2.188000031E0,6.045777740E0,8.240663452E0,1.045214364E1
2.421684675E1,2.542911987E0,5.823040924E0,7.927364960E0,1.015959262E1
2.422679975E1,2.693498840E0,5.774242401E0,8.043224030E0,1.026110443E1
2.423675375E1,2.637664948E0,5.918093262E0,8.233628082E0,1.047729620E1
2.424670675E1,2.567311249E0,5.985602875E0,8.080047455E0,1.037813546E1
2.425665975E1,2.187700653E0,5.697302399E0,7.964787140E0,1.003409801E1
2.426661375E1,1.760638733E0,5.516628113E0,7.971972198E0,9.853191118E0
2.427656675E1,1.711241455E0,5.584137726E0,7.225175171E0,9.290538074E0
2.428652075E1,2.015708313E0,5.833968201E0,6.830595703E0,9.206264315E0
2.429647375E1,2.456691284E0,5.835465088E0,7.363936615E0,9.711619192E0
2.430642675E1,2.784808960E0,5.919440460E0,7.811056824E0,1.018859878E1
2.431638075E1,2.945424957E0,6.051765289E0,7.938441925E0,1.040760546E1
2.432633375E1,2.739902344E0,5.878276062E0,7.615263977E0,1.000267163E1
2.433628675E1,2.606978760E0,5.742957458E0,7.274273071E0,9.627717660E0
2.434624075E1,2.331401825E0,5.198389893E0,7.524253235E0,9.437853500E0
2.435619375E1,2.141746216E0,5.069058838E0,7.761659546E0,9.514504362E0
2.436614737E1,1.933080139E0,5.002447357E0,7.526797943E0,9.241967629E0
2.437610137E1,1.787882080E0,5.087320862E0,7.348219299E0,9.114476549E0
2.438605437E1,1.440005493E0,4.986131287E0,7.325915680E0,8.977982044E0
2.439600837E1,1.510658569E0,5.122797089E0,7.401059418E0,9.126928280E0
2.440596137E1,1.756896515E0,5.221741333E0,7.600594482E0,9.387348103E0
2.441591437E1,2.594404907E0,5.456752625E0,7.163802795E0,9.371614403E0
2.442586837E1,3.334166565E0,5.697003021E0,6.926695862E0,9.568261371E0
2.443582137E1,3.147953796E0,5.667813721E0,6.206693115E0,8.975342049E0
2.444577437E1,3.101550293E0,5.786217499E0,5.850733337E0,8.793805078E0
2.445572838E1,2.857258301E0,5.770051117E0,7.447462921E0,9.844903192E0
2.446568138E1,2.142045593E0,5.782325592E0,1.062280975E1,1.228282279E1
2.447563438E1,1.396146698E0,6.129753113E0,1.200518509E1,1.355166292E1
2.448558838E1,9.666897583E-1,6.444099426E0,1.156584869E1,1.327515584E1
2.449554138E1,4.981640625E-1,5.989345093E0,9.424551544E0,1.117777231E1
2.450549438E1,5.864804077E-1,5.924529877E0,7.761809235E0,9.782111026E0
2.451544838E1,9.967771912E-1,5.711822205E0,7.672894135E0,9.617264791E0
2.452540138E1,1.561403046E0,5.762416992E0,8.583001556E0,1.045520659E1
2.453535538E1,2.057172089E0,6.086493073E0,9.283993835E0,1.129025670E1
2.454530838E1,2.161954193E0,6.271358643E0,9.004974060E0,1.118452247E1
2.455526138E1,1.625320129E0,6.078260193E0,8.028704224E0,1.020034333E1
2.456521537E1,1.559157715E0,6.408922577E0,7.904312897E0,1.029482510E1
2.457516837E1,1.922601929E0,6.372697906E0,7.927664337E0,1.035159595E1
2.458512137E1,2.395767975E0,6.329437866E0,8.022417297E0,1.049574519E1
2.459507537E1,2.526446228E0,5.943540344E0,8.478967896E0,1.065840039E1
2.460502837E1,2.702480164E0,5.815406799E0,8.641829224E0,1.076120661E1
2.461498137E1,2.735112305E0,5.658832397E0,8.245752869E0,1.036801156E1
2.462493537E1,2.759511566E0,5.485642548E0,7.366331635E0,9.590100103E0
2.463488837E1,3.235072632E0,5.533992004E0,6.197262726E0,8.916099356E0
2.464484237E1,3.157234497E0,5.748645630E0,6.053711243E0,8.925383804E0
2.465479537E1,2.854114838E0,5.792354736E0,7.315287781E0,9.757601151E0
2.466474837E1,2.201771393E0,5.374872894E0,8.344547424E0,1.016703141E1
2.467470237E1,2.254611511E0,5.438041534E0,8.957373047E0,1.071867999E1
2.468465537E1,2.278262329E0,5.043611755E0,9.017847290E0,1.058064594E1
2.469460837E1,1.834285583E0,4.909790039E0,9.027876434E0,1.043902269E1
2.470456237E1,1.805545349E0,5.335055695E0,9.473649445E0,1.102147209E1
2.471451537E1,2.109563141E0,5.691015472E0,9.404642944E0,1.119308816E1
2.472446837E1,2.286195831E0,6.089337158E0,9.127120056E0,1.120763307E1
2.473442237E1,2.168839874E0,6.658303986E0,8.775351563E0,1.122691736E1
2.474437537E1,1.021176453E0,5.902825012E0,8.752149811E0,1.060595450E1
2.475432837E1,1.074166260E0,6.562353516E0,8.199049988E0,1.055664424E1
2.476428237E1,2.945874023E0,8.245902557E0,8.148604889E0,1.196130613E1
2.477423537E1,4.065246277E0,8.442443848E0,8.534352722E0,1.267423614E1
2.478418938E1,4.367916870E0,8.599317627E0,7.968379669E0,1.251087671E1
2.479414238E1,3.838168488E0,8.373437347E0,7.139553223E0,1.165414993E1
2.480409538E1,2.840493164E0,7.863298187E0,5.773793335E0,1.016053883E1
2.481404938E1,1.790875854E0,7.644453278E0,5.107379150E0,9.366441375E0
2.482400238E1,8.393046570E-1,7.084617462E0,5.662125549E0,9.108013100E0
2.483395538E1,1.113534393E0,6.525380402E0,6.622229004E0,9.363464381E0
2.484390938E1,2.026186523E0,6.481970673E0,7.640261993E0,1.022227856E1
2.485386238E1,2.916385345E0,6.711593170E0,5.993386688E0,9.458936006E0
2.486381538E1,3.400927734E0,7.722141724E0,4.501738586E0,9.563651633E0
2.487376938E1,3.175795898E0,8.066575470E0,3.949087830E0,9.526311673E0
2.488372238E1,3.172652435E0,7.925119629E0,3.675157471E0,9.294085595E0
2.489367538E1,2.993924103E0,7.466024323E0,3.728296967E0,8.865962948E0
2.490362937E1,2.838098145E0,6.988068237E0,3.822301483E0,8.455642341E0
2.491358237E1,2.379451904E0,6.658004608E0,4.598138123E0,8.434079139E0
2.492353637E1,1.876198425E0,6.729555817E0,5.732628937E0,9.037149802E0
2.493348937E1,1.268911285E0,7.211254120E0,6.887776794E0,1.005255147E1
2.494344237E1,6.197113037E-1,7.313042450E0,8.223898315E0,1.102257390E1
2.495339637E1,1.932481384E-1,7.094347229E0,8.386759644E0,1.098657566E1
2.496334937E1,3.784130859E-1,7.227719879E0,6.840624847E0,9.958779012E0
2.497330237E1,5.011578369E-1,7.276368713E0,6.975943451E0,1.009259569E1
2.498325637E1,2.544708252E-2,6.972201233E0,6.852749634E0,9.776114521E0
2.499320937E1,-2.630030823E-1,6.704108734E0,6.065536652E0,9.044610517E0
2.500316237E1,-3.098556519E-1,6.449787598E0,6.823859711E0,9.394723622E0
2.501311637E1,-1.149609375E-1,6.781497803E0,7.375163269E0,1.001972862E1
2.502306937E1,1.956431580E-1,7.138206024E0,6.402186584E0,9.590633689E0
2.503302337E1,6.438111877E-1,7.498357086E0,5.800737305E0,9.502021107E0
2.504297637E1,1.114282837E0,7.660769348E0,5.561983795E0,9.532296522E0
2.505292937E1,1.682351532E0,7.340585175E0,5.338947601E0,9.231406116E0
2.506288337E1,1.947450256E0,7.182813263E0,6.294859772E0,9.747339556E0
2.507283637E1,1.781894531E0,7.376211090E0,6.902895355E0,1.025834307E1
2.508278937E1,1.217867432E0,7.543712769E0,6.625671844E0,1.011386824E1
2.509274337E1,2.007325745E-1,7.434589691E0,6.350693665E0,9.779812241E0
2.510269637E1,-7.563771057E-1,7.272776184E0,6.369554443E0,9.697247215E0
2.511264937E1,-1.351389771E0,7.191046143E0,6.303242340E0,9.657549531E0
2.512260337E1,-1.289119263E0,7.220385132E0,5.892945557E0,9.408644815E0
2.513255637E1,-6.607260132E-1,7.589367828E0,5.503006439E0,9.397773288E0
2.514250938E1,-9.280700684E-3,7.630532227E0,4.944517822E0,9.092489466E0
2.515246338E1,5.267546082E-1,7.256011047E0,4.098177795E0,8.349983711E0
2.516241638E1,9.211843872E-1,6.916966095E0,3.581901398E0,7.843661024E0
2.517237038E1,1.273851013E0,6.718927917E0,3.261717224E0,7.576640945E0
2.518232338E1,1.578018494E0,6.667434998E0,3.523373108E0,7.704478559E0
2.519227638E1,1.937421112E0,7.228767700E0,5.309907990E0,9.176263177E0
2.520223038E1,2.131417694E0,7.329657898E0,5.190007324E0,9.230547238E0
2.521218338E1,2.141895905E0,7.472760315E0,4.696034546E0,9.081993462E0
2.522213638E1,1.810485077E0,7.250472565E0,4.950056305E0,8.963830992E0
2.523209037E1,2.071841583E0,6.826105042E0,6.397396545E0,9.582010235E0
2.524204337E1,2.651585999E0,6.849456482E0,7.371570740E0,1.040605677E1
2.525199637E1,3.000061340E0,7.014114075E0,7.766898651E0,1.088682134E1
2.526195037E1,3.257825317E0,7.061864777E0,7.501799927E0,1.080557088E1
2.527190337E1,3.545227661E0,7.261998596E0,7.604636078E0,1.109665502E1
2.528185637E1,3.462300110E0,9.227860565E0,9.530231781E0,1.371007843E1
2.529181037E1,2.832409973E0,7.471413116E0,6.881639557E0,1.054521328E1
2.530176337E1,2.605182495E0,6.145171051E0,7.448959808E0,1.000185509E1
2.531171637E1,2.651286621E0,6.143374786E0,7.822283478E0,1.029361420E1
2.532167037E1,2.481838989E0,5.992039490E0,7.325316925E0,9.783881135E0
2.533162337E1,2.453398132E0,5.818101196E0,7.706723785E0,9.963084634E0
2.534157737E1,2.623594208E0,5.704786835E0,8.361162872E0,1.045642788E1
2.535153037E1,2.938090210E0,5.560786285E0,8.926088104E0,1.091923839E1
2.536148337E1,2.745889893E0,5.704936523E0,9.401200104E0,1.133440671E1
2.537143737E1,2.116299133E0,5.852379913E0,9.148226166E0,1.106431718E1
2.538139037E1,1.491348724E0,5.345084839E0,8.331524506E0,1.001041226E1
2.539134337E1,8.690927124E-1,5.216352539E0,7.862849121E0,9.475761302E0
2.540129737E1,8.214916992E-1,5.633684692E0,8.511300659E0,1.023989701E1
2.541125037E1,6.116281128E-1,5.737269287E0,8.562194824E0,1.032480160E1
2.542120337E1,3.975732422E-1,5.861510925E0,8.606652374E0,1.042064489E1
2.543115737E1,3.867956543E-1,5.781577148E0,8.766968994E0,1.050885296E1
2.544111037E1,9.961784363E-1,5.949078827E0,8.717571716E0,1.060094180E1
2.545106437E1,2.061213684E0,6.126609650E0,7.909102936E0,1.021459039E1
2.546101737E1,2.812351685E0,5.934559021E0,6.559060364E0,9.281680108E0
2.547097037E1,3.073708191E0,5.518274689E0,4.961732025E0,8.032298692E0
2.548092438E1,2.961591339E0,5.157973938E0,3.962709503E0,7.146942354E0
2.549087738E1,2.894979858E0,5.245691528E0,5.533692627E0,8.155975851E0
2.550083038E1,2.728675690E0,5.316643982E0,9.184450836E0,1.095748655E1
2.551078438E1,1.789678345E0,5.533093872E0,1.245619720E1,1.374681509E1
2.552073738E1,3.016227722E-1,5.946234741E0,1.365041382E1,1.489236319E1
2.553069038E1,-2.365081787E-1,6.036197662E0,1.279763718E1,1.415171847E1
2.554064438E1,-4.706213379E-1,6.141428833E0,1.209874054E1,1.357638226E1
2.555059738E1,-9.759704590E-1,5.467829590E0,1.042102936E1,1.180879044E1
2.556055038E1,-9.309141541E-1,5.068909149E0,8.366252289E0,9.826220967E0
2.557050437E1,-3.475772095E-1,4.715344391E0,7.712411957E0,9.046357324E0
2.558045737E1,1.110839996E0,4.584366760E0,8.056246948E0,9.335603836E0
2.559041037E1,2.971470795E0,4.945865021E0,8.481213226E0,1.025778715E1
2.560036437E1,4.014950867E0,5.280569000E0,8.266559601E0,1.059906822E1
2.561031737E1,3.903432770E0,5.141358490E0,7.524103546E0,9.913752503E0
2.562027137E1,3.408711548E0,5.149291992E0,7.393574982E0,9.633248333E0
2.563022437E1,2.835553436E0,5.144352264E0,7.556735687E0,9.571257898E0
2.564017737E1,2.552641754E0,5.342390442E0,7.836354218E0,9.821688398E0
2.565013137E1,2.601440277E0,5.384303284E0,8.194709015E0,1.014452903E1
2.566008437E1,3.006947021E0,5.032385101E0,8.067772980E0,9.972742404E0
2.567003737E1,3.446283417E0,4.716990967E0,7.755971375E0,9.709890068E0
2.567999137E1,3.522774353E0,4.483326874E0,8.151748352E0,9.947922406E0
2.568994437E1,3.399580536E0,4.076472931E0,8.445587311E0,9.975105233E0
2.569989737E1,2.771336975E0,3.804488525E0,8.525820465E0,9.738791310E0
2.570985137E1,2.035766602E0,3.904929657E0,9.753717041E0,1.070176702E1
2.571980437E1,1.830094299E0,4.442162476E0,1.112875763E1,1.212152214E1
2.572975737E1,2.279459839E0,5.034181366E0,1.120644608E1,1.249493309E1
2.573971137E1,2.709365845E0,5.631289673E0,1.002659958E1,1.181460053E1
2.574966437E1,2.965782623E0,6.261030121E0,9.521400146E0,1.177511892E1
2.575961837E1,3.457659760E0,6.566395111E0,8.275241547E0,1.111542075E1
2.576957137E1,3.409909058E0,6.613397369E0,7.105573883E0,1.028852199E1
2.577952437E1,1.980980530E0,5.661676483E0,6.977889404E0,9.201619694E0
2.578947837E1,1.952240295E0,6.468947754E0,7.165449371E0,9.848969078E0
2.579943137E1,3.473826141E0,6.984475708E0,8.135581970E0,1.127111631E1
2.580938437E1,3.995491333E0,6.682403870E0,8.618777161E0,1.161472308E1
2.581933838E1,3.747606812E0,7.118297424E0,7.853718109E0,1.124257992E1
2.582929138E1,2.229613495E0,7.290289764E0,7.281009064E0,1.054194452E1
2.583924438E1,1.020577698E0,7.253166962E0,6.467301178E0,9.771181829E0
2.584919838E1,6.608757019E-1,6.935677185E0,6.230044556E0,9.346327079E0
2.585915138E1,8.659492493E-1,6.432274017E0,5.998027039E0,8.837439985E0
2.586910438E1,1.539099426E0,6.167624359E0,5.623505859E0,8.487180653E0
2.587905838E1,2.122286682E0,6.155200195E0,5.616620178E0,8.598663410E0
2.588901138E1,2.242636414E0,6.755451965E0,5.998476105E0,9.308451263E0
2.589896538E1,8.999285889E-1,7.190746765E0,7.323071594E0,1.030262530E1
2.590891838E1,-1.116977234E0,6.782994690E0,8.058791656E0,1.059248687E1
2.591887137E1,-1.425485687E0,6.506669312E0,7.281458130E0,9.868555491E0
2.592882537E1,-8.304730225E-1,6.493496704E0,7.378606110E0,9.864026207E0
2.593877837E1,-2.291734314E-1,7.237898712E0,9.482331390E0,1.193123241E1
2.594873137E1,6.219566345E-1,7.877817993E0,8.538544006E0,1.163415576E1
2.595868537E1,8.900491333E-1,7.497009888E0,7.057374115E0,1.033459598E1
2.596863837E1,5.397775269E-1,7.157366180E0,6.938521271E0,9.983102115E0
2.597859137E1,8.071215820E-1,6.959178314E0,7.013365631E0,9.913067413E0
2.598854537E1,1.795366516E0,6.848857727E0,7.888146515E0,1.059967210E1
2.599849837E1,2.755020905E0,7.068301392E0,9.189989319E0,1.191666599E1
2.600845137E1,3.327879639E0,7.123386841E0,9.382938080E0,1.224160733E1
2.601840537E1,3.188968506E0,6.963219910E0,8.175848236E0,1.120269816E1
2.602835837E1,2.531835022E0,6.616690521E0,7.583230591E0,1.037767644E1
2.603831137E1,2.262545013E0,6.565197601E0,7.492668915E0,1.021572401E1
2.604826537E1,2.237696686E0,6.620432739E0,6.733896790E0,9.704781403E0
2.605821837E1,2.144290924E0,6.810088348E0,5.177433472E0,8.819359627E0
2.606817237E1,2.024689636E0,7.111561432E0,3.992497559E0,8.403196468E0
2.607812537E1,2.273023224E0,7.324119415E0,4.185296631E0,8.736479135E0
2.608807837E1,2.431393890E0,7.281158752E0,5.705535278E0,9.564522039E0
2.609803237E1,2.149829407E0,6.903943176E0,5.170996857E0,8.889623521E0
2.610798537E1,1.897903290E0,6.613996124E0,4.449646912E0,8.194286990E0
2.611793837E1,1.916614380E0,6.765181732E0,4.259542236E0,8.220997179E0
2.612789237E1,1.389410706E0,6.304888916E0,4.736300812E0,8.007161278E0
2.613784537E1,2.189945984E-1,5.850284271E0,5.361251221E0,7.938312122E0
2.614779837E1,-5.236111450E-1,6.045328674E0,5.134622498E0,7.948868825E0
2.615775238E1,-5.463638306E-1,6.255791016E0,5.550906830E0,8.381288761E0
2.616770538E1,5.703140259E-2,6.048621826E0,6.559359741E0,8.922683385E0
2.617765838E1,8.632548523E-1,5.557792511E0,6.522236938E0,8.612423655E0
2.618761238E1,1.332079926E0,5.908662872E0,6.712640991E0,9.041365104E0
2.619756538E1,2.300416260E0,6.089187469E0,7.557783508E0,9.974477960E0
2.620751938E1,2.493814087E0,5.897436218E0,8.464597778E0,1.061358932E1
2.621747238E1,1.671274567E0,5.481151886E0,8.238418121E0,1.003532350E1
2.622742538E1,8.240364075E-1,4.863536224E0,7.414531403E0,8.905520565E0
2.623737938E1,8.066725159E-1,4.122427368E0,7.259004822E0,8.386791935E0
2.624733238E1,1.444795532E0,3.969445496E0,8.607849884E0,9.588483264E0
2.625728538E1,2.242337036E0,3.597169647E0,9.884245605E0,1.075481362E1
2.626723937E1,2.121089172E0,3.326233063E0,1.064780777E1,1.135511585E1
2.627719237E1,1.587748260E0,2.908900909E0,1.146241379E1,1.193187240E1
2.628714537E1,1.281934204E0,2.836451569E0,1.203078186E1,1.242692741E1
2.629709937E1,1.498234406E0,3.424578552E0,1.232372269E1,1.287814371E1
2.630705237E1,5.216651917E-1,5.025948486E0,1.228375580E1,1.328243010E1
2.631700537E1,1.899400177E0,3.604205017E0,1.185878952E1,1.253909501E1
2.632695937E1,3.493135986E0,4.028871918E0,1.070453979E1,1.195913794E1
2.633691237E1,3.060834961E0,4.285288696E0,9.778415680E0,1.110629655E1
2.634686537E1,2.860401764E0,4.690795441E0,9.319470062E0,1.081840942E1
2.635681937E1,1.393452301E0,4.903054047E0,1.073223221E1,1.188118077E1
2.636677175E1,7.280859375E-1,5.535339203E0,1.152468430E1,1.280579702E1
2.637672575E1,8.132588196E-1,5.150339813E0,1.036788986E1,1.160519411E1
2.638667875E1,4.337979126E-1,4.845872955E0,9.306147766E0,1.050119286E1
2.639663175E1,-1.450483704E-1,4.215833130E0,9.828711090E0,1.069569304E1
2.640658575E1,-4.056564331E-1,3.623814240E0,1.169203629E1,1.224746093E1
2.641653875E1,-5.495072937E-1,3.389701080E0,1.353919510E1,1.396788587E1
2.642649175E1,-1.622625732E-1,3.903283081E0,1.500868927E1,1.550879433E1
2.643644575E1,2.936892700E-1,6.216572571E0,1.475451782E1,1.601336392E1
2.644639875E1,4.195774841E-1,8.327333221E0,1.504311768E1,1.719929979E1
2.645635175E1,3.713777161E-1,1.107427094E1,1.602283035E1,1.948097766E1
2.646630575E1,1.589694214E-1,1.327828766E1,1.428898590E1,1.950675043E1
2.647625875E1,1.565744019E-1,1.689521622E1,1.138337814E1,2.037287767E1
2.648621175E1,3.549119568E-1,1.897753601E1,1.058329193E1,2.173197882E1
2.649616575E1,1.750160522E0,1.518816605E1,1.204724762E1,1.946483046E1
2.650611875E1,3.308120728E0,1.237521561E1,1.120105728E1,1.701626599E1
2.651607175E1,2.942880249E0,1.115240845E1,8.966653748E0,1.460950505E1
2.652602575E1,2.366878052E0,9.945168915E0,9.056916046E0,1.365782650E1
2.653597875E1,2.677182770E0,1.362825989E1,1.007629623E1,1.715891957E1
2.654593275E1,3.541934509E0,1.565684143E1,9.530231781E0,1.866835026E1
2.655588575E1,2.276615753E0,9.367220764E0,1.128248795E1,1.483989011E1
2.656583875E1,6.884184265E-1,7.640860748E0,1.094014984E1,1.336201899E1
2.657579275E1,-3.215313721E-1,6.685996399E0,8.785081329E0,1.104461789E1
2.658574575E1,-1.472637634E0,4.367318115E0,8.227191467E0,9.430207238E0
2.659569875E1,-2.307900696E0,4.756658478E0,7.996670837E0,9.586394003E0
2.660565275E1,-1.806293793E0,5.061724091E0,6.781497803E0,8.652887407E0
2.661560575E1,-6.105802917E-1,3.868704987E0,6.035748596E0,7.195133611E0
2.662555875E1,1.092877350E0,3.123704224E0,5.994584198E0,6.847404522E0
2.663551275E1,2.690954132E0,2.191742249E0,5.575455780E0,6.567394870E0
2.664546575E1,3.907174988E0,1.881437531E0,4.729564819E0,6.416744264E0
2.665541875E1,5.058880005E0,3.357068939E0,2.837798767E0,6.701886347E0
2.666537275E1,5.145400085E0,5.690416718E0,1.032552795E0,7.740939848E0
2.667532575E1,4.009861450E0,7.316784668E0,8.113128662E-2,8.343914490E0
2.668527975E1,1.776505737E0,7.658673706E0,7.893086243E-1,7.901535526E0
2.669523275E1,1.655557251E-1,6.998845825E0,1.434167633E0,7.146193979E0
2.670518575E1,5.562432861E-1,5.915548553E0,2.525847473E0,6.456239365E0
2.671513975E1,2.219734039E0,4.944966888E0,3.497027893E0,6.450513221E0
2.672509275E1,4.182901611E0,3.980223083E0,3.348686371E0,6.674769067E0
2.673504575E1,5.738167419E0,3.748654633E0,4.473297729E0,8.184703383E0
2.674499975E1,6.627617798E0,3.288810883E0,4.021387482E0,8.420994714E0
2.675495275E1,6.585854645E0,2.534379730E0,3.047662354E0,7.686664286E0
2.676490575E1,5.345084839E0,3.028202820E0,1.778002625E0,6.395407539E0
2.677485975E1,3.085683289E0,4.580474854E0,-1.327589264E0,5.680201096E0
2.678481275E1,7.674540710E-1,6.810687103E0,-3.060236206E0,7.505963643E0
2.679476575E1,-2.960842896E-1,8.412057037E0,-1.463356934E0,8.543522869E0
2.680471975E1,6.460565186E-1,7.947273560E0,2.185605011E0,8.267612432E0
2.681467275E1,2.471809845E0,6.381529541E0,4.305796051E0,8.085396887E0
2.682462675E1,4.658762054E0,4.371359711E0,4.805606689E0,7.994166952E0
2.683457975E1,5.741161194E0,2.741548920E0,6.696773987E0,9.237088511E0
2.684453275E1,5.559439087E0,2.490820312E0,6.456373901E0,8.876728719E0
2.685448675E1,4.364474030E0,4.219874725E0,6.693331146E0,9.036407366E0
2.686443975E1,2.663112030E0,6.671925659E0,7.555238800E0,1.042537246E1
2.687439275E1,4.905299377E-1,8.141419830E0,8.297844543E0,1.163518631E1
2.688434675E1,-1.471889191E0,8.458759918E0,8.930578766E0,1.238839434E1
2.689429975E1,-2.112706604E0,7.840844879E0,9.815089417E0,1.273885230E1
2.690425275E1,-1.147663422E0,6.574029236E0,1.030112869E1,1.227388464E1
2.691420675E1,3.854484558E-1,5.231022034E0,9.490414581E0,1.084343723E1
2.692415975E1,1.591490479E0,4.132157135E0,8.829389191E0,9.877534005E0
2.693411275E1,2.387984161E0,3.538491669E0,8.268505554E0,9.305459459E0
2.694406675E1,2.409239960E0,3.725602570E0,8.248297577E0,9.365840304E0
2.695401975E1,2.070943451E0,4.231400757E0,8.271050262E0,9.518604498E0
2.696397375E1,1.681752777E0,4.990322571E0,8.828790436E0,1.028003659E1
2.697392675E1,1.770368500E0,5.439239044E0,9.301956482E0,1.091997804E1
2.698387975E1,2.035018158E0,4.959037628E0,9.879006500E0,1.123957840E1
2.699383375E1,1.801354065E0,4.026327209E0,9.880653076E0,1.082051258E1
2.700378675E1,1.858984222E0,2.998714142E0,9.988129578E0,1.059296188E1
2.701373975E1,1.820364532E0,2.239942017E0,1.060080551E1,1.098672584E1
2.702369375E1,1.441951447E0,2.149979095E0,1.101005447E1,1.131030210E1
2.703364675E1,6.640191650E-1,2.388433228E0,1.102502335E1,1.130029533E1
2.704359975E1,-3.201841736E-1,3.034789124E0,1.103879471E1,1.145283596E1
2.705355375E1,-1.168170776E0,3.946842499E0,1.083656525E1,1.159195130E1
2.706350675E1,-1.666783905E0,4.373305664E0,9.640402679E0,1.071640494E1
2.707346075E1,-1.877395935E0,3.766018524E0,7.629634094E0,8.713141077E0
2.708341375E1,-1.632804565E0,2.508483582E0,6.034700775E0,6.736182455E0
2.709336675E1,-4.170327759E-1,1.226100311E0,6.863976288E0,6.985084737E0
2.710332075E1,8.316705322E-1,2.799179077E-1,8.941506042E0,8.984462155E0
2.711327375E1,2.058818665E0,1.537303162E-1,9.504784698E0,9.726422748E0
2.712322675E1,3.474125519E0,7.686515808E-1,9.268426208E0,9.927945294E0
2.713318075E1,4.395908661E0,9.246272278E-1,8.809779968E0,9.888941882E0
2.714313375E1,3.666774902E0,7.610174561E-1,9.913584595E0,1.059733671E1
2.715308675E1,2.031725006E0,5.924679565E-1,1.018901184E1,1.040648293E1
2.716304075E1,8.652008057E-1,3.513194275E-1,9.285341034E0,9.332178518E0
2.717299375E1,2.538720703E-1,3.688330078E-1,6.653663635E0,6.668712663E0
2.718294675E1,3.550616455E-1,1.374142456E-1,3.938310242E0,3.956670192E0
2.719290075E1,6.542893982E-1,3.480262756E-1,2.810555420E0,2.906619802E0
2.720285375E1,4.975653076E-1,1.305884399E0,3.990401917E0,4.228027052E0
2.721280775E1,-5.604345703E-1,3.204236755E0,8.612789612E0,9.206593561E0
2.722276075E1,7.764353943E-1,6.680008850E0,9.359287262E0,1.152482660E1
2.723271375E1,4.021387482E0,9.576784973E0,6.180198212E0,1.208640632E1
2.724266775E1,9.131461029E0,1.091545120E1,1.202988373E1,1.863461183E1
2.725262075E1,1.368035156E1,1.602432724E1,1.485600677E1,2.578045810E1
2.726257375E1,7.803871765E0,1.165506317E1,7.914940796E0,1.610550216E1
2.727252775E1,3.168311462E0,-6.701564026E-1,5.769452362E0,6.616183770E0
2.728248075E1,9.116043091E-2,-5.568420410E0,6.740483093E0,8.743553535E0
2.729243375E1,-1.558259583E-1,-5.704786835E0,5.688171387E0,8.057553492E0
2.730238775E1,2.813249817E0,-2.929108887E0,3.908671875E0,5.636645210E0
2.731234075E1,4.927004242E0,-4.110452271E-1,2.964585114E0,5.764815164E0
2.732229475E1,4.189936981E0,9.535171509E-1,2.324815521E0,4.885645717E0
2.733224775E1,1.543590088E0,1.250349884E0,3.432811432E0,3.966136599E0
2.734220075E1,-1.143621826E-1,5.236111450E-1,6.242768097E0,6.265732268E0
2.735215475E1,1.818717957E-1,5.508544922E-1,8.522078247E0,8.541799323E0
2.736210813E1,-3.420387268E-1,4.876858521E-1,8.172255707E0,8.193936253E0
2.737206113E1,-7.734416199E-1,1.484912109E-1,8.166118469E0,8.204008315E0
2.738201513E1,-8.726852417E-1,8.005352783E-1,7.689359894E0,7.780018756E0
2.739196813E1,-6.150709534E-1,1.065634003E0,6.884932709E0,6.994010760E0
2.740192113E1,-7.161108398E-1,6.128256226E-1,7.790100403E0,7.846912403E0
2.741187513E1,-1.104253693E0,4.724176025E-1,1.130509094E1,1.136871302E1
2.742182813E1,-2.195933533E-1,1.482217712E0,1.224678268E1,1.233810669E1
2.743178113E1,1.459914093E0,3.135679321E0,1.073148376E1,1.127513094E1
2.744173513E1,3.265459442E0,4.770579529E0,8.143964539E0,9.987282554E0
2.745168813E1,3.934118958E0,6.020180969E0,6.341412964E0,9.588190093E0
2.746164212E1,3.598816223E0,6.238277435E0,6.912026367E0,9.982168706E0
2.747159512E1,3.466940460E0,5.605393524E0,8.904233551E0,1.107815363E1
2.748154812E1,2.915936279E0,5.652844849E0,9.298663330E0,1.126598771E1
2.749150212E1,2.019450531E0,6.538553009E0,7.539820862E0,1.018232560E1
2.750145512E1,2.264940033E0,7.449408875E0,5.586532745E0,9.582953305E0
2.751140812E1,3.077151031E0,7.375462646E0,5.558241577E0,9.734493164E0
2.752136212E1,3.855382690E0,6.597081299E0,6.713539124E0,1.017138461E1
2.753131512E1,5.492528229E0,4.361031189E0,9.532028046E0,1.183410402E1
2.754126812E1,5.700595551E0,3.200494537E0,1.077369598E1,1.260208237E1
2.755122212E1,4.970563660E0,3.006947021E0,9.864337006E0,1.144785474E1
2.756117512E1,4.542453918E0,2.794688416E0,9.508676605E0,1.090225214E1
2.757112812E1,4.754263458E0,2.786305847E0,9.855954437E0,1.129187138E1
2.758108212E1,4.557422791E0,2.142794037E0,1.034618500E1,1.150674640E1
2.759103512E1,2.839295654E0,2.414778442E0,1.049198181E1,1.113438086E1
2.760098912E1,1.011147308E0,3.451073456E0,9.479337616E0,1.013854864E1
2.761094212E1,-4.435276794E-1,4.462819519E0,8.438102875E0,9.555891114E0
2.762089512E1,-1.619332581E0,4.981041870E0,9.455686798E0,1.080939540E1
2.763084912E1,-5.454656982E-1,5.258564758E0,1.069136719E1,1.192708550E1
2.764080212E1,5.481600952E-1,6.201304321E0,1.004351440E1,1.181646463E1
2.765075512E1,8.776249695E-1,6.370003510E0,8.848249969E0,1.093794761E1
2.766070912E1,1.475332031E0,6.030210114E0,7.635621643E0,9.840871734E0
2.767066212E1,2.736010437E0,6.181395721E0,8.719667358E0,1.103304151E1
2.768061512E1,4.471351776E0,6.454877014E0,1.090721832E1,1.343971114E1
2.769056912E1,3.842958527E0,8.029153290E0,1.085168381E1,1.403547912E1
2.770052213E1,1.917362823E0,1.133847153E1,1.149339935E1,1.625839615E1
2.771047513E1,1.709744568E0,9.245972900E0,1.259989838E1,1.572159917E1
2.772042913E1,2.725681915E0,6.262826385E0,1.447564774E1,1.600614612E1
2.773038213E1,3.632047119E0,5.599555664E0,1.540820847E1,1.679165501E1
2.774033613E1,3.581901398E0,6.096671906E0,1.524100616E1,1.680141943E1
2.775028913E1,2.640059967E0,7.228917389E0,1.430335602E1,1.624232608E1
2.776024213E1,1.475631409E0,8.008645935E0,1.314970505E1,1.546708249E1
2.777019613E1,1.030307465E0,9.110803986E0,1.256008118E1,1.555068879E1
2.778014913E1,1.142424316E0,9.429341583E0,1.194560898E1,1.526155922E1
2.779010213E1,1.770368500E0,8.949289856E0,1.103520218E1,1.431780991E1
2.780005612E1,2.507585449E0,8.677754517E0,1.003273682E1,1.349989690E1
2.781000912E1,3.087928619E0,8.269852753E0,9.142088928E0,1.270840500E1
2.781996212E1,3.261268158E0,7.913593597E0,8.753946075E0,1.224305540E1
2.782991612E1,2.982697449E0,7.745642853E0,8.485554199E0,1.186996619E1
2.783986912E1,2.584974518E0,7.398814087E0,8.530909882E0,1.158451408E1
2.784982312E1,1.865121460E0,7.043153687E0,8.351732483E0,1.108314610E1
2.785977612E1,1.200802917E0,6.598278809E0,8.565937042E0,1.087908490E1
2.786972912E1,1.002016296E0,6.083499298E0,8.772657166E0,1.072252368E1
2.787968312E1,1.247056732E0,5.903723145E0,8.587641907E0,1.049555577E1
2.788963612E1,1.889969788E0,6.126010895E0,8.182284851E0,1.039469964E1
2.789958912E1,2.149829407E0,6.683152313E0,7.309150543E0,1.013459289E1
2.790954312E1,1.878593445E0,6.996600494E0,6.075865173E0,9.455034078E0
2.791949612E1,1.627415771E0,7.377109222E0,5.814957733E0,9.533307716E0
2.792944912E1,2.304008789E0,8.544082489E0,5.985902252E0,1.068367108E1
2.793940312E1,4.448299713E0,1.333367249E1,5.810167694E0,1.520961015E1
2.794935612E1,2.184108124E0,7.399712219E0,9.777218170E0,1.245472057E1
2.795930912E1,1.413360901E0,4.361779633E0,5.876330109E0,7.453453303E0
2.796926312E1,2.212848358E0,3.465144196E0,4.721930695E0,6.261034390E0
2.797921612E1,2.612966309E0,2.836750946E0,4.284839630E0,5.764945751E0
2.798917012E1,3.717070312E0,2.445015564E0,4.797673187E0,6.543117057E0
2.799912312E1,4.666845245E0,1.384620667E0,5.935606842E0,7.676460611E0
2.800907612E1,4.933740234E0,-4.561015320E-1,5.644312592E0,7.510531668E0
2.801903012E1,5.032385101E0,-1.400637360E0,4.761298828E0,7.068001935E0
2.802898312E1,4.919519806E0,-3.881428528E-1,3.993395691E0,6.348191801E0
2.803893612E1,4.456233215E0,1.530567169E0,3.052302704E0,5.614018358E0
2.804889013E1,3.660937042E0,2.662064209E0,2.279160461E0,5.067900777E0
2.805884313E1,2.603535919E0,3.544179840E0,1.768272858E0,4.739873302E0
2.806879613E1,2.111060028E0,4.741988983E0,2.548450470E0,5.782528319E0
2.807875013E1,2.352058868E0,5.968238983E0,4.235142975E0,7.686904026E0
2.808870313E1,2.917133789E0,7.028783569E0,6.119424591E0,9.765286751E0
2.809865613E1,3.406765594E0,8.132288818E0,8.116122437E0,1.198380643E1
2.810861013E1,3.613336029E0,8.424630890E0,9.668993225E0,1.332366439E1
2.811856313E1,3.714375916E0,7.610923004E0,1.016311569E1,1.322919718E1
2.812851712E1,3.866160278E0,7.041656799E0,9.937385101E0,1.277825295E1
2.813847012E1,4.005969543E0,6.948700104E0,9.169481964E0,1.218243098E1
2.814842312E1,4.371359711E0,7.095395050E0,8.476872253E0,1.188742108E1
2.815837712E1,4.947212219E0,7.726333008E0,8.153544617E0,1.227401403E1
2.816833012E1,5.634582825E0,8.657097473E0,8.131989441E0,1.314622047E1
2.817828312E1,6.185287628E0,9.247020721E0,8.225694580E0,1.383572284E1
2.818823712E1,6.556665344E0,9.306746521E0,8.082592163E0,1.396186547E1
2.819819012E1,7.543712769E0,9.254505157E0,7.215894470E0,1.395072045E1
2.820814312E1,8.478069763E0,9.045988770E0,7.970325623E0,1.473884901E1
2.821809712E1,8.098309479E0,8.029901733E0,8.337362366E0,1.412705028E1
2.822805012E1,7.181765442E0,7.331154785E0,7.728728027E0,1.284744419E1
2.823800312E1,7.038812714E0,7.536527710E0,8.318950653E0,1.324949336E1
2.824795712E1,7.467371521E0,8.090825043E0,7.711364136E0,1.344203199E1
2.825791012E1,7.183561707E0,8.505462799E0,7.406298523E0,1.337160103E1
2.826786412E1,6.308930511E0,8.567733307E0,8.130791931E0,1.339098337E1
2.827781712E1,4.816533966E0,7.612569580E0,8.738228760E0,1.255017358E1
2.828777012E1,4.046684875E0,6.875053253E0,9.565708008E0,1.245571296E1
2.829772412E1,3.619473267E0,7.567363586E0,1.045156586E1,1.340152257E1
2.830767712E1,3.065325623E0,8.391100616E0,1.041773621E1,1.372355706E1
2.831763012E1,2.409988403E0,8.617879028E0,1.002809647E1,1.344018608E1
2.832758412E1,2.713407440E0,8.384813690E0,9.715097351E0,1.311681353E1
2.833753712E1,3.744912415E0,7.300917664E0,9.817334747E0,1.279483604E1
2.834749012E1,4.069736938E0,6.226002960E0,8.896749115E0,1.159646569E1
2.835744412E1,4.752916260E0,5.988297272E0,7.591762848E0,1.077426472E1
2.836739850E1,5.515280914E0,5.789660339E0,6.103258209E0,1.005923711E1
2.837735250E1,5.652395782E0,5.965544586E0,5.782774658E0,1.004877023E1
2.838730550E1,5.676046600E0,6.333629150E0,6.518494720E0,1.071555583E1
2.839725850E1,5.884113922E0,6.394702148E0,7.965086517E0,1.178802848E1
2.840721250E1,5.968987427E0,6.427334290E0,8.238717499E0,1.203394794E1
2.841716550E1,6.012546844E0,6.515800323E0,7.920628967E0,1.188876514E1
2.842711850E1,6.020929413E0,6.822213135E0,7.411537628E0,1.173563262E1
2.843707250E1,5.872737579E0,7.069349213E0,6.436165924E0,1.122002570E1
2.844702550E1,5.491031342E0,7.164102173E0,5.339396667E0,1.048737059E1
2.845697850E1,4.833897858E0,7.120692444E0,4.788093109E0,9.848688491E0
2.846693250E1,4.583618317E0,6.481072540E0,5.076393585E0,9.422506566E0
2.847688550E1,4.666545868E0,5.841901703E0,5.560187531E0,9.317733159E0
2.848683850E1,5.173092499E0,5.583239594E0,5.683531036E0,9.499261835E0
2.849679250E1,6.213578796E0,5.672903137E0,6.033503265E0,1.035343195E1
2.850674550E1,7.180418243E0,6.245911560E0,6.254593506E0,1.138814108E1
2.851669950E1,7.361840973E0,6.954687653E0,6.022875366E0,1.178301364E1
2.852665250E1,7.029382324E0,7.632777557E0,5.878874817E0,1.192613425E1
2.853660550E1,6.344257050E0,8.219707031E0,6.048023071E0,1.201631242E1
2.854655950E1,5.553750916E0,8.528065796E0,6.285878448E0,1.196178596E1
2.855651250E1,4.829706573E0,8.315507812E0,6.055956573E0,1.136434537E1
2.856646550E1,4.490960999E0,8.097561035E0,5.575605469E0,1.080863552E1
2.857641950E1,4.177063751E0,8.093519440E0,5.427563324E0,1.060242247E1
2.858637250E1,3.894002380E0,8.165370026E0,5.843847656E0,1.076972969E1
2.859632550E1,3.614533539E0,8.950038300E0,5.966742096E0,1.134768917E1
2.860627950E1,3.130739594E0,9.951306152E0,6.456074524E0,1.226828932E1
2.861623250E1,2.780467987E0,1.033016830E1,6.589596863E0,1.256448034E1
2.862618650E1,3.630250854E0,1.003617966E1,6.725065155E0,1.261467894E1
2.863613950E1,5.415737915E0,8.975784760E0,7.464078369E0,1.286885368E1
2.864609250E1,7.832162933E0,7.867639160E0,6.819219360E0,1.302859451E1
2.865604650E1,1.052326675E1,7.742050323E0,4.747527466E0,1.390026990E1
2.866599950E1,1.201431610E1,8.441994781E0,1.639091492E0,1.477490062E1
2.867595250E1,1.132245483E1,8.839568024E0,-1.345252533E0,1.442725375E1
2.868590650E1,7.540419617E0,8.423134003E0,-1.850451965E0,1.145562250E1
2.869585950E1,2.424208832E0,7.522606659E0,5.200186157E-1,7.920657723E0
2.870581250E1,-1.149609375E0,5.872737579E0,1.174757080E0,6.098418040E0
2.871576650E1,-3.057541809E0,3.719315643E0,2.490820312E0,5.420890757E0
2.872571950E1,-4.287983093E0,1.845362549E0,3.714226227E0,5.965537562E0
2.873567250E1,-5.084027710E0,8.235873413E-1,4.412673798E0,6.782132696E0
2.874562650E1,-5.312901764E0,9.520202637E-2,3.885170746E0,6.582593737E0
2.875557950E1,-5.579647064E0,-3.972738647E-1,4.495601349E0,7.176400168E0
2.876553350E1,-5.171745300E0,-7.798782349E-2,3.817960510E0,6.428829910E0
2.877548650E1,-4.202211456E0,7.988887024E-1,2.394570465E0,4.902119133E0
2.878543950E1,-2.783910828E0,2.079026642E0,1.979783020E0,3.999006387E0
2.879539350E1,-1.433419189E0,2.632425842E0,1.133143616E0,3.204429878E0
2.880534650E1,-8.493338013E-1,1.284927979E0,7.110214233E-2,1.541902504E0
2.881529950E1,-1.150806885E0,-9.433383179E-1,2.692451019E0,3.076286098E0
2.882525350E1,-2.551294556E0,-3.882326660E0,3.775598602E0,5.986376952E0
2.883520650E1,-3.208128662E0,-6.902446289E0,2.316582642E0,7.956281130E0
2.884515950E1,-2.092648315E0,-7.796537018E0,2.400707703E0,8.421909755E0
2.885511350E1,-3.194806366E0,-8.074808350E0,2.381547546E0,9.004503668E0
2.886506650E1,-3.365152130E0,-8.581205292E0,3.672912140E0,9.922278806E0
2.887502050E1,-4.381388855E-1,-7.300169220E0,3.056194611E0,7.926207278E0
2.888497350E1,1.822460175E0,-5.516179047E0,2.363734589E0,6.271908288E0
2.889492650E1,2.677631836E0,-3.548670502E0,1.757495270E0,4.780330972E0
2.890488050E1,2.180665283E0,-1.661095734E0,-4.903802490E-1,2.784782380E0
2.891483350E1,1.412013702E0,5.718109131E-1,8.352630615E-2,1.525689044E0
2.892478650E1,1.808838501E0,3.085683289E0,2.082619171E0,4.138917817E0
2.893474050E1,3.349734192E0,5.408852234E0,2.762505341E0,6.935981358E0
2.894469350E1,5.507646790E0,7.504793701E0,1.818119202E0,9.484812022E0
2.895464650E1,7.395970001E0,8.994645538E0,-1.349294128E0,1.172282454E1
2.896460050E1,8.040978699E0,9.201964417E0,-4.415966949E0,1.299362350E1
2.897455350E1,7.622598724E0,9.132359161E0,-5.827232208E0,1.324615531E1
2.898450650E1,6.883435822E0,9.071585541E0,-5.334606628E0,1.257510957E1
2.899446050E1,6.260880432E0,8.710386658E0,-5.113666077E0,1.188356177E1
2.900441350E1,4.763693848E0,7.649093628E0,-4.576882324E0,1.010689192E1
2.901436750E1,2.936293945E0,5.713169403E0,-4.755610657E0,7.992368828E0
2.902432050E1,2.241289215E0,3.257975006E0,-4.687202911E0,6.132507613E0
2.903427350E1,2.908900909E0,5.566923523E-1,-3.182531891E0,4.347426838E0
2.904422750E1,4.132456512E0,-1.905088348E0,-2.286345520E0,5.092537116E0
2.905418050E1,5.306016083E0,-3.378175049E0,-1.497036896E0,6.465832723E0
2.906413350E1,5.734874268E0,-3.860472107E0,-1.070873108E0,6.995626989E0
2.907408750E1,4.979395294E0,-3.283422089E0,-1.455573120E0,6.139538355E0
2.908404050E1,3.395838318E0,-2.134561157E0,-2.125729523E0,4.539470808E0
2.909399350E1,1.102008362E0,-7.827223206E-1,-2.048190765E0,2.454009387E0
2.910394750E1,-1.254840546E0,5.673202515E-2,-2.776426392E0,3.047357351E0
2.911390050E1,-3.153791656E0,-2.748284912E-1,-1.338965607E0,3.437260742E0
2.912385350E1,-4.411027222E0,-1.089883575E0,1.658101959E0,4.836766427E0
2.913380750E1,-4.847818909E0,-2.042502594E0,4.346062317E0,6.823593092E0
2.914376050E1,-3.817062378E0,-2.958447876E0,4.681365051E0,6.725887137E0
2.915371450E1,-2.019749908E0,-3.493285675E0,2.856509857E0,4.943893513E0
2.916366750E1,-1.447489929E-1,-2.820434875E0,4.366569672E0,5.200263056E0
2.917362050E1,1.415905609E0,6.526428223E-1,7.657775574E0,7.814874157E0
2.918357450E1,2.057321777E0,4.092938690E0,1.090377548E1,1.182696241E1
2.919352750E1,3.996838531E0,9.771230621E0,9.505832520E0,1.420607328E1
2.920348050E1,1.022523651E1,2.204884918E1,6.625522156E0,2.519136272E1
2.921343450E1,1.160686340E0,1.576865891E1,6.270610199E0,1.700936062E1
2.922338750E1,-1.366807709E0,7.729775848E0,1.074151291E1,1.330404816E1
2.923334050E1,-1.030307465E0,-3.402424622E0,1.085318069E1,1.142057608E1
2.924329450E1,-3.113974457E0,-4.728367310E0,2.625779663E1,2.686123933E1
2.925324750E1,-4.024680634E0,-9.210346985E-1,3.254786636E1,3.280868732E1
2.926320050E1,-5.130880280E0,1.006851242E1,1.582314560E1,1.944409451E1
2.927315450E1,1.415157166E0,1.878144379E1,1.204066132E1,2.235448110E1
2.928310750E1,8.212372284E0,1.840916794E1,9.507329407E0,2.228743671E1
2.929306150E1,1.298100586E1,1.961356339E1,8.890911255E0,2.514451600E1
2.930301450E1,1.322649536E1,1.866438721E1,9.038055267E0,2.459646260E1
2.931296750E1,1.091560089E1,1.372989853E1,9.769284668E0,2.007733497E1
2.932292150E1,9.381291504E0,1.038749908E1,1.297666489E1,1.908671263E1
2.933287450E1,5.492977295E0,1.092054062E1,1.463341965E1,1.906745860E1
2.934282750E1,1.114282837E0,1.004111938E1,1.543425430E1,1.844673171E1
2.935278150E1,5.918692017E-1,9.680369568E0,1.529758850E1,1.811287051E1
2.936273450E1,-2.374063110E-1,1.195758408E1,1.558648773E1,1.964634262E1
2.937268575E1,-4.897814941E-1,1.096679443E1,1.647848282E1,1.980027429E1
2.938263975E1,3.459306335E-1,1.190953400E1,1.560998886E1,1.963742397E1
2.939259275E1,1.116079102E0,1.526241165E1,1.484448074E1,2.132007154E1
2.940254575E1,1.813478851E0,1.855571320E1,1.589589432E1,2.450066640E1
2.941249975E1,5.198689270E-1,1.872605896E1,1.543605057E1,2.427359069E1
2.942245275E1,-2.787203979E-1,1.849014954E1,1.564157318E1,2.422028337E1
2.943240675E1,2.664159851E0,1.718007385E1,1.521481064E1,2.310288181E1
2.944235975E1,7.781867523E0,1.767778885E1,1.420366333E1,2.397510652E1
2.945231275E1,1.087009552E1,2.261377441E1,1.128518234E1,2.751176313E1
2.947097475E1,2.275463150E1,3.256178741E1,-1.587448883E0,3.975629822E1
2.948092875E1,2.414778442E1,3.444591934E1,-3.837270355E0,4.224170328E1
2.949088175E1,2.102512802E1,3.056643677E1,2.275717621E0,3.716909947E1
2.950083475E1,1.574680435E1,2.114218460E1,7.001839600E0,2.727598898E1
2.951078875E1,6.300098877E0,1.390458527E1,3.374283142E0,1.563376231E1
2.952074175E1,3.202141113E0,1.429093185E1,-4.531975708E0,1.533046786E1
2.953069475E1,4.587061157E0,1.339100327E1,4.011657715E0,1.471235862E1
2.954064875E1,3.130440216E0,1.566806808E1,4.826413422E0,1.669078428E1
2.955060175E1,2.195334778E0,1.506751694E1,1.929637299E0,1.534838954E1
2.956055475E1,9.071136475E-2,1.024514511E1,1.677411804E0,1.038195248E1
2.957050875E1,-4.291575623E-1,1.041998154E1,7.885601807E-1,1.045858588E1
2.958046175E1,-1.667831726E0,1.029499146E1,2.269879761E0,1.067337181E1
2.959041575E1,-3.486250305E-1,8.296796722E0,4.262386322E0,9.334147654E0
2.960036875E1,1.016236725E0,4.465364227E0,3.906426544E0,6.019334108E0
2.961032175E1,1.911524963E-1,1.769170990E0,2.683918762E0,3.220236822E0
2.962027575E1,-4.218228149E-1,2.767744446E-1,2.821931763E0,2.866677075E0
2.963022875E1,-1.319356384E0,-2.013762360E0,2.226769409E0,3.279396608E0
2.964018175E1,-7.638615417E-1,-3.697461090E0,1.546434174E0,4.079970787E0
2.965013575E1,-2.754272461E-2,-4.304748230E0,1.357826385E0,4.513901685E0
2.966008875E1,1.814826050E0,-2.856060791E0,2.368225250E0,4.130274527E0
2.967004175E1,5.778134308E0,-5.748046875E-2,1.084794159E0,5.879363779E0
2.967999575E1,8.098908234E0,1.243314514E0,-5.129832458E-1,8.209829314E0
2.968994875E1,8.507408752E0,2.926863556E0,-1.494342499E0,9.120065431E0
2.969990275E1,8.791068878E0,5.106930084E0,-2.187850342E0,1.039953441E1
2.970985575E1,8.779093781E0,6.163732452E0,-3.524570618E0,1.129100011E1
2.971980875E1,9.147627411E0,6.697672119E0,-4.217928772E0,1.209664508E1
2.972976275E1,9.927056580E0,7.056925049E0,-3.892056427E0,1.278650643E1
2.973971575E1,1.017194733E1,6.521039429E0,-3.297642517E0,1.252465224E1
2.974966875E1,1.229902405E1,6.512507172E0,-1.399290161E0,1.398702095E1
2.975962275E1,1.197075668E1,6.965465240E0,-1.399140472E0,1.392028432E1
2.976957575E1,1.111094467E1,7.612270203E0,5.530998230E-1,1.347982450E1
2.977952875E1,8.032596130E0,6.895560608E0,2.643652496E0,1.091147356E1
2.978948275E1,5.398523712E0,6.784790955E0,5.267546082E-1,8.686478975E0
2.979943575E1,7.998916168E0,8.801996155E0,-5.746549988E-1,1.190747767E1
2.980938875E1,9.611363068E0,1.031280441E1,-1.362317047E0,1.416291434E1
2.981934275E1,1.015907410E1,1.128967300E1,8.093669128E-1,1.520916098E1
2.982929575E1,8.022117920E0,9.578132172E0,-1.997146912E0,1.265241430E1
2.983924975E1,7.864196320E0,7.929161224E0,-1.502874756E0,1.126835454E1
2.984920275E1,6.932384033E0,6.761738892E0,-2.886597290E0,1.010502376E1
2.985915575E1,7.908803558E0,7.639214172E0,-2.339335327E0,1.124185290E1
2.986910975E1,1.021490799E1,1.039902512E1,-2.960992584E0,1.487452674E1
2.987906275E1,1.075573334E1,1.170505920E1,-3.250789948E0,1.622534579E1
2.988901575E1,1.059796143E1,1.038809784E1,-4.313130798E0,1.545420527E1
2.989896975E1,1.017703674E1,8.604107666E0,-4.545597382E0,1.408066764E1
2.990892275E1,1.048779053E1,7.063960419E0,-4.355193329E0,1.337389232E1
2.991887575E1,1.022867935E1,6.740034027E0,-3.855532379E0,1.284208199E1
2.992882975E1,8.808732147E0,5.936205597E0,-3.474424896E0,1.117604256E1
2.993878275E1,8.493338013E0,5.580096130E0,-3.844605103E0,1.086532336E1
2.994873575E1,8.746012573E0,6.162984009E0,-4.575535126E0,1.163660730E1
2.995868975E1,7.577093353E0,6.187682648E0,-5.233716431E0,1.109466304E1
2.996864275E1,6.690636749E0,4.941374359E0,-5.547613678E0,9.997890687E0
2.997859675E1,6.502627716E0,4.410428467E0,-5.058430939E0,9.344718831E0
2.998854975E1,5.973328400E0,4.240382080E0,-4.147575073E0,8.418068148E0
2.999850275E1,5.342839508E0,4.549189911E0,-3.388054504E0,7.792302367E0
3.000845675E1,5.314997406E0,4.892426147E0,-4.092938690E0,8.302841571E0
3.001840975E1,4.558320923E0,4.611909485E0,-4.205953674E0,7.729039076E0
3.002836275E1,3.911066895E0,6.490203552E0,-3.429069214E0,8.317313393E0
3.003831675E1,4.102069702E0,7.889493713E0,-3.057990875E0,9.403318302E0
3.004826975E1,3.822451172E0,8.697962494E0,-2.717898102E0,9.881935772E0
3.005822275E1,4.736300812E0,9.356592865E0,-3.234024811E0,1.097439255E1
3.006817675E1,5.961652679E0,9.947563934E0,-4.024231567E0,1.227557618E1
3.007812975E1,6.839127960E0,9.492210846E0,-4.297413483E0,1.246368728E1
3.008808275E1,7.296277313E0,8.735085297E0,-3.913461914E0,1.203547099E1
3.009803675E1,6.535858612E0,8.397686920E0,-4.359234924E0,1.149963141E1
3.010798975E1,6.045927429E0,8.375982056E0,-4.356989594E0,1.121131893E1
3.011794375E1,5.841302948E0,8.742420044E0,-3.979324951E0,1.124214194E1
3.012789675E1,5.752088470E0,9.951306152E0,-4.051923981E0,1.218741580E1
3.013784975E1,6.383625183E0,1.077519287E1,-3.814817047E0,1.309229854E1
3.014780375E1,6.075565796E0,1.043569885E1,-4.044289856E0,1.273470026E1
3.015775675E1,5.925577698E0,1.060215271E1,-3.769760742E0,1.271727994E1
3.016770975E1,6.695726166E0,1.092937225E1,-3.304079132E0,1.323634639E1
3.017766375E1,6.970255280E0,1.020293289E1,-3.638633423E0,1.288114713E1
3.018761675E1,6.701863403E0,9.735005951E0,-4.034410400E0,1.248846593E1
3.019756975E1,6.998396759E0,9.820777588E0,-4.108506317E0,1.273990007E1
3.020752375E1,7.626490631E0,9.901459808E0,-4.330195312E0,1.322697460E1
3.021747675E1,7.668553162E0,9.211095428E0,-4.493954773E0,1.280025844E1
3.022742975E1,7.867489471E0,8.735234985E0,-4.402944031E0,1.255339145E1
3.023738375E1,6.957831116E0,9.466314697E0,-4.145030365E0,1.245808190E1
3.024733675E1,6.708000641E0,9.504335632E0,-3.316802673E0,1.209672883E1
3.025729075E1,6.363866272E0,9.267977142E0,-2.508333893E0,1.151893802E1
3.026724375E1,6.396648102E0,9.416468353E0,-1.775308228E0,1.152122834E1
3.027719675E1,7.065457306E0,9.900561676E0,-1.317410431E0,1.223427066E1
3.028715075E1,7.374265137E0,1.027298721E1,-1.429826660E0,1.272628999E1
3.029710375E1,7.411088562E0,1.031819321E1,-1.612147522E0,1.280579417E1
3.030705675E1,7.196584625E0,1.012135254E1,-1.959275665E0,1.257264366E1
3.031701075E1,6.988217926E0,1.016730698E1,-2.457589417E0,1.257970853E1
3.032696375E1,5.983058167E0,9.728569336E0,-2.171384583E0,1.162570245E1
3.033691675E1,5.615422668E0,9.089697876E0,-1.702709198E0,1.081918656E1
3.034687075E1,5.282514954E0,9.273216248E0,-2.281555481E0,1.091343206E1
3.035682375E1,4.690496063E0,9.576485596E0,-2.809956665E0,1.102749682E1
3.036677675E1,4.004023590E0,9.273665314E0,-2.071841583E0,1.031143059E1
3.037673125E1,3.931574249E0,8.715176697E0,-1.360520782E0,9.657256222E0
3.038668425E1,3.365152130E0,7.598498840E0,-4.710704041E-1,8.323661503E0
3.039663825E1,2.764151917E0,6.829098816E0,5.251080322E-1,7.385991125E0
3.040659125E1,3.366649017E0,6.292764130E0,1.137933655E0,7.226901065E0
3.041654425E1,4.059109039E0,6.192921753E0,1.380130005E0,7.532158048E0
3.042649825E1,4.291875000E0,6.946005707E0,1.483564911E0,8.298683699E0
3.043645125E1,4.182602234E0,8.008346558E0,2.091450806E0,9.273723228E0
3.044640425E1,4.451892242E0,8.566386108E0,1.806144104E0,9.821632859E0
3.045635825E1,5.052892456E0,9.284592590E0,1.469793549E0,1.067219166E1
3.046631125E1,5.331463165E0,9.862391052E0,5.614823914E-1,1.122526255E1
3.047626425E1,5.474116516E0,9.296567688E0,-1.637594604E-1,1.078976087E1
3.048621825E1,6.165828094E0,8.344996490E0,-8.952882385E-1,1.041431436E1
3.049617125E1,7.038962402E0,7.389683075E0,-9.280700684E-1,1.024771788E1
3.050612425E1,7.808661804E0,6.916367340E0,-7.197033691E-1,1.045606567E1
3.051607825E1,8.249195709E0,7.107519836E0,-2.583627319E-1,1.089186942E1
3.052603125E1,8.197553101E0,7.128925323E0,-3.367996216E-2,1.086382011E1
3.053598525E1,7.601642303E0,6.536607056E0,1.233435059E-1,1.002633588E1
3.054593825E1,7.562124481E0,6.596183167E0,-2.439926147E-1,1.003767361E1
3.055589125E1,7.193890228E0,7.234605560E0,-1.513352966E-1,1.020365016E1
3.056584525E1,6.981481934E0,7.859555969E0,8.936416626E-2,1.051292994E1
3.057579825E1,7.645800476E0,8.388855286E0,4.622387695E-1,1.135978973E1
3.058575125E1,8.308322754E0,8.140222321E0,1.073417816E0,1.168091059E1
3.059570525E1,8.983718262E0,7.340136108E0,1.597028961E0,1.171047793E1
3.060565825E1,8.992699585E0,6.545738068E0,1.998943176E0,1.130093388E1
3.061561125E1,8.932824097E0,6.303392029E0,2.208058319E0,1.115363703E1
3.062556525E1,9.040150909E0,6.370153198E0,2.196681976E0,1.127513157E1
3.063551825E1,8.365952911E0,6.446943512E0,2.012265472E0,1.075181199E1
3.064547225E1,7.408094788E0,6.766828308E0,2.027384033E0,1.023621609E1
3.065542525E1,6.802753601E0,7.008725281E0,2.250719604E0,1.002324425E1
3.066537825E1,6.520440674E0,7.126679993E0,2.357896729E0,9.943107728E0
3.067533225E1,6.888674927E0,7.448361053E0,2.349663849E0,1.041406956E1
3.068528525E1,7.515271912E0,7.460635529E0,1.908381500E0,1.076021907E1
3.069523825E1,7.814649353E0,7.407945099E0,1.505868530E0,1.087262779E1
3.070519225E1,7.719147949E0,7.251969452E0,1.308578796E0,1.067186415E1
3.071514525E1,7.806117096E0,6.743626556E0,1.082548828E0,1.037226471E1
3.072509825E1,7.878267059E0,6.074967041E0,1.041085052E0,1.000280833E1
3.073505225E1,7.592062225E0,5.393583984E0,8.170010376E-1,9.348670907E0
3.074500525E1,7.500752106E0,4.654271393E0,4.068539429E-1,8.836801145E0
3.075495825E1,6.816974030E0,4.224964142E0,-2.830613708E-1,8.025059542E0
3.076491225E1,6.267466736E0,4.285139008E0,-6.095324707E-1,7.616763449E0
3.077486525E1,5.985453186E0,4.597988434E0,1.540296936E-1,7.549229936E0
3.078481925E1,5.677992554E0,5.204527130E0,1.519490204E0,7.850831330E0
3.079477225E1,5.676795044E0,5.978118439E0,2.339185638E0,8.569462730E0
3.080472525E1,5.883215790E0,6.759643250E0,2.422262878E0,9.282906998E0
3.081467925E1,5.563330994E0,7.636669464E0,2.462678833E0,9.763921307E0
3.082463225E1,4.617597656E0,8.460256805E0,2.446811829E0,9.944095809E0
3.083458525E1,3.919299774E0,8.989406433E0,2.063159637E0,1.002132558E1
3.084453925E1,3.939956818E0,9.085955658E0,1.376088409E0,9.998573361E0
3.085449225E1,4.205654297E0,8.880283356E0,7.593708801E-1,9.855130881E0
3.086444525E1,4.686155090E0,8.559350739E0,6.828799438E-1,9.782068269E0
3.087439925E1,5.168152771E0,8.305927734E0,1.019529877E0,9.835531494E0
3.088435225E1,5.371430054E0,7.985743561E0,1.300944672E0,9.711684616E0
3.089430625E1,5.119653625E0,7.498806152E0,1.638343048E0,9.226435655E0
3.090425925E1,5.114713898E0,7.037615204E0,1.558708649E0,8.838433043E0
3.091421225E1,5.214556274E0,6.596632233E0,1.315763855E0,8.511074461E0
3.092416625E1,5.263055420E0,6.228697357E0,1.048419800E0,8.221654772E0
3.093411925E1,5.435945892E0,6.214925995E0,9.273216248E-1,8.308714597E0
3.094407225E1,5.583838348E0,6.458170166E0,1.053808594E0,8.602193043E0
3.095402625E1,5.482199707E0,6.416107635E0,1.331630859E0,8.543663826E0
3.096397925E1,5.077291718E0,6.195616150E0,1.736987915E0,8.196442989E0
3.097393225E1,4.751718750E0,5.839955750E0,2.146685944E0,7.828931905E0
3.098388625E1,4.410428467E0,5.596861267E0,2.482288055E0,7.545759690E0
3.099383925E1,4.189787292E0,5.734275513E0,2.571652222E0,7.553120439E0
3.100379325E1,4.411027222E0,6.475384369E0,2.437680817E0,8.205489116E0
3.101374625E1,4.876858521E0,7.418722687E0,2.008074188E0,9.102392942E0
3.102369925E1,5.363496552E0,8.384514313E0,1.440454559E0,1.005694212E1
3.103365325E1,5.962999878E0,9.267528076E0,1.432071991E0,1.111284277E1
3.104360625E1,6.561455383E0,9.893226929E0,1.403930511E0,1.195406444E1
3.105355925E1,7.123536530E0,1.051069290E1,1.217568054E0,1.275546588E1
3.106351325E1,7.502698059E0,1.089404572E1,8.196954346E-1,1.325302270E1
3.107346625E1,7.973469086E0,1.088985443E1,6.138734436E-1,1.351080972E1
3.108341925E1,8.243208160E0,1.050216064E1,3.577560425E-1,1.335566728E1
3.109337325E1,8.362061005E0,1.006192612E1,-1.679507446E-1,1.308413654E1
3.110332625E1,8.441695404E0,9.392817535E0,-6.460565186E-1,1.264534031E1
3.111328025E1,8.955427094E0,8.234077148E0,-9.990225220E-1,1.220646333E1
3.112323325E1,9.159901886E0,6.651567993E0,-1.355431366E0,1.140106809E1
3.113318625E1,8.392298126E0,5.481451263E0,-8.183482361E-1,1.005717006E1
3.114314025E1,6.778653717E0,4.549788666E0,4.064048767E-1,8.174098607E0
3.115309325E1,5.547613678E0,3.904929657E0,1.117126923E0,6.875497488E0
3.116304625E1,5.149741058E0,4.264631653E0,6.979985046E-1,6.722657065E0
3.117300025E1,6.101312256E0,6.246660004E0,7.448510742E-1,8.763650813E0
3.118295325E1,7.611372070E0,9.057963867E0,1.103954315E0,1.188269369E1
3.119290625E1,8.649313660E0,1.145298340E1,1.878294067E0,1.447444106E1
3.120286025E1,8.829987946E0,1.188797882E1,1.872306519E0,1.492642822E1
3.121281325E1,9.644593964E0,1.159084671E1,2.538720703E-1,1.508079478E1
3.122276625E1,1.052715866E1,1.152992340E1,-1.024619293E0,1.564640687E1
3.123272025E1,1.036235138E1,1.045994843E1,-1.873653717E0,1.484248717E1
3.124267325E1,9.351503448E0,8.633147278E0,-1.534010010E0,1.281932273E1
3.125262725E1,9.921967163E0,8.220156097E0,-1.106049957E0,1.293212068E1
3.126258025E1,1.066547104E1,8.666677551E0,1.392105103E-2,1.374277141E1
3.127253325E1,1.043674667E1,8.779393158E0,5.004093933E-1,1.364748456E1
3.128248725E1,9.034313049E0,8.609346771E0,6.541397095E-2,1.247974131E1
3.129244025E1,7.314988403E0,8.195008392E0,-2.621049500E-1,1.098798967E1
3.130239325E1,5.863307190E0,7.943980408E0,2.231858826E-1,9.875981362E0
3.131234725E1,4.553680573E0,8.049361267E0,1.055904236E0,9.308230622E0
3.132230025E1,3.433859253E0,8.484955444E0,1.382824402E0,9.257324753E0
3.133225325E1,3.420536957E0,9.050479431E0,1.275946655E0,9.759061987E0
3.134220725E1,4.682861938E0,9.173822937E0,7.948471069E-1,1.033053750E1
3.135216025E1,5.215604095E0,8.593030701E0,2.401007080E-1,1.005486703E1
3.136211425E1,4.955594788E0,7.920329590E0,-3.278182983E-2,9.342944673E0
3.137206725E1,4.576732635E0,7.118746490E0,-2.224374390E-1,8.465961943E0
3.138201950E1,4.412224731E0,6.540199585E0,-2.862048340E-1,7.894545642E0
3.139197350E1,4.339925079E0,6.149661713E0,-4.126918030E-1,7.538143233E0
3.140192650E1,4.183650055E0,6.063890076E0,-5.959107971E-1,7.391129840E0
3.141187950E1,4.122427368E0,6.084996185E0,-1.103056183E0,7.432248578E0
3.142183350E1,4.164340210E0,5.859864349E0,-1.545685730E0,7.353154694E0
3.143178650E1,4.218377838E0,5.452561340E0,-1.718725891E0,7.104868433E0
3.144173950E1,4.441414032E0,5.154830475E0,-1.764979706E0,7.029480008E0
3.145169350E1,4.918471985E0,5.303171997E0,-1.486259308E0,7.384034576E0
3.146164650E1,5.346581726E0,5.448519745E0,-1.115180969E0,7.714656970E0
3.147160050E1,5.640420685E0,5.297932892E0,-8.422984314E-1,7.784080233E0
3.148155350E1,5.752836914E0,5.428311768E0,-5.081932068E-1,7.925904462E0
3.149150650E1,5.555547180E0,5.970933380E0,3.652404785E-2,8.155825152E0
3.150146050E1,5.114264832E0,6.605014801E0,3.526666260E-1,8.360998687E0
3.151141350E1,5.059029694E0,7.181316376E0,6.454577637E-1,8.808047573E0
3.152136650E1,5.149142303E0,8.082741852E0,1.120869141E0,9.648871951E0
3.153132050E1,5.539829865E0,8.925040283E0,3.924838257E-1,1.051190290E1
3.154127350E1,5.907016296E0,9.093739471E0,-1.137634277E-1,1.084444011E1
3.155122650E1,6.219117279E0,8.884175262E0,-4.266128540E-2,1.084471345E1
3.156118050E1,6.501130829E0,8.566984863E0,-1.601669312E-2,1.075444969E1
3.157113350E1,6.783743134E0,8.168513489E0,-1.437011719E-1,1.061905992E1
3.158108750E1,7.045698395E0,7.836503906E0,-2.303709412E-1,1.054067029E1
3.159104050E1,7.546706543E0,7.702532501E0,-8.277786255E-1,1.081512848E1
3.160099350E1,7.907606049E0,7.247778168E0,-1.547481995E0,1.083767606E1
3.161094750E1,8.000712433E0,6.460116119E0,-1.445993042E0,1.038438229E1
3.162090050E1,7.925868073E0,5.547763367E0,-1.227896576E0,9.752168635E0
3.163085350E1,7.803871765E0,4.713099060E0,-9.645941162E-1,9.167560149E0
3.164080750E1,7.744145966E0,4.272415466E0,-5.963598633E-1,8.864591121E0
3.165076050E1,7.655979309E0,4.259392548E0,-4.939727783E-3,8.761076901E0
3.166071350E1,7.411687317E0,4.534221039E0,5.375321960E-1,8.705240386E0
3.167066750E1,6.929689636E0,4.873565369E0,1.346749420E0,8.578226615E0
3.168062050E1,6.290967865E0,5.257816315E0,1.895508270E0,8.415097188E0
3.169057450E1,5.607189789E0,5.436095581E0,2.085463257E0,8.083369934E0
3.170052750E1,5.014871521E0,5.742658081E0,2.943029938E0,8.172422127E0
3.171048050E1,4.636009369E0,6.324947205E0,3.413651276E0,8.552809775E0
3.172043450E1,4.424349518E0,6.819069672E0,3.326382751E0,8.782903965E0
3.173038750E1,4.254752197E0,7.182064819E0,3.113824768E0,8.909594604E0
3.174034050E1,4.449347534E0,7.439080353E0,2.378254395E0,8.988476175E0
3.175029450E1,5.146597595E0,7.576344910E0,1.366358643E0,9.260421423E0
3.176024750E1,5.923781433E0,7.272177429E0,3.625460815E-1,9.386543064E0
3.177020050E1,6.564598846E0,6.717431030E0,-2.055226135E-1,9.394683454E0
3.178015450E1,7.169640656E0,6.298901367E0,-7.062313843E-1,9.569674411E0
3.179010750E1,7.718698883E0,6.205046539E0,-1.145567780E0,9.969615867E0
3.180006150E1,7.773934021E0,6.357729034E0,-9.976753235E-1,1.009208228E1
3.181001450E1,7.084318085E0,6.993606720E0,1.302291870E-2,9.954811263E0
3.181996750E1,6.333479462E0,7.855664063E0,1.004860382E0,1.014071814E1
3.182992150E1,5.609734497E0,8.783434753E0,1.301543427E0,1.050294542E1
3.183987450E1,4.700525208E0,9.648186493E0,9.457333374E-1,1.077389676E1
3.184982750E1,3.712429962E0,1.018961060E1,9.440867615E-1,1.088584402E1
3.185978150E1,2.790646820E0,1.044288391E1,9.765692139E-1,1.085335070E1
3.186973450E1,2.312990112E0,1.032283356E1,1.225950623E0,1.064959017E1
3.187968750E1,2.363435211E0,9.243727570E0,2.011517029E0,9.750821818E0
3.188964150E1,2.887046356E0,7.243886261E0,2.584824829E0,8.215244623E0
3.189959450E1,3.837719421E0,6.952592010E0,2.222129059E0,8.246483103E0
3.190954850E1,4.926106110E0,8.244405670E0,1.854044495E0,9.781320322E0
3.191950150E1,6.214626617E0,9.575587463E0,2.192041626E0,1.162404860E1
3.192945450E1,7.116950226E0,1.075977493E1,2.581980743E0,1.315638103E1
3.193940850E1,7.664810944E0,1.191836563E1,2.612517242E0,1.440909478E1
3.194936150E1,8.208480377E0,1.257490036E1,1.881287842E0,1.513428271E1
3.195931450E1,8.424181824E0,1.252310806E1,8.285270691E-1,1.511560558E1
3.196926850E1,8.217162323E0,1.200054474E1,1.281335449E-1,1.454480144E1
3.197922150E1,7.635771332E0,1.137903717E1,-3.573069763E-1,1.370821502E1
3.198917450E1,6.894363098E0,1.086306015E1,-4.114942932E-1,1.287274819E1
3.199912850E1,6.357878723E0,1.057685532E1,-4.870870972E-1,1.235029328E1
3.200908150E1,6.070326691E0,1.047686325E1,-4.269122314E-1,1.211593099E1
3.201903550E1,5.763165436E0,1.029798523E1,3.772155762E-2,1.180101684E1
3.202898850E1,5.301525421E0,1.008632538E1,5.257067871E-1,1.140686193E1
3.203894150E1,4.896318054E0,9.944570160E0,9.026229858E-1,1.112129194E1
3.204889550E1,4.574187927E0,9.985285492E0,1.035396881E0,1.103182525E1
3.205884850E1,4.158951416E0,1.028451324E1,1.182540894E0,1.115645520E1
3.206880150E1,3.855682068E0,1.063882645E1,1.311871948E0,1.139174791E1
3.207875550E1,3.761078796E0,1.098221237E1,1.024768982E0,1.165353396E1
3.208870850E1,3.864364014E0,1.119941071E1,7.976911926E-1,1.187419137E1
3.209866150E1,4.287534027E0,1.128293701E1,1.051563263E0,1.211583266E1
3.210861550E1,5.054539032E0,1.127081223E1,7.572752380E-1,1.237550156E1
3.211856850E1,5.856870575E0,1.111947693E1,9.729766846E-2,1.256802160E1
3.212852250E1,6.386469269E0,1.073417816E1,-5.478607178E-1,1.250238865E1
3.213847550E1,6.524033203E0,1.019065842E1,-9.907896423E-1,1.214060099E1
3.214842850E1,6.284381561E0,9.837093658E0,-6.985972595E-1,1.169401135E1
3.215838250E1,5.922284546E0,9.839039612E0,6.885681152E-3,1.148391058E1
3.216833550E1,5.632936249E0,1.007405090E1,7.423063660E-1,1.156578969E1
3.217828850E1,5.449268188E0,1.021625519E1,1.339115295E0,1.165588365E1
3.218824250E1,5.432952118E0,1.029065048E1,1.818867645E0,1.177806162E1
3.219819550E1,5.300178223E0,1.023257126E1,2.312391357E0,1.175349129E1
3.220814850E1,4.872218170E0,1.003153931E1,2.223176880E0,1.137157888E1
3.221810250E1,4.368964691E0,9.639654236E0,1.570683746E0,1.069943147E1
3.222805550E1,3.941453705E0,9.181756439E0,8.666976929E-1,1.002950016E1
3.223800950E1,4.072431335E0,8.912616119E0,4.800517273E-1,9.810701949E0
3.224796250E1,4.905598755E0,8.557255096E0,3.706292725E-1,9.870606870E0
3.225791550E1,5.647456055E0,8.073311462E0,6.840774536E-2,9.852755832E0
3.226786950E1,6.005511475E0,7.355104980E0,-2.668949890E-1,9.499208929E0
3.227782250E1,6.074967041E0,7.132218475E0,6.394702148E-1,9.390563726E0
3.228777550E1,5.497168579E0,7.601941681E0,2.252665558E0,9.647947026E0
3.229772950E1,4.688550110E0,8.299191742E0,3.659290466E0,1.021026407E1
3.230768250E1,4.536017303E0,8.566086731E0,3.894750824E0,1.044616575E1
3.231763550E1,4.767436066E0,8.516090698E0,3.375480652E0,1.032696069E1
3.232758950E1,4.687352600E0,8.416398010E0,2.871329041E0,1.005244052E1
3.233754250E1,4.292922821E0,8.296796722E0,2.517614594E0,9.674936974E0
3.234749650E1,3.669169922E0,8.106991425E0,2.784210205E0,9.324051927E0
3.235744950E1,3.208128662E0,7.830666046E0,2.766846313E0,8.903193739E0
3.236740250E1,3.406615906E0,7.285050659E0,1.707349548E0,8.221437679E0
3.237735712E1,3.665427704E0,6.518943787E0,7.219487000E-1,7.513534339E0
3.238731012E1,3.676654358E0,6.064189453E0,-6.601272583E-2,7.092005264E0
3.239726312E1,3.494483185E0,5.624403992E0,-5.236111450E-1,6.642251247E0
3.240721712E1,3.233126678E0,5.375920715E0,-5.629792786E-1,6.298458329E0
3.241717012E1,3.447480927E0,5.054838409E0,-8.298742676E-1,6.174561311E0
3.242712312E1,3.773203583E0,4.882846069E0,-9.354048157E-1,6.241332645E0
3.243707712E1,4.447700958E0,4.677323456E0,-5.068460083E-1,6.474279219E0
3.244703012E1,5.272186432E0,4.621639252E0,-2.734812927E-1,7.016430087E0
3.245698312E1,5.407804413E0,4.622836761E0,5.544470215E-1,7.135991858E0
3.246693712E1,4.998854828E0,4.543202362E0,8.536747742E-1,6.808670789E0
3.247689012E1,4.019291840E0,4.576133881E0,1.003213806E0,6.172693588E0
3.248684412E1,3.246598663E0,5.031486969E0,1.249451752E0,6.116975861E0
3.249679712E1,3.460653534E0,5.706283722E0,9.898915100E-1,6.746679331E0
3.250675012E1,4.372407532E0,5.765560455E0,4.906796265E-1,7.252613424E0
3.251670412E1,4.869074707E0,5.209766235E0,7.792794800E-1,7.173341567E0
3.252665712E1,3.934418335E0,4.845573578E0,1.554667053E0,6.432435043E0
3.253661012E1,2.878663788E0,5.993536377E0,1.782193909E0,6.883705298E0
3.254656412E1,3.137325897E0,8.587043152E0,1.800755310E0,9.317877632E0
3.255651712E1,3.927083588E0,1.005593857E1,1.832189941E0,1.094992265E1
3.256647012E1,3.235372009E0,1.002689896E1,3.001558228E0,1.095516711E1
3.257642412E1,1.894610138E0,9.805359650E0,2.882256317E0,1.039432667E1
3.258637713E1,1.501377869E0,9.198970642E0,2.713557129E0,9.707656188E0
3.259633113E1,1.690883789E0,8.343050537E0,2.289938049E0,8.815293332E0
3.260628413E1,2.314187622E0,7.884104919E0,1.102307739E0,8.290335161E0
3.261623713E1,2.913541260E0,7.908354492E0,4.745132446E-2,8.428110409E0
3.262619113E1,3.217858429E0,8.210276642E0,-6.500981140E-1,8.842278155E0
3.263614413E1,3.703897705E0,8.526718597E0,-1.022972717E0,9.352553738E0
3.264609713E1,4.337530060E0,8.632398834E0,-1.371448059E0,9.757732648E0
3.265605113E1,4.891228638E0,8.459807739E0,-1.400936737E0,9.871934375E0
3.266600413E1,5.218448181E0,8.155640259E0,-1.419498138E0,9.785787879E0
3.267595713E1,5.560187531E0,8.084238739E0,-1.447789307E0,9.917998550E0
3.268591112E1,5.943690033E0,8.339458008E0,-9.660910034E-1,1.028626963E1
3.269586412E1,6.232589264E0,8.797655182E0,-3.011737061E-1,1.078585236E1
3.270581812E1,6.330335999E0,9.319020996E0,2.433938599E-1,1.126838705E1
3.271577112E1,6.392756195E0,9.944719849E0,8.494834900E-1,1.185269618E1
3.272572412E1,6.066135406E0,1.061712158E1,1.194366302E0,1.228608076E1
3.273567812E1,5.580096130E0,1.109477829E1,1.463356934E0,1.250491870E1
3.274563112E1,5.207371216E0,1.124491608E1,1.797761536E0,1.252185286E1
3.275558412E1,4.852010193E0,1.124267075E1,2.100282440E0,1.242380114E1
3.276553812E1,4.609364777E0,1.118938156E1,2.459385681E0,1.234897086E1
3.277549112E1,4.520000610E0,1.131856293E1,2.791544952E0,1.250331938E1
3.278544412E1,4.560865631E0,1.144055923E1,2.766247559E0,1.262299554E1
3.279539812E1,4.587809601E0,1.154369476E1,2.532134399E0,1.267740472E1
3.280535112E1,4.417613525E0,1.153785690E1,2.270478516E0,1.256154942E1
3.281530512E1,4.107308807E0,1.138861725E1,1.942360840E0,1.226145807E1
3.282525812E1,3.903432770E0,1.135403915E1,1.639390869E0,1.211769759E1
3.283521112E1,3.913312225E0,1.127305756E1,1.246308289E0,1.199787996E1
3.284516512E1,4.032464447E0,1.098340988E1,8.277786255E-1,1.172950466E1
3.285511812E1,4.079317017E0,1.064241898E1,6.310876465E-1,1.141491045E1
3.286507112E1,4.424499207E0,1.032043854E1,6.342311096E-1,1.124677260E1
3.287502512E1,4.992567902E0,9.894274750E0,5.536985779E-1,1.109635026E1
3.288497812E1,4.990023193E0,9.517957306E0,6.300398254E-1,1.076516572E1
3.289493112E1,4.781955872E0,9.333840179E0,4.794529724E-1,1.049845463E1
3.290488512E1,4.730912018E0,9.038055267E0,2.761756897E-1,1.020510875E1
3.291483812E1,4.914879456E0,8.704249420E0,3.073109436E-1,1.000072188E1
3.292479213E1,4.968767395E0,8.457712097E0,3.225791931E-1,9.814560646E0
3.293474513E1,5.026696930E0,8.058492279E0,4.635859680E-1,9.509042632E0
3.294469813E1,4.936584320E0,7.740254059E0,4.011657715E-1,9.189250874E0
3.295465213E1,4.736001434E0,7.440427551E0,1.137634277E-2,8.819852672E0
3.296460513E1,4.504732361E0,7.021748199E0,1.151106262E-1,8.343309408E0
3.297455813E1,4.282594299E0,6.644382935E0,-7.128176880E-1,7.937036448E0
3.298451213E1,4.186943207E0,6.321055298E0,-1.616189117E0,7.752309382E0
3.299446513E1,4.382885742E0,6.275849304E0,-1.885928192E0,7.883698184E0
3.300441813E1,4.616849213E0,6.364914093E0,-2.117496643E0,8.143170150E0
3.301437212E1,4.759502563E0,6.064937897E0,-2.493514709E0,8.102712629E0
3.302432512E1,4.843627625E0,5.626799011E0,-2.573897552E0,7.857896938E0
3.303427812E1,4.882696381E0,5.254074097E0,-2.251018982E0,7.517519871E0
3.304423212E1,4.846322021E0,5.321583710E0,-1.659748535E0,7.386532036E0
3.305418512E1,4.646188202E0,5.973029022E0,-1.043779449E0,7.638953858E0
3.306413912E1,4.073479156E0,6.859036560E0,-4.074526978E-1,7.987842805E0
3.307409212E1,3.387455750E0,7.770790558E0,-2.040257263E-1,8.479485176E0
3.308404512E1,2.788850555E0,8.523425446E0,-2.314187622E-1,8.971065900E0
3.309399912E1,2.632126465E0,8.991651764E0,5.822891235E-2,9.369166547E0
3.310395212E1,3.103346558E0,9.361382904E0,3.996688843E-1,9.870460220E0
3.311390512E1,3.585194550E0,9.218879242E0,7.219487000E-1,9.917790296E0
3.312385912E1,3.549868011E0,8.448730774E0,9.725276184E-1,9.215661916E0
3.313381212E1,3.130140839E0,7.477400665E0,1.566791840E0,8.256157644E0
3.314376512E1,2.912343750E0,7.106621704E0,2.376607819E0,8.039532504E0
3.315371912E1,3.209026794E0,7.572752380E0,1.514550476E0,8.362911857E0
3.316367212E1,3.449576569E0,8.263865204E0,4.520599365E-1,8.966348465E0
3.317362612E1,3.357368317E0,8.908574524E0,1.194515991E-1,9.520971103E0
3.318357912E1,3.399430847E0,9.342522125E0,1.761836243E-1,9.943333969E0
3.319353212E1,3.742667084E0,9.554780731E0,-5.194198608E-2,1.026177810E1
3.320348612E1,4.377197571E0,9.497599640E0,-4.336482239E-1,1.046672386E1
3.321343912E1,4.896467743E0,9.007818146E0,-2.106120300E-1,1.025478140E1
3.322339212E1,5.129982147E0,8.252937927E0,6.959028625E-1,9.742278073E0
3.323334612E1,5.244044952E0,7.671996002E0,1.440753937E0,9.404004574E0
3.324329912E1,5.125940552E0,7.280260620E0,1.826501770E0,9.089200732E0
3.325325212E1,4.860692139E0,7.079977112E0,1.991608429E0,8.815832808E0
3.326320613E1,4.700225830E0,7.247927856E0,1.705553284E0,8.805310504E0
3.327315913E1,4.593497772E0,7.623496857E0,1.136885834E0,8.972760752E0
3.328311313E1,4.384232941E0,8.014783173E0,6.310876465E-1,9.157320536E0
3.329306613E1,4.196074219E0,8.436605988E0,1.639091492E-1,9.423917744E0
3.330301913E1,4.347708893E0,8.970845032E0,-3.221301270E-1,9.974086475E0
3.331297313E1,4.547842712E0,9.407936096E0,-4.558021545E-1,1.045944026E1
3.332292613E1,4.774621124E0,9.641600189E0,2.245330811E-3,1.075906437E1
3.333287913E1,4.843178558E0,9.628128204E0,-1.562750244E-1,1.077875935E1
3.334283313E1,4.768633575E0,9.597741394E0,-2.764750671E-1,1.072067836E1
3.335278613E1,4.646188202E0,9.510472870E0,-2.409988403E-2,1.058474090E1
3.336273912E1,4.501139832E0,9.356742554E0,3.128494263E-1,1.038781814E1
3.337269312E1,4.234693909E0,9.281748505E0,6.824308777E-1,1.022493030E1
3.338264662E1,4.093238068E0,9.400601349E0,9.536668396E-1,1.029734840E1
3.339260062E1,4.017944641E0,9.742041321E0,7.194039917E-1,1.056261286E1
3.340255362E1,4.061354370E0,1.018242554E1,5.378315735E-1,1.097568458E1
3.341250662E1,4.300706635E0,1.066277664E1,6.548881531E-1,1.151606538E1
3.342246062E1,4.299808502E0,1.111827942E1,1.067729645E0,1.196848098E1
3.343241362E1,4.086651764E0,1.161180313E1,1.462458801E0,1.239651081E1
3.344236662E1,3.993545380E0,1.218645813E1,1.555565186E0,1.291812484E1
3.345232062E1,3.962260437E0,1.280272659E1,1.331481171E0,1.346781935E1
3.346227362E1,4.114942932E0,1.330133972E1,9.196875000E-1,1.395364536E1
3.347222662E1,4.567302246E0,1.350192261E1,3.582051086E-1,1.425799687E1
3.348218062E1,4.798271942E0,1.340013428E1,4.031117249E-1,1.423901371E1
3.349213362E1,4.724325714E0,1.311063629E1,6.872209167E-1,1.395278861E1
3.350208662E1,4.468956757E0,1.263402740E1,6.478527832E-1,1.341677816E1
3.351204062E1,4.048630829E0,1.195354248E1,6.631210327E-1,1.263797131E1
3.352199362E1,3.948489075E0,1.131452133E1,4.270619202E-1,1.199130272E1
3.353194762E1,3.912414093E0,1.067205734E1,1.787283325E-1,1.136801371E1
3.354190062E1,3.694467316E0,1.032448013E1,6.885681152E-2,1.096579774E1
3.355185362E1,3.623065796E0,9.975106659E0,-1.314266968E-1,1.061351175E1
3.356180762E1,3.423381042E0,9.633217621E0,-3.799099731E-1,1.023048147E1
3.357176062E1,3.233725433E0,9.089697876E0,-6.885681152E-1,9.672316874E0
3.358171362E1,3.054398346E0,8.211623840E0,-7.253915405E-1,8.791263176E0
3.359166763E1,2.811154175E0,7.512876892E0,-2.857557678E-1,8.026678226E0
3.360162063E1,2.764301605E0,7.160958710E0,2.650987244E-1,7.680557945E0
3.361157363E1,2.907404022E0,6.957531738E0,7.773335266E-1,7.580533850E0
3.362152763E1,2.945874023E0,6.971303101E0,1.247206421E0,7.670251921E0
3.363148063E1,2.868784332E0,7.087760925E0,1.611997833E0,7.814397961E0
3.364143463E1,2.791844330E0,7.197482758E0,1.880389709E0,7.945691805E0
3.365138763E1,2.901266785E0,7.261699219E0,1.883682861E0,8.043499588E0
3.366134063E1,3.173849945E0,7.310797119E0,1.728605347E0,8.155314490E0
3.367129462E1,3.580254822E0,7.399263153E0,1.909429321E0,8.438793760E0
3.368124762E1,4.102518768E0,7.534731445E0,1.713486786E0,8.748649905E0
3.369120062E1,4.625082092E0,7.767347717E0,1.065184937E0,9.102620165E0
3.370115462E1,4.779111786E0,7.848479004E0,5.909710693E-1,9.208027962E0
3.371110762E1,4.540807343E0,8.094118195E0,5.685177612E-1,9.298219890E0
3.372106062E1,4.131259003E0,8.518934784E0,7.658074951E-1,9.498737386E0
3.373101462E1,3.594475250E0,8.989256744E0,1.298849030E0,9.768008904E0
3.374096762E1,3.149899750E0,9.469009094E0,1.555864563E0,1.009973842E1
3.375092162E1,2.734962616E0,9.702074432E0,1.305884399E0,1.016442831E1
3.376087462E1,2.464325409E0,9.721084900E0,1.045276337E0,1.008290603E1
3.377082762E1,2.262694702E0,9.522298279E0,5.745053101E-1,9.804285195E0
3.378078162E1,2.088457031E0,9.162296906E0,1.799258423E-1,9.399027113E0
3.379073462E1,2.124681702E0,8.857979736E0,7.738906860E-2,9.109559068E0
3.380068762E1,2.305805054E0,8.592132568E0,2.273771667E-1,8.899054972E0
3.381064162E1,2.681523743E0,8.504265289E0,7.438032532E-1,8.947979715E0
3.382059462E1,3.227288818E0,8.500223694E0,1.165027313E0,9.166596130E0
3.383054762E1,3.785478058E0,8.504265289E0,1.266516266E0,9.394489645E0
3.384050162E1,4.189038849E0,8.625213776E0,1.088985443E0,9.650297842E0
3.385045462E1,4.227209473E0,8.691525879E0,3.797602844E-1,9.672442293E0
3.386040862E1,3.994293823E0,8.693771210E0,-2.357597351E-1,9.570351281E0
3.387036162E1,3.510050812E0,8.742120667E0,-7.349716187E-2,9.420750091E0
3.388031462E1,3.206182709E0,9.056616669E0,3.537144470E-1,9.613897594E0
3.389026862E1,3.168461151E0,9.490115204E0,9.410929871E-1,1.004923324E1
3.390022162E1,3.086431732E0,9.949809265E0,1.117875366E0,1.047732841E1
3.391017462E1,2.892884216E0,1.010877869E1,1.350192261E0,1.060090585E1
3.392012863E1,2.783162384E0,1.000444565E1,1.199006653E0,1.045335078E1
3.393008163E1,2.864892426E0,9.802814941E0,8.033793640E-1,1.024442325E1
3.394003463E1,3.179837494E0,9.747130737E0,5.688171387E-1,1.026847004E1
3.394998863E1,3.539240112E0,9.778116302E0,5.432203674E-1,1.041311036E1
3.395994163E1,3.696113892E0,9.852960663E0,6.593788147E-1,1.054404439E1
3.396989463E1,3.713926849E0,9.840386810E0,9.294172668E-1,1.055889585E1
3.397984863E1,3.848197632E0,9.827663269E0,1.007554779E0,1.060220529E1
3.398980163E1,3.757336578E0,9.630523224E0,9.837542725E-1,1.038423460E1
3.399975563E1,3.709436188E0,9.366622009E0,1.112486572E0,1.013563767E1
3.400970863E1,3.930077362E0,9.242829437E0,8.738827515E-1,1.008162066E1
3.401966163E1,3.996090088E0,9.277856598E0,6.908134460E-1,1.012544232E1
3.402961562E1,3.755091248E0,9.270222473E0,7.933502197E-1,1.003330153E1
3.403956862E1,3.319347382E0,9.420659637E0,1.322649536E0,1.007552961E1
3.404952162E1,2.872825928E0,9.407037964E0,1.278790741E0,9.918709484E0
3.405947562E1,2.246079254E0,9.222621460E0,7.951464844E-1,9.525433142E0
3.406942862E1,1.710043945E0,8.959468689E0,6.462062073E-1,9.144064301E0
3.407938162E1,1.386716309E0,8.683143311E0,3.141966248E-1,8.798788518E0
3.408933562E1,1.351838837E0,8.465046844E0,6.265969849E-1,8.595179469E0
3.409928862E1,1.572030945E0,8.320447540E0,9.235794067E-1,8.517871065E0
3.410924262E1,1.849553833E0,8.268056488E0,1.001118164E0,8.531344856E0
3.411919562E1,2.370919647E0,8.207731934E0,1.145717468E0,8.619790716E0
3.412914862E1,2.834206238E0,8.143814850E0,9.936337280E-1,8.679962747E0
3.413910262E1,3.198249207E0,8.143365784E0,6.592291260E-1,8.773698611E0
3.414905562E1,3.491339722E0,8.186476135E0,5.234614563E-1,8.915259753E0
3.415900862E1,3.629951477E0,8.368048553E0,6.679110718E-1,9.145867346E0
3.416896262E1,3.615132294E0,8.631650391E0,7.270381165E-1,9.386328057E0
3.417891562E1,3.522025909E0,8.683292999E0,5.710624695E-1,9.387776955E0
3.418886862E1,3.323538666E0,8.794661407E0,4.511618042E-1,9.412519615E0
3.419882262E1,2.931653595E0,8.843310242E0,8.223898315E-1,9.352809945E0
3.420877562E1,2.521656189E0,9.003776550E0,9.442364502E-1,9.397782961E0
3.421872862E1,2.106120300E0,9.147178345E0,1.136436768E0,9.455057002E0
3.422868262E1,1.691781921E0,9.487271118E0,1.632804565E0,9.774276960E0
3.423863562E1,1.373693390E0,9.859097900E0,2.171234894E0,1.018838093E1
3.424858963E1,1.009351044E0,1.010907806E1,2.511327667E0,1.046513332E1
3.425854263E1,7.626640320E-1,1.030232620E1,2.779420166E0,1.069788568E1
3.426849563E1,6.227050781E-1,1.033870056E1,2.788102112E0,1.072613650E1
3.427844963E1,7.316784668E-1,1.014081207E1,2.561024323E0,1.048476363E1
3.428840263E1,7.539820862E-1,9.922416229E0,2.656076660E0,1.029939688E1
3.429835563E1,9.656419373E-1,9.624236298E0,2.517315216E0,9.994761856E0
3.430830963E1,1.203497314E0,9.200467529E0,2.422262878E0,9.589805316E0
3.431826263E1,1.395847321E0,8.950487366E0,2.304906921E0,9.347310295E0
3.432821563E1,1.643282776E0,8.833580475E0,1.916764069E0,9.187301387E0
3.433816963E1,1.703008575E0,8.981772308E0,1.757495270E0,9.309203061E0
3.434812263E1,1.735041962E0,9.237590332E0,1.482068024E0,9.515249412E0
3.435807662E1,1.689386902E0,9.302704926E0,1.178499298E0,9.528022231E0
3.436802962E1,1.831142120E0,9.445957031E0,9.918374634E-1,9.672793146E0
3.437798237E1,2.157313843E0,9.554780731E0,8.690927124E-1,9.833776486E0
3.438793637E1,2.075583801E0,9.598489838E0,1.332828369E0,9.910372684E0
3.439788937E1,2.118245087E0,9.624385986E0,2.027234344E0,1.006108577E1
3.440784237E1,1.912123718E0,9.565708008E0,2.561623077E0,1.008567794E1
3.441779637E1,1.385967865E0,9.482630768E0,2.083068237E0,9.807158940E0
3.442774937E1,9.508227539E-1,9.416917419E0,1.597178650E0,9.598613297E0
3.443770237E1,7.319778442E-1,9.603130188E0,1.727707214E0,9.784726526E0
3.444765638E1,8.717871094E-1,9.611662445E0,1.736239471E0,9.806048910E0
3.445760938E1,9.017248535E-1,9.328900452E0,1.907782745E0,9.564576643E0
3.446756238E1,6.644682312E-1,9.174122314E0,2.148182831E0,9.445672435E0
3.447751638E1,8.271798706E-1,9.016949158E0,1.819167023E0,9.235744004E0
3.448746938E1,9.566606140E-1,8.633147278E0,1.420096893E0,8.801312779E0
3.449742338E1,8.458909607E-1,8.313861237E0,1.141675873E0,8.434408336E0
3.450737638E1,8.454418945E-1,7.937992859E0,1.125808868E0,8.061882425E0
3.451732938E1,9.651928711E-1,7.418572998E0,1.073118439E0,7.557671982E0
3.452728337E1,1.030906219E0,7.120542755E0,7.773335266E-1,7.236652829E0
3.453723637E1,1.411864014E0,6.972650299E0,1.689985657E-1,7.116162779E0
3.454718937E1,1.685794373E0,6.635850677E0,7.140151978E-2,6.847007745E0
3.455714337E1,1.900298309E0,6.594835968E0,-1.233435059E-1,6.864270444E0
3.456709637E1,2.349514160E0,6.731202393E0,-5.992039490E-1,7.154603260E0
3.457704937E1,2.717598724E0,6.933880920E0,-7.828720093E-1,7.488453514E0
3.458700337E1,2.904709625E0,7.265441437E0,-8.713380432E-1,7.872941462E0
3.459695637E1,2.638263702E0,7.482041016E0,-7.391629028E-1,7.967919109E0
3.460690937E1,2.289788361E0,7.829917603E0,-6.427633667E-1,8.183146409E0
3.461686337E1,1.993404694E0,8.042475586E0,-5.177732849E-1,8.301997651E0
3.462681637E1,1.771266632E0,8.323141937E0,-3.070115662E-1,8.515065079E0
3.463677037E1,1.740131378E0,8.625064087E0,-3.394940186E-1,8.805398566E0
3.464672337E1,1.792821808E0,8.879385223E0,-5.240602112E-1,9.073716498E0
3.465667637E1,1.774110718E0,9.075627136E0,-7.203021240E-1,9.275414379E0
3.466663037E1,2.003134460E0,8.991951141E0,-8.457412720E-1,9.251108652E0
3.467658337E1,2.282603302E0,8.741970978E0,-7.279362488E-1,9.064338122E0
3.468653637E1,2.624642029E0,8.595276031E0,-5.345384216E-1,9.002957690E0
3.469649037E1,2.836152191E0,8.704249420E0,-4.366419983E-1,9.165062654E0
3.470644337E1,2.754122772E0,8.964857483E0,-4.688250732E-1,9.390083007E0
3.471639637E1,2.421215057E0,9.265731812E0,-7.015910339E-1,9.602515209E0
3.472635037E1,2.159259796E0,9.302405548E0,-8.387059021E-1,9.586478991E0
3.473630337E1,1.979783020E0,9.264384613E0,-8.813671875E-1,9.514471671E0
3.474625737E1,1.828298035E0,9.215436401E0,-1.002315674E0,9.448363799E0
3.475621037E1,1.756896515E0,9.355994110E0,-7.746391296E-1,9.550988270E0
3.476616337E1,1.766775970E0,9.637857971E0,-2.290237427E-1,9.801135418E0
3.477611738E1,1.887874146E0,9.617949371E0,-6.321354675E-1,9.821843724E0
3.478607038E1,1.980830841E0,9.380842438E0,-1.205293579E0,9.663158297E0
3.479602338E1,1.920955353E0,9.029223633E0,-9.580078125E-1,9.280879691E0
3.480597738E1,1.940714264E0,8.723259888E0,-1.020877075E0,8.994655353E0
3.481593038E1,2.027533722E0,8.699160004E0,-7.400610352E-1,8.962921851E0
3.482588338E1,1.978435822E0,8.855884094E0,-5.629792786E-1,9.091635555E0
3.483583738E1,1.928739166E0,9.010961609E0,-6.719526672E-1,9.239533769E0
3.484579038E1,1.891766052E0,9.179660797E0,-7.930508423E-1,9.406055538E0
3.485574338E1,1.878743134E0,9.556576996E0,-1.051862640E0,9.796134679E0
3.486569738E1,1.964514771E0,1.001013382E1,-9.508227539E-1,1.024529947E1
3.487565037E1,1.851499786E0,1.043105850E1,-1.148262177E0,1.065615029E1
3.488560437E1,1.613794098E0,1.019395157E1,-1.266665955E0,1.039833749E1
3.489555737E1,1.656156006E0,1.018347336E1,-1.204994202E0,1.038739589E1
3.490551037E1,2.161654816E0,1.068612808E1,-1.013093262E0,1.094954076E1
3.491546437E1,2.079475708E0,1.080483124E1,-7.351213074E-1,1.102764710E1
3.492541737E1,2.027533722E0,1.096395035E1,-7.533833313E-1,1.117527121E1
3.493537037E1,2.178719330E0,1.141316620E1,-9.842033386E-1,1.166086776E1
3.494532437E1,2.085163879E0,1.151480484E1,-1.034498749E0,1.174771580E1
3.495527737E1,2.201921082E0,1.162856827E1,-1.056053925E0,1.188222649E1
3.496523037E1,2.398761749E0,1.157318344E1,-1.056203613E0,1.186626306E1
3.497518437E1,2.379751282E0,1.113369736E1,-1.079105988E0,1.143621016E1
3.498513737E1,2.478545837E0,1.083970871E1,-1.165177002E0,1.118034489E1
3.499509037E1,2.618355103E0,1.067190765E1,-1.085392914E0,1.104189631E1
3.500504437E1,2.543361053E0,1.060200302E1,-8.436456299E-1,1.093539626E1
3.501499737E1,2.457439728E0,1.040576111E1,-1.156944122E0,1.075441277E1
3.502495137E1,2.522254944E0,1.003857468E1,-1.601369934E0,1.047373559E1
3.503490437E1,2.572550354E0,9.824370117E0,-1.935325470E0,1.033836294E1
3.504485737E1,2.679577789E0,9.972262573E0,-2.219584351E0,1.056185176E1
3.505481137E1,2.687062225E0,1.024873764E1,-2.465822296E0,1.087829059E1
3.506476437E1,2.706521759E0,1.053943314E1,-2.571502533E0,1.118112410E1
3.507471737E1,2.690205688E0,1.052326675E1,-2.672991486E0,1.118576029E1
3.508467137E1,2.766097870E0,1.040980270E1,-2.763403473E0,1.111987808E1
3.509462437E1,2.589465179E0,1.012793884E1,-2.820734253E0,1.082760439E1
3.510457737E1,2.611319733E0,9.549242249E0,-3.120261383E0,1.037993494E1
3.511453138E1,3.097658386E0,8.923393707E0,-3.039878540E0,9.922867744E0
3.512448438E1,3.641477509E0,9.013506317E0,-2.104773102E0,9.946543338E0
3.513443738E1,3.758683777E0,8.998836823E0,-2.237247620E0,1.000560067E1
3.514439138E1,3.486549683E0,9.195078735E0,-2.621648254E0,1.017735433E1
3.515434438E1,3.344345398E0,9.707762604E0,-2.735860748E0,1.062592278E1
3.516429838E1,3.375330963E0,1.051114197E1,-2.206262054E0,1.125808851E1
3.517425138E1,3.572021942E0,1.103789658E1,-1.753902740E0,1.173331481E1
3.518420438E1,4.123325500E0,1.144789398E1,-1.651216278E0,1.227935686E1
3.519415838E1,4.587659912E0,1.142738663E1,-1.813478851E0,1.244670616E1
3.520411138E1,5.005291443E0,1.133562744E1,-2.058519287E0,1.256132531E1
3.521406438E1,5.222489777E0,1.146450943E1,-1.973945160E0,1.275169932E1
3.522401837E1,5.085075531E0,1.160476776E1,-1.821412354E0,1.280024105E1
3.523397137E1,4.910837860E0,1.186447769E1,-1.726060638E0,1.295613541E1
3.524392437E1,4.791086884E0,1.194007050E1,-1.860481110E0,1.299927640E1
3.525387837E1,4.724774780E0,1.181627792E1,-2.010319519E0,1.288368368E1
3.526383137E1,4.698429565E0,1.177975388E1,-1.996398468E0,1.283835849E1
3.527378437E1,4.709805908E0,1.174367889E1,-1.982926483E0,1.280735192E1
3.528373837E1,4.652475128E0,1.167467239E1,-1.994153137E0,1.272478475E1
3.529369137E1,4.895569611E0,1.161584473E1,-2.124681702E0,1.278314214E1
3.530364537E1,5.259163513E0,1.153336624E1,-1.924398193E0,1.282110160E1
3.531359837E1,5.488187256E0,1.185295166E1,-1.859433289E0,1.319356489E1
3.532355137E1,5.687422943E0,1.211580505E1,-1.663640442E0,1.348729815E1
3.533350537E1,5.821094971E0,1.210248276E1,-1.715582428E0,1.353877611E1
3.534345837E1,5.790558472E0,1.181972076E1,-2.006277924E0,1.331395950E1
3.535341137E1,5.721701660E0,1.144983994E1,-2.220482483E0,1.299104487E1
3.536336537E1,5.602100372E0,1.116992203E1,-2.256707153E0,1.269816577E1
3.537331837E1,5.365592194E0,1.109088638E1,-2.065105591E0,1.249247779E1
3.538327079E1,5.140160980E0,1.120330261E1,-1.842368774E0,1.246312830E1
3.539322479E1,5.185666351E0,1.136197266E1,-1.520388336E0,1.258161909E1
3.540317779E1,5.250481567E0,1.131571884E1,-1.101259918E0,1.252301174E1
3.541313179E1,5.174888763E0,1.105421265E1,-7.716453552E-1,1.222990300E1
3.542308479E1,5.014422455E0,1.055425232E1,-7.220983887E-1,1.170718158E1
3.543303779E1,4.852010193E0,1.002240829E1,-7.759863281E-1,1.116211565E1
3.544299179E1,4.680466919E0,9.689051514E0,-8.912466431E-1,1.079716678E1
3.545294479E1,4.668940887E0,9.451495514E0,-7.280859375E-1,1.056692413E1
3.546289779E1,4.591252441E0,9.338630219E0,-6.304888916E-1,1.042531197E1
3.547285179E1,4.596491547E0,9.572593689E0,-5.725593567E-1,1.063438332E1
3.548280479E1,4.516108704E0,9.874665527E0,1.546284485E-1,1.085947361E1
3.549275779E1,4.448000336E0,9.842632141E0,9.235794067E-2,1.080141863E1
3.550271179E1,4.488865356E0,9.367071075E0,-2.597099304E-1,1.039035043E1
3.551266479E1,4.434228973E0,8.959917755E0,-5.757028198E-1,1.001368796E1
3.552261779E1,4.329297180E0,8.852740631E0,-7.659571838E-1,9.884357398E0
3.553257179E1,4.167932739E0,8.706045685E0,-9.696835327E-1,9.700885575E0
3.554252479E1,4.048331451E0,8.261919250E0,-1.388662262E0,9.304659054E0
3.555247879E1,4.068090363E0,7.550598450E0,-1.567091217E0,8.718753984E0
3.556243179E1,4.206851807E0,6.865622864E0,-1.495989075E0,8.189771837E0
3.557238479E1,4.120481415E0,6.260880432E0,-9.367520142E-1,7.553442607E0
3.558233879E1,4.010310516E0,6.178401947E0,-3.255729675E-1,7.373007447E0
3.559229179E1,3.783981171E0,6.476282501E0,-2.152523804E-1,7.503804510E0
3.560224479E1,3.474574585E0,6.862928467E0,-4.038601685E-1,7.702957791E0
3.561219879E1,3.347937927E0,7.014114075E0,-6.219566345E-1,7.797006777E0
3.562215179E1,3.256777496E0,6.900500336E0,-6.445596313E-1,7.657608090E0
3.563210479E1,3.337609406E0,6.923702087E0,-5.415737915E-1,7.705231295E0
3.564205879E1,3.401676178E0,7.068301392E0,-4.972659302E-1,7.859997378E0
3.565201179E1,3.419040070E0,7.273674316E0,-4.025129700E-1,8.047247340E0
3.566196479E1,3.450774078E0,7.515122223E0,-3.028202820E-1,8.275059147E0
3.567191879E1,3.433410187E0,7.748936005E0,6.212081909E-2,8.475740305E0
3.568187179E1,3.221001892E0,7.889793091E0,2.863545227E-1,8.526762992E0
3.569182579E1,3.038830719E0,7.897427216E0,5.367837524E-1,8.478914173E0
3.570177879E1,3.051554260E0,7.831115112E0,9.527687073E-1,8.458493691E0
3.571173179E1,3.104993134E0,7.645950165E0,1.132844238E0,8.329758241E0
3.572168579E1,3.262315979E0,7.466473389E0,6.789880371E-1,8.176304493E0
3.573163879E1,3.436104584E0,7.231911163E0,6.149212646E-1,8.030285297E0
3.574159179E1,3.663781128E0,7.095395050E0,7.520361328E-1,8.020815508E0
3.575154579E1,3.851341095E0,6.789431305E0,8.728349304E-1,7.854364805E0
3.576149879E1,3.770209808E0,6.132597198E0,1.055006104E0,7.275731460E0
3.577145179E1,3.628304901E0,5.702840881E0,1.003662872E0,6.833324940E0
3.578140579E1,3.324436798E0,5.680237885E0,8.349636841E-1,6.634315850E0
3.579135879E1,2.931653595E0,5.971382446E0,5.959107971E-1,6.678855501E0
3.580131279E1,2.497256927E0,6.131100311E0,3.215313721E-1,6.627975982E0
3.581126579E1,2.176174622E0,6.266269226E0,1.907034302E-1,6.636130936E0
3.582121879E1,2.045945435E0,6.331383820E0,1.908531189E-1,6.656480955E0
3.583117279E1,2.150128784E0,6.374494171E0,6.117778015E-1,6.755109311E0
3.584112579E1,2.392175446E0,6.304589539E0,1.256337433E0,6.859208144E0
3.585107879E1,2.628683624E0,6.037993927E0,1.036444702E0,6.666450771E0
3.586103279E1,2.783910828E0,5.690416718E0,8.738827515E-1,6.394894290E0
3.587098579E1,2.952011261E0,5.633834381E0,1.264270935E0,6.484816213E0
3.588093879E1,3.305576019E0,6.121969299E0,1.373693390E0,7.091711673E0
3.589089279E1,3.497776337E0,6.528523865E0,1.346899109E0,7.527961236E0
3.590084579E1,3.723656616E0,6.906338196E0,1.189725952E0,7.935904089E0
3.591079879E1,3.925886078E0,7.175179138E0,1.037043457E0,8.244467011E0
3.592075279E1,4.184099121E0,7.616012421E0,7.849676514E-1,8.725050422E0
3.593070579E1,4.420008545E0,8.227191467E0,5.484594727E-1,9.355424243E0
3.594065979E1,4.465962982E0,8.725056152E0,4.701722717E-1,9.812873798E0
3.595061279E1,4.339326324E0,9.079219666E0,4.052073669E-1,1.007105633E1
3.596056579E1,4.165537720E0,9.303752747E0,5.418731689E-2,1.019384402E1
3.597051979E1,4.078568573E0,9.493408356E0,-7.559280396E-2,1.033272656E1
3.598047279E1,3.980223083E0,9.606722717E0,-1.010398865E-1,1.039911084E1
3.599042579E1,4.066144409E0,9.636361084E0,-6.556365967E-2,1.045931565E1
3.600037979E1,4.136498108E0,9.667496338E0,2.356100464E-1,1.051791872E1
3.601033279E1,4.259841614E0,9.909243622E0,3.439846802E-1,1.079155620E1
3.602028579E1,4.408332825E0,1.004695724E1,3.791615295E-1,1.097809235E1
3.603023979E1,4.552632751E0,1.018212616E1,5.599855042E-1,1.116762024E1
3.604019279E1,4.761747894E0,1.028196854E1,4.593946838E-1,1.134037757E1
3.605014679E1,4.817581787E0,1.029469208E1,1.559756470E-1,1.136723835E1
3.606009979E1,4.840484161E0,1.023556503E1,-4.083508301E-1,1.132977621E1
3.607005279E1,4.801714783E0,1.015712814E1,-9.874964905E-1,1.127824748E1
3.608000679E1,4.831652527E0,1.015967285E1,-1.315165100E0,1.132667108E1
3.608995979E1,4.829107819E0,1.021565643E1,-1.324894867E0,1.137696203E1
3.609991279E1,4.832999725E0,1.044767395E1,-1.247356110E0,1.157875963E1
3.610986679E1,4.825365601E0,1.083012863E1,-1.212328949E0,1.191828766E1
3.611981979E1,4.906347198E0,1.113384705E1,-1.296454010E0,1.223583205E1
3.612977279E1,5.253924408E0,1.102098175E1,-1.677411804E0,1.232393893E1
3.613972679E1,5.597909088E0,1.074630295E1,-2.352358246E0,1.234314395E1
3.614967979E1,5.405110016E0,1.061008621E1,-2.369273071E0,1.214094719E1
3.615963279E1,4.675078125E0,1.102622086E1,-1.539099426E0,1.207488008E1
3.616958679E1,3.981719971E0,1.187959625E1,-3.541635132E-1,1.253412673E1
3.617953979E1,3.660787354E0,1.259271332E1,5.899232483E-1,1.312729226E1
3.618949379E1,3.588188324E0,1.332783463E1,1.468296661E0,1.388027976E1
3.619944679E1,3.732488251E0,1.440843750E1,1.060394897E0,1.492176186E1
3.620939979E1,3.912563782E0,1.568228851E1,-2.728825378E-1,1.616529595E1
3.621935379E1,4.372257843E0,1.681049240E1,-1.506616974E0,1.743499894E1
3.622930679E1,5.019960938E0,1.761716492E1,-1.338067474E0,1.836722440E1
3.623925979E1,5.672454071E0,1.827534622E1,-4.504133606E-1,1.914073893E1
3.624921379E1,6.407874756E0,1.830468521E1,1.655557251E-1,1.939458090E1
3.625916679E1,6.865323486E0,1.754890686E1,6.489006042E-1,1.885518153E1
3.626911979E1,6.758296051E0,1.625305161E1,7.984396362E-1,1.762026554E1
3.627907379E1,6.349346466E0,1.494582001E1,8.388555908E-1,1.626024031E1
3.628902679E1,5.945336609E0,1.401625305E1,1.228046265E0,1.527450407E1
3.629898079E1,5.470823364E0,1.339654175E1,1.775457916E0,1.457907713E1
3.630893379E1,5.227728882E0,1.291379562E1,1.950893097E0,1.406773793E1
3.631888679E1,5.258864136E0,1.238838821E1,1.447040863E0,1.353594259E1
3.632884079E1,5.389692078E0,1.170969955E1,5.001100159E-1,1.290023079E1
3.633879379E1,5.626349945E0,1.075154205E1,-5.156776428E-1,1.214567387E1
3.634874679E1,5.740263062E0,9.632918243E0,-1.523681488E0,1.131659574E1
3.635870079E1,5.573659515E0,8.674611053E0,-1.921254730E0,1.048836389E1
3.636865379E1,5.355712738E0,8.183632050E0,-1.946701813E0,9.972218429E0
3.637860679E1,5.294789429E0,7.909402313E0,-1.829944611E0,9.692375216E0
3.638856129E1,5.356161804E0,7.484885101E0,-1.453926544E0,9.318040387E0
3.639851429E1,5.279970245E0,6.930887146E0,-8.340655518E-1,8.752768006E0
3.640846729E1,4.921166382E0,6.245612183E0,-3.471281433E-1,7.959023058E0
3.641842129E1,4.458777924E0,5.601202240E0,-3.264710999E-1,7.166641507E0
3.642837429E1,3.983516235E0,4.817132721E0,-7.200027466E-2,6.251268134E0
3.643832829E1,3.500021667E0,4.593198395E0,3.951782227E-1,5.788245761E0
3.644828129E1,3.203638000E0,4.993765411E0,7.171586609E-1,5.976228407E0
3.645823429E1,2.942730560E0,5.570665741E0,6.854246521E-1,6.337332791E0
3.646818829E1,2.840493164E0,6.176905060E0,5.300477600E-1,6.819348074E0
3.647814129E1,2.869832153E0,6.345753937E0,4.969665527E-2,6.964696646E0
3.648809429E1,3.017574921E0,6.231541443E0,-4.260140991E-1,6.936811600E0
3.649804829E1,3.040028229E0,6.004313965E0,-8.405021667E-1,6.782330109E0
3.650800129E1,2.906206512E0,5.846542053E0,-1.162033539E0,6.631622141E0
3.651795429E1,2.695145416E0,5.954317932E0,-1.427731018E0,6.690001996E0
3.652790829E1,2.483934631E0,6.591542816E0,-1.320404205E0,7.166717185E0
3.653786129E1,2.369572449E0,7.654781799E0,-9.593550110E-1,8.070372979E0
3.654781529E1,2.411335602E0,8.734486542E0,-2.272274780E-1,9.064073414E0
3.655776829E1,2.394869843E0,9.332492981E0,-4.998106384E-1,9.647830714E0
3.656772129E1,2.433938599E0,9.330097961E0,-1.106049957E0,9.705572192E0
3.657767529E1,2.440075836E0,8.894952850E0,-1.331331482E0,9.319152312E0
3.658762829E1,2.389181671E0,8.385113068E0,-1.294358368E0,8.814401500E0
3.659758129E1,2.289189606E0,7.814649353E0,-8.834628296E-1,8.190826584E0
3.660753529E1,2.185455322E0,7.201224976E0,-6.521937561E-1,7.553754882E0
3.661748829E1,2.184706879E0,6.590794373E0,-8.527766418E-1,6.995623104E0
3.662744129E1,2.418670349E0,6.259383545E0,-8.851094055E-1,6.768549865E0
3.663739529E1,2.700234833E0,6.464606781E0,-8.554710388E-1,7.057920351E0
3.664734829E1,2.923570404E0,7.112010498E0,-6.233038330E-1,7.714691497E0
3.665730229E1,3.008144531E0,7.753726044E0,3.577560425E-2,8.316879281E0
3.666725529E1,3.056044922E0,8.278983765E0,6.611750793E-1,8.849753399E0
3.667720829E1,2.983894958E0,8.607849884E0,7.997868347E-1,9.145401453E0
3.668716229E1,2.767894135E0,8.757089539E0,9.300160217E-1,9.231077127E0
3.669711529E1,2.449356537E0,8.821006622E0,1.109941864E0,9.221793547E0
3.670706829E1,2.303559723E0,8.887917480E0,1.072669373E0,9.244029647E0
3.671702229E1,2.261796570E0,8.823401642E0,8.171507263E-1,9.145265199E0
3.672697529E1,2.437231750E0,8.719667358E0,8.220904541E-1,9.091123702E0
3.673692829E1,2.607128448E0,8.640182648E0,1.071771240E0,9.088375461E0
3.674688229E1,2.645149384E0,8.701405334E0,1.502126312E0,9.217790056E0
3.675683529E1,2.742147675E0,8.831035767E0,1.877246246E0,9.435603852E0
3.676678929E1,2.600991211E0,8.759185181E0,1.754351807E0,9.304097515E0
3.677674229E1,2.327659607E0,8.576714630E0,1.362317047E0,8.990769757E0
3.678669529E1,1.916913757E0,8.227939911E0,9.045689392E-1,8.496575692E0
3.679664929E1,1.749561768E0,7.825426941E0,4.328997803E-1,8.030297342E0
3.680660229E1,1.892514496E0,7.408244476E0,2.773731995E-1,7.651185087E0
3.681655529E1,2.486479340E0,7.142097931E0,5.019062805E-1,7.579185463E0
3.682650929E1,3.303330688E0,7.144642639E0,8.684939575E-1,7.919103095E0
3.683646229E1,4.013004913E0,7.411537628E0,1.104104004E0,8.500243767E0
3.684641529E1,4.251608734E0,7.755522308E0,1.353186035E0,8.947369197E0
3.685636929E1,4.420906677E0,8.220754852E0,1.472338257E0,9.449497666E0
3.686632229E1,4.450994110E0,8.753497009E0,1.468146973E0,9.929275603E0
3.687627629E1,4.553081818E0,9.312285004E0,1.429976349E0,1.046393991E1
3.688622929E1,4.814737701E0,1.019649628E1,1.374441833E0,1.135954778E1
3.689618229E1,4.910388794E0,1.127051285E1,1.042581940E0,1.233788292E1
3.690613629E1,4.994513855E0,1.207928101E1,1.017134857E0,1.311063544E1
3.691608929E1,4.922812958E0,1.261411880E1,1.263073425E0,1.359946452E1
3.692604229E1,4.503834229E0,1.291214905E1,4.990621948E-1,1.368419449E1
3.693599629E1,3.883524170E0,1.280886383E1,-1.812730408E-1,1.338587362E1
3.694594929E1,3.099155273E0,1.289418640E1,5.023553467E-1,1.327091433E1
3.695590229E1,2.961741028E0,1.343845459E1,9.168434143E-1,1.379146742E1
3.696585629E1,2.857857056E0,1.359936996E1,1.574875031E0,1.398536527E1
3.697580929E1,2.548001404E0,1.387180344E1,2.413131866E0,1.430882410E1
3.698576329E1,2.421813812E0,1.363559464E1,2.102527771E0,1.400768526E1
3.699571629E1,2.650837555E0,1.323757233E1,1.822609863E0,1.362285460E1
3.700566929E1,2.980751495E0,1.298444870E1,1.725312195E0,1.343344668E1
3.701562329E1,3.198548584E0,1.264734970E1,1.308728485E0,1.311102352E1
3.702557629E1,3.028801575E0,1.218750595E1,8.412506104E-1,1.258636734E1
3.703552929E1,2.726130981E0,1.167093018E1,1.478924561E-1,1.198600323E1
3.704548329E1,2.431244202E0,1.129610962E1,-1.823208618E-1,1.155622264E1
3.705543629E1,2.233954468E0,1.086006638E1,-1.118174744E-1,1.108801594E1
3.706538929E1,2.299368439E0,1.071516769E1,1.721420288E-2,1.095911540E1
3.707534329E1,2.357597351E0,1.069885162E1,4.317022705E-1,1.096403476E1
3.708529629E1,2.401605835E0,1.089165070E1,6.384223938E-1,1.117154191E1
3.709525029E1,2.579735413E0,1.105151825E1,2.980302429E-1,1.135252890E1
3.710520329E1,2.446811829E0,1.092278595E1,2.347119141E-1,1.119594707E1
3.711515629E1,2.161804504E0,1.059406952E1,4.746629333E-1,1.082280059E1
3.712511029E1,2.193538513E0,1.002659958E1,5.441184998E-1,1.027815038E1
3.713506329E1,2.049238586E0,9.567055206E0,8.096662903E-1,9.817509033E0
3.714501629E1,1.880838776E0,9.325307922E0,6.885681152E-1,9.537979262E0
3.715497029E1,1.668131104E0,9.282347260E0,5.402265930E-1,9.446506063E0
3.716492329E1,1.414259033E0,9.522447968E0,1.395098877E-1,9.627907712E0
3.717487629E1,8.334667969E-1,9.731413422E0,7.798782349E-2,9.767351544E0
3.718483029E1,9.038204956E-1,9.758058014E0,-7.273374939E-1,9.826780120E0
3.719478329E1,9.122030640E-1,9.482930145E0,-7.357200623E-1,9.555069993E0
3.720473729E1,1.332978058E0,9.341623993E0,-1.311422882E0,9.526940711E0
3.721469029E1,1.401685181E0,9.060807953E0,-7.539820862E-1,9.199535374E0
3.722464329E1,1.287472687E0,8.680598602E0,-6.689588928E-1,8.801016078E0
3.723459729E1,1.372495880E0,8.157436523E0,-4.135899353E-1,8.282425503E0
3.724455029E1,1.396895142E0,7.745343475E0,-3.676354980E-1,7.878884277E0
3.725450329E1,1.240171051E0,7.720794525E0,5.987548828E-3,7.819765226E0
3.726445729E1,9.987231445E-1,7.727380829E0,4.414320374E-1,7.804147912E0
3.727441029E1,6.845265198E-1,8.349487152E0,1.059496765E0,8.444231502E0
3.728436329E1,8.631051636E-1,8.701255646E0,5.593867493E-1,8.761832792E0
3.729431729E1,9.174421692E-1,8.964707794E0,-3.513194275E-1,9.018376312E0
3.730427029E1,1.031355286E0,9.078022156E0,-3.367996216E-1,9.142626208E0
3.731422329E1,1.179547119E0,9.373956757E0,-2.565664673E-1,9.451360909E0
3.732417729E1,1.627266083E0,9.486073608E0,5.313949585E-2,9.624781100E0
3.733413029E1,1.594933319E0,9.606123962E0,9.131011963E-3,9.737633863E0
3.734408429E1,1.698218536E0,1.011895752E1,-6.256988525E-1,1.027953046E1
3.735403729E1,1.447489929E0,1.051413574E1,-1.571881256E0,1.072907676E1
3.736399029E1,5.346881104E-1,1.083072739E1,-2.129621429E0,1.105105581E1
3.737394429E1,-1.152603149E-1,1.069885162E1,-2.308200073E0,1.094561550E1
3.738389700E1,-2.130070496E-1,1.039468414E1,-2.362088013E0,1.066181458E1
3.739385000E1,1.157093811E-1,1.022299118E1,-2.362088013E0,1.049296894E1
3.740380400E1,5.098397827E-1,1.024260040E1,-2.397863617E0,1.053188253E1
3.741375700E1,8.982820129E-1,1.044438080E1,-2.046693878E0,1.068086872E1
3.742371100E1,1.176852722E0,1.059885956E1,-1.396446075E0,1.075503919E1
3.743366400E1,1.226100311E0,1.057460999E1,-1.195713501E0,1.071239605E1
3.744361700E1,1.110690308E0,1.047027695E1,-1.546284485E0,1.064196072E1
3.745357100E1,9.366023254E-1,1.027553192E1,-2.279310150E0,1.056688388E1
3.746352400E1,8.175997925E-1,9.980944519E0,-2.518662415E0,1.032624730E1
3.747347700E1,8.900491333E-1,9.391470337E0,-2.476001129E0,9.753075625E0
3.748343100E1,8.637039185E-1,8.551716614E0,-2.464026031E0,8.941435331E0
3.749338400E1,8.622070313E-1,7.756719818E0,-2.060914307E0,8.072017782E0
3.750333700E1,6.004014587E-1,7.043153687E0,-1.449136505E0,7.215711495E0
3.751329100E1,2.249821472E-1,6.743925934E0,-5.397775269E-1,6.769232877E0
3.752324400E1,-3.577560425E-1,6.865473175E0,-1.249900818E-1,6.875924216E0
3.753319800E1,-9.925859070E-1,7.359296265E0,-8.545729065E-1,7.474942351E0
3.754315100E1,-1.290017395E0,8.035290527E0,-1.673220520E0,8.308411740E0
3.755310400E1,-1.468895416E0,8.080945587E0,-1.807940369E0,8.409993086E0
3.756305800E1,-1.286873932E0,7.687413940E0,-1.502725067E0,7.937919138E0
3.757301100E1,-8.563691711E-1,6.965165863E0,-1.204096069E0,7.120165096E0
3.758296400E1,-2.621049500E-1,6.198609924E0,-1.005608826E0,6.285118385E0
3.759291800E1,2.242337036E-1,5.431604919E0,-1.031954041E0,5.533312019E0
3.760287100E1,4.552033997E-1,4.890330505E0,-1.060843964E0,5.024732083E0
3.761282400E1,5.150788879E-1,4.728067932E0,-1.132395172E0,4.888992888E0
3.762277800E1,4.575984192E-1,4.934788055E0,-3.944297791E-1,4.971629946E0
3.763273100E1,4.959187317E-1,5.474715271E0,5.462141418E-1,5.524200628E0
3.764268500E1,6.042933655E-1,6.189778290E0,9.015751648E-1,6.284215426E0
3.765263800E1,6.683601379E-1,6.932683411E0,9.139993286E-1,7.024542641E0
3.766259100E1,8.201445007E-1,7.702382813E0,6.149212646E-1,7.770293827E0
3.767254500E1,1.134490814E0,8.476572876E0,6.304888916E-1,8.575364329E0
3.768249800E1,1.751507721E0,9.233997803E0,1.052311707E0,9.457370387E0
3.769245100E1,2.859204254E0,9.997110901E0,6.177653503E-1,1.041628098E1
3.770240500E1,4.407135315E0,1.086575455E1,-1.624122620E-1,1.172662958E1
3.771235800E1,6.071973267E0,1.179606995E1,-2.643502808E-1,1.326974026E1
3.772231100E1,7.144942017E0,1.266830612E1,4.077520752E-1,1.454999788E1
3.773226500E1,7.747888184E0,1.329355591E1,7.258406067E-1,1.540374125E1
3.774221800E1,7.899073792E0,1.351225113E1,4.258644104E-1,1.565751123E1
3.775217200E1,7.778724060E0,1.342243790E1,-7.485932922E-1,1.553160581E1
3.776212500E1,7.536078644E0,1.321796310E1,-1.748813324E0,1.531552735E1
3.777207800E1,6.864275665E0,1.256487122E1,-1.564396820E0,1.440283328E1
3.778203200E1,6.637048187E0,1.221519836E1,-9.518705750E-1,1.393440122E1
3.779198500E1,6.817722473E0,1.223585541E1,-5.566923523E-1,1.401810985E1
3.780193800E1,6.846013641E0,1.192689789E1,-4.951702881E-1,1.376095889E1
3.781189200E1,6.917714539E0,1.129985184E1,-5.731581116E-1,1.326159629E1
3.782184500E1,6.849755859E0,1.056158707E1,-9.211843872E-1,1.262199895E1
3.783179800E1,6.548432465E0,9.738149414E0,-1.390608215E0,1.181724642E1
3.784175200E1,6.431076508E0,9.242979126E0,-1.707948303E0,1.138896376E1
3.785170500E1,6.151607666E0,8.876541138E0,-1.950593719E0,1.097451937E1
3.786165900E1,5.907764740E0,8.724756775E0,-1.831441498E0,1.069472968E1
3.787161200E1,5.680237885E0,8.587342529E0,-1.648072815E0,1.042706565E1
3.788156500E1,5.343737640E0,8.462951202E0,-1.515448608E0,1.012292742E1
3.789151900E1,5.049599304E0,8.291258240E0,-1.368304596E0,9.803860148E0
3.790147200E1,4.731361084E0,8.036637726E0,-1.351539459E0,9.423374266E0
3.791142500E1,4.275708618E0,7.683971100E0,-1.671424255E0,8.950908060E0
3.792137900E1,3.936963043E0,7.346423035E0,-2.003134460E0,8.572173416E0
3.793133200E1,3.542832642E0,6.967411194E0,-2.073338470E0,8.086730754E0
3.794128600E1,3.210373993E0,6.680757294E0,-2.235601044E0,7.741894550E0
3.795123900E1,3.204236755E0,6.541546783E0,-2.345023499E0,7.652326621E0
3.796119200E1,3.400179291E0,6.450536041E0,-2.221679993E0,7.622761732E0
3.797114600E1,3.703298950E0,6.550228729E0,-1.952090607E0,7.773710649E0
3.798109900E1,3.770808563E0,6.556216278E0,-1.074615326E0,7.639225563E0
3.799105200E1,4.122277679E0,7.013515320E0,-5.143304443E-1,8.151509444E0
3.800100600E1,3.774401093E0,6.933880920E0,-1.122216339E0,7.973968757E0
3.801095900E1,3.659290466E0,7.778724060E0,-1.579814758E0,8.740410139E0
3.802091200E1,3.243455200E0,8.169112244E0,-1.325643311E0,8.888854070E0
3.803086600E1,2.742297363E0,8.082592163E0,-9.539662170E-1,8.588279365E0
3.804081900E1,2.670147400E0,8.294252014E0,-6.879693604E-1,8.740572376E0
3.805077300E1,2.346520386E0,7.732919312E0,-8.638536072E-1,8.127142306E0
3.806072600E1,2.542013855E0,7.522007904E0,-1.282233582E0,8.042795553E0
3.807067900E1,2.944826202E0,7.707172852E0,-1.644031219E0,8.412808887E0
3.808063300E1,3.202889557E0,7.769593048E0,-1.976639557E0,8.633202279E0
3.809058600E1,2.979104919E0,6.862629089E0,-1.867965546E0,7.711033615E0
3.810053900E1,3.678450623E0,6.732399902E0,-2.330503693E0,8.017945802E0
3.811049300E1,3.700604553E0,6.112838287E0,-1.923350372E0,7.400036665E0
3.812044600E1,3.617527313E0,5.537285156E0,-1.316661987E0,6.744006936E0
3.813040000E1,3.835025024E0,5.311105499E0,-1.012045441E0,6.628687241E0
3.814035300E1,4.299509125E0,5.789959717E0,-6.924600220E-1,7.244923265E0
3.815030600E1,4.247267761E0,6.712640991E0,-6.536906433E-1,7.970328975E0
3.816026000E1,3.947441254E0,7.741900635E0,-9.987231445E-1,8.747386227E0
3.817021300E1,3.734733582E0,8.276738434E0,-1.241967316E0,9.164884988E0
3.818016600E1,3.893403625E0,8.322393494E0,-1.474733276E0,9.305679099E0
3.819012000E1,4.290677490E0,8.348439331E0,-1.441352692E0,9.496517792E0
3.820007300E1,4.691843262E0,8.571176147E0,-1.248254242E0,9.850715324E0
3.821002600E1,4.949906616E0,8.973240051E0,-1.162033539E0,1.031362858E1
3.821998000E1,5.050497437E0,9.303004303E0,-1.063987427E0,1.063886661E1
3.822993300E1,4.845423889E0,9.125623169E0,-1.099613342E0,1.039058614E1
3.823988700E1,4.574038239E0,8.847651215E0,-1.023421783E0,1.001249969E1
3.824984000E1,4.419110413E0,9.297016754E0,-7.714956665E-1,1.032270618E1
3.825979300E1,4.220473480E0,1.040501266E1,-6.430627441E-1,1.124678686E1
3.826974700E1,4.298161926E0,1.105106918E1,-7.807763672E-1,1.188317877E1
3.827970000E1,4.556824036E0,1.183513870E1,-9.744735718E-1,1.271946352E1
3.828965300E1,4.288581848E0,1.282188675E1,-1.646126862E0,1.361992833E1
3.829960700E1,3.651356964E0,1.329610062E1,-2.335293732E0,1.398471652E1
3.830956000E1,2.907703400E0,1.301633240E1,-2.454595642E0,1.356114626E1
3.831951400E1,2.545756073E0,1.253867569E1,-2.318528595E0,1.300287802E1
3.832946700E1,2.479593658E0,1.222223373E1,-2.301613770E0,1.268182984E1
3.833942000E1,2.456092529E0,1.184980820E1,-2.153871002E0,1.229184710E1
3.834937400E1,2.583327942E0,1.170296356E1,-1.691781921E0,1.210351459E1
3.835932700E1,2.674787750E0,1.151719986E1,-2.593207397E0,1.210475554E1
3.836928000E1,2.583178253E0,1.139819733E1,-3.082839203E0,1.208700169E1
3.837923400E1,2.669997711E0,1.171299271E1,-2.981050873E0,1.237779262E1
3.838918700E1,2.742746429E0,1.199575470E1,-2.822081451E0,1.262477455E1
3.839914000E1,2.640359344E0,1.179008240E1,-2.577340393E0,1.235395580E1
3.840909400E1,2.472558289E0,1.124147324E1,-2.597548370E0,1.179964078E1
3.841904700E1,2.306104431E0,1.041085052E1,-2.677781525E0,1.099429125E1
3.842900100E1,2.135159912E0,9.540709991E0,-2.633323975E0,1.012513951E1
3.843895400E1,1.975142670E0,9.015452271E0,-2.541115723E0,9.572713164E0
3.844890700E1,1.706750793E0,8.396190033E0,-2.336042175E0,8.880658668E0
3.845886100E1,1.909129944E0,7.719746704E0,-2.424807587E0,8.313781219E0
3.846881400E1,2.065854034E0,7.254963226E0,-2.295476532E0,7.884887876E0
3.847876700E1,2.245779877E0,7.010970612E0,-2.143392792E0,7.667552988E0
3.848872100E1,2.374811554E0,6.927144928E0,-2.033371582E0,7.599978076E0
3.849867400E1,2.390079803E0,7.116351471E0,-1.850302277E0,7.731659475E0
3.850862800E1,2.276016998E0,7.429350586E0,-1.703906708E0,7.954797394E0
3.851858100E1,2.148033142E0,7.789202271E0,-2.031275940E0,8.331374457E0
3.852853400E1,2.105371857E0,7.969726868E0,-2.330054626E0,8.566112979E0
3.853848800E1,1.839225311E0,8.149802399E0,-2.795287170E0,8.809974986E0
3.854844100E1,1.781295776E0,8.128696289E0,-2.648891602E0,8.733003190E0
3.855839400E1,1.938319244E0,7.942633209E0,-2.295326843E0,8.491821307E0
3.856834800E1,2.211351471E0,7.740254059E0,-2.195634155E0,8.344004888E0
3.857830100E1,2.149829407E0,7.732769623E0,-2.258952484E0,8.337886953E0
3.858825500E1,2.185605011E0,7.752229156E0,-2.484084320E0,8.428795944E0
3.859820800E1,2.207160187E0,7.842641144E0,-2.506537628E0,8.524160198E0
3.860816100E1,2.161056061E0,8.117469635E0,-2.438429260E0,8.746965979E0
3.861811500E1,2.290536804E0,8.465944977E0,-2.529739380E0,9.127889380E0
3.862806800E1,2.514620819E0,8.556806030E0,-2.569706268E0,9.281467428E0
3.863802100E1,2.702330475E0,8.462651825E0,-2.433339844E0,9.210874481E0
3.864797500E1,3.055446167E0,8.239465942E0,-2.760559387E0,9.211147509E0
3.865792800E1,3.325933685E0,8.222401428E0,-2.878364410E0,9.324950499E0
3.866788100E1,3.648812256E0,8.479117584E0,-2.981949005E0,9.700581722E0
3.867783500E1,3.636388092E0,8.850345612E0,-3.173400879E0,1.008079406E1
3.868778800E1,3.503913574E0,9.151219940E0,-3.132086792E0,1.028747804E1
3.869774200E1,3.359763336E0,9.277856598E0,-2.942880249E0,1.029694988E1
3.870769500E1,3.167563019E0,8.943601685E0,-2.668351135E0,9.856042023E0
3.871764800E1,2.805615692E0,8.429720306E0,-3.092269592E0,9.407114068E0
3.872760200E1,2.559377747E0,8.170160065E0,-3.098556519E0,9.105107491E0
3.873755500E1,2.511028290E0,8.355474701E0,-2.856509857E0,9.180352342E0
3.874750800E1,2.612966309E0,8.855285339E0,-2.662064209E0,9.608863472E0
3.875746200E1,2.975811768E0,9.318871307E0,-2.874322815E0,1.019600656E1
3.876741500E1,3.403771820E0,9.566007385E0,-3.346890106E0,1.069092294E1
3.877736900E1,3.841761017E0,9.504036255E0,-3.781286774E0,1.092629683E1
3.878732200E1,4.246968384E0,9.182953949E0,-4.138444061E0,1.093115286E1
3.879727500E1,4.593048706E0,8.739725647E0,-4.240082703E0,1.074510131E1
3.880722900E1,4.907395020E0,8.178842010E0,-4.033512268E0,1.035592602E1
3.881718200E1,5.006339264E0,7.757617950E0,-3.478466492E0,9.866296074E0
3.882713500E1,4.744982758E0,7.703131256E0,-3.338507538E0,9.643584660E0
3.883708900E1,4.141886902E0,7.795040131E0,-3.509152679E0,9.499054178E0
3.884704200E1,3.781436462E0,8.077802124E0,-3.595672760E0,9.616600827E0
3.885699600E1,3.826043701E0,8.233628082E0,-3.606001282E0,9.769057633E0
3.886694900E1,3.950285339E0,8.256380768E0,-3.440595245E0,9.778050587E0
3.887690200E1,4.116739197E0,8.227939911E0,-3.583697662E0,9.873673365E0
3.888685600E1,4.099674683E0,8.245603180E0,-3.383563843E0,9.810494818E0
3.889680900E1,4.069138184E0,8.559350739E0,-3.050955505E0,9.956339695E0
3.890676200E1,4.124972076E0,9.034313049E0,-2.811752930E0,1.032182937E1
3.891671600E1,4.220323792E0,9.468260651E0,-3.043620758E0,1.080382895E1
3.892666900E1,4.464615784E0,9.961634674E0,-3.257825317E0,1.139211944E1
3.893662300E1,4.685107269E0,1.010967682E1,-3.266058197E0,1.161132773E1
3.894657600E1,4.619094543E0,9.858648834E0,-3.403472443E0,1.140669172E1
3.895652900E1,4.530478821E0,9.522447968E0,-3.330424347E0,1.105866086E1
3.896648300E1,4.642595673E0,9.153465271E0,-2.900368652E0,1.066544698E1
3.897643600E1,4.719385986E0,8.702153778E0,-2.044747925E0,1.010846569E1
3.898638900E1,5.151836700E0,8.828491058E0,-3.620970154E-1,1.022813717E1
3.899634300E1,5.716612244E0,9.729317780E0,-4.026626587E-2,1.128454259E1
3.900629600E1,5.964496765E0,1.050680099E1,-8.797206116E-1,1.211371112E1
3.901625000E1,5.802683258E0,1.100810852E1,-8.610095215E-1,1.247360908E1
3.902620300E1,5.159470825E0,1.107457031E1,-1.226998444E0,1.227891575E1
3.903615600E1,4.425247650E0,1.050216064E1,-7.673043823E-1,1.142221305E1
3.904611000E1,4.144730988E0,9.598340149E0,-1.302291870E-2,1.045500350E1
3.905606300E1,4.102518768E0,8.524024200E0,4.821473694E-1,9.472175827E0
3.906601600E1,3.983216858E0,7.721692657E0,1.247056732E0,8.777568258E0
3.907597000E1,3.849694519E0,7.090006256E0,8.349636841E-1,8.110826157E0
3.908592300E1,3.942202148E0,7.047344971E0,-2.406994629E-1,8.078611585E0
3.909587700E1,3.979923706E0,7.274722137E0,-3.251239014E-1,8.298619188E0
3.910583000E1,4.343667297E0,7.701185303E0,-1.561253357E-1,8.843080672E0
3.911578300E1,4.919968872E0,8.431217194E0,-1.279838562E-1,9.762576347E0
3.912573700E1,5.338947601E0,9.019493866E0,-1.799258423E-1,1.048274794E1
3.913569000E1,5.534141693E0,9.572144623E0,-5.086422729E-1,1.106848652E1
3.914564300E1,5.289999390E0,1.010593460E1,-7.089257812E-1,1.142876124E1
3.915559700E1,4.767136688E0,1.064840652E1,-1.005758514E0,1.171006848E1
3.916555000E1,4.157454529E0,1.108444977E1,-1.507365417E0,1.193405234E1
3.917550400E1,3.714675293E0,1.134730316E1,-1.907483368E0,1.209126107E1
3.918545700E1,3.656147003E0,1.153995255E1,-1.929936676E0,1.225816345E1
3.919541000E1,3.862418060E0,1.160267212E1,-2.065554657E0,1.240188653E1
3.920536400E1,4.207749939E0,1.126557312E1,-2.070644073E0,1.220269905E1
3.921531700E1,4.588707733E0,1.062834824E1,-1.516346741E0,1.167550137E1
3.922527000E1,4.737198944E0,9.835896149E0,-1.389710083E0,1.100532603E1
3.923522400E1,4.646188202E0,8.869655457E0,-1.797013092E0,1.017286139E1
3.924517700E1,4.468657379E0,8.121660919E0,-1.801204376E0,9.443231018E0
3.925513100E1,4.254752197E0,7.701784058E0,-1.715283051E0,8.964518385E0
3.926508400E1,4.061054993E0,7.519163818E0,-1.772314453E0,8.727605095E0
3.927503700E1,3.813170471E0,7.547005920E0,-1.600471802E0,8.605758386E0
3.928499100E1,3.618275757E0,7.562723236E0,-1.415007477E0,8.502290771E0
3.929494400E1,3.506607971E0,7.364984436E0,-1.391656036E0,8.275022763E0
3.930489700E1,3.698957977E0,7.247927856E0,-1.112636261E0,8.212959745E0
3.931485100E1,3.905528412E0,7.228318634E0,-1.205742645E0,8.303948325E0
3.932480400E1,3.914659424E0,7.384294281E0,-1.085692291E0,8.427994316E0
3.933475800E1,3.800147552E0,7.722740479E0,-9.012757874E-1,8.654140048E0
3.934471100E1,3.861070862E0,7.629035339E0,-1.240171051E0,8.639911611E0
3.935466400E1,4.038451996E0,7.373666382E0,-2.209555206E0,8.692651186E0
3.936461800E1,4.070335693E0,6.984924774E0,-2.747835846E0,8.538583524E0
3.937457100E1,4.173620911E0,6.566844177E0,-2.679428101E0,8.229331012E0
3.938452454E1,4.310436401E0,6.541247406E0,-2.350262604E0,8.178723244E0
3.939447854E1,4.285588074E0,6.575226746E0,-1.758094025E0,8.043057037E0
3.940443154E1,4.509223022E0,6.804998932E0,-1.385369110E0,8.280117771E0
3.941438554E1,4.776267700E0,7.069349213E0,-1.473386078E0,8.657903786E0
3.942433854E1,4.944068756E0,7.492219849E0,-8.208929443E-1,9.013935841E0
3.943429154E1,5.687722321E0,8.021818542E0,-1.311722260E0,9.920704270E0
3.944424554E1,5.365143127E0,8.147407379E0,-2.640958099E0,1.010641714E1
3.945419854E1,4.729415131E0,8.446036377E0,-3.284020844E0,1.022192207E1
3.946415154E1,4.531376953E0,8.571774902E0,-3.153941345E0,1.019588388E1
3.947410554E1,4.146976318E0,8.752748566E0,-3.709436188E0,1.037149637E1
3.948405854E1,3.982917480E0,8.334817657E0,-4.182602234E0,1.014036382E1
3.949401254E1,3.954326935E0,7.518415375E0,-3.898792419E0,9.346863302E0
3.950396554E1,4.516857147E0,6.732399902E0,-3.324436798E0,8.762367657E0
3.951391854E1,5.410947876E0,6.300547943E0,-2.935395813E0,8.808621338E0
3.952387254E1,6.236181793E0,6.291865997E0,-3.036136322E0,9.364596353E0
3.953382554E1,6.807693329E0,6.637946320E0,-3.367846527E0,1.008709126E1
3.954377954E1,7.323520660E0,7.141199799E0,-4.063899078E0,1.100663278E1
3.955373254E1,7.086114349E0,7.294930115E0,-5.326972504E0,1.148066453E1
3.956368554E1,6.795269165E0,7.254963226E0,-5.530249786E0,1.137514119E1
3.957363954E1,6.319408722E0,6.991660767E0,-4.263583832E0,1.034390613E1
3.958359254E1,6.779102783E0,6.919211426E0,-3.902085571E0,1.044308351E1
3.959354554E1,6.729106750E0,7.009174347E0,-3.871100006E0,1.045919777E1
3.960349954E1,6.293512573E0,7.245682526E0,-4.061354370E0,1.042126744E1
3.961345254E1,5.773793335E0,7.356003113E0,-3.510499878E0,9.988547475E0
3.962340654E1,5.829627228E0,7.147935791E0,-2.735711060E0,9.620896772E0
3.963335954E1,5.619613953E0,6.844666443E0,-1.772763519E0,9.031733509E0
3.964331254E1,5.344635773E0,6.695875854E0,-1.451381836E0,8.689441538E0
3.965326654E1,5.024152222E0,6.750661926E0,-6.339317322E-1,8.438922409E0
3.966321954E1,4.599635010E0,7.176077271E0,-2.481838989E-1,8.527269344E0
3.967317254E1,3.964056702E0,7.852221222E0,-9.879455566E-3,8.796091249E0
3.968312654E1,3.415896606E0,8.749305725E0,6.083349609E-1,9.412160842E0
3.969307954E1,3.020419006E0,9.684560852E0,8.018824768E-1,1.017627954E1
3.970303354E1,2.880010986E0,1.062370789E1,4.981640625E-1,1.101843001E1
3.971298654E1,2.926863556E0,1.217403397E1,1.492396545E-1,1.252181719E1
3.972293954E1,3.192411346E0,1.390338776E1,1.182540894E-2,1.426519615E1
3.973289354E1,3.706592102E0,1.463102463E1,-1.597178650E-1,1.509407885E1
3.974284654E1,4.273912354E0,1.434182602E1,-4.863386536E-1,1.497300323E1
3.975279954E1,4.735252991E0,1.349503693E1,-2.475851440E-1,1.430384357E1
3.976275354E1,5.293891296E0,1.264495468E1,-4.070036316E-1,1.371443823E1
3.977270654E1,5.558540955E0,1.224543549E1,-8.882528687E-1,1.347727943E1
3.978266054E1,5.758974152E0,1.212433731E1,-8.041278076E-1,1.344663378E1
3.979261354E1,5.604944458E0,1.232686615E1,-1.115480347E0,1.358717512E1
3.980256654E1,5.398972778E0,1.269060974E1,-1.585203552E0,1.388212350E1
3.981252054E1,5.060526581E0,1.288849823E1,-1.701062622E0,1.395048135E1
3.982247354E1,4.530029755E0,1.271216492E1,-1.579365692E0,1.358729931E1
3.983242754E1,3.930077362E0,1.182031952E1,-1.728605347E0,1.257591102E1
3.984238054E1,3.563489685E0,1.051009415E1,-1.488504639E0,1.119715070E1
3.985233354E1,3.238365784E0,9.397757263E0,-8.634045410E-1,9.977490763E0
3.986228754E1,3.071612549E0,8.612041168E0,-5.376818848E-1,9.159211677E0
3.987224054E1,3.087030487E0,7.759264526E0,-3.529660034E-1,8.358261076E0
3.988219354E1,2.804717560E0,7.049590302E0,-2.110610962E-1,7.589974361E0
3.989214754E1,2.346670074E0,6.705306244E0,-6.542893982E-1,7.134149345E0
3.990210054E1,2.136207733E0,6.849007416E0,-1.768572235E0,7.389190335E0
3.991205454E1,2.221979370E0,7.030579834E0,-2.329455872E0,7.732568123E0
3.992200754E1,2.141446838E0,7.330556030E0,-1.985620880E0,7.890851447E0
3.993196054E1,1.957030334E0,7.920778656E0,-1.051712952E0,8.226469618E0
3.994191454E1,1.995650024E0,8.654403076E0,-6.255491638E-1,8.903517472E0
3.995186754E1,2.269281006E0,9.292226715E0,-8.946894836E-1,9.607059013E0
3.996182154E1,2.525548096E0,9.675429840E0,-1.523980865E0,1.011508050E1
3.997177454E1,2.612517242E0,9.481732635E0,-2.208657074E0,1.008001320E1
3.998172754E1,2.494263153E0,8.671617279E0,-2.966231689E0,9.498253805E0
3.999168154E1,2.272873535E0,7.782316589E0,-2.774630127E0,8.569071008E0
4.000163454E1,2.130070496E0,7.780370636E0,-1.560953979E0,8.216321858E0
4.001158754E1,2.186203766E0,8.595575409E0,-3.366499329E-1,8.875625989E0
4.002154154E1,2.266287231E0,9.247619476E0,3.667373657E-2,9.521337551E0
4.003149454E1,2.334694977E0,9.063502350E0,-3.231779480E-1,9.364951653E0
4.004144854E1,2.292033691E0,8.847202148E0,-9.511221313E-1,9.188636330E0
4.005140154E1,2.392774200E0,8.971743164E0,-1.657952271E0,9.432197491E0
4.006135454E1,2.824177094E0,9.205706635E0,-2.502196655E0,9.948969746E0
4.007130854E1,3.100652161E0,9.052425385E0,-2.497556305E0,9.889299099E0
4.008126154E1,3.083288269E0,8.989556122E0,-1.769170990E0,9.666889459E0
4.009121554E1,3.017574921E0,9.318422241E0,-1.348096619E0,9.887169259E0
4.010116854E1,2.997366943E0,9.428443451E0,-9.855505371E-1,9.942387257E0
4.011112154E1,2.545606384E0,9.618548126E0,-8.304730225E-1,9.984300945E0
4.012107554E1,2.016157379E0,9.622739410E0,-1.039737854E0,9.886508946E0
4.013102854E1,1.924398193E0,9.778565369E0,-1.432071991E0,1.006848942E1
4.014098154E1,2.089055786E0,1.008812164E1,-1.589843903E0,1.042410457E1
4.015093554E1,2.428100739E0,1.026071274E1,-1.992805939E0,1.073075834E1
4.016088854E1,2.742447052E0,1.023107437E1,-2.311193848E0,1.084147202E1
4.017084254E1,2.429747314E0,9.830956421E0,-1.559457092E0,1.024613501E1
4.018079554E1,2.228865051E0,9.450597382E0,-6.086343384E-1,9.728929337E0
4.019074854E1,1.980381775E0,8.936117249E0,-1.498384094E-1,9.154155068E0
4.020070254E1,1.626667328E0,8.406219177E0,-8.008346558E-1,8.599529266E0
4.021065554E1,1.067130890E0,7.473508759E0,-1.881138153E0,7.780153099E0
4.022060854E1,3.603007507E-1,6.868466949E0,-1.929337921E0,7.143388529E0
4.023056254E1,4.326004028E-2,7.053482208E0,-1.917213135E0,7.309527269E0
4.024051554E1,5.114863586E-1,7.831264801E0,-1.470242615E0,7.984481199E0
4.025046954E1,1.674567719E0,9.165590057E0,-8.836125183E-1,9.359112630E0
4.026042254E1,2.318378906E0,9.984686737E0,-2.990780640E-1,1.025467199E1
4.027037554E1,2.590662689E0,1.066232758E1,-3.381468201E-1,1.097775504E1
4.028032954E1,2.324965210E0,1.130359406E1,-1.428479462E0,1.162829546E1
4.029028254E1,2.586471405E0,1.208137665E1,-2.876119080E0,1.268548608E1
4.030023654E1,2.516866150E0,1.259391083E1,-3.002456360E0,1.318923612E1
4.031018954E1,2.327210541E0,1.271201523E1,-2.540067902E0,1.317054232E1
4.032014254E1,1.892664185E0,1.223585541E1,-2.008223877E0,1.254317737E1
4.033009654E1,1.527872772E0,1.160207336E1,-1.874851227E0,1.185147960E1
4.034004954E1,1.298399963E0,1.079375427E1,-2.189496918E0,1.108985440E1
4.035000354E1,1.095122681E0,9.593849487E0,-3.230731659E0,1.018228210E1
4.035995654E1,6.099815369E-1,7.616311798E0,-3.900888062E0,8.578881661E0
4.036990954E1,9.295669556E-2,5.392685852E0,-4.869972839E0,7.266796894E0
4.037986354E1,8.382568359E-3,3.425027618E0,-5.867049408E0,6.793611205E0
4.038981850E1,-2.612068176E-1,8.409512329E-1,-4.060755615E0,4.155137079E0
4.039977150E1,-1.993853760E-1,-1.626367950E0,-1.621128845E0,2.304969842E0
4.040972550E1,3.665876770E-1,-3.486549683E0,5.912704468E-2,3.506267420E0
4.041967850E1,8.855584717E-1,-4.191583557E0,7.752378845E-1,4.353685829E0
4.042963250E1,1.370549927E0,-3.704197083E0,-2.920426941E-1,3.960400493E0
4.043958550E1,1.422791290E0,-2.333946533E0,-1.463057556E0,3.100351414E0
4.044953850E1,9.918374634E-1,-6.560856628E-1,-2.443818054E0,2.717799962E0
4.045949250E1,-3.333567810E-1,-1.130149841E-1,-2.606230316E0,2.629892696E0
4.046944550E1,-1.176852722E0,3.450175323E0,-2.664459229E0,4.515311182E0
4.047939950E1,1.851649475E-1,8.329728241E0,-2.879262543E0,8.815260145E0
4.048935250E1,3.407214661E0,1.351299957E1,-2.977009277E0,1.425036327E1
4.049930550E1,7.230414276E0,1.883637955E1,-2.483784943E0,2.032873023E1
4.050925950E1,1.003483246E1,2.169708069E1,-1.388063507E0,2.394551927E1
4.051921250E1,9.828860779E0,2.094115265E1,-1.368753662E0,2.317351646E1
4.052916650E1,7.378905487E0,1.977253281E1,5.007087708E-1,2.111047155E1
4.053911950E1,5.045707397E0,2.160172897E1,1.693727875E0,2.224775431E1
4.054907250E1,4.669389954E0,2.634117325E1,-4.221221924E-1,2.675516395E1
4.055902650E1,5.280119934E0,2.924872696E1,-4.067192230E0,2.999849576E1
4.056897950E1,6.042933655E0,2.922193268E1,-5.130431213E0,3.027804024E1
4.057893250E1,6.835685120E0,2.748210068E1,-5.175786896E0,2.878856055E1
4.058888650E1,7.911947021E0,2.615750519E1,-6.810537415E0,2.816376046E1
4.059883950E1,9.862690430E0,2.682227280E1,-9.134155426E0,3.000232951E1
4.060879350E1,1.063807800E1,2.647334839E1,-1.003707779E1,3.024483111E1
4.061874650E1,9.510173492E0,2.525173874E1,-9.822723541E0,2.871549420E1
4.062869950E1,7.963589630E0,2.455658432E1,-9.078321533E0,2.736531591E1
4.063865350E1,6.088289337E0,2.330877914E1,-8.344697113E0,2.549510585E1
4.064860650E1,5.014422455E0,2.247157013E1,-5.849086761E0,2.375558277E1
4.065855950E1,5.515131226E0,2.225422211E1,-2.904410248E0,2.311066146E1
4.066851350E1,6.017037506E0,2.066677322E1,-2.547103271E0,2.167505458E1
4.067846650E1,6.040987701E0,1.841395798E1,-4.483775940E0,1.989149636E1
4.068842050E1,5.465284882E0,1.673310333E1,-5.157824249E0,1.834309780E1
4.069837350E1,4.264931030E0,1.571222626E1,-5.067262573E0,1.705112432E1
4.070832650E1,3.140169983E0,1.299432816E1,-5.128784637E0,1.431843789E1
4.071828050E1,1.794318695E0,8.025261383E0,-4.450095978E0,9.350280961E0
4.072823350E1,1.609453125E0,2.326013031E0,-2.425106964E0,3.725831420E0
4.073818750E1,2.187101898E0,-3.666774902E0,5.514532471E-1,4.304968476E0
4.074814050E1,1.443448334E0,-7.067852325E0,5.144501953E0,8.860247171E0
4.075809350E1,-7.792794800E-1,-7.991282043E0,8.067473602E0,1.138209100E1
4.076804750E1,-3.295546875E0,-8.422086182E0,9.120683441E0,1.284441635E1
4.077800050E1,-5.821394348E0,-6.340215454E0,9.716743927E0,1.298083498E1
4.078795450E1,-7.623047791E0,3.359014893E-1,9.510173492E0,1.219291135E1
4.079790750E1,-7.149282990E0,4.946912842E0,8.484506378E0,1.214788222E1
4.080786050E1,-4.651277618E0,5.504802704E0,6.080804901E0,9.429391525E0
4.081781450E1,-3.995641022E0,5.297184448E0,2.141147461E0,6.972074491E0
4.082776750E1,-3.248843994E0,4.829407196E0,1.763333130E0,6.081735352E0
4.083772050E1,1.250349884E0,2.331401825E0,1.124910736E0,2.874757984E0
4.084767450E1,5.552403717E0,-9.580078125E-2,-2.868934021E0,6.250531757E0
4.085762750E1,9.071884918E0,-1.457968140E0,-3.598516846E0,9.867831097E0
4.086758150E1,1.391281815E1,-7.590715027E-1,-3.130440216E0,1.428083871E1
4.087753450E1,1.161749130E1,1.777403870E0,-5.300178223E0,1.289252333E1
4.088748750E1,4.757855988E0,1.582509155E0,-3.763623505E0,6.269480896E0
4.089744150E1,1.236728210E0,-1.689386902E0,8.340805206E0,8.599567214E0
4.090739450E1,6.342311096E-1,-1.459614716E0,1.388811951E1,1.397900525E1
4.091734850E1,4.404440918E0,-8.391549683E-1,1.856858643E1,1.910224287E1
4.092730150E1,5.631439362E0,1.047821045E-1,2.542148575E1,2.603797277E1
4.093725450E1,4.235442352E0,2.544708252E0,3.134646469E1,3.173350533E1
4.094720850E1,7.211254120E0,5.119953003E0,3.058739319E1,3.184030036E1
4.095716150E1,1.092952194E1,4.216731262E0,2.647289932E1,2.894908757E1
4.096711550E1,1.319835388E1,2.619702301E0,2.197310669E1,2.576580686E1
4.097706850E1,1.428763870E1,2.957699432E0,1.719579117E1,2.255171478E1
4.098702150E1,1.241069183E1,4.170327759E0,1.418046158E1,1.930032114E1
4.099697550E1,7.574398956E0,7.138206024E0,1.459360245E1,1.792480787E1
4.100692850E1,-2.125579834E-2,8.543483734E0,1.204275696E1,1.476548547E1
4.101688150E1,-4.724924469E0,5.469775543E0,6.097120972E0,9.456121820E0
4.102683550E1,-3.228785706E0,2.685116272E0,-8.184979248E-1,4.278416223E0
4.103678850E1,1.218466187E0,7.044351196E-1,-4.648583221E0,4.856975875E0
4.104674250E1,9.442663879E0,1.283026932E1,4.699627075E0,1.660922053E1
4.105669550E1,4.123624878E0,7.679480438E0,1.094673615E1,1.399320314E1
4.106664850E1,4.179159393E0,4.234095154E0,9.173972626E0,1.093410759E1
4.107660250E1,5.635780334E0,-5.309608612E0,1.136796021E1,1.375443502E1
4.108655550E1,6.340065765E0,-7.264393616E0,9.634115753E0,1.363026173E1
4.109650950E1,5.016368408E0,-1.127650040E1,2.891387329E0,1.267610089E1
4.110646250E1,7.417076111E-1,-1.976040802E1,4.210294647E0,2.021757741E1
4.111641550E1,1.620380402E0,-1.435305267E1,6.881639557E0,1.599977239E1
4.112636950E1,6.200256500E0,-5.766308899E0,7.789351959E0,1.150510769E1
4.113632250E1,7.085365906E0,1.428928528E0,1.347617615E1,1.529220620E1
4.114627650E1,5.905220032E-1,6.331683197E0,9.393865356E0,1.134388094E1
4.115622950E1,-2.057621155E0,7.827672272E0,4.078568573E0,9.063166092E0
4.116618250E1,-3.180885315E0,1.014605118E1,3.026556244E0,1.105533485E1
4.117613650E1,-4.789739685E0,1.318428314E1,5.037025452E0,1.490431326E1
4.118608950E1,-1.039393570E1,1.352946533E1,3.128643951E0,1.734556844E1
4.119604250E1,-1.372001907E1,1.220726486E1,1.072968750E0,1.839585553E1
4.120599650E1,-6.011499023E0,1.146900009E1,1.771715698E0,1.306962356E1
4.121594950E1,2.482138367E0,1.086066513E1,2.389630737E0,1.139409466E1
4.122590350E1,5.319637756E0,1.143157791E1,5.129832458E-1,1.261913908E1
4.123585650E1,5.900280304E0,1.355161926E1,-2.397564240E0,1.497357695E1
4.124580950E1,5.720055084E0,1.563199310E1,-2.703677673E0,1.686381071E1
4.125576350E1,3.412154388E0,1.773556870E1,-2.784210205E0,1.827416266E1
4.126571650E1,4.999603271E-2,1.954051529E1,-2.840493164E0,1.974595247E1
4.127567050E1,-1.243015137E0,1.559277466E1,-3.264261932E0,1.597920881E1
4.128562350E1,2.314786377E0,1.145283371E1,-2.790347443E0,1.201297943E1
4.129557650E1,5.227728882E0,8.847052460E0,-1.997745667E0,1.046854690E1
4.130553050E1,7.983647919E0,6.080954590E0,-2.458188171E0,1.033244075E1
4.131548350E1,7.222929840E0,7.003486176E0,-5.166805573E0,1.130996967E1
4.132543750E1,3.332819366E0,7.445666656E0,-9.004075928E0,1.214985680E1
4.133539050E1,6.029461670E-1,7.620952148E0,-7.415130157E0,1.065019300E1
4.134534350E1,-6.298901367E-1,8.834927673E0,-6.358776855E0,1.090352015E1
4.135529750E1,-3.754941559E0,7.765401764E0,-6.082301788E0,1.055440409E1
4.136525050E1,-5.932912445E0,8.836274872E0,-5.278922424E0,1.188049770E1
4.137520350E1,-5.190456390E0,1.014919464E1,-3.060834961E0,1.180320719E1
4.138515487E1,-2.663261719E0,1.206506058E1,8.337661743E-2,1.235579222E1
4.139510787E1,-3.966451721E0,1.171104675E1,-3.331172791E0,1.280539212E1
4.140506188E1,-1.891616364E0,1.039019348E1,-1.889371033E0,1.072865583E1
4.141501488E1,2.122286682E0,8.544531555E0,-2.813698883E0,9.242836235E0
4.142496788E1,5.198240204E0,8.083939362E0,-4.963977356E0,1.081724771E1
4.143492188E1,7.349117432E0,7.775131531E0,-6.474186859E0,1.250509068E1
4.144487488E1,8.666378174E0,7.800728302E0,-9.188642120E0,1.484549146E1
4.145482888E1,8.478219452E0,8.969647522E0,-1.281904266E1,1.779501718E1
4.146478188E1,5.119054871E0,9.699529724E0,-1.306108932E1,1.705513571E1
4.147473488E1,2.779719543E0,9.475445709E0,-1.033989807E1,1.429770626E1
4.148468888E1,1.489253082E0,1.049946625E1,-1.010294083E1,1.464670883E1
4.149464188E1,-1.959425354E0,9.179660797E0,-1.090153015E1,1.438571791E1
4.150459487E1,-4.803660736E0,7.225773926E0,-1.056248520E1,1.366942058E1
4.151454887E1,-7.489226074E0,7.051985321E0,-9.635912018E0,1.409502765E1
4.152450187E1,-7.896678772E0,7.626041565E0,-7.166946259E0,1.311026942E1
4.153445587E1,-6.441255341E0,9.024882660E0,-7.257657623E0,1.325186295E1
4.154440887E1,-5.642516327E0,5.864654388E0,-8.172704773E0,1.153365792E1
4.155436187E1,-3.655248871E0,2.190694427E0,-9.186845856E0,1.012709846E1
4.156431587E1,-2.536924438E0,2.476749573E0,-1.058329193E1,1.116137725E1
4.157426887E1,-1.115630035E0,3.007545776E0,-1.133098709E1,1.177629952E1
4.158422287E1,1.008003845E0,2.274220734E0,-1.144849274E1,1.171563646E1
4.159417587E1,2.709964600E0,1.522034912E0,-1.253104156E1,1.291075138E1
4.160412887E1,4.068988495E0,2.346969452E0,-1.201626205E1,1.290176293E1
4.161408287E1,5.479355621E0,3.562890930E0,-1.231504074E1,1.394194241E1
4.162403587E1,6.111341400E0,4.034709778E0,-1.256591904E1,1.454406057E1
4.163398987E1,7.180867310E0,3.515439606E0,-1.371582779E1,1.587599140E1
4.164394287E1,7.127727814E0,4.329446869E0,-1.264734970E1,1.514939169E1
4.165389587E1,5.976172485E0,4.204756165E0,-1.149893784E1,1.362424983E1
4.166384987E1,5.782325592E0,2.923420715E0,-1.117291580E1,1.291571622E1
4.167380287E1,5.391338654E0,2.927162933E0,-1.099523529E1,1.259087028E1
4.168375587E1,5.083428955E0,1.305435333E0,-1.121782242E1,1.238486783E1
4.169370987E1,5.149890747E0,6.667135620E-1,-1.177017380E1,1.286479199E1
4.170366287E1,5.074297943E0,1.830693054E0,-1.143262573E1,1.264139501E1
4.171361688E1,4.522545319E0,2.758912811E0,-1.094928085E1,1.216354255E1
4.172356988E1,4.916675720E0,2.229164429E0,-1.270647675E1,1.380570264E1
4.173352288E1,5.648204498E0,1.593137054E0,-1.382584900E1,1.501980027E1
4.174347688E1,5.786067810E0,1.960922241E0,-1.353440506E1,1.484937430E1
4.175342988E1,6.203849030E0,1.171164551E0,-1.339220078E1,1.480575600E1
4.176338388E1,6.338568878E0,1.853146362E-1,-1.275138336E1,1.424112266E1
4.177333688E1,7.537126465E0,-1.109043732E0,-1.432955154E1,1.622881083E1
4.178328988E1,7.521259460E0,-3.860621796E0,-1.479702942E1,1.704188441E1
4.179324388E1,1.758483215E1,5.484594727E0,-1.628089371E1,2.458403142E1
4.180319688E1,2.137510025E1,1.063238983E0,-1.792597275E1,2.791712533E1
4.181315087E1,1.976429993E1,-2.006876678E0,-1.826037735E1,2.698326308E1
4.182310387E1,1.007000931E1,-8.524772644E-1,-1.746717682E1,2.018004140E1
4.183305687E1,-4.430786133E-2,1.345851288E0,-1.562720306E1,1.568511251E1
4.184301087E1,-2.368374939E0,1.426982574E0,-1.245170654E1,1.275501764E1
4.185296387E1,-3.055146790E-1,1.309776306E0,-1.236758148E1,1.244049536E1
4.186291687E1,1.134939880E0,1.641187134E0,-1.166658920E1,1.183599964E1
4.187287087E1,2.346221008E0,3.446582794E0,-1.007899063E1,1.090732498E1
4.188282387E1,3.661984863E0,5.999374237E0,-1.167482208E1,1.362732898E1
4.189277787E1,1.500479736E0,8.173303528E0,-1.087249054E1,1.368449416E1
4.190273087E1,1.136586456E0,8.022267609E0,-1.102741837E1,1.368402580E1
4.191268387E1,1.727407837E0,7.033573608E0,-1.436233337E1,1.608513959E1
4.192263787E1,1.809886322E0,7.530390472E0,-1.734278549E1,1.899354306E1
4.193259087E1,2.766546936E0,5.783822479E0,-1.340237961E1,1.485699039E1
4.194254487E1,4.158801727E0,4.803361359E0,-1.083476898E1,1.256025999E1
4.195249787E1,4.978646851E0,2.630779266E0,-9.886940002E0,1.137802736E1
4.196245087E1,4.523293762E0,2.961441650E0,-1.001866608E1,1.138437495E1
4.197240487E1,3.263513489E0,3.845952301E0,-1.037776932E1,1.153862927E1
4.198235787E1,1.843266907E0,3.007545776E0,-1.008692413E1,1.068592546E1
4.199231087E1,1.879192200E0,3.367247772E0,-8.648265839E0,9.469013829E0
4.200226487E1,2.494113464E0,2.244582367E0,-7.230713654E0,7.971321842E0
4.201221787E1,1.086590424E0,1.580114136E0,-7.002737732E0,7.260563007E0
4.202217187E1,1.163081360E-1,1.179696808E0,-7.157964935E0,7.255458232E0
4.203212487E1,-6.792874146E-1,8.461903381E-1,-6.660249939E0,6.748066296E0
4.204207787E1,-1.905986481E0,1.081501007E0,-6.080655212E0,6.463497250E0
4.205203188E1,-2.593057709E0,1.058149567E0,-5.492827606E0,6.165613019E0
4.206198488E1,-2.888094177E0,-3.634442139E-1,-5.227130127E0,5.982981618E0
4.207193888E1,-3.231330414E0,-9.445358276E-2,-4.902904358E0,5.872724143E0
4.208189188E1,-2.214944000E0,1.110690308E-1,-6.932084656E0,7.278194208E0
4.209184488E1,-2.816542969E0,-1.401685181E0,-6.372099152E0,7.106425490E0
4.210179888E1,-1.974543915E0,-2.063608704E0,-8.280630341E0,8.759346060E0
4.211175188E1,-2.607876892E0,-2.308649139E0,-8.258326721E0,8.962747512E0
4.212170588E1,-3.103196869E0,-3.180286560E0,-7.222630463E0,8.480002607E0
4.213165887E1,-2.922672272E0,-4.487967224E0,-7.637268219E0,9.328007765E0
4.214161187E1,-1.686093750E0,-4.107009430E0,-7.863447876E0,9.030185551E0
4.215156587E1,-4.526586914E-1,-4.140090637E0,-7.897576904E0,8.928436108E0
4.216151887E1,4.116439819E-1,-4.850812683E0,-6.791826324E0,8.356359212E0
4.217147287E1,2.469863892E-1,-4.830155640E0,-5.989345093E0,7.698289448E0
4.218142587E1,-6.556365967E-2,-5.630541229E0,-6.043083344E0,8.259912192E0
4.219137887E1,4.153862000E-1,-6.364614716E0,-5.589077454E0,8.480486599E0
4.220133287E1,1.030906219E0,-6.899751892E0,-5.085973663E0,8.633450753E0
4.221128587E1,9.699829102E-1,-7.579039307E0,-4.693040771E0,8.967013736E0
4.222123887E1,1.094224548E0,-8.581055603E0,-5.283862152E0,1.013661886E1
4.223119287E1,4.655319214E-1,-1.189621170E1,-1.112306946E1,1.629292015E1
4.224114587E1,-4.317022705E-1,-1.942300964E1,-1.705568253E1,2.585219482E1
4.225109987E1,-2.578238525E0,-2.955034973E1,-1.364891693E1,3.265215792E1
4.226105287E1,-2.924019470E0,-3.351141266E1,-1.025637177E1,3.516756787E1
4.227100587E1,-2.070344696E0,-2.277199539E1,-9.232351227E0,2.465940815E1
4.228095987E1,-1.862127686E-1,-1.063373703E1,-7.901768188E0,1.324948976E1
4.229091287E1,-1.383722534E0,-3.863166504E0,-8.291856995E0,9.251682869E0
4.230086687E1,-2.736309814E0,1.354084167E0,-8.913514252E0,9.421871982E0
4.231081987E1,-2.741399231E0,4.323010254E0,-8.020022278E0,9.514433495E0
4.232077287E1,-5.349126434E0,3.094814301E0,-5.589676208E0,8.332797206E0
4.233072687E1,-8.626261597E0,-6.703060913E-1,-3.651506653E0,9.391229963E0
4.234067987E1,-9.554780731E0,-3.705544281E0,-1.967209167E0,1.043526737E1
4.235063388E1,-8.423283691E0,-7.165748749E0,-3.267704773E-1,1.106374449E1
4.236058688E1,-5.299130402E0,-9.304650879E0,9.249266052E-1,1.074768813E1
4.237053988E1,-3.193608856E0,-1.025412643E1,5.827381897E-1,1.075573476E1
4.238049388E1,-5.068460083E-1,-1.042851379E1,2.133064270E-1,1.044300208E1
4.239044700E1,1.329834595E0,-1.092922256E1,-1.577868805E0,1.112232152E1
4.240040100E1,6.385720825E-1,-1.150297943E1,-2.878663788E0,1.187489012E1
4.241035400E1,-1.230590973E0,-1.256876312E1,-3.331472168E0,1.306089076E1
4.242030700E1,-2.150278473E0,-1.373887985E1,-2.671195221E0,1.416036020E1
4.243026100E1,-1.615440674E0,-1.381327515E1,-1.622176666E0,1.400170261E1
4.244021400E1,-2.255809021E-1,-1.325763062E1,-7.818241882E-1,1.328257902E1
4.245016700E1,9.458830261E-1,-1.310614563E1,-1.184935913E0,1.319355225E1
4.246012100E1,1.730251923E0,-1.325074493E1,-1.692829742E0,1.347002916E1
4.247007400E1,2.725532227E0,-1.329370560E1,-1.651964722E0,1.367041045E1
4.248002800E1,3.587888947E0,-1.287951691E1,-1.019380188E0,1.340872995E1
4.248998100E1,3.523373108E0,-1.283326309E1,-4.472698975E-1,1.331566183E1
4.249993400E1,2.987337799E0,-1.309925995E1,-8.153544617E-1,1.346029722E1
4.250988800E1,2.681374054E0,-1.307186691E1,-9.366023254E-1,1.337687166E1
4.251984100E1,2.594404907E0,-1.316572174E1,-8.500822449E-1,1.344580996E1
4.252979500E1,2.360291748E0,-1.294912216E1,-2.959346008E-1,1.316580112E1
4.253974800E1,1.806293793E0,-1.282053955E1,-7.828720093E-2,1.294739590E1
4.254970100E1,1.522184601E0,-1.255364456E1,6.950047302E-1,1.266467802E1
4.255965500E1,1.258283386E0,-1.253463409E1,1.209035797E0,1.265551645E1
4.256960800E1,1.161135406E0,-1.217508179E1,1.548080750E0,1.232791166E1
4.257956200E1,1.171613617E0,-1.128428421E1,2.152673492E0,1.154736991E1
4.258951500E1,1.193168793E0,-1.071426956E1,2.573448486E0,1.108340476E1
4.259946800E1,1.033001862E0,-1.009201355E1,2.449206848E0,1.043620834E1
4.260942200E1,1.302890625E0,-9.261241150E0,2.152374115E0,9.596917523E0
4.261937500E1,1.781295776E0,-8.716074829E0,2.345023499E0,9.200114688E0
4.262932900E1,2.187101898E0,-8.266110535E0,2.781665497E0,8.991643955E0
4.263928200E1,2.504142609E0,-8.100405121E0,3.397634583E0,9.134068868E0
4.264923500E1,2.835553436E0,-8.080047455E0,3.730093231E0,9.340295802E0
4.265918900E1,2.949017487E0,-7.911647644E0,3.836821289E0,9.274269253E0
4.266914200E1,3.335813141E0,-7.723788300E0,3.702550507E0,9.192031074E0
4.267909600E1,3.999682617E0,-7.833959198E0,3.621119843E0,9.512144168E0
4.268904900E1,4.546196136E0,-7.743397522E0,3.525468750E0,9.646607404E0
4.269900200E1,4.866829376E0,-7.697742462E0,3.989354095E0,9.942646192E0
4.270895600E1,4.949756927E0,-7.358996887E0,4.416715393E0,9.907689120E0
4.271890900E1,4.910089417E0,-7.180567932E0,5.139412537E0,1.010361792E1
4.272886200E1,5.129533081E0,-6.634353790E0,5.299130402E0,9.920057604E0
4.273881600E1,5.481451263E0,-6.180198212E0,4.956941986E0,9.633920891E0
4.274876900E1,5.401966553E0,-5.596861267E0,5.485043793E0,9.517972688E0
4.275872300E1,5.408552856E0,-5.472769318E0,6.342460785E0,9.971482177E0
4.276867600E1,5.708828430E0,-5.611231384E0,7.279362488E0,1.081969306E1
4.277862900E1,5.847140808E0,-6.368207245E0,8.140970764E0,1.187512207E1
4.278858300E1,5.258864136E0,-7.285200348E0,8.162975006E0,1.213935571E1
4.279853600E1,4.703818359E0,-7.468269653E0,7.256759491E0,1.142635187E1
4.280849000E1,4.438420258E0,-6.394402771E0,6.248905334E0,9.981822432E0
4.281844300E1,3.857777710E0,-5.616620178E0,5.657634888E0,8.856506287E0
4.282839600E1,3.333118744E0,-5.182672577E0,5.113217010E0,8.007169525E0
4.283835000E1,4.230502625E0,-4.003424835E0,6.780150604E0,8.938400589E0
4.284830300E1,4.718637543E0,-2.231858826E0,9.119036865E0,1.050731019E1
4.285825700E1,4.180207214E0,-8.319699097E-1,9.633067932E0,1.053386463E1
4.286821000E1,3.592828674E0,-4.011657715E-2,8.620274048E0,9.339119438E0
4.287816300E1,3.345842285E0,1.434017944E-1,7.309300232E0,8.039968567E0
4.288811700E1,3.601211243E0,-9.145980835E-2,6.991361389E0,7.864872624E0
4.289807000E1,4.017944641E0,-5.108876038E-1,6.932982788E0,8.029391983E0
4.290802400E1,4.634362793E0,-7.164102173E-1,6.597530365E0,8.094317081E0
4.291797700E1,4.630171509E0,-8.752299500E-1,6.453978882E0,7.991142539E0
4.292793000E1,4.194876709E0,-7.282356262E-1,6.295308838E0,7.599883624E0
4.293788400E1,3.720513153E0,-2.850073242E-1,6.122118988E0,7.169643520E0
4.294783700E1,3.512595520E0,1.917512512E-1,5.881269836E0,6.853059953E0
4.295779100E1,3.449127502E0,4.870870972E-1,5.680088196E0,6.663117610E0
4.296774400E1,3.293750610E0,8.164022827E-1,5.459447021E0,6.428130953E0
4.297769700E1,2.973117371E0,8.731343079E-1,5.758225708E0,6.539033088E0
4.298765100E1,2.532583466E0,8.463400269E-1,6.271358643E0,6.816172656E0
4.299760400E1,2.398312683E0,1.515598297E0,6.682104492E0,7.259439535E0
4.300755800E1,2.808759155E0,2.163002014E0,7.057374115E0,7.897736075E0
4.301751100E1,3.319796448E0,2.472707977E0,7.427853699E0,8.503431294E0
4.302746400E1,3.314257965E0,2.637215881E0,7.968229980E0,9.023962682E0
4.303741800E1,3.032543793E0,2.172133026E0,7.870183868E0,8.709436139E0
4.304737100E1,2.755919037E0,2.254761200E0,7.680827637E0,8.466058764E0
4.305732400E1,2.441273346E0,2.166744232E0,7.554939423E0,8.229927448E0
4.306727800E1,2.066452789E0,2.335742798E0,7.654931488E0,8.265827099E0
4.307723100E1,2.188000031E0,2.842738495E0,7.721243591E0,8.513877429E0
4.308718500E1,2.719245300E0,3.685336304E0,7.650291138E0,8.916442854E0
4.309713800E1,3.086282043E0,4.009262695E0,7.206164703E0,8.805006186E0
4.310709100E1,3.535647583E0,4.680915985E0,7.067552948E0,9.184883394E0
4.311704500E1,3.666176147E0,5.520969086E0,6.957232361E0,9.608591432E0
4.312699800E1,3.933819580E0,6.395600281E0,6.667285309E0,1.004148061E1
4.313695200E1,4.046086121E0,7.345225525E0,6.569987640E0,1.065306944E1
4.314690500E1,3.644920349E0,7.560926971E0,6.504423981E0,1.061887905E1
4.315685800E1,3.483855286E0,7.772736511E0,6.931934967E0,1.098200359E1
4.316681200E1,3.545676727E0,8.226592712E0,6.902595978E0,1.130904427E1
4.317676500E1,3.689228210E0,8.343798981E0,7.092101898E0,1.155540114E1
4.318671900E1,3.698359222E0,8.345894623E0,7.410789185E0,1.175804466E1
4.319667200E1,3.453917542E0,8.058941345E0,7.560777283E0,1.157762649E1
4.320662500E1,2.970572662E0,7.629933472E0,7.601642303E0,1.117251773E1
4.321657900E1,2.614313507E0,7.495812378E0,7.754923553E0,1.109777805E1
4.322653200E1,2.601889343E0,7.535030823E0,8.150550842E0,1.140078930E1
4.323648600E1,2.641257477E0,7.429051208E0,8.376730499E0,1.150376707E1
4.324643900E1,2.749033356E0,7.516170044E0,8.503217468E0,1.167710169E1
4.325639200E1,2.690654755E0,8.006849670E0,8.501271515E0,1.198419301E1
4.326634600E1,2.619702301E0,8.547525330E0,8.507408752E0,1.234094944E1
4.327629900E1,2.567760315E0,8.945697327E0,8.609346771E0,1.267831793E1
4.328625300E1,2.467917938E0,9.010961609E0,8.763825531E0,1.280986674E1
4.329620600E1,2.471959534E0,8.784931641E0,8.616232452E0,1.255089915E1
4.330615900E1,2.455344086E0,8.699758759E0,8.300988007E0,1.227277144E1
4.331611300E1,2.624791718E0,8.683891754E0,7.787705383E0,1.195608057E1
4.332606600E1,2.712509308E0,9.053922272E0,7.116650848E0,1.183122709E1
4.333601900E1,2.930456085E0,9.554930420E0,6.637497253E0,1.199752633E1
4.334597300E1,3.184178467E0,9.762548676E0,6.211183777E0,1.200104800E1
4.335592600E1,3.376378784E0,9.903854828E0,5.713917847E0,1.192204392E1
4.336588000E1,3.462749176E0,9.941576385E0,5.551804962E0,1.190160120E1
4.337583300E1,3.611839142E0,1.002974304E1,5.372028809E0,1.193732889E1
4.338578600E1,4.016447754E0,1.039857605E1,5.020110626E0,1.222553668E1
4.339574037E1,4.471800842E0,1.050320847E1,4.584067383E0,1.230154724E1
4.340569337E1,5.075046387E0,1.039648041E1,4.116140442E0,1.227947527E1
4.341564737E1,5.742358704E0,1.056009018E1,3.640130310E0,1.255948792E1
4.342560037E1,5.784271545E0,1.054317535E1,2.655328217E0,1.231532021E1
4.343555337E1,5.338049469E0,1.040246796E1,2.543959808E0,1.196569443E1
4.344550737E1,4.237537994E0,1.046279251E1,3.534899139E0,1.182887430E1
4.345546037E1,3.911965027E0,1.006761429E1,4.274960175E0,1.161617890E1
4.346541437E1,4.654421082E0,9.633217621E0,4.344415741E0,1.154714101E1
4.347536737E1,6.220913544E0,9.289532318E0,3.772904205E0,1.179957551E1
4.348532037E1,7.139104156E0,9.360335083E0,3.592828674E0,1.230817204E1
4.349527437E1,7.485932922E0,9.496851196E0,3.549868011E0,1.260281466E1
4.350522737E1,7.230563965E0,9.647138672E0,3.423680420E0,1.253275418E1
4.351518137E1,7.250921631E0,1.063029419E1,3.257525940E0,1.327367674E1
4.352513437E1,7.424410858E0,1.134131561E1,3.166066132E0,1.392017569E1
4.353508737E1,7.266638947E0,1.148995651E1,3.261268158E0,1.398066566E1
4.354504137E1,7.213948517E0,1.127305756E1,3.430865479E0,1.381642927E1
4.355499437E1,6.469995575E0,1.092892319E1,3.444636841E0,1.315932095E1
4.356494737E1,5.159321136E0,1.024439667E1,3.259920959E0,1.192448499E1
4.357490137E1,4.258793793E0,9.422755280E0,2.897374878E0,1.073873469E1
4.358485437E1,3.560944977E0,8.332422638E0,2.462678833E0,9.390121574E0
4.359480837E1,2.511776733E0,7.309599609E0,1.976938934E0,7.977941862E0
4.360476137E1,2.065554657E0,6.276597748E0,2.416425018E0,7.035716395E0
4.361471437E1,2.113754425E0,5.722150726E0,2.648143158E0,6.650084878E0
4.362466838E1,2.365830231E0,5.693709869E0,1.950893097E0,6.466952036E0
4.363462138E1,1.433269501E0,5.302722931E0,1.657952271E0,5.737764170E0
4.364457538E1,2.241289215E0,5.167104950E0,1.473835144E0,5.821901832E0
4.365452838E1,2.043101349E0,5.173691254E0,1.261277161E0,5.703697431E0
4.366448138E1,2.065704346E0,5.316643982E0,1.147663422E0,5.818158558E0
4.367443538E1,2.062111816E0,5.252128143E0,1.067280579E0,5.742494494E0
4.368438838E1,2.545456696E0,4.942272491E0,1.312021637E0,5.711988090E0
4.369434237E1,2.888243866E0,4.738845520E0,1.336869965E0,5.708400021E0
4.370429537E1,3.160527649E0,5.021158447E0,1.195563812E0,6.052300389E0
4.371424837E1,3.490591278E0,5.619314575E0,1.064885559E0,6.700366036E0
4.372420237E1,3.902235260E0,6.269412689E0,1.163380737E0,7.475722723E0
4.373415537E1,3.995790710E0,6.639143829E0,1.091829529E0,7.825385991E0
4.374410937E1,4.289479980E0,6.648424530E0,9.220825195E-1,7.965640176E0
4.375406237E1,4.476441193E0,6.428831177E0,1.085692291E0,7.908673960E0
4.376401537E1,4.199666748E0,6.223458252E0,8.649014282E-1,7.557558329E0
4.377396937E1,4.250261536E0,6.253545685E0,6.960525513E-1,7.593157835E0
4.378392237E1,4.087400208E0,6.255641327E0,5.514532471E-1,7.492929304E0
4.379387637E1,2.670746155E0,5.800587616E0,7.909552002E-1,6.434695940E0
4.380382937E1,2.038760376E0,5.776038666E0,1.301992493E0,6.262136296E0
4.381378237E1,2.432741089E0,5.769003296E0,1.023571472E0,6.344078088E0
4.382373637E1,2.336940308E0,5.392835541E0,2.112107849E-1,5.881205248E0
4.383368937E1,2.437531128E0,5.110223236E0,7.539820862E-1,5.711779802E0
4.384364237E1,2.251018982E0,4.899461517E0,1.031804352E0,5.489665731E0
4.385359637E1,2.530787201E0,4.951253815E0,4.902305603E-1,5.582125419E0
4.386354937E1,3.403322754E0,5.256918182E0,2.761756897E-1,6.268498030E0
4.387350337E1,3.934568024E0,5.581892395E0,8.491841125E-1,6.881821118E0
4.388345637E1,4.100123749E0,5.968837738E0,1.504671021E0,7.396085017E0
4.389340937E1,4.096531219E0,6.501879272E0,1.917213135E0,7.920335113E0
4.390336337E1,4.174519043E0,7.065307617E0,1.799258423E0,8.401339883E0
4.391331637E1,4.065545654E0,7.528743896E0,1.702409821E0,8.724038361E0
4.392327038E1,4.180805969E0,8.155191193E0,1.554367676E0,9.295285946E0
4.393322338E1,4.598886566E0,8.411158905E0,8.590635681E-1,9.624725554E0
4.394317638E1,4.289779358E0,7.945028229E0,-1.311273193E-1,9.030109350E0
4.395313038E1,3.672163696E0,7.306605835E0,1.401984558E0,8.296796716E0
4.396308338E1,2.525847473E0,6.881190491E0,1.912722473E0,7.575565674E0
4.397303738E1,2.832709351E0,6.860383759E0,-1.441502380E-1,7.423603362E0
4.398299038E1,2.276615753E0,5.923482056E0,-1.034947815E0,6.429753956E0
4.399294338E1,1.574725342E0,6.264023895E0,-7.688012695E-1,6.504522323E0
4.400289738E1,1.988914032E0,6.653813324E0,-7.232958984E-1,6.982275255E0
4.401285038E1,2.450254669E0,6.118825836E0,-1.692530365E0,6.805030242E0
4.402280437E1,2.425256653E0,6.272107086E0,-2.454895020E0,7.158750358E0
4.403275737E1,2.356848907E0,6.743776245E0,-2.403551788E0,7.537261838E0
4.404271037E1,3.101550293E0,7.156168671E0,-2.088007965E0,8.074041214E0
4.405266437E1,3.788771210E0,6.953490143E0,-1.348545685E0,8.032707384E0
4.406261737E1,4.814588013E0,7.220534821E0,7.837701416E-1,8.713821002E0
4.407257137E1,5.462740173E0,7.838749237E0,2.544259186E0,9.887404847E0
4.408252437E1,5.892945557E0,7.963439941E0,3.082539825E0,1.037522216E1
4.409247737E1,6.281687164E0,8.549620972E0,3.041076050E0,1.103647389E1
4.410243137E1,6.602769470E0,9.101223907E0,2.588417358E0,1.153814308E1
4.411238437E1,7.127278748E0,9.598340149E0,2.126028900E0,1.214274412E1
4.412233737E1,7.331005096E0,9.651030579E0,2.249821472E0,1.232670774E1
4.413229137E1,7.335046692E0,9.876012726E0,2.327210541E0,1.252016159E1
4.414224437E1,7.058272247E0,9.721084900E0,1.870959320E0,1.215809144E1
4.415219837E1,6.707551575E0,9.550439758E0,1.494342499E0,1.176584919E1
4.416215137E1,6.243965607E0,9.398056641E0,1.144370270E0,1.134108277E1
4.417210437E1,5.774392090E0,9.357940063E0,6.357279968E-1,1.101448121E1
4.418205837E1,5.237308960E0,9.235045624E0,3.421884155E-1,1.062226745E1
4.419201137E1,4.916675720E0,9.843679962E0,1.185384979E0,1.106692698E1
4.420196537E1,4.718787231E0,1.023242157E1,2.306254120E0,1.150166128E1
4.421191837E1,4.822072449E0,1.054033127E1,1.930984497E0,1.175073049E1
4.422187137E1,4.810247040E0,1.046743286E1,1.375938721E0,1.160167379E1
4.423182537E1,4.779860229E0,1.029109955E1,1.240021362E0,1.141452788E1
4.424177837E1,4.752916260E0,9.689949646E0,1.038240967E0,1.084266026E1
4.425173238E1,4.490362244E0,9.115144958E0,1.072519684E0,1.021760829E1
4.426168538E1,4.698878632E0,9.141041107E0,6.801855469E-1,1.030052160E1
4.427163838E1,4.899910583E0,9.192534027E0,5.876779175E-1,1.043346399E1
4.428159238E1,5.298531647E0,9.569450226E0,1.405128021E0,1.102829089E1
4.429154538E1,5.566773834E0,9.582772522E0,1.517843628E0,1.118581018E1
4.430149938E1,5.726042633E0,9.486522675E0,7.764353943E-1,1.110785887E1
4.431145238E1,6.099815369E0,9.554780731E0,5.493576050E-1,1.134915751E1
4.432140538E1,6.249803467E0,9.814790039E0,1.206491089E-1,1.163635265E1
4.433135937E1,6.320306854E0,1.008767258E1,4.161346436E-2,1.190416517E1
4.434131237E1,6.006409607E0,1.026325745E1,5.164260864E-1,1.190286124E1
4.435126537E1,5.882018280E0,1.015712814E1,9.786648560E-1,1.177808032E1
4.436121937E1,5.992338867E0,9.930349731E0,1.271306305E0,1.166774145E1
4.437117237E1,5.970484314E0,9.585466919E0,1.309177551E0,1.136845657E1
4.438112637E1,5.854774933E0,9.390721893E0,7.713459778E-1,1.109319710E1
4.439107879E1,5.749543762E0,9.505832520E0,8.743318176E-1,1.114372296E1
4.440103179E1,5.504952393E0,9.414971466E0,1.107696533E0,1.096235286E1
4.441098579E1,5.080135803E0,9.269773407E0,1.241069183E0,1.064315421E1
4.442093879E1,4.583917694E0,9.100774841E0,8.768765259E-1,1.022767406E1
4.443089279E1,4.259841614E0,9.025331726E0,6.426136780E-1,1.000079075E1
4.444084579E1,4.120182037E0,9.040599976E0,6.270460510E-1,9.954975374E0
4.445079879E1,4.256099396E0,9.313781891E0,1.914518738E-1,1.024195143E1
4.446075279E1,4.282444611E0,9.586664429E0,-2.395019531E-1,1.050242010E1
4.447070579E1,4.030069427E0,9.663754120E0,4.326004028E-2,1.047050499E1
4.448065979E1,3.686384125E0,9.703421631E0,4.185296631E-1,1.038850260E1
4.449061279E1,3.454067230E0,9.408983917E0,5.562432861E-1,1.003837464E1
4.450056579E1,3.082839203E0,8.736582184E0,2.769241333E-1,9.268681286E0
4.451051979E1,2.756218414E0,7.891289978E0,-4.334985352E-1,8.370013049E0
4.452047279E1,2.521057434E0,7.297175446E0,-1.188378754E0,7.811321536E0
4.453042679E1,2.408491516E0,6.706803131E0,-1.871707764E0,7.367857869E0
4.454037979E1,2.282453613E0,6.678511963E0,-1.454974365E0,7.206182550E0
4.455033279E1,2.171983337E0,7.048243103E0,-4.077520752E-1,7.386575946E0
4.456028679E1,1.998344421E0,7.665709076E0,-3.457809448E-2,7.921973978E0
4.457023979E1,2.091301117E0,7.854017487E0,2.718347168E-1,8.132221416E0
4.458019279E1,2.238744507E0,8.010891266E0,-8.457412720E-2,8.318263558E0
4.459014679E1,2.589465179E0,8.136330414E0,2.420466614E-1,8.541884400E0
4.460009979E1,3.064876556E0,8.197253723E0,7.996371460E-1,8.787938124E0
4.461005379E1,3.022514648E0,8.428373108E0,3.966751099E-1,8.962723871E0
4.462000679E1,2.722239075E0,8.518186340E0,4.460723877E-2,8.942710658E0
4.462995979E1,2.619253235E0,8.655600586E0,3.941304016E-1,9.051809089E0
4.463991379E1,2.761457520E0,9.126521301E0,6.245013428E-1,9.555576415E0
4.464986679E1,2.747386780E0,9.677974548E0,7.030879211E-1,1.008492232E1
4.465982079E1,2.826123047E0,1.031879196E1,8.340655518E-1,1.073126760E1
4.466977379E1,2.754122772E0,1.054347473E1,7.436535645E-1,1.092259458E1
4.467972679E1,2.817890167E0,1.040037231E1,5.697152710E-1,1.079040429E1
4.468968079E1,2.805765381E0,1.018497025E1,5.616320801E-1,1.057928962E1
4.469963379E1,2.615211639E0,1.037597305E1,1.170565796E-1,1.070111447E1
4.470958779E1,2.224673767E0,1.040995239E1,-5.819897461E-1,1.066090964E1
4.471954079E1,2.197879486E0,1.049287994E1,-5.182223511E-1,1.073311503E1
4.472949379E1,2.166594543E0,1.016536102E1,-7.952961731E-1,1.042406795E1
4.473944779E1,2.228865051E0,9.702373810E0,-9.204359436E-1,9.997554665E0
4.474940079E1,2.249073029E0,9.322912903E0,-8.309220886E-1,9.626290355E0
4.475935379E1,2.206411743E0,8.912017365E0,-7.156617737E-1,9.208934686E0
4.476930779E1,2.275268555E0,8.798104248E0,-7.203021240E-1,9.116047417E0
4.477926079E1,2.276016998E0,8.964857483E0,-1.258283386E0,9.334463035E0
4.478921479E1,2.395318909E0,9.221573639E0,-1.474433899E0,9.641002457E0
4.479916779E1,2.603685608E0,9.886341248E0,-1.625918884E0,1.035193384E1
4.480912079E1,2.982398071E0,9.965376892E0,-1.892664185E0,1.057287154E1
4.481907479E1,3.223546600E0,9.836345215E0,-2.037263489E0,1.054966267E1
4.482902779E1,3.242407379E0,9.729467468E0,-1.943258972E0,1.043800739E1
4.483898179E1,3.256627808E0,9.577383728E0,-1.862277374E0,1.028591176E1
4.484893479E1,3.093916168E0,9.535021820E0,-1.686991882E0,1.016537751E1
4.485888779E1,2.770139465E0,9.473799133E0,-1.367107086E0,9.964713968E0
4.486884179E1,2.698588257E0,9.526938629E0,-1.400637360E0,1.000033616E1
4.487879479E1,2.619851990E0,9.468110962E0,-1.577270050E0,9.949700018E0
4.488874779E1,2.474055176E0,9.316925354E0,-1.710493011E0,9.790394957E0
4.489870179E1,2.165846100E0,9.075926514E0,-2.487826538E0,9.656739216E0
4.490865479E1,2.171234894E0,8.955576782E0,-3.009940796E0,9.694140501E0
4.491860879E1,2.519710236E0,8.594377899E0,-2.752925262E0,9.369678151E0
4.492856179E1,2.769989777E0,8.506510620E0,-2.539918213E0,9.299717782E0
4.493851479E1,2.956501923E0,8.520880737E0,-2.177072754E0,9.278251879E0
4.494846879E1,2.993025970E0,8.812025299E0,-1.793869629E0,9.477761475E0
4.495842179E1,3.138224030E0,9.124275970E0,-1.949396210E0,9.843830943E0
4.496837579E1,3.269650726E0,9.319769440E0,-2.416275330E0,1.016794496E1
4.497832879E1,3.270997925E0,9.530082092E0,-2.767594757E0,1.044899387E1
4.498828179E1,3.114423523E0,9.596843262E0,-2.595153351E0,1.041795831E1
4.499823579E1,3.048261108E0,9.705367584E0,-2.143392792E0,1.039616220E1
4.500818879E1,2.788251801E0,9.758956146E0,-2.269281006E0,1.040005815E1
4.501814279E1,2.527793427E0,9.715097351E0,-2.352208557E0,1.031046756E1
4.502809579E1,2.497256927E0,9.828711090E0,-1.919907532E0,1.032113844E1
4.503804879E1,2.620750122E0,1.001118164E1,-1.874402161E0,1.051691364E1
4.504800279E1,2.995570679E0,1.061727127E1,-2.107916565E0,1.123134921E1
4.505795579E1,3.201991425E0,1.108145599E1,-2.352657623E0,1.177227310E1
4.506790879E1,3.173251190E0,1.114552277E1,-2.556234283E0,1.186703563E1
4.507786279E1,3.306474152E0,1.124521545E1,-2.556533661E0,1.199681234E1
4.508781579E1,3.375181274E0,1.071711365E1,-1.642085266E0,1.135538716E1
4.509776979E1,3.642375641E0,1.081171692E1,-2.022294617E0,1.158662153E1
4.510772279E1,3.351829834E0,1.074286011E1,-2.437980194E0,1.151466691E1
4.511767579E1,2.869532776E0,1.049916687E1,-1.621727600E0,1.100439565E1
4.512762979E1,2.992427216E0,1.005099884E1,-1.219963074E0,1.055772268E1
4.513758279E1,3.126847687E0,9.400900726E0,-1.064586182E0,9.964309041E0
4.514753679E1,3.423680420E0,8.992998962E0,-9.142987061E-1,9.666000211E0
4.515748979E1,3.522924042E0,8.921896820E0,-7.798782349E-1,9.623899767E0
4.516744279E1,3.522025909E0,8.952133942E0,-1.000519409E0,9.671939190E0
4.517739679E1,3.588487701E0,9.034462738E0,-1.459914093E0,9.830061552E0
4.518734979E1,3.459306335E0,9.313632202E0,-1.385668488E0,1.003148156E1
4.519730379E1,3.518732758E0,9.827363892E0,-1.250200195E0,1.051292356E1
4.520725679E1,3.565735016E0,1.009665390E1,-1.024170227E0,1.075666356E1
4.521720979E1,3.667373657E0,1.010683273E1,-1.085692291E0,1.080631414E1
4.522716379E1,3.813170471E0,9.783505096E0,-1.413211212E0,1.059501802E1
4.523711679E1,3.966302032E0,9.521100769E0,-1.865121460E0,1.048148795E1
4.524706979E1,4.237837372E0,9.714498596E0,-2.258802795E0,1.083664794E1
4.525702379E1,4.406536560E0,9.289382629E0,-2.633623352E0,1.061348981E1
4.526697679E1,4.293521576E0,8.794511719E0,-2.563868408E0,1.011687625E1
4.527693079E1,4.141138458E0,8.871302032E0,-1.967209167E0,9.985937081E0
4.528688379E1,4.083957367E0,8.987161102E0,-1.358425140E0,9.964591879E0
4.529683679E1,3.945345612E0,8.957373047E0,-9.794132996E-1,9.836642431E0
4.530679079E1,3.816463623E0,8.852291565E0,-8.340655518E-1,9.675956071E0
4.531674379E1,3.730392609E0,8.491841125E0,-9.003776550E-1,9.318684169E0
4.532669779E1,3.719315643E0,8.065228271E0,-1.217118988E0,8.964518646E0
4.533665079E1,3.745361481E0,7.711364136E0,-1.559457092E0,8.713482420E0
4.534660379E1,3.823349304E0,7.503895569E0,-1.735341339E0,8.598712588E0
4.535655779E1,3.820954285E0,7.386240234E0,-1.905687103E0,8.531581318E0
4.536651079E1,3.860621796E0,7.614814911E0,-2.168690186E0,8.808690249E0
4.537646379E1,3.855382690E0,7.640261993E0,-1.816023560E0,8.748458183E0
4.538641779E1,3.938759308E0,7.643106079E0,-1.780098267E0,8.780640367E0
4.539637113E1,3.817062378E0,7.798333282E0,-2.368973694E0,8.999777972E0
4.540632513E1,3.771706696E0,8.036937103E0,-2.211501160E0,9.149254985E0
4.541627813E1,3.937561798E0,8.300688629E0,-1.683698730E0,9.340271198E0
4.542623113E1,3.882027283E0,8.474926300E0,-1.586700439E0,9.455798745E0
4.543618513E1,3.758234711E0,8.516240387E0,-1.775308228E0,9.476412706E0
4.544613813E1,3.684288483E0,8.285121002E0,-2.162253571E0,9.321617464E0
4.545609212E1,3.721710663E0,7.750732269E0,-2.385738831E0,8.922820784E0
4.546604512E1,3.663182373E0,7.271878052E0,-2.093247070E0,8.407187330E0
4.547599812E1,3.623365173E0,7.142097931E0,-1.327289886E0,8.117883744E0
4.548595212E1,3.732488251E0,7.283404083E0,-8.909472656E-1,8.232449855E0
4.549590512E1,3.902834015E0,7.605983276E0,-8.333171082E-1,8.589383700E0
4.550585912E1,3.910617828E0,8.004754028E0,-1.011147308E0,8.966127243E0
4.551581212E1,3.880829773E0,8.375832367E0,-1.190923462E0,9.307722936E0
4.552576512E1,3.959116974E0,8.743916931E0,-1.147663422E0,9.666841358E0
4.553571912E1,4.036805420E0,8.918304291E0,-8.372090149E-1,9.825114165E0
4.554567212E1,4.058510284E0,9.004375305E0,-8.809181213E-1,9.915961734E0
4.555562512E1,4.133953400E0,9.193432159E0,-7.445516968E-1,1.010757749E1
4.556557912E1,4.353397064E0,9.511670380E0,-5.822891235E-1,1.047678386E1
4.557553212E1,4.565655670E0,9.812395020E0,-9.624984741E-1,1.086529848E1
4.558548612E1,4.755460968E0,9.788744202E0,-1.338815918E0,1.096477771E1
4.559543912E1,4.982389069E0,9.589508514E0,-1.334325256E0,1.088867753E1
4.560539212E1,5.096002808E0,9.409882050E0,-1.410666504E0,1.079375304E1
4.561534612E1,5.053042145E0,9.294022980E0,-1.469344482E0,1.068040595E1
4.562529912E1,5.133874054E0,9.182205505E0,-1.538500671E0,1.063186461E1
4.563525312E1,5.282365265E0,9.071585541E0,-1.458566895E0,1.059832366E1
4.564520612E1,5.546865234E0,8.925788727E0,-1.465153198E0,1.061056512E1
4.565515912E1,5.771398315E0,8.777596893E0,-1.479074249E0,1.060862415E1
4.566511312E1,5.885910187E0,8.644673309E0,-1.472188568E0,1.056132826E1
4.567506612E1,5.855972443E0,8.438102875E0,-1.259331207E0,1.034794223E1
4.568501912E1,5.810916138E0,8.351283417E0,-1.008901978E0,1.022392118E1
4.569497313E1,5.669909363E0,8.384963379E0,-1.149908752E0,1.018713763E1
4.570492613E1,5.388943634E0,8.491990814E0,-8.508306885E-1,1.009348970E1
4.571488013E1,4.895419922E0,8.759783936E0,-7.038363647E-1,1.005953957E1
4.572483313E1,4.464915161E0,9.108408966E0,-7.541317749E-1,1.017188753E1
4.573478613E1,4.219725037E0,9.392667847E0,-8.416996765E-1,1.033134778E1
4.574474013E1,4.040847015E0,9.589508514E0,-1.015338593E0,1.045552632E1
4.575469313E1,3.940854950E0,9.652527466E0,-1.189875641E0,1.049368516E1
4.576464712E1,3.997437286E0,9.542955322E0,-7.472460938E-1,1.037332530E1
4.577460012E1,4.364923096E0,9.428443451E0,-1.776805115E-1,1.039132667E1
4.578455312E1,4.528083801E0,9.365723877E0,-9.873468018E-1,1.044964977E1
4.579450712E1,4.474794617E0,9.272018738E0,-1.209634552E0,1.036616294E1
4.580446012E1,4.494553528E0,9.245374146E0,-8.054750061E-1,1.031148605E1
4.581441412E1,4.579876099E0,9.260043640E0,-6.655160522E-1,1.035212949E1
4.582436712E1,4.703668671E0,9.294172668E0,-6.478527832E-1,1.043675514E1
4.583432012E1,4.791985016E0,9.221573639E0,-9.187893677E-1,1.043286704E1
4.584427412E1,4.838987274E0,9.152417450E0,-9.321116638E-1,1.039477634E1
4.585422712E1,4.849764862E0,9.074729004E0,-8.620573425E-1,1.032540888E1
4.586418012E1,4.757406921E0,9.007518768E0,-8.702902222E-1,1.022378208E1
4.587413412E1,4.635709991E0,8.966953125E0,-7.839198303E-1,1.012475115E1
4.588408712E1,4.564308472E0,8.976832581E0,-8.008346558E-1,1.010236463E1
4.589404112E1,4.406686249E0,8.869805145E0,-6.753955078E-1,9.927159015E0
4.590399412E1,4.311484222E0,8.858728180E0,-6.239025879E-1,9.871940823E0
4.591394712E1,4.334087219E0,8.947194214E0,-6.075865173E-1,9.960208718E0
4.592390112E1,4.250111847E0,8.898994446E0,-5.313949585E-1,9.876129478E0
4.593385412E1,4.268523560E0,8.916957092E0,-4.899311829E-1,9.898103340E0
4.594380812E1,4.274062042E0,8.933871918E0,-4.120930481E-1,9.912189186E0
4.595376112E1,4.224964142E0,8.870703278E0,-3.209326172E-1,9.830701724E0
4.596371412E1,4.288731537E0,8.845555573E0,-4.264631653E-1,9.839661702E0
4.597366812E1,4.321363678E0,8.833879852E0,-4.544549561E-1,9.844701447E0
4.598362112E1,4.176764374E0,8.825347595E0,-2.992277527E-1,9.768400998E0
4.599357412E1,4.111649780E0,8.916208649E0,-2.194436646E-1,9.821028261E0
4.600352813E1,4.067641296E0,8.944350128E0,-3.836521912E-1,9.833325680E0
4.601348113E1,3.927981720E0,8.919202423E0,-3.957769775E-1,9.753863423E0
4.602343513E1,3.792663116E0,9.012608185E0,-3.549119568E-1,9.784547118E0
4.603338813E1,3.682641907E0,9.198222198E0,-3.526666260E-1,9.914308689E0
4.604334113E1,3.551963654E0,9.229806519E0,-5.011578369E-1,9.902370087E0
4.605329513E1,3.487747192E0,9.263486481E0,-5.623805237E-1,9.914274260E0
4.606324813E1,3.515888672E0,9.259594574E0,-4.775070190E-1,9.916127156E0
4.607320213E1,3.591780853E0,9.254804535E0,-4.553530884E-1,9.937788643E0
4.608315513E1,3.820205841E0,9.192084961E0,-3.851490784E-1,9.961763820E0
4.609310813E1,4.052373047E0,9.171427917E0,-3.844006348E-1,1.003417068E1
4.610306212E1,4.201313324E0,9.093889160E0,-4.674778748E-1,1.002837919E1
4.611301512E1,4.412524109E0,8.854536896E0,-6.968009949E-1,9.917596699E0
4.612296812E1,4.596641235E0,8.551866302E0,-8.123606873E-1,9.742867021E0
4.613292212E1,4.650828552E0,8.442144470E0,-7.259902954E-1,9.665768018E0
4.614287512E1,4.558769989E0,8.383466492E0,-3.760180664E-1,9.550198104E0
4.615282912E1,4.376149750E0,8.396489410E0,-1.502874756E-1,9.469651914E0
4.616278212E1,4.017645264E0,8.416098633E0,-3.980223083E-1,9.334377934E0
4.617273512E1,3.625011749E0,8.161478119E0,7.229965210E-2,8.930602584E0
4.618268912E1,3.321443024E0,7.852071533E0,8.888516235E-1,8.571876593E0
4.619264212E1,2.822231140E0,7.447612610E0,1.103954315E0,8.040562003E0
4.620259612E1,2.438429260E0,7.521558838E0,1.695524139E0,8.086691951E0
4.621254912E1,2.318678284E0,7.985743561E0,2.239942017E0,8.611951547E0
4.622250212E1,3.154540100E0,8.200097809E0,1.187630310E0,8.865844183E0
4.623245612E1,4.289030914E0,8.042026520E0,1.215472412E-1,9.115083678E0
4.624240912E1,4.303999786E0,8.155191193E0,-4.430786133E-1,9.231894508E0
4.625236312E1,3.874542847E0,8.083340607E0,-3.523672485E-1,8.970877344E0
4.626231612E1,3.853287048E0,8.109536133E0,-1.416055298E-1,8.979557310E0
4.627226912E1,4.426744537E0,8.714128876E0,-8.794212341E-1,9.813536109E0
4.628222312E1,4.739294586E0,9.490564270E0,-2.142195282E0,1.082223285E1
4.629217612E1,4.334386597E0,9.866732025E0,-2.116149445E0,1.098259516E1
4.630212912E1,4.038751373E0,1.023302032E1,-1.096020813E0,1.105565372E1
4.631208312E1,3.995042267E0,1.043929138E1,-1.017134857E0,1.122380197E1
4.632203612E1,3.977678375E0,1.051653076E1,-1.461860046E0,1.133827056E1
4.633199013E1,4.117637329E0,1.032762360E1,-1.420246582E0,1.120856131E1
4.634194313E1,4.322710876E0,9.742490387E0,-1.428030396E0,1.075366073E1
4.635189613E1,4.300107880E0,9.169781342E0,-1.210981750E0,1.020011247E1
4.636185013E1,4.366569672E0,8.628506927E0,-1.134191437E0,9.736757813E0
4.637180313E1,4.444707184E0,8.151898041E0,-6.908134460E-1,9.310536334E0
4.638175713E1,4.619244232E0,7.985893250E0,-3.158432007E-1,9.231016477E0
4.639171013E1,4.661306763E0,7.858358459E0,-1.727407837E-1,9.138458174E0
4.640166313E1,4.475842438E0,7.772736511E0,-6.661148071E-2,8.969561611E0
4.641161712E1,4.241130524E0,7.833809509E0,7.484436035E-4,8.908185006E0
4.642157012E1,4.010011139E0,8.112529907E0,3.287164307E-1,9.055461629E0
4.643152312E1,3.747906189E0,8.475225677E0,3.787124634E-1,9.274679197E0
4.644147712E1,3.428021393E0,8.965456238E0,-2.384541321E-1,9.601437215E0
4.645143012E1,3.390299835E0,9.113199005E0,1.669029236E-1,9.724833452E0
4.646138412E1,3.710334320E0,9.134604492E0,3.632945251E-1,9.866081436E0
4.647133712E1,3.904779968E0,9.241182861E0,3.905378723E-1,1.003988482E1
4.648129012E1,3.954776001E0,9.267528076E0,3.399430847E-1,1.008180991E1
4.649124412E1,4.004173279E0,9.394164734E0,1.954934692E-1,1.021381184E1
4.650119712E1,4.048930206E0,9.473050690E0,2.254312134E-1,1.030453029E1
4.651115112E1,4.185895386E0,9.472751312E0,4.427792358E-1,1.036584734E1
4.652110412E1,4.239184570E0,9.402846680E0,9.758207703E-1,1.036033000E1
4.653105712E1,4.337380371E0,9.480086060E0,7.532336426E-1,1.045238064E1
4.654101112E1,4.274211731E0,9.355844421E0,7.217990112E-1,1.031124166E1
4.655096412E1,4.336931305E0,9.262887726E0,1.661694489E0,1.036201191E1
4.656091812E1,4.661306763E0,9.348659363E0,1.852846985E0,1.060934751E1
4.657087112E1,4.755460968E0,9.204509125E0,1.677561493E0,1.049531371E1
4.658082412E1,4.824766846E0,8.976084137E0,2.053130493E0,1.039537428E1
4.659077812E1,4.731361084E0,8.658444672E0,2.529889069E0,1.018600906E1
4.660073112E1,4.437971191E0,8.663085022E0,2.872077484E0,1.014856933E1
4.661068412E1,4.083807678E0,8.926537170E0,2.825075226E0,1.021477367E1
4.662063812E1,3.847449188E0,9.332492981E0,2.456391907E0,1.038903998E1
4.663059112E1,3.732488251E0,9.584119720E0,2.152224426E0,1.050803927E1
4.664054513E1,3.720213776E0,9.529932404E0,1.562151489E0,1.034890909E1
4.665049813E1,3.838018799E0,9.310039673E0,1.203497314E0,1.014177661E1
4.666045113E1,4.386777649E0,9.134754181E0,1.650168457E0,1.026696684E1
4.667040513E1,4.956492920E0,9.135502625E0,2.035766602E0,1.059096671E1
4.668035813E1,5.395679626E0,9.378148041E0,2.342927856E0,1.107033560E1
4.669031213E1,5.666616211E0,9.760453033E0,2.271077271E0,1.151237485E1
4.670026513E1,5.765111389E0,1.012000534E1,2.135010223E0,1.184100021E1
4.671021813E1,5.775888977E0,1.027448410E1,2.037113800E0,1.196142758E1
4.672017213E1,5.613327026E0,1.027358597E1,1.918410645E0,1.186323347E1
4.673012513E1,5.295238495E0,1.015533188E1,1.755998383E0,1.158679622E1
4.674007912E1,4.700674896E0,9.795480194E0,1.474433899E0,1.096456712E1
4.675003212E1,4.274960175E0,9.411678314E0,1.860181732E0,1.050310665E1
4.675998512E1,4.223167877E0,9.049581299E0,2.116299133E0,1.020827070E1
4.676993912E1,4.127217407E0,8.761580200E0,2.070195007E0,9.903783040E0
4.677989212E1,4.104315033E0,8.561596069E0,2.033221893E0,9.709805375E0
4.678984512E1,4.211941223E0,8.296647034E0,2.112556915E0,9.541367700E0
4.679979912E1,4.325854340E0,8.114475861E0,2.331850891E0,9.486583307E0
4.680975212E1,4.543052673E0,8.017477570E0,2.685265961E0,9.598433594E0
4.681970612E1,4.811743927E0,8.077053680E0,2.938539276E0,9.850212630E0
4.682965912E1,5.002297668E0,8.253836060E0,3.012036438E0,1.011044782E1
4.683961212E1,5.157075806E0,8.488248596E0,2.976111145E0,1.036836692E1
4.684956612E1,5.187612305E0,8.801397400E0,2.728675690E0,1.057457274E1
4.685951912E1,5.103487244E0,9.132658539E0,2.475552063E0,1.075078565E1
4.686947312E1,5.126688995E0,9.462422791E0,2.306852875E0,1.100645062E1
4.687942612E1,5.104385376E0,9.693392487E0,2.117945709E0,1.115805996E1
4.688937912E1,4.982987823E0,9.829758911E0,2.135908356E0,1.122570409E1
4.689933312E1,4.943470001E0,9.927805023E0,2.147733765E0,1.129654675E1
4.690928612E1,4.875511322E0,9.823322296E0,1.754800873E0,1.110619636E1
4.691923912E1,4.545148315E0,9.540410614E0,1.858684845E0,1.072998216E1
4.692919312E1,4.109105072E0,9.472152557E0,2.283950500E0,1.057463231E1
4.693914612E1,3.978726196E0,9.239985352E0,2.883304138E0,1.046522977E1
4.694910012E1,3.880380707E0,9.052126007E0,3.201392670E0,1.035602504E1
4.695905312E1,3.642675018E0,8.954528961E0,3.339555359E0,1.022767325E1
4.696900613E1,3.444187775E0,8.637937317E0,3.069965973E0,9.792909761E0
4.697896013E1,3.352727966E0,8.257129211E0,2.692301331E0,9.309643070E0
4.698891313E1,3.397035828E0,8.045768738E0,2.214944000E0,9.010006877E0
4.699886713E1,3.778891754E0,7.860304413E0,1.560205536E0,8.859946369E0
4.700882013E1,4.278253326E0,7.662715302E0,1.117725677E0,8.847031593E0
4.701877313E1,4.454137573E0,7.836952972E0,1.295705566E0,9.106921891E0
4.702872713E1,4.442761230E0,8.238418121E0,1.771416321E0,9.526152228E0
4.703868013E1,4.326303406E0,8.670868835E0,2.584824829E0,1.002906710E1
4.704863313E1,4.235891418E0,9.102421417E0,3.288511505E0,1.056461829E1
4.705858712E1,4.222868500E0,9.244625702E0,3.345842285E0,1.070001791E1
4.706854012E1,4.173471222E0,9.251960449E0,3.257076874E0,1.065951143E1
4.707849412E1,4.118385773E0,9.198222198E0,2.866988068E0,1.047797755E1
4.708844712E1,4.020788727E0,9.062903595E0,2.707270203E0,1.027775635E1
4.709840012E1,3.782633972E0,8.875493317E0,2.255060577E0,9.907976564E0
4.710835412E1,3.509152679E0,8.695268097E0,1.985022125E0,9.584474563E0
4.711830712E1,3.335214386E0,8.413853302E0,2.133962402E0,9.298944990E0
4.712826112E1,3.176843719E0,8.114924927E0,2.111808472E0,8.966832083E0
4.713821412E1,3.157234497E0,7.811505890E0,1.889969788E0,8.634798187E0
4.714816712E1,3.252137146E0,7.614515533E0,1.600471802E0,8.433193512E0
4.715812112E1,3.371588745E0,7.410639496E0,1.313219147E0,8.246801376E0
4.716807412E1,3.431613922E0,7.195686493E0,8.734336853E-1,8.019773352E0
4.717802812E1,3.475622406E0,7.068002014E0,9.358538818E-1,7.931735376E0
4.718798112E1,3.555705872E0,7.036717072E0,1.041833496E0,7.952600105E0
4.719793412E1,3.716621246E0,7.142397308E0,9.877958679E-1,8.111895800E0
4.720788812E1,3.541485443E0,7.348219299E0,1.268312531E0,8.255123421E0
4.721784112E1,3.370091858E0,7.661966858E0,1.172362061E0,8.452081877E0
4.722779412E1,3.565435638E0,7.822582855E0,1.752555542E0,8.773630078E0
4.723774812E1,4.182751923E0,8.329877930E0,2.468217316E0,9.642322163E0
4.724770112E1,4.502337341E0,9.110205231E0,2.619851990E0,1.049430823E1
4.725765512E1,4.083508301E0,9.248367920E0,2.675236816E0,1.045773595E1
4.726760812E1,3.724704437E0,9.241931305E0,2.130818939E0,1.018955871E1
4.727756112E1,3.850143585E0,9.745933228E0,1.675016785E0,1.061190376E1
4.728751513E1,4.243824921E0,9.832602997E0,3.047512665E0,1.113451683E1
4.729746813E1,4.287683716E0,9.322014771E0,4.719685364E0,1.129422954E1
4.730742213E1,4.352648621E0,7.364685059E0,6.623276825E0,1.081905411E1
4.731737513E1,5.035827942E0,7.288343811E0,3.097658386E0,9.384828504E0
4.732732813E1,4.891977081E0,7.481292572E0,3.240760803E0,9.508086500E0
4.733728213E1,5.391638031E0,8.206534424E0,3.357518005E0,1.037737419E1
4.734723513E1,6.078559570E0,8.477920074E0,2.114203491E0,1.064395940E1
4.735718813E1,6.233038330E0,8.247249756E0,2.299817505E0,1.059042284E1
4.736714213E1,6.374344482E0,8.166118469E0,3.251388702E0,1.085768331E1
4.737709512E1,6.546336823E0,8.823701019E0,3.222199402E0,1.144966351E1
4.738704912E1,6.678212585E0,1.028660889E1,2.915337524E0,1.260603183E1
4.739700254E1,6.493047638E0,1.228854584E1,2.725681915E0,1.416324004E1
4.740695554E1,6.154751129E0,1.440185120E1,1.982776794E0,1.578688326E1
4.741690954E1,5.817203064E0,1.503024445E1,1.014889526E0,1.614862534E1
4.742686254E1,5.849236450E0,1.458896210E1,4.400848389E-1,1.572402801E1
4.743681654E1,6.087241516E0,1.435484894E1,4.938230896E-1,1.560000188E1
4.744676954E1,6.839427338E0,1.421743469E1,8.358618164E-1,1.579911012E1
4.745672254E1,7.406448212E0,1.352587280E1,1.228345642E0,1.546976222E1
4.746667654E1,8.042026520E0,1.276515472E1,1.258133698E0,1.513955964E1
4.747662954E1,8.695417786E0,1.210053680E1,4.969665527E-1,1.490906627E1
4.748658354E1,8.707093506E0,1.114851654E1,1.880090332E-1,1.414702251E1
4.749653654E1,8.453969879E0,1.049991531E1,5.216651917E-1,1.349036556E1
4.750648954E1,8.794212341E0,1.035980667E1,4.300556946E-1,1.359590795E1
4.751644354E1,8.919052734E0,1.038675064E1,6.026467896E-1,1.370391454E1
4.752639654E1,8.588989105E0,1.037941589E1,1.068029022E0,1.351457340E1
4.753634954E1,8.281528473E0,1.036519547E1,1.286424866E0,1.332951161E1
4.754630354E1,7.949668579E0,1.035426819E1,1.936223602E0,1.319685804E1
4.755625654E1,7.482939148E0,1.018931122E1,2.705324249E0,1.292807877E1
4.756621054E1,6.730004883E0,9.817334747E0,3.397335205E0,1.237800120E1
4.757616354E1,6.087241516E0,9.292975159E0,3.766018524E0,1.173016590E1
4.758611654E1,5.158572693E0,8.639434204E0,4.257596283E0,1.092601582E1
4.759607054E1,4.286037140E0,8.181536407E0,4.643194427E0,1.033764513E1
4.760602354E1,3.686683502E0,7.831264801E0,4.788392487E0,9.891867682E0
4.761597754E1,3.136876831E0,7.675438843E0,5.028792572E0,9.697479694E0
4.762593054E1,2.646496582E0,7.504943390E0,5.098248138E0,9.450939293E0
4.763588354E1,2.430196381E0,7.158713379E0,4.832850037E0,8.972707014E0
4.764583754E1,2.490670624E0,6.674470367E0,5.069358215E0,8.743591228E0
4.765579054E1,2.578388214E0,6.369255066E0,5.504503326E0,8.804263328E0
4.766574354E1,2.638862457E0,6.498137054E0,5.190755768E0,8.725441289E0
4.767569754E1,2.737806702E0,7.041058044E0,4.222718811E0,8.654677237E0
4.768565054E1,2.738106079E0,7.521409149E0,4.199816437E0,9.039207852E0
4.769560454E1,3.019371185E0,8.120313721E0,4.644541626E0,9.829947314E0
4.770555754E1,3.379372559E0,8.712631989E0,4.422553253E0,1.033871812E1
4.771551054E1,3.754941559E0,8.604407043E0,4.316423950E0,1.033280806E1
4.772546454E1,4.044589233E0,8.511001282E0,4.302053833E0,1.035874085E1
4.773541754E1,4.210743713E0,8.555907898E0,4.306394806E0,1.046321933E1
4.774537154E1,4.138444061E0,8.218509521E0,4.230352936E0,1.012751223E1
4.775532454E1,3.932322693E0,7.930209045E0,4.167333984E0,9.783560180E0
4.776527754E1,3.556304626E0,7.720195770E0,4.164190521E0,9.465157581E0
4.777523154E1,3.220552826E0,7.615862732E0,4.335284729E0,9.336381491E0
4.778518454E1,2.910547485E0,7.563321991E0,4.449197845E0,9.245025023E0
4.779513854E1,2.452649689E0,7.411986694E0,4.359234924E0,8.941810017E0
4.780509154E1,1.893562317E0,7.245682526E0,4.498295746E0,8.736140917E0
4.781504454E1,1.273551636E0,7.205116882E0,4.818180542E0,8.760736658E0
4.782499854E1,8.680448914E-1,7.196584625E0,4.917424164E0,8.759303203E0
4.783495154E1,7.018904114E-1,7.084168396E0,4.399201813E0,8.368456763E0
4.784490454E1,7.911048889E-1,6.780000916E0,3.387455750E0,7.620309430E0
4.785485854E1,8.906478882E-1,6.251899109E0,2.358495483E0,6.741067948E0
4.786481154E1,1.090781708E0,6.025869141E0,1.544188843E0,6.315490703E0
4.787476554E1,1.417851562E0,6.135740662E0,1.710642700E0,6.525635216E0
4.788471854E1,1.834734650E0,6.611601105E0,3.147504730E0,7.548927502E0
4.789467154E1,2.609822845E0,7.515571289E0,4.194277954E0,8.993717510E0
4.790462554E1,2.925666046E0,8.282426605E0,3.887416077E0,9.605733498E0
4.791457854E1,2.636467438E0,8.718469849E0,3.357817383E0,9.707606019E0
4.792453254E1,2.640808411E0,8.567284241E0,3.209326172E0,9.522184770E0
4.793448554E1,2.860551453E0,7.917186127E0,3.291954346E0,9.038891204E0
4.794443854E1,2.929857330E0,7.251969452E0,2.794089661E0,8.305544048E0
4.795439254E1,2.940335541E0,6.886728973E0,2.337539063E0,7.844532995E0
4.796434554E1,2.997965698E0,6.958579559E0,2.168989563E0,7.881252663E0
4.797429854E1,2.960094452E0,7.339537354E0,1.931433563E0,8.146250876E0
4.798425254E1,2.977308655E0,7.798333282E0,1.625469818E0,8.504147279E0
4.799420554E1,3.181933136E0,8.090226288E0,1.357227631E0,8.798779842E0
4.800415954E1,3.418291626E0,8.113128662E0,9.153465271E-1,8.851295588E0
4.801411254E1,3.622766418E0,7.993078308E0,4.444258118E-1,8.786993323E0
4.802406554E1,3.906276855E0,7.874075775E0,5.158273315E-1,8.804893300E0
4.803401954E1,4.220174103E0,7.661368103E0,4.001179504E-1,8.755942270E0
4.804397254E1,4.250411224E0,7.368127899E0,-5.577401733E-1,8.524457661E0
4.805392654E1,4.139791260E0,6.867568817E0,-1.410067749E0,8.141846485E0
4.806387954E1,3.886517944E0,6.447991333E0,-1.757794647E0,7.731200165E0
4.807383254E1,3.652105408E0,6.414311371E0,-1.610950012E0,7.554894057E0
4.808378654E1,3.479664001E0,6.704707489E0,-1.183439026E0,7.646024588E0
4.809373954E1,3.377725983E0,7.055128784E0,-8.202941895E-1,7.864906708E0
4.810369254E1,3.231330414E0,7.347321167E0,-8.942404175E-1,8.076155676E0
4.811364654E1,2.983894958E0,7.486381989E0,-9.225315857E-1,8.111757450E0
4.812359954E1,2.623743896E0,7.629484406E0,-5.156776428E-1,8.084490569E0
4.813355354E1,2.565365295E0,8.055797882E0,-3.203338623E-2,8.454466556E0
4.814350654E1,2.631677399E0,8.450077972E0,-4.056564331E-2,8.850490904E0
4.815345954E1,2.717748413E0,8.803043976E0,-2.987786865E-1,9.217863548E0
4.816341354E1,2.828218689E0,8.856183472E0,-8.048762512E-1,9.331593241E0
4.817336654E1,2.786904602E0,8.539741516E0,-1.262923737E0,9.071328392E0
4.818332054E1,2.904709625E0,7.998616791E0,-1.390757904E0,8.622610749E0
4.819327354E1,3.140619049E0,7.514224091E0,-1.664987640E0,8.312594994E0
4.820322654E1,3.376229095E0,7.225474548E0,-1.971250763E0,8.215365782E0
4.821318054E1,3.487747192E0,6.965165863E0,-2.050436096E0,8.054949048E0
4.822313354E1,3.466641083E0,6.814728699E0,-2.350262604E0,7.998866291E0
4.823308754E1,3.416345673E0,6.716083832E0,-2.614163818E0,7.975653720E0
4.824304054E1,3.373834076E0,6.708150330E0,-2.660267944E0,7.966119680E0
4.825299354E1,3.370989990E0,6.745871887E0,-2.547252960E0,7.959827804E0
4.826294754E1,3.339405670E0,6.921157379E0,-2.368674316E0,8.041434431E0
4.827290054E1,3.180735626E0,7.171885986E0,-2.129322052E0,8.129393589E0
4.828285354E1,3.072061615E0,7.434889069E0,-2.010618896E0,8.292027881E0
4.829280754E1,2.893333282E0,7.540269928E0,-2.177970886E0,8.364843409E0
4.830276054E1,2.796334991E0,7.608378296E0,-2.320175171E0,8.431495864E0
4.831271454E1,2.805466003E0,7.878716125E0,-2.500999146E0,8.729249911E0
4.832266754E1,3.007695465E0,7.897127838E0,-2.750829620E0,8.886952442E0
4.833262054E1,3.336860962E0,7.829468536E0,-3.065924377E0,9.046276081E0
4.834257454E1,3.847748566E0,7.757019196E0,-3.380121002E0,9.295253295E0
4.835252754E1,4.243824921E0,7.911647644E0,-3.745361481E0,9.727895508E0
4.836248154E1,4.445755005E0,8.072712708E0,-4.149670715E0,1.010708638E1
4.837243454E1,4.560715942E0,8.205636292E0,-4.517755280E0,1.041838325E1
4.838238754E1,4.434528351E0,8.029901733E0,-4.954996033E0,1.042575413E1
4.839234112E1,4.316873016E0,7.704179077E0,-5.282365265E0,1.029043977E1
4.840229412E1,4.195924530E0,7.350614319E0,-4.921166382E0,9.790566484E0
4.841224712E1,4.075574799E0,7.004833374E0,-4.924459534E0,9.483053424E0
4.842220112E1,4.047732697E0,6.861431580E0,-5.027894440E0,9.420355927E0
4.843215412E1,3.954177246E0,7.036417694E0,-5.167703705E0,9.583937251E0
4.844210812E1,3.697311401E0,7.450456696E0,-4.981940002E0,9.695315506E0
4.845206112E1,3.435805206E0,7.780071259E0,-4.436773682E0,9.592665266E0
4.846201412E1,3.219954071E0,7.934849396E0,-3.927832031E0,9.421136005E0
4.847196812E1,3.210373993E0,7.988138580E0,-3.716770935E0,9.377166168E0
4.848192112E1,3.349883881E0,8.050858154E0,-3.901636505E0,9.553052206E0
4.849187412E1,3.547323303E0,8.164621582E0,-4.183650055E0,9.836029482E0
4.850182812E1,3.729195099E0,8.233328705E0,-4.722379761E0,1.019781684E1
4.851178112E1,3.724255371E0,8.263416138E0,-5.003495178E0,1.035321633E1
4.852173512E1,3.491639099E0,8.204289093E0,-4.742438049E0,1.009913966E1
4.853168812E1,3.071612549E0,7.961044922E0,-4.678970032E0,9.731690524E0
4.854164112E1,2.583327942E0,7.535629578E0,-4.553979950E0,9.175948440E0
4.855159512E1,2.041604462E0,7.298971710E0,-4.207600250E0,8.668739047E0
4.856154812E1,1.611997833E0,7.279512177E0,-3.538491669E0,8.252924199E0
4.857150213E1,1.322799225E0,7.239245911E0,-2.745740204E0,7.854652660E0
4.858145513E1,1.152303772E0,7.038513336E0,-2.067051544E0,7.425710475E0
4.859140813E1,1.096020813E0,6.817123718E0,-1.630708923E0,7.094621132E0
4.860136213E1,1.390009460E0,6.724466400E0,-1.192719727E0,6.969444383E0
4.861131513E1,2.151026917E0,6.913822632E0,-9.113049316E-1,7.297830969E0
4.862126913E1,3.168461151E0,7.508535919E0,-8.003855896E-1,8.188887275E0
4.863122213E1,4.367617493E0,8.419092407E0,-1.537303162E-1,9.485822713E0
4.864117513E1,5.441783752E0,9.421557770E0,3.034190369E-1,1.088443036E1
4.865112912E1,6.360872498E0,1.040276733E1,1.075962524E0,1.224075008E1
4.866108212E1,7.153474274E0,1.122620499E1,1.788630524E0,1.343127216E1
4.867103512E1,7.780670013E0,1.153665939E1,2.341281281E0,1.411080911E1
4.868098912E1,7.915389862E0,1.106409210E1,2.799628143E0,1.388904059E1
4.869094212E1,7.712112579E0,1.027523254E1,3.118614807E0,1.322054623E1
4.870089612E1,7.343578949E0,9.273515625E0,3.310066681E0,1.228343540E1
4.871084912E1,7.020251312E0,8.538394318E0,3.443139954E0,1.157770784E1
4.872080212E1,6.956334229E0,8.102800140E0,3.769461365E0,1.132496336E1
4.873075612E1,7.180118866E0,8.132139130E0,3.872147827E0,1.151865107E1
4.874070912E1,7.644902344E0,8.679999847E0,3.586392059E0,1.210987767E1
4.875066312E1,7.833809509E0,9.378148041E0,2.936593323E0,1.256749030E1
4.876061612E1,7.818690948E0,9.781409454E0,2.416125641E0,1.275325692E1
4.877056912E1,7.606731720E0,9.783205719E0,1.987117767E0,1.255078159E1
4.878052312E1,7.293582916E0,9.401499481E0,2.060315552E0,1.207598627E1
4.879047612E1,6.524781647E0,9.017098846E0,2.095791779E0,1.132577548E1
4.880042912E1,5.565875702E0,8.935817871E0,2.190095673E0,1.075287554E1
4.881038312E1,4.781806183E0,8.792565765E0,2.396516418E0,1.029165555E1
4.882033612E1,4.371210022E0,8.607550507E0,3.250490570E0,1.018641702E1
4.883029012E1,4.108805695E0,8.388705597E0,4.123924255E0,1.021075007E1
4.884024312E1,3.929777985E0,8.105195160E0,4.695585480E0,1.015804443E1
4.885019612E1,3.940256195E0,7.699838104E0,4.945865021E0,9.963669330E0
4.886015012E1,4.270469513E0,7.196285248E0,5.131179657E0,9.815927664E0
4.887010312E1,4.777914276E0,6.896758118E0,5.447471924E0,1.000343380E1
4.888005713E1,5.219795380E0,6.874005432E0,5.616470490E0,1.029771602E1
4.889001013E1,5.625601501E0,7.086563416E0,5.377716980E0,1.052552199E1
4.889996313E1,6.020330658E0,7.349716187E0,4.669539642E0,1.058618485E1
4.890991713E1,6.565197601E0,7.466323700E0,3.649411011E0,1.059084557E1
4.891987013E1,7.136559448E0,7.517367554E0,2.120191040E0,1.058000500E1
4.892982313E1,7.376360779E0,7.561825104E0,6.228547668E-1,1.058205298E1
4.893977713E1,6.785389709E0,7.815397797E0,2.032772827E-1,1.035196976E1
4.894973013E1,5.909561005E0,8.186176758E0,2.043849792E0,1.030115154E1
4.895968413E1,5.239404602E0,8.448431396E0,4.762945404E0,1.102329364E1
4.896963713E1,4.913831635E0,8.364605713E0,6.771618347E0,1.183077280E1
4.897959013E1,4.902754669E0,7.893834686E0,7.618557129E0,1.201632399E1
4.898954412E1,4.590204620E0,7.204218750E0,7.585475922E0,1.142410571E1
4.899949712E1,4.363725586E0,6.689888306E0,7.142397308E0,1.071496831E1
4.900945012E1,4.707560577E0,6.590494995E0,6.299799500E0,1.026076140E1
4.901940412E1,5.407954102E0,6.678961029E0,4.999902649E0,9.942510472E0
4.902935712E1,5.826184387E0,6.793023834E0,4.679718475E0,1.009897828E1
4.903931112E1,6.079906769E0,7.284152527E0,5.834417267E0,1.113842759E1
4.904926412E1,6.637796631E0,8.071814575E0,6.561305695E0,1.233958132E1
4.905921712E1,6.925797729E0,8.688681793E0,6.273454285E0,1.275994099E1
4.906917112E1,6.651717682E0,8.759484558E0,6.380332031E0,1.271544552E1
4.907912412E1,6.323600006E0,9.005572815E0,6.536607056E0,1.279904256E1
4.908907812E1,5.957611084E0,9.128766632E0,6.432124329E0,1.265700334E1
4.909903112E1,5.433700562E0,9.028774567E0,6.884932709E0,1.258754028E1
4.910898412E1,5.123096466E0,9.157955933E0,7.151528320E0,1.269876496E1
4.911893812E1,4.874762878E0,8.732390900E0,7.291487274E0,1.237674233E1
4.912889112E1,4.699477386E0,8.195607147E0,7.674391022E0,1.217166142E1
4.913884412E1,4.761448517E0,8.219407654E0,7.489974518E0,1.209668436E1
4.914879812E1,5.133125610E0,8.534352722E0,6.236630859E0,1.175073272E1
4.915875112E1,5.420527954E0,8.653355255E0,4.766238556E0,1.126852743E1
4.916870512E1,5.530399475E0,8.570727081E0,4.014950867E0,1.096186624E1
4.917865812E1,5.704637146E0,8.205486603E0,4.343068542E0,1.089656550E1
4.918861112E1,5.894592133E0,7.751630402E0,4.937931519E0,1.091866100E1
4.919856512E1,5.871689758E0,7.679330750E0,5.250930634E0,1.100096059E1
4.920851813E1,5.700894928E0,8.164771271E0,5.504353638E0,1.137811943E1
4.921847213E1,5.411846008E0,8.789422302E0,5.461692352E0,1.167784676E1
4.922842513E1,4.984634399E0,9.161249084E0,5.579497375E0,1.182818058E1
4.923837813E1,4.434378662E0,9.098679199E0,5.856122131E0,1.169375234E1
4.924833213E1,3.784280548E0,8.943002930E0,6.118526459E0,1.147756275E1
4.925828513E1,3.243604889E0,8.954528961E0,5.888604584E0,1.119733118E1
4.926823813E1,2.865790558E0,9.033115540E0,5.308411102E0,1.086228154E1
4.927819213E1,2.751128998E0,9.015152893E0,4.750670929E0,1.055512040E1
4.928814513E1,2.903961182E0,8.851692810E0,4.293222198E0,1.025754420E1
4.929809912E1,3.015030212E0,8.713979187E0,4.244573364E0,1.015087403E1
4.930805212E1,3.259322205E0,8.582702179E0,4.449646912E0,1.020222111E1
4.931800512E1,3.741170197E0,8.475225677E0,4.443659363E0,1.027481938E1
4.932795912E1,4.234843597E0,8.333470459E0,4.240382080E0,1.026457356E1
4.933791212E1,4.731361084E0,8.257278900E0,4.223916321E0,1.041200757E1
4.934786612E1,5.106181641E0,8.100255432E0,4.157304840E0,1.043888943E1
4.935781912E1,5.214107208E0,7.845335541E0,4.439767456E0,1.041382441E1
4.936777212E1,5.169350281E0,7.746540985E0,4.981191559E0,1.056140847E1
4.937772612E1,4.923411713E0,7.833510132E0,5.275329895E0,1.065049151E1
4.938767912E1,4.400998077E0,7.985294495E0,5.227579193E0,1.051005692E1
4.939763275E1,3.716621246E0,8.209079132E0,5.044360199E0,1.032704331E1
4.940758675E1,3.028801575E0,8.506660309E0,4.679568787E0,1.017031330E1
4.941753975E1,2.516566772E0,8.870254211E0,4.919370117E0,1.045058469E1
4.942749375E1,2.426603851E0,9.636361084E0,4.694238281E0,1.099016534E1
4.943744675E1,2.441423035E0,1.004486160E1,3.880081329E0,1.104150453E1
4.944739975E1,2.310295715E0,9.600136414E0,3.792812805E0,1.057759493E1
4.945735375E1,2.498005371E0,8.707392883E0,3.716471558E0,9.791367754E0
4.946730675E1,2.761607208E0,8.123008118E0,3.598367157E0,9.303654199E0
4.947725975E1,3.091072083E0,7.827223206E0,3.411256256E0,9.080573714E0
4.948721375E1,3.497327271E0,7.507188721E0,3.213218079E0,8.883352461E0
4.949716675E1,3.846700745E0,7.241940308E0,2.895279236E0,8.696289317E0
4.950712075E1,4.060156860E0,6.948849792E0,2.539618835E0,8.439256543E0
4.951707375E1,4.260590057E0,6.903943176E0,2.778372345E0,8.575337422E0
4.952702675E1,4.399650879E0,7.239245911E0,2.389930115E0,8.802009723E0
4.953698075E1,4.298910370E0,7.653733978E0,1.339714050E0,8.880039860E0
4.954693375E1,4.136498108E0,7.891140289E0,1.324146423E0,9.007445554E0
4.955688775E1,4.019142151E0,8.287216644E0,1.610201569E0,9.350091573E0
4.956684075E1,4.014352112E0,8.774453430E0,1.810036011E0,9.817448051E0
4.957679375E1,3.961062927E0,9.184301147E0,1.879042511E0,1.017704318E1
4.958674775E1,3.905678101E0,9.492959290E0,1.678908691E0,1.040141009E1
4.959670075E1,3.813769226E0,9.514065399E0,1.368154907E0,1.034089570E1
4.960665375E1,3.582350464E0,9.400301971E0,1.172511749E0,1.012786729E1
4.961660775E1,3.185525665E0,9.252409515E0,9.687854004E-1,9.833270095E0
4.962656075E1,2.730771332E0,9.032067719E0,6.062393188E-1,9.455309908E0
4.963651475E1,2.408042450E0,8.609197083E0,2.644999695E-1,8.943539740E0
4.964646775E1,2.201621704E0,7.959847412E0,1.437011719E-2,8.258723597E0
4.965642075E1,2.161654816E0,7.454797668E0,-8.936416626E-2,7.762393044E0
4.966637475E1,2.148332520E0,7.426057434E0,-6.930587769E-2,7.730877372E0
4.967632775E1,2.146985321E0,7.829019470E0,-7.649093628E-2,8.118432281E0
4.968628075E1,2.187700653E0,8.429570618E0,-3.109034729E-1,8.714376393E0
4.969623475E1,2.065554657E0,9.017847290E0,-7.318281555E-1,9.280283306E0
4.970618775E1,1.820963287E0,9.360484772E0,-1.026714935E0,9.591075331E0
4.971614175E1,1.837728424E0,9.636810150E0,-1.131796417E0,9.875541441E0
4.972609475E1,2.082170105E0,9.660910034E0,-1.507515106E0,9.997060409E0
4.973604775E1,2.284549255E0,9.476493530E0,-1.951491852E0,9.941399065E0
4.974600175E1,2.314187622E0,9.316176910E0,-1.895508270E0,9.784659840E0
4.975595475E1,2.617007904E0,9.232949982E0,-1.679208069E0,9.742475839E0
4.976590775E1,3.060834961E0,8.930429077E0,-1.555265808E0,9.567660419E0
4.977586175E1,3.349285126E0,8.131091309E0,-1.901795197E0,8.997176318E0
4.978581475E1,3.442391510E0,7.193441162E0,-2.060465240E0,8.236575263E0
4.979576875E1,3.420836334E0,6.727759552E0,-1.825453949E0,7.765124077E0
4.980572175E1,3.335364075E0,6.728657684E0,-1.781595154E0,7.718391609E0
4.981567475E1,3.330424347E0,7.090006256E0,-1.952389984E0,8.072901690E0
4.982562875E1,3.580703888E0,7.792345734E0,-2.008972321E0,8.807840947E0
4.983558175E1,3.770209808E0,8.714727631E0,-2.170336761E0,9.740191032E0
4.984553575E1,3.765719147E0,9.292226715E0,-2.407743073E0,1.031132119E1
4.985548875E1,3.556903381E0,9.527088318E0,-1.612446899E0,1.029645368E1
4.986544175E1,3.481609955E0,9.945468292E0,-2.402503967E-1,1.054000321E1
4.987539575E1,3.666026459E0,1.059377014E1,-1.212478638E-1,1.121081696E1
4.988534875E1,3.887116699E0,1.115405502E1,-9.162446594E-1,1.184745221E1
4.989530175E1,4.172573090E0,1.117920273E1,-8.090675354E-1,1.195991347E1
4.990525575E1,4.324507141E0,1.090751770E1,-1.283431091E0,1.180349523E1
4.991520875E1,3.921994171E0,1.032433044E1,-1.810036011E0,1.119151767E1
4.992516275E1,3.446283417E0,9.482181702E0,-2.022593994E0,1.028977773E1
4.993511575E1,3.335813141E0,9.049730988E0,-2.163151703E0,9.884558946E0
4.994506875E1,3.262615356E0,8.750952301E0,-2.215991821E0,9.598668912E0
4.995502275E1,3.149151306E0,8.473279724E0,-2.403701477E0,9.353683981E0
4.996497575E1,3.229833527E0,8.231233063E0,-2.763553162E0,9.264029815E0
4.997492875E1,3.218157806E0,7.899223480E0,-2.916085968E0,9.014312432E0
4.998488275E1,3.192411346E0,7.633376312E0,-2.771037598E0,8.725742003E0
4.999483575E1,3.251688080E0,7.406597900E0,-2.543510742E0,8.479423018E0
5.000478975E1,3.328029327E0,7.148833923E0,-2.264341278E0,8.204196919E0
5.001474275E1,3.216810608E0,6.807094574E0,-1.813478851E0,7.744230922E0
5.002469575E1,2.834954681E0,6.490951996E0,-1.389710083E0,7.218082846E0
5.003464975E1,2.574795685E0,6.364165649E0,-1.154549103E0,6.961692385E0
5.004460275E1,2.384241943E0,6.197262726E0,-7.954458618E-1,6.687556284E0
5.005455675E1,2.219883728E0,6.016438751E0,-6.224057007E-1,6.443043370E0
5.006450975E1,2.107467499E0,5.877677307E0,-6.962022400E-1,6.282770674E0
5.007446275E1,1.981579285E0,5.800886993E0,-6.268963623E-1,6.161975772E0
5.008441675E1,1.908830566E0,5.911806335E0,-3.628454590E-1,6.222920946E0
5.009436975E1,1.936223602E0,6.155798950E0,-2.874023438E-1,6.459521860E0
5.010432275E1,1.986519012E0,6.439758453E0,-2.591111755E-1,6.744174177E0
5.011427675E1,2.074685669E0,6.717730408E0,-2.351609802E-1,7.034736892E0
5.012422975E1,2.266436920E0,6.914720764E0,-1.797761536E-1,7.278902323E0
5.013418375E1,2.416275330E0,6.998845825E0,1.146615601E-1,7.405091264E0
5.014413675E1,2.507884827E0,7.066056061E0,6.092330933E-1,7.522619193E0
5.015408975E1,2.564916229E0,7.265591125E0,9.809101868E-1,7.767225660E0
5.016404375E1,2.717149658E0,7.653584290E0,1.380878448E0,8.238147852E0
5.017399675E1,2.999911652E0,8.082891541E0,2.013612671E0,8.853656960E0
5.018394975E1,3.556604004E0,8.518186340E0,2.740800476E0,9.629170152E0
5.019390375E1,4.366120605E0,9.046288147E0,3.523522797E0,1.064488381E1
5.020385675E1,5.224735107E0,9.661359100E0,4.462220764E0,1.185542622E1
5.021381075E1,6.186335449E0,1.039752823E1,5.187612305E0,1.316399107E1
5.022376375E1,6.917564850E0,1.138218063E1,5.364244995E0,1.435903422E1
5.023371675E1,7.138056335E0,1.233225494E1,5.494623871E0,1.527177959E1
5.024367075E1,7.102131042E0,1.281455200E1,5.398374023E0,1.561395051E1
5.025362375E1,7.358847198E0,1.282053955E1,4.470753021E0,1.544365562E1
5.026357675E1,7.775430908E0,1.276066406E1,3.403023376E0,1.532554864E1
5.027353075E1,7.904163208E0,1.285481827E1,2.478994904E0,1.529272914E1
5.028348375E1,8.133037262E0,1.280706757E1,1.894460449E0,1.528908941E1
5.029343775E1,8.483907623E0,1.180295563E1,1.220861206E0,1.458687603E1
5.030339075E1,8.508306885E0,1.019619690E1,9.605525208E-1,1.331451758E1
5.031334375E1,8.034991150E0,8.696315918E0,1.046024780E0,1.188617521E1
5.032329775E1,7.578739929E0,7.645501099E0,9.861492920E-1,1.081034118E1
5.033325075E1,7.288343811E0,6.716233521E0,1.051114197E0,9.966573597E0
5.034320375E1,6.992109833E0,5.952521667E0,1.310824127E0,9.275795061E0
5.035315775E1,6.572083282E0,5.377567291E0,1.791474609E0,8.678703240E0
5.036311075E1,6.174210663E0,5.250631256E0,2.327958984E0,8.432638907E0
5.037306475E1,5.722001038E0,5.460345154E0,2.768343201E0,8.379760686E0
5.038301775E1,5.144501953E0,5.758674774E0,3.095263367E0,8.319188110E0
5.039297050E1,4.680317230E0,5.993985443E0,3.696263580E0,8.455506805E0
5.040292450E1,4.340374146E0,6.132597198E0,4.630919952E0,8.825701996E0
5.041287750E1,4.179458771E0,6.344855804E0,5.160668335E0,9.184637634E0
5.042283150E1,4.292174377E0,6.545438690E0,5.163811798E0,9.377125403E0
5.043278450E1,4.711751862E0,6.605014801E0,5.013374634E0,9.537334604E0
5.044273750E1,5.320236511E0,6.669830017E0,4.959337006E0,9.868463534E0
5.045269150E1,6.021079102E0,6.888076172E0,5.057532806E0,1.045359388E1
5.046264450E1,6.652166748E0,7.348368988E0,4.766837311E0,1.099875389E1
5.047259750E1,6.960525513E0,7.533533936E0,3.791315918E0,1.093513262E1
5.048255150E1,6.744225311E0,7.024891663E0,2.858306122E0,1.014906852E1
5.049250450E1,6.602619781E0,6.489604797E0,2.952909393E0,9.717470468E0
5.050245750E1,6.684499512E0,6.203100586E0,3.763473816E0,9.865329481E0
5.051241150E1,6.932084656E0,6.067632294E0,4.542304230E0,1.027144036E1
5.052236450E1,7.161108398E0,5.924380188E0,4.954696655E0,1.053227293E1
5.053231850E1,7.356601868E0,5.890849915E0,4.809498596E0,1.058078355E1
5.054227150E1,7.345225525E0,5.919290771E0,4.560117188E0,1.047783422E1
5.055222450E1,7.118596802E0,5.900280304E0,4.314777374E0,1.020318734E1
5.056217850E1,6.872209167E0,6.024821320E0,4.054768066E0,9.998343605E0
5.057213150E1,6.721322937E0,6.212530975E0,3.707190857E0,9.874967706E0
5.058208550E1,6.476881256E0,6.292015686E0,3.400778046E0,9.649079931E0
5.059203850E1,6.106551361E0,6.356082458E0,3.415896606E0,9.452941519E0
5.060199150E1,5.859564972E0,6.522835693E0,3.596121826E0,9.477023759E0
5.061194550E1,5.770949249E0,6.772516479E0,4.003724213E0,9.757081647E0
5.062189850E1,5.851032715E0,6.903643799E0,4.089495850E0,9.930702787E0
5.063185150E1,5.935457153E0,6.791377258E0,3.959865417E0,9.850532514E0
5.064180550E1,6.056705017E0,6.360573120E0,3.780688019E0,9.562121521E0
5.065175850E1,6.224206696E0,5.912405090E0,3.026406555E0,9.102550169E0
5.066171250E1,6.345155182E0,5.716312866E0,2.724634094E0,8.964421789E0
5.067166550E1,6.328988800E0,5.702691193E0,3.180735626E0,9.093616728E0
5.068161850E1,6.196065216E0,5.735023956E0,3.545676727E0,9.157158260E0
5.069157250E1,6.056106262E0,5.686375122E0,3.676205292E0,9.084369567E0
5.070152550E1,6.090684357E0,5.685476990E0,3.377426605E0,8.990444650E0
5.071147850E1,6.034401398E0,5.788462830E0,2.903661804E0,8.851641318E0
5.072143250E1,5.682632904E0,6.193221130E0,2.711012421E0,8.831641582E0
5.073138550E1,5.250780945E0,6.921307068E0,2.435734863E0,9.022637995E0
5.074133950E1,4.880001984E0,7.633675690E0,2.416425018E0,9.376914939E0
5.075129250E1,4.558919678E0,7.965834961E0,2.683619385E0,9.562431085E0
5.076124550E1,4.198768616E0,7.811056824E0,3.138673096E0,9.407100265E0
5.077119950E1,3.757037201E0,7.362290039E0,3.493884430E0,8.973620872E0
5.078115250E1,3.511697388E0,6.925947418E0,3.717968445E0,8.609532829E0
5.079110550E1,3.414998474E0,6.663543091E0,3.987707520E0,8.483326727E0
5.080105950E1,3.229234772E0,6.628366241E0,4.306095428E0,8.538480783E0
5.081101250E1,3.023712158E0,6.822961578E0,4.514312439E0,8.722078692E0
5.082096650E1,2.849474487E0,7.034022675E0,4.967719574E0,9.070568759E0
5.083091950E1,2.767295380E0,7.232659607E0,5.554349670E0,9.529957448E0
5.084087250E1,2.781216431E0,7.380252686E0,5.922134857E0,9.862807704E0
5.085082650E1,2.866688690E0,7.476951599E0,6.083349609E0,1.005633391E1
5.086077950E1,2.976560211E0,7.623347168E0,6.258485413E0,1.030261969E1
5.087073350E1,2.963237915E0,7.858957214E0,6.303691406E0,1.050145289E1
5.088068650E1,2.841840363E0,8.207432556E0,6.235133972E0,1.069181469E1
5.089063950E1,2.690505066E0,8.578660583E0,6.077062683E0,1.085186278E1
5.090059350E1,2.514620819E0,8.826694794E0,6.036497040E0,1.098513338E1
5.091054650E1,2.359243927E0,8.997789001E0,6.037095795E0,1.108930857E1
5.092049950E1,2.254012756E0,9.195827179E0,6.119873657E0,1.127371565E1
5.093045350E1,2.194736023E0,9.324409790E0,6.438111877E0,1.154169696E1
5.094040650E1,2.042053528E0,9.411079559E0,6.555168457E0,1.164940490E1
5.095035950E1,1.902244263E0,9.451345825E0,6.540498962E0,1.165009003E1
5.096031350E1,1.725761261E0,9.249266052E0,6.495292969E0,1.143311004E1
5.097026650E1,1.355281677E0,8.966204681E0,6.390211487E0,1.109344030E1
5.098022050E1,8.467890930E-1,8.846603394E0,6.499933319E0,1.101038494E1
5.099017350E1,3.867956543E-1,9.009015656E0,6.420747986E0,1.106968738E1
5.100012650E1,1.447489929E-1,9.186696167E0,5.962101746E0,1.095276202E1
5.101008050E1,1.862127686E-1,9.282946014E0,6.100863190E0,1.110982869E1
5.102003350E1,4.415817261E-1,9.388626251E0,6.128256226E0,1.122037529E1
5.102998750E1,7.846682739E-1,9.527986450E0,5.671855316E0,1.111612220E1
5.103994050E1,1.436562653E0,9.363179169E0,5.554349670E0,1.098105808E1
5.104989350E1,2.162852325E0,9.149423676E0,5.904321899E0,1.110184223E1
5.105984750E1,2.682870941E0,8.881630554E0,6.228847046E0,1.117495831E1
5.106980050E1,2.952011261E0,8.453969879E0,6.044430542E0,1.080366224E1
5.107975350E1,2.969674530E0,8.081993408E0,5.662424927E0,1.030536949E1
5.108970750E1,2.517764282E0,7.582931213E0,5.867797852E0,9.913174789E0
5.109966050E1,1.968706055E0,7.169640656E0,6.630012817E0,9.961757908E0
5.110961450E1,1.769170990E0,7.359296265E0,7.411687317E0,1.059350350E1
5.111956750E1,2.000589752E0,8.181686096E0,7.233707428E0,1.110265148E1
5.112952050E1,2.422412567E0,9.422455902E0,6.641688538E0,1.177976165E1
5.113947450E1,2.451003113E0,1.025008484E1,6.207142181E0,1.223111890E1
5.114942750E1,1.858535156E0,1.017808456E1,6.708449707E0,1.233089031E1
5.115938050E1,1.278940430E0,1.004336472E1,7.722291412E0,1.273336751E1
5.116933450E1,8.910969543E-1,1.031714539E1,8.398884430E0,1.333337176E1
5.117928750E1,2.460882568E-1,1.045919998E1,8.162076874E0,1.326932261E1
5.118924150E1,-6.686595154E-1,1.063673080E1,7.423512726E0,1.298829046E1
5.119919450E1,-1.507066040E0,1.096095657E1,6.484365692E0,1.282422768E1
5.120914750E1,-1.953288116E0,1.126886627E1,5.767057343E0,1.280865457E1
5.121910150E1,-1.974693604E0,1.132170639E1,5.399122467E0,1.269767592E1
5.122905450E1,-1.576671295E0,1.087174210E1,5.233117676E0,1.216824512E1
5.123900750E1,-7.381150818E-1,1.020248383E1,5.024750977E0,1.139664918E1
5.124896150E1,3.785627747E-1,9.599238281E0,4.750072174E0,1.071689652E1
5.125891450E1,1.463506622E0,9.058862000E0,4.154011688E0,1.007276752E1
5.126886750E1,2.193987579E0,8.648265839E0,3.699407043E0,9.658762653E0
5.127882150E1,2.526446228E0,8.530460815E0,3.781286774E0,9.666944809E0
5.128877450E1,2.694846039E0,8.720266113E0,4.108206940E0,1.000912586E1
5.129872850E1,2.933300171E0,8.977131958E0,4.173471222E0,1.032526078E1
5.130868150E1,3.302282867E0,9.086105347E0,4.177063751E0,1.053139326E1
5.131863450E1,3.731739807E0,8.877289581E0,4.249213715E0,1.052558642E1
5.132858850E1,4.015100555E0,8.387807465E0,4.609364777E0,1.037894938E1
5.133854150E1,4.076472931E0,7.872578888E0,5.087470551E0,1.022142292E1
5.134849450E1,4.044140167E0,7.628885651E0,5.288203125E0,1.012521892E1
5.135844850E1,3.921245728E0,7.682623901E0,5.410349121E0,1.018188370E1
5.136840150E1,3.788471832E0,7.839647369E0,5.520969086E0,1.030988309E1
5.137835550E1,3.685485992E0,8.071215820E0,6.140830078E0,1.079060359E1
5.138830850E1,3.655398560E0,8.222551117E0,5.706134033E0,1.065515139E1
5.139826142E1,3.653302917E0,8.084687805E0,5.012925568E0,1.019010411E1
5.140821542E1,3.697161713E0,8.019573212E0,4.938380585E0,1.011781409E1
5.141816842E1,3.751199341E0,8.039332123E0,5.066214752E0,1.021610931E1
5.142812242E1,3.729045410E0,8.137827301E0,5.024451599E0,1.026523876E1
5.143807542E1,3.831432495E0,8.438701630E0,4.967569885E0,1.051514673E1
5.144802842E1,3.937711487E0,8.769214325E0,4.773124237E0,1.073253962E1
5.145798242E1,3.903283081E0,8.885522461E0,4.087849274E0,1.053084232E1
5.146793542E1,3.860023041E0,8.850944366E0,3.644770660E0,1.032101483E1
5.147788842E1,4.053420868E0,8.900191956E0,3.914060669E0,1.053392180E1
5.148784242E1,4.504133606E0,8.761280823E0,4.179009705E0,1.070099917E1
5.149779542E1,5.040767670E0,8.329279175E0,4.224664764E0,1.061291773E1
5.150774842E1,5.381908264E0,7.605384521E0,4.153412933E0,1.020086512E1
5.151770242E1,5.630840607E0,7.135212250E0,4.127666473E0,9.982747633E0
5.152765542E1,5.658682709E0,7.060367889E0,3.942052460E0,9.869613079E0
5.153760942E1,5.529651031E0,7.369026031E0,3.708088989E0,9.931239053E0
5.154756242E1,5.435945892E0,7.761809235E0,3.573069763E0,1.012729075E1
5.155751542E1,5.448968811E0,8.121660919E0,3.883673859E0,1.052309649E1
5.156746942E1,5.649701385E0,8.432863770E0,4.000431061E0,1.091035131E1
5.157742242E1,5.741161194E0,8.627309418E0,3.881727905E0,1.106612901E1
5.158737542E1,5.605842590E0,8.672964478E0,3.480711823E0,1.089775843E1
5.159732942E1,5.288801880E0,8.542435913E0,3.139571228E0,1.052623124E1
5.160728242E1,5.072351990E0,8.333021393E0,3.000959473E0,1.020655466E1
5.161723642E1,4.911586304E0,8.196355591E0,2.863395538E0,9.975116992E0
5.162718942E1,4.964276733E0,8.155490570E0,2.817141724E0,9.954514424E0
5.163714242E1,4.966372375E0,8.198750610E0,2.564167786E0,9.922667110E0
5.164709642E1,5.186414795E0,8.501720581E0,2.277513885E0,1.021592976E1
5.165704942E1,5.374723206E0,8.686436462E0,2.355052643E0,1.048275254E1
5.166700242E1,5.414540405E0,8.571924591E0,2.410138092E0,1.042131972E1
5.167695642E1,5.530848541E0,8.030201111E0,2.344724121E0,1.002856653E1
5.168690942E1,5.699248352E0,7.444918213E0,2.333048401E0,9.661850434E0
5.169686342E1,5.970334625E0,6.809040527E0,2.631527710E0,9.430422394E0
5.170681642E1,6.163133698E0,6.166127472E0,2.914738770E0,9.192445108E0
5.171676942E1,6.055806885E0,5.661676483E0,2.871029663E0,8.773265581E0
5.172672342E1,5.641169128E0,5.520969086E0,2.453248444E0,8.265731468E0
5.173667642E1,4.903203735E0,6.174210663E0,1.871857452E0,8.103464352E0
5.174662942E1,4.392765198E0,6.973548431E0,1.927541656E0,8.464170405E0
5.175658342E1,3.811823273E0,7.851023712E0,1.085243225E0,8.794675824E0
5.176653642E1,3.246898041E0,8.465495911E0,1.230740662E0,9.149955764E0
5.177649042E1,2.945125580E0,8.635991364E0,2.045196991E0,9.350772281E0
5.178644342E1,2.976859589E0,8.391250305E0,2.624791718E0,9.282473068E0
5.179639642E1,2.916535034E0,7.686815186E0,2.659220123E0,8.640877037E0
5.180635042E1,2.830314331E0,6.709048462E0,2.550695801E0,7.715442926E0
5.181630342E1,3.077749786E0,5.882167969E0,2.176024933E0,6.986238492E0
5.182625642E1,3.457510071E0,5.865552521E0,2.043251038E0,7.108724011E0
5.183621042E1,3.967200165E0,6.712790680E0,2.081571350E0,8.070512694E0
5.184616342E1,4.615651703E0,7.669750671E0,1.600621490E0,9.093475967E0
5.185611742E1,4.802912292E0,8.042026520E0,5.869294739E-1,9.385448484E0
5.186607042E1,4.362079010E0,8.133037262E0,-1.070873108E0,9.290898644E0
5.187602342E1,3.728296967E0,8.309071198E0,-2.075883179E0,9.340779058E0
5.188597742E1,3.338208160E0,8.379873962E0,-2.376158752E0,9.328025073E0
5.189593042E1,2.945275269E0,8.268056488E0,-2.718945923E0,9.188474924E0
5.190588342E1,3.098855896E0,7.796387329E0,-2.736010437E0,8.824529243E0
5.191583742E1,4.041894836E0,6.887178040E0,-2.307451630E0,8.312308238E0
5.192579042E1,5.379662933E0,5.979765015E0,-1.932331696E0,8.272379868E0
5.193574342E1,6.827152863E0,5.175637207E0,-2.625540161E0,8.960507678E0
5.194569742E1,7.883805542E0,4.435576172E0,-3.318000183E0,9.635240060E0
5.195565042E1,8.462053070E0,4.424199829E0,-3.182831268E0,1.006530184E1
5.196560442E1,8.410111084E0,5.242548065E0,-2.679577789E0,1.026617825E1
5.197555742E1,8.047714691E0,6.346951447E0,-2.075883179E0,1.045747557E1
5.198551042E1,7.610623627E0,7.717800751E0,-1.691931610E0,1.097035428E1
5.199546442E1,6.663992157E0,9.029972076E0,-1.325194244E0,1.130067816E1
5.200541742E1,5.299729156E0,9.798024902E0,-7.502398682E-1,1.116473381E1
5.201537042E1,3.510948944E0,1.015383499E1,-4.370910645E-2,1.074379067E1
5.202532442E1,1.666035461E0,1.030023056E1,3.353027344E-1,1.043948522E1
5.203527742E1,5.514532471E-1,1.049078430E1,7.063810730E-1,1.052898999E1
5.204523142E1,2.215393066E-2,1.060544586E1,1.062041473E0,1.065851326E1
5.205518442E1,2.595602417E-1,1.047312103E1,1.158441010E0,1.054019076E1
5.206513742E1,1.181044006E0,1.020383102E1,1.007105713E0,1.032120606E1
5.207509142E1,2.086211700E0,1.003378464E1,4.884342957E-1,1.026000397E1
5.208504442E1,2.525099030E0,9.792486420E0,-1.932481384E-1,1.011465571E1
5.209499742E1,2.647993469E0,9.522298279E0,-6.063890076E-1,9.902208923E0
5.210495142E1,2.530787201E0,9.425449677E0,-2.668949890E-1,9.762951316E0
5.211490442E1,2.164798279E0,9.535470886E0,1.896556091E-1,9.779955310E0
5.212485842E1,1.763033752E0,9.404642944E0,-3.293151855E-1,9.574134186E0
5.213481142E1,1.767674103E0,9.366172943E0,-9.014254761E-1,9.574050095E0
5.214476442E1,2.061962128E0,9.744436340E0,-1.025966492E0,1.001290840E1
5.215471842E1,2.679877167E0,1.044572800E1,-8.214916992E-1,1.081525883E1
5.216467142E1,3.372486877E0,1.096933914E1,-9.581575012E-1,1.151599474E1
5.217462442E1,4.094136200E0,1.115749786E1,-1.265318756E0,1.195210196E1
5.218457842E1,4.551734619E0,1.085991669E1,-1.441053314E0,1.186308194E1
5.219453142E1,4.826712799E0,1.029603928E1,-7.932005310E-1,1.139889242E1
5.220448542E1,5.098846893E0,1.000699036E1,2.662962341E-1,1.123427832E1
5.221443842E1,4.998256073E0,9.920320587E0,8.279283142E-1,1.113915570E1
5.222439142E1,4.646337891E0,9.815987549E0,3.793112183E-1,1.086673568E1
5.223434542E1,4.121080170E0,9.626032562E0,4.692741394E-1,1.048160402E1
5.224429842E1,3.228037262E0,9.674382019E0,9.443861389E-1,1.024235116E1
5.225425142E1,2.784060516E0,9.848619690E0,3.749702454E-1,1.024143083E1
5.226420542E1,2.854414215E0,9.322164459E0,5.957611084E-2,9.749563069E0
5.227415842E1,2.794688416E0,8.327632599E0,6.623725891E-1,8.809000255E0
5.228411142E1,2.646197205E0,7.851173401E0,7.420069885E-1,8.318284546E0
5.229406542E1,2.706521759E0,7.876919861E0,2.275268555E-2,8.328964174E0
5.230401842E1,2.886597290E0,8.169860687E0,-2.007325745E-1,8.667142616E0
5.231397242E1,3.081042938E0,8.728798370E0,-3.246748352E-1,9.262297789E0
5.232392542E1,3.362308044E0,9.002878418E0,-4.944218445E-1,9.622961506E0
5.233387842E1,3.635340271E0,8.926237793E0,-4.375401306E-1,9.648049616E0
5.234383242E1,3.751947784E0,8.730444946E0,-4.321513367E-1,9.512335986E0
5.235378542E1,3.807182922E0,8.545429688E0,-3.767665100E-1,9.362743367E0
5.236373842E1,4.065994720E0,8.793763275E0,-6.198609924E-1,9.708079792E0
5.237369242E1,4.321962433E0,9.247170410E0,-1.085692291E0,1.026490368E1
5.238364542E1,4.446204071E0,9.524842987E0,-1.429826660E0,1.060828774E1
5.239359942E1,4.467759247E0,9.505982208E0,-1.619931335E0,1.062773485E1
5.240355237E1,4.429139557E0,9.333241425E0,-1.529968414E0,1.044353753E1
5.241350537E1,4.325405273E0,9.263187103E0,-1.487007751E0,1.033087403E1
5.242345937E1,4.099824371E0,9.205706635E0,-1.448986816E0,1.018101946E1
5.243341237E1,3.720812531E0,9.336235199E0,-1.511556702E0,1.016339201E1
5.244336537E1,3.334016876E0,9.679471436E0,-1.752405853E0,1.038647015E1
5.245331937E1,3.126697998E0,1.017748581E1,-1.830842743E0,1.080321447E1
5.246327237E1,2.949466553E0,1.064795746E1,-1.965412903E0,1.122235264E1
5.247322637E1,2.956202545E0,1.088626190E1,-1.788031769E0,1.142133483E1
5.248317937E1,3.295097809E0,1.079390396E1,-1.341360626E0,1.136509044E1
5.249313237E1,3.819158020E0,1.058927948E1,-1.765129395E0,1.139449383E1
5.250308637E1,4.165837097E0,1.027508286E1,-1.882784729E0,1.124617289E1
5.251303937E1,4.302951965E0,9.815089417E0,-1.872755585E0,1.087927338E1
5.252299237E1,4.335883484E0,9.385482788E0,-1.886377258E0,1.050930977E1
5.253294637E1,4.194577332E0,9.025780792E0,-1.712588654E0,1.009911668E1
5.254289937E1,4.141138458E0,8.717122650E0,-1.931882629E0,9.842226655E0
5.255285237E1,4.380041656E0,8.308322754E0,-2.047891388E0,9.612848227E0
5.256280637E1,4.746779022E0,7.856113129E0,-2.200573883E0,9.438906186E0
5.257275937E1,5.220244446E0,7.620054016E0,-2.623893585E0,9.602134806E0
5.258271337E1,5.866899719E0,7.578290863E0,-2.907703400E0,1.001527552E1
5.259266637E1,6.511459351E0,7.552993469E0,-3.131188660E0,1.045232776E1
5.260261937E1,7.044800262E0,7.481741638E0,-3.607947235E0,1.089141643E1
5.261257337E1,7.282805328E0,7.102879486E0,-3.865112457E0,1.088252015E1
5.262252637E1,7.224726105E0,6.366261292E0,-3.926185455E0,1.039908084E1
5.263247937E1,7.011419678E0,5.672753448E0,-3.720662842E0,9.756201595E0
5.264243338E1,6.469995575E0,5.328020325E0,-3.204386444E0,8.973111824E0
5.265238638E1,5.694757690E0,5.507347412E0,-2.872526550E0,8.426894413E0
5.266234038E1,4.694837036E0,6.097120972E0,-2.583477631E0,8.117310861E0
5.267229338E1,4.077670441E0,6.892267456E0,-2.422412567E0,8.366530318E0
5.268224638E1,3.990252228E0,7.528294830E0,-2.442171478E0,8.863494651E0
5.269220038E1,4.233795776E0,7.892786865E0,-2.700683899E0,9.354934778E0
5.270215338E1,4.875810699E0,7.936495972E0,-3.192860413E0,9.846616470E0
5.271210638E1,5.591023407E0,7.546856232E0,-3.936663666E0,1.018390409E1
5.272206038E1,6.105204163E0,6.972949677E0,-4.258793793E0,1.019965047E1
5.273201338E1,6.278843079E0,6.317762146E0,-4.456532593E0,9.959852995E0
5.274196737E1,6.184688873E0,5.700296173E0,-4.817881165E0,9.693076490E0
5.275192037E1,6.175258484E0,5.338049469E0,-5.058730316E0,9.603090226E0
5.276187337E1,6.120023346E0,5.278922424E0,-5.145549774E0,9.581147645E0
5.277182737E1,6.051316223E0,5.435945892E0,-5.275329895E0,9.695207129E0
5.278178037E1,5.973478088E0,5.695955200E0,-5.362897797E0,9.843120384E0
5.279173337E1,5.971382446E0,5.908363495E0,-5.181624756E0,9.869924144E0
5.280168737E1,6.007906494E0,6.099066925E0,-4.934039612E0,9.881209677E0
5.281164037E1,6.089187469E0,6.234086151E0,-4.740641785E0,9.920469682E0
5.282159337E1,6.214027863E0,6.200705566E0,-4.543202362E0,9.884512102E0
5.283154737E1,6.284830627E0,5.984105988E0,-4.303251343E0,9.686412783E0
5.284150037E1,6.340215454E0,5.770799561E0,-3.497626648E0,9.259257624E0
5.285145437E1,6.384373627E0,5.703739014E0,-3.621269531E0,9.295507429E0
5.286140737E1,6.289470978E0,5.813909912E0,-4.207749939E0,9.542753963E0
5.287136037E1,6.138435059E0,6.011199646E0,-4.513114929E0,9.704798427E0
5.288131437E1,5.925877075E0,6.287075958E0,-3.902085571E0,9.479958598E0
5.289126737E1,5.838159485E0,6.518045654E0,-3.353027344E0,9.370796001E0
5.290122037E1,5.819448395E0,6.499484253E0,-3.436703339E0,9.376577468E0
5.291117437E1,5.922733612E0,6.316115570E0,-3.766916656E0,9.442549996E0
5.292112737E1,6.093977509E0,6.034700775E0,-4.102518768E0,9.507093960E0
5.293108137E1,6.241271210E0,5.807622986E0,-4.293970642E0,9.545686719E0
5.294103437E1,6.307882690E0,5.753884735E0,-4.376598816E0,9.594331179E0
5.295098737E1,6.400090942E0,5.769003296E0,-4.326752472E0,9.641750362E0
5.296094138E1,6.514902191E0,5.864205322E0,-4.243226166E0,9.738471282E0
5.297089438E1,6.633455658E0,5.911956024E0,-4.118834839E0,9.793812252E0
5.298084738E1,6.656807098E0,5.875431976E0,-4.106410675E0,9.782453183E0
5.299080138E1,6.551426239E0,5.778283997E0,-4.187841339E0,9.687505705E0
5.300075438E1,6.559359741E0,5.644013214E0,-4.295168152E0,9.660670517E0
5.301070738E1,6.703360291E0,5.442981262E0,-4.350403290E0,9.668872374E0
5.302066138E1,6.919660492E0,5.094056854E0,-4.218078461E0,9.572006188E0
5.303061438E1,7.059619446E0,4.700076141E0,-4.100572815E0,9.420384274E0
5.304056838E1,7.108717346E0,4.414470062E0,-3.910617828E0,9.236576208E0
5.305052138E1,7.040459290E0,4.450245667E0,-3.852538605E0,9.176862601E0
5.306047438E1,6.923552399E0,4.768334198E0,-3.909570007E0,9.271317408E0
5.307042837E1,6.870562592E0,5.209167480E0,-3.919150085E0,9.470997495E0
5.308038137E1,6.988666992E0,5.604944458E0,-3.939058685E0,9.786370728E0
5.309033437E1,7.141349487E0,5.911656647E0,-3.827839966E0,1.002990108E1
5.310028837E1,7.337441711E0,6.093229065E0,-3.532953186E0,1.017090210E1
5.311024137E1,7.514822845E0,6.247707825E0,-3.312761078E0,1.031895350E1
5.312019537E1,7.609875183E0,6.355034637E0,-3.126099243E0,1.039563187E1
5.313014837E1,7.556585999E0,6.458619232E0,-3.032693481E0,1.039292952E1
5.314010137E1,7.453151093E0,6.458619232E0,-3.018323364E0,1.031375293E1
5.315005537E1,7.384743347E0,6.436914368E0,-3.029699707E0,1.025413971E1
5.316000837E1,7.402855682E0,6.463409271E0,-2.975662079E0,1.026803275E1
5.316996137E1,7.483388214E0,6.680158539E0,-2.981200562E0,1.046485423E1
5.317991537E1,7.551945648E0,7.116800537E0,-3.282074890E0,1.088359998E1
5.318986837E1,7.633376312E0,7.840096436E0,-3.607797546E0,1.152179453E1
5.319982137E1,7.733218689E0,9.059011688E0,-3.618275757E0,1.244830444E1
5.320977537E1,7.733967133E0,1.060649368E1,-4.170627136E0,1.377338326E1
5.321972837E1,7.854616241E0,1.186612427E1,-5.004093933E0,1.508445748E1
5.322968237E1,7.407795410E0,1.246667542E1,-3.948489075E0,1.502943760E1
5.323963537E1,6.370901642E0,1.228405518E1,-2.036065979E0,1.398684968E1
5.324958837E1,5.093158722E0,1.141690842E1,-9.394464111E-1,1.253669108E1
5.325954237E1,4.274062042E0,1.022493713E1,-1.116228790E0,1.113835322E1
5.326949537E1,3.896098022E0,9.241631927E0,-1.256786499E0,1.010776201E1
5.327944837E1,4.008214874E0,8.614436188E0,-1.419947205E0,9.606796936E0
5.328940237E1,4.342619476E0,8.292306061E0,-1.720671844E0,9.517425877E0
5.329935537E1,4.775219879E0,8.101452942E0,-2.116149445E0,9.639209155E0
5.330930837E1,5.287304993E0,8.050558777E0,-2.443219299E0,9.936619709E0
5.331926238E1,5.545817413E0,7.989635468E0,-2.446961517E0,1.002885768E1
5.332921538E1,5.565875702E0,8.013585663E0,-2.278561707E0,1.001939973E1
5.333916938E1,5.667214966E0,8.142916718E0,-2.243684235E0,1.017145698E1
5.334912238E1,5.492528229E0,8.354875946E0,-2.062411194E0,1.020908215E1
5.335907538E1,5.113815765E0,8.537196808E0,-1.906136169E0,1.013253157E1
5.336902938E1,4.749623108E0,8.601862335E0,-1.984423370E0,1.002441477E1
5.337898238E1,4.456233215E0,8.425678711E0,-2.293380890E0,9.803554055E0
5.338893538E1,4.281097412E0,8.121511230E0,-2.261197815E0,9.455144382E0
5.339888937E1,4.314178619E0,7.826025696E0,-2.183958435E0,9.199374424E0
5.340884237E1,4.512665863E0,7.559729462E0,-2.089205475E0,9.048670744E0
5.341879637E1,4.747677155E0,7.304659882E0,-2.151326294E0,8.973666986E0
5.342874937E1,4.912185059E0,7.005282440E0,-2.318528595E0,8.864486390E0
5.343870237E1,4.979994049E0,6.816524963E0,-2.308649139E0,8.751869181E0
5.344865637E1,4.935237122E0,6.777156830E0,-2.308499451E0,8.695722503E0
5.345860937E1,4.896916809E0,6.829547882E0,-2.321522369E0,8.718485225E0
5.346856237E1,4.901108093E0,6.978787537E0,-2.220632172E0,8.812238266E0
5.347851637E1,4.961582336E0,7.187453613E0,-2.123334503E0,8.988066429E0
5.348846937E1,5.031337280E0,7.429649963E0,-2.209704895E0,9.241041561E0
5.349842237E1,5.118456116E0,7.633526001E0,-2.249971161E0,9.462118285E0
5.350837637E1,5.136269073E0,7.828570404E0,-2.181713104E0,9.613929823E0
5.351832937E1,5.045707397E0,7.940537567E0,-2.216141510E0,9.665535846E0
5.352828337E1,4.946314087E0,7.885901184E0,-2.202669525E0,9.565835749E0
5.353823637E1,4.921765137E0,7.618856506E0,-2.060914307E0,9.301511399E0
5.354818937E1,4.952900391E0,7.293283539E0,-1.832040253E0,9.004419945E0
5.355814337E1,5.061724091E0,7.096143494E0,-1.865869904E0,8.913909005E0
5.356809637E1,5.218298492E0,7.149881744E0,-1.462907867E0,8.971708173E0
5.357804937E1,5.426515503E0,7.466772766E0,-1.760189667E0,9.396703343E0
5.358800337E1,5.558241577E0,7.683821411E0,-3.061583405E0,9.965362705E0
5.359795637E1,5.590574341E0,7.743547211E0,-3.226091309E0,1.008090819E1
5.360790937E1,5.608986053E0,7.989336090E0,-2.789299622E0,1.015235973E1
5.361786337E1,5.587281189E0,8.167914734E0,-2.277663574E0,1.015481627E1
5.362781637E1,5.597759399E0,8.211623840E0,-1.614093475E0,1.006831536E1
5.363777038E1,5.674100647E0,7.909851379E0,-1.515298920E0,9.851766228E0
5.364772338E1,5.696254578E0,7.332052917E0,-1.846859436E0,9.466636466E0
5.365767638E1,5.549709320E0,6.951843567E0,-2.446662140E0,9.225700957E0
5.366763038E1,5.354515228E0,6.958429871E0,-2.804418182E0,9.217122161E0
5.367758338E1,5.350773010E0,7.332651672E0,-2.849025421E0,9.513963328E0
5.368753638E1,5.419629822E0,7.746091919E0,-2.986289978E0,9.914245067E0
5.369749038E1,5.553002472E0,8.034242706E0,-3.258873138E0,1.029588007E1
5.370744338E1,5.816005554E0,8.167914734E0,-3.180735626E0,1.051940259E1
5.371739638E1,6.040538635E0,8.173752594E0,-3.087479553E0,1.062218756E1
5.372735038E1,6.123915253E0,8.112080841E0,-3.128643951E0,1.063468883E1
5.373730337E1,6.030958557E0,7.907606049E0,-3.261717224E0,1.046620723E1
5.374725737E1,5.833070068E0,7.645052032E0,-3.432811432E0,1.021056910E1
5.375721037E1,5.707930298E0,7.407496033E0,-3.510948944E0,9.988905258E0
5.376716337E1,5.654192047E0,7.292684784E0,-3.564387817E0,9.892320232E0
5.377711737E1,5.766458588E0,7.297325134E0,-3.355572052E0,9.887510433E0
5.378707037E1,5.890849915E0,7.338489532E0,-3.218008118E0,9.945406858E0
5.379702337E1,6.022126923E0,7.485633545E0,-3.149450684E0,1.011037892E1
5.380697737E1,6.069428558E0,7.654931488E0,-3.161425781E0,1.026793806E1
5.381693037E1,5.979615326E0,7.781119080E0,-3.293900299E0,1.035139569E1
5.382688337E1,5.836213531E0,7.884553986E0,-3.276386719E0,1.034225748E1
5.383683737E1,5.666765900E0,7.913743286E0,-3.192860413E0,1.024372619E1
5.384679037E1,5.601202240E0,7.868686981E0,-3.084186401E0,1.013912753E1
5.385674437E1,5.613027649E0,7.665110321E0,-3.005599823E0,9.964618704E0
5.386669737E1,5.642366638E0,7.279661865E0,-3.070415039E0,9.708616104E0
5.387665037E1,5.588179321E0,6.946005707E0,-3.223247223E0,9.479665926E0
5.388660437E1,5.522915039E0,6.739435272E0,-3.231929169E0,9.293435558E0
5.389655737E1,5.543422394E0,6.652466125E0,-2.978955231E0,9.157456615E0
5.390651037E1,5.698499908E0,6.660249939E0,-2.983146515E0,9.259103282E0
5.391646437E1,5.928421783E0,6.670129395E0,-3.051254883E0,9.431169988E0
5.392641737E1,6.205645294E0,6.625671844E0,-2.961142273E0,9.548713236E0
5.393637137E1,6.439758453E0,6.571035461E0,-2.820734253E0,9.623177110E0
5.394632437E1,6.518195343E0,6.561754761E0,-3.851341095E0,1.001879855E1
5.395627737E1,6.278843079E0,6.689888306E0,-4.028871918E0,1.002049325E1
5.396623138E1,6.144272919E0,6.926845551E0,-3.594924316E0,9.932610927E0
5.397618438E1,6.109245758E0,7.185507660E0,-3.725452881E0,1.014068061E1
5.398613738E1,6.280489655E0,7.223827972E0,-3.776047668E0,1.029013007E1
5.399609138E1,6.389013977E0,7.316485291E0,-3.721860352E0,1.040205273E1
5.400604438E1,6.415808258E0,7.494614868E0,-3.887715454E0,1.060406427E1
5.401599738E1,6.293961639E0,7.636669464E0,-3.988006897E0,1.066943638E1
5.402595138E1,6.187682648E0,7.884853363E0,-3.977977753E0,1.078344268E1
5.403590438E1,6.136638794E0,8.099956055E0,-4.030668182E0,1.093224175E1
5.404585838E1,6.045777740E0,8.280330963E0,-4.230951691E0,1.109126961E1
5.405581138E1,5.927224274E0,8.339607697E0,-4.256548462E0,1.108148225E1
5.406576438E1,5.853577423E0,8.306526489E0,-4.150269470E0,1.097667926E1
5.407571837E1,5.812263336E0,8.257578278E0,-4.005221100E0,1.086332362E1
5.408567137E1,5.816753998E0,8.276289368E0,-3.847748566E0,1.082297380E1
5.409562437E1,5.868546295E0,8.267906799E0,-3.925137634E0,1.087220419E1
5.410557837E1,5.897436218E0,8.164172516E0,-4.337380371E0,1.096568900E1
5.411553137E1,6.017935638E0,8.000263367E0,-4.434228973E0,1.094907073E1
5.412548437E1,6.212830353E0,7.799231415E0,-4.157454529E0,1.080331893E1
5.413543837E1,6.142177277E0,7.491770782E0,-4.038302307E0,1.049575422E1
5.414539137E1,5.911806335E0,7.346722412E0,-4.087998962E0,1.027791418E1
5.415534537E1,5.450016632E0,7.208260345E0,-4.129762115E0,9.935624471E0
5.416529837E1,4.818928986E0,7.195836182E0,-4.255201263E0,9.649293897E0
5.417525137E1,4.495451660E0,7.239545288E0,-4.385729828E0,9.584087214E0
5.418520537E1,4.640050964E0,7.209757233E0,-4.328848114E0,9.604665444E0
5.419515837E1,5.251379700E0,7.266040192E0,-3.999682617E0,9.816811593E0
5.420511137E1,5.906716919E0,7.476053467E0,-3.753294983E0,1.024050308E1
5.421506537E1,5.836662598E0,8.505762177E0,-4.280798035E0,1.116869967E1
5.422501837E1,4.860542450E0,9.829609222E0,-5.909860382E0,1.245682705E1
5.423497137E1,3.769910431E0,9.805509338E0,-6.184239807E0,1.219036751E1
5.424492537E1,2.638712769E0,1.023167313E1,-2.876418457E0,1.095096905E1
5.425487837E1,2.936593323E0,1.035726196E1,-8.277786255E-2,1.076583986E1
5.426483237E1,4.179309082E0,8.849597168E0,-3.064128113E-1,9.791623116E0
5.427478537E1,5.213807831E0,6.203998718E0,-2.328258362E0,8.431736428E0
5.428473837E1,5.530249786E0,3.912713470E0,-4.303401031E0,8.025724256E0
5.429469237E1,5.738017731E0,3.147804108E0,-4.815635834E0,8.125507163E0
5.430464537E1,6.758445740E0,4.054917755E0,-4.976251831E0,9.321053004E0
5.431459838E1,8.102800140E0,6.010002136E0,-6.882088623E0,1.221223319E1
5.432455238E1,9.062304840E0,9.072333984E0,-9.498048706E0,1.595761706E1
5.433450538E1,7.912994843E0,1.301708084E1,-1.443807587E1,2.098851866E1
5.434445838E1,6.366710358E0,1.519639893E1,-1.454465424E1,2.197754554E1
5.435441238E1,6.141279144E0,1.646441208E1,-6.315367126E0,1.867286900E1
5.436436538E1,5.805677032E0,1.567645065E1,-8.783734131E-1,1.674002780E1
5.437431838E1,5.280718689E0,1.296468979E1,-5.092410278E-1,1.400815825E1
5.438427238E1,4.568649445E0,1.097847015E1,-2.152673492E0,1.208442667E1
5.439422538E1,3.593277740E0,9.862241364E0,-1.452729034E0,1.059650279E1
5.440417929E1,3.796854401E0,1.204679855E1,3.287164307E-1,1.263524884E1
5.441413229E1,2.121089172E0,1.125045456E1,5.198689270E-1,1.146045421E1
5.442408529E1,3.736230469E-1,1.062984512E1,1.904040527E0,1.080548804E1
5.443403929E1,1.023870850E0,1.284883072E1,2.446063385E0,1.311960321E1
5.444399229E1,3.011886749E0,1.474493774E1,2.774779816E0,1.530307335E1
5.445394529E1,4.824617157E0,1.545880325E1,1.542242889E0,1.626745345E1
5.446389929E1,5.923931122E0,1.485585709E1,-2.067201233E-1,1.599475486E1
5.447385229E1,6.789580994E0,1.421833282E1,-2.261946259E0,1.591778249E1
5.448380529E1,7.342082062E0,1.296154633E1,-3.345842285E0,1.526769507E1
5.449375929E1,7.148684235E0,1.178065201E1,-2.229463806E0,1.395915316E1
5.450371229E1,6.654561768E0,1.101319794E1,-2.322121124E0,1.307539551E1
5.451366629E1,4.141437836E0,9.442963257E0,-2.456391907E0,1.059976055E1
5.452361929E1,9.981243896E-1,7.459288330E0,-2.084714813E0,7.809178609E0
5.453357229E1,-1.672023010E0,5.608536987E0,-2.811453552E0,6.492735876E0
5.454352629E1,-3.950584717E0,3.880081329E0,-3.034040680E0,6.314075829E0
5.455347929E1,-5.142556000E0,2.289189606E0,-2.469564514E0,6.146952103E0
5.456343229E1,-5.056934052E0,1.033301239E0,-2.409988403E0,5.696344227E0
5.457338629E1,-4.470603333E0,2.436932373E-1,-2.803520050E0,5.282556694E0
5.458333929E1,-3.904630280E0,-1.151106262E-1,-2.872676239E0,4.848882021E0
5.459329229E1,-3.237317963E0,5.763015747E-2,-3.044369202E0,4.444292144E0
5.460324629E1,-2.575544128E0,9.604028320E-1,-3.855083313E0,4.734708915E0
5.461319929E1,-2.105371857E0,1.483564911E0,-4.421655121E0,5.117087991E0
5.462315329E1,-1.830094299E0,1.748064880E0,-4.165537720E0,4.874082525E0
5.463310629E1,-1.216220856E0,2.021246796E0,-3.345243530E0,4.093322129E0
5.464305929E1,-3.487747192E-2,2.256557465E0,-2.287243652E0,3.213215143E0
5.465301329E1,4.550537109E-1,2.954406281E0,-1.280437317E0,3.251939433E0
5.466296629E1,1.478924561E-1,3.805686035E0,-4.388873291E-1,3.833763225E0
5.467291929E1,-3.353027344E-1,4.692591705E0,-3.549119568E-1,4.717924049E0
5.468287329E1,-5.855822754E-1,5.768105164E0,-2.182461548E-1,5.801859630E0
5.469282629E1,-7.273374939E-1,6.858737183E0,2.362088013E-1,6.901238307E0
5.470277929E1,-7.710466003E-1,7.645052032E0,5.038522339E-1,7.700337688E0
5.471273329E1,-5.601351929E-1,8.063731384E0,3.689826965E-1,8.091579790E0
5.472268629E1,-1.600172424E-1,8.151898041E0,6.427633667E-1,8.178764695E0
5.473264029E1,4.562512207E-1,8.053253174E0,5.225633240E-1,8.083076412E0
5.474259329E1,1.311871948E0,7.841743011E0,3.971241760E-1,7.960631198E0
5.475254629E1,1.944606171E0,7.703280945E0,4.983137512E-1,7.960549420E0
5.476250029E1,2.254761200E0,7.884853363E0,6.430627441E-1,8.226079888E0
5.477245329E1,2.263143768E0,8.354127502E0,7.957452393E-1,8.691747611E0
5.478240629E1,1.913021851E0,8.959319000E0,7.110214233E-2,9.161555821E0
5.479236029E1,1.407073975E0,9.591155090E0,-9.029223633E-1,9.735778445E0
5.480231329E1,1.050365753E0,1.001731888E1,-9.821076965E-1,1.012000401E1
5.481226629E1,9.990225220E-1,1.012524445E1,-4.372407532E-1,1.018380089E1
5.482222029E1,1.125359802E0,9.961934052E0,-3.284170532E-1,1.003067408E1
5.483217329E1,1.379231873E0,9.528734894E0,-7.929011536E-1,9.660629455E0
5.484212729E1,1.657203827E0,9.068591766E0,-1.433568878E0,9.329565953E0
5.485208029E1,2.004481659E0,8.809031525E0,-2.071093140E0,9.268571083E0
5.486203329E1,2.373164978E0,8.891060944E0,-2.732567596E0,9.599468860E0
5.487198729E1,2.755020905E0,9.006620636E0,-3.333867188E0,9.991197420E0
5.488194029E1,3.194656677E0,8.815617828E0,-3.709286499E0,1.008363800E1
5.489189329E1,3.389850769E0,8.463699646E0,-3.855532379E0,9.899011560E0
5.490184729E1,3.584895172E0,8.346493378E0,-3.934418335E0,9.899246069E0
5.491180029E1,3.731440430E0,8.636141052E0,-4.251608734E0,1.032389252E1
5.492175329E1,3.507955170E0,9.109007721E0,-4.458328857E0,1.073109814E1
5.493170729E1,3.204087067E0,9.579479370E0,-4.413122864E0,1.102307817E1
5.494166029E1,2.739602966E0,1.006806335E1,-4.104614410E0,1.121245663E1
5.495161429E1,1.955982513E0,1.075258987E1,-3.327280884E0,1.142430981E1
5.496156729E1,1.150657196E0,1.145567780E1,-3.006947021E0,1.189950823E1
5.497152029E1,4.567002869E-1,1.200683167E1,-3.112178192E0,1.241201977E1
5.498147429E1,-3.757186890E-1,1.251816833E1,-2.773582306E0,1.282725465E1
5.499142729E1,-6.258485413E-1,1.242356506E1,-2.606080627E0,1.270937888E1
5.500138029E1,-3.249742126E-1,1.193572952E1,-2.642604675E0,1.222908856E1
5.501133429E1,-1.378633118E-1,1.152752838E1,-2.817441101E0,1.186764051E1
5.502128729E1,-1.860630798E-1,1.088042404E1,-2.873125305E0,1.125491430E1
5.503124029E1,-3.921844482E-1,1.022912842E1,-3.746858368E0,1.090081761E1
5.504119429E1,-2.909948730E-1,9.893825684E0,-3.917054443E0,1.064498850E1
5.505114729E1,1.101708984E-1,9.892777863E0,-3.450325012E0,1.047778288E1
5.506110029E1,8.915460205E-1,1.007794281E1,-3.568728790E0,1.072826224E1
5.507105429E1,1.487756195E0,9.957593079E0,-4.121379547E0,1.087900950E1
5.508100729E1,1.686842194E0,1.003213806E1,-4.302802277E0,1.104551212E1
5.509096129E1,1.578766937E0,1.039872574E1,-4.516857147E0,1.144674629E1
5.510091429E1,1.208437042E0,1.071741302E1,-4.658612366E0,1.174844378E1
5.511086729E1,6.117778015E-1,1.114672028E1,-4.689148865E0,1.210833440E1
5.512082129E1,8.187973022E-2,1.155073013E1,-4.729864197E0,1.248189434E1
5.513077429E1,-1.520837402E-1,1.171628586E1,-4.380191345E0,1.250921900E1
5.514072729E1,-4.340972900E-3,1.176852722E1,-3.968547363E0,1.241964653E1
5.515068129E1,3.799099731E-1,1.162467636E1,-3.805686035E0,1.223767455E1
5.516063429E1,6.915618896E-1,1.115225876E1,-3.641178131E0,1.175199181E1
5.517058729E1,8.976832581E-1,1.057925034E1,-3.775149536E0,1.126845717E1
5.518054129E1,9.376501465E-1,9.966424713E0,-3.851939850E0,1.072596149E1
5.519049429E1,8.455915833E-1,9.396260376E0,-4.034859467E0,1.026083940E1
5.520044829E1,9.478289795E-1,8.905431061E0,-4.367318115E0,9.963862187E0
5.521040129E1,8.882528687E-1,8.903634796E0,-4.228706360E0,9.896750134E0
5.522035429E1,9.466314697E-1,9.210346985E0,-3.233725433E0,9.807322922E0
5.523030829E1,1.159638519E0,9.766290894E0,-2.689157867E0,1.019591925E1
5.524026129E1,1.480271759E0,1.008093658E1,-3.992647247E0,1.094338700E1
5.525021429E1,1.775308228E0,9.801916809E0,-4.817581787E0,1.106518806E1
5.526016829E1,1.873504028E0,9.365873566E0,-3.863615570E0,1.030325824E1
5.527012129E1,1.742975464E0,9.089548187E0,-2.727927246E0,9.648804940E0
5.528007429E1,1.519490204E0,9.002728729E0,-2.081721039E0,9.364375982E0
5.529002829E1,1.474733276E0,9.165140991E0,-1.910028076E0,9.477492014E0
5.529998129E1,1.524130554E0,9.511071625E0,-1.773961029E0,9.794406318E0
5.530993429E1,1.614542542E0,9.982591095E0,-1.606908417E0,1.023919075E1
5.531988829E1,1.633103943E0,1.045246399E1,-1.702110443E0,1.071532603E1
5.532984129E1,1.710942078E0,1.079091019E1,-2.065404968E0,1.111921594E1
5.533979529E1,1.741777954E0,1.079824493E1,-2.270927582E0,1.117107856E1
5.534974829E1,1.885928192E0,1.059317139E1,-2.176024933E0,1.097757212E1
5.535970129E1,2.034419403E0,1.036339920E1,-2.259551239E0,1.080020727E1
5.536965529E1,2.170336761E0,1.012554382E1,-1.839973755E0,1.051772327E1
5.537960829E1,2.579286346E0,9.641001434E0,-8.936416626E-1,1.001999112E1
5.538956129E1,2.889591064E0,8.928932190E0,-4.564009094E-1,9.395949572E0
5.539951454E1,3.054697723E0,8.547076263E0,-3.023712158E-1,9.081581315E0
5.540946754E1,3.015628967E0,8.685388641E0,-3.240760803E-1,9.199729302E0
5.541942054E1,3.022514648E0,9.116492157E0,-9.714797974E-2,9.604970681E0
5.542937454E1,3.029699707E0,9.463919678E0,3.272195435E-1,9.942430719E0
5.543932754E1,3.094814301E0,9.790690155E0,6.879693604E-1,1.029119969E1
5.544928054E1,3.444636841E0,1.023870850E1,6.313870239E-1,1.082105929E1
5.545923454E1,3.822151794E0,1.059182419E1,4.532574463E-1,1.126947320E1
5.546918754E1,4.088448029E0,1.085587509E1,4.041595459E-2,1.160030451E1
5.547914154E1,4.208648071E0,1.106244553E1,-5.989045715E-1,1.185112258E1
5.548909454E1,4.363126831E0,1.107127716E1,-4.391867065E-1,1.190810391E1
5.549904754E1,4.768633575E0,1.111827942E1,-2.504292297E-1,1.210036025E1
5.550900154E1,5.047353973E0,1.139310791E1,-4.067042542E-1,1.246772226E1
5.551895454E1,5.032983856E0,1.173918823E1,-5.960604858E-1,1.278650675E1
5.552890754E1,4.700525208E0,1.195189590E1,-7.444020081E-1,1.286455935E1
5.553886154E1,4.259841614E0,1.185609512E1,-1.124461670E0,1.264822739E1
5.554881454E1,3.949387207E0,1.169742508E1,-1.381926270E0,1.242324970E1
5.555876754E1,3.956572266E0,1.159668457E1,-1.365909576E0,1.232896046E1
5.556872154E1,4.138294373E0,1.128503265E1,-1.373543701E0,1.209810169E1
5.557867454E1,4.216132507E0,1.069121750E1,-1.175056458E0,1.155243103E1
5.558862854E1,4.477938080E0,1.035756134E1,-1.087039490E0,1.133634250E1
5.559858154E1,4.830455017E0,1.029603928E1,-1.121168518E0,1.142798054E1
5.560853454E1,5.137765961E0,1.050365753E1,-1.262474670E0,1.176083768E1
5.561848854E1,5.217400360E0,1.052790710E1,-1.532213745E0,1.184929422E1
5.562844154E1,5.077441406E0,1.026535309E1,-1.770069122E0,1.158840066E1
5.563839454E1,4.769382019E0,9.940229187E0,-1.739532623E0,1.116159195E1
5.564834854E1,4.363426208E0,9.583221588E0,-1.785187683E0,1.068009922E1
5.565830154E1,3.613785095E0,9.242979126E0,-1.720222778E0,1.007230223E1
5.566825454E1,2.890938263E0,8.980425110E0,-1.466051331E0,9.547505732E0
5.567820854E1,2.330952759E0,8.798703003E0,-1.132245483E0,9.172376744E0
5.568816154E1,2.066153412E0,8.714577942E0,-9.002279663E-1,9.001292630E0
5.569811454E1,1.945803680E0,8.693621521E0,-8.749305725E-1,8.951575874E0
5.570806854E1,1.850152588E0,8.539142761E0,-1.006806335E0,8.795094240E0
5.571802154E1,2.037712555E0,8.378227386E0,-1.037342834E0,8.684644308E0
5.572797554E1,2.524350586E0,8.159831543E0,-6.994953918E-1,8.569976108E0
5.573792854E1,2.950364685E0,7.884853363E0,-8.083190918E-3,8.418766517E0
5.574788154E1,3.343297577E0,7.774233398E0,7.902067566E-1,8.499457061E0
5.575783554E1,3.341201935E0,7.752079468E0,2.092648315E-1,8.444060529E0
5.576778854E1,2.954555969E0,7.753426666E0,-5.673202515E-1,8.316662691E0
5.577774154E1,2.562521210E0,7.708070984E0,-6.475534058E-1,8.148631705E0
5.578769554E1,2.215093689E0,7.776478729E0,-3.577560425E-1,8.093716752E0
5.579764854E1,1.860032043E0,7.916138306E0,-4.475692749E-2,8.131848994E0
5.580760154E1,1.557211761E0,8.119415588E0,-8.053253174E-2,8.267787095E0
5.581755554E1,1.233435059E0,8.257877655E0,-2.547702026E-1,8.353371371E0
5.582750854E1,1.157093811E0,8.544381866E0,-2.004331970E-1,8.624702953E0
5.583746254E1,1.214125214E0,8.858877869E0,-1.601669312E-2,8.941704181E0
5.584741554E1,1.588945770E0,9.088200989E0,4.481680298E-1,9.236936746E0
5.585736854E1,2.001787262E0,8.814719696E0,1.651066589E-1,9.040668989E0
5.586732254E1,2.208806763E0,8.752449188E0,-7.310797119E-1,9.056416049E0
5.587727554E1,1.972597961E0,8.431516571E0,-1.160237274E0,8.736576271E0
5.588722854E1,2.548151093E0,8.362809448E0,-9.556127930E-1,8.794478476E0
5.589718254E1,2.806962891E0,8.069419556E0,-7.776329041E-1,8.579002598E0
5.590713554E1,2.947221222E0,7.827223206E0,-7.426057434E-1,8.396606418E0
5.591708854E1,2.910098419E0,8.021070099E0,-2.011816406E-1,8.535028553E0
5.592704254E1,2.436333618E0,8.294102325E0,1.157093811E-1,8.645301819E0
5.593699554E1,2.366878052E0,8.624914398E0,1.182540894E-1,8.944565060E0
5.594694854E1,2.320324860E0,8.760233002E0,1.028361511E-1,9.062900472E0
5.595690254E1,2.241738281E0,8.795110474E0,3.338058472E-2,9.076368934E0
5.596685554E1,2.125130768E0,8.821605377E0,-1.541793823E-1,9.075278150E0
5.597680954E1,2.165097656E0,8.923842773E0,-4.385879517E-2,9.182839501E0
5.598676254E1,2.152074738E0,8.874894562E0,6.676116943E-2,9.132340128E0
5.599671554E1,2.052980804E0,8.895102539E0,3.143463135E-2,9.128995974E0
5.600666954E1,2.289189606E0,8.946595459E0,-1.043330383E-1,9.235412538E0
5.601662254E1,2.640059967E0,8.997789001E0,1.652563477E-1,9.378562427E0
5.602657554E1,2.730172577E0,9.051826630E0,-1.621128845E-1,9.455986898E0
5.603652954E1,2.637664948E0,9.088051300E0,-5.378315735E-1,9.478355111E0
5.604648254E1,2.710413666E0,9.271869049E0,-5.755531311E-1,9.677042901E0
5.605643554E1,2.844834137E0,9.462722168E0,-4.037104797E-1,9.889346502E0
5.606638954E1,3.091521149E0,9.573491821E0,-4.242178345E-1,1.006922090E1
5.607634254E1,3.067870331E0,9.481133881E0,-5.837860107E-1,9.982210884E0
5.608629554E1,2.913241882E0,9.454638977E0,-7.032376099E-1,9.918251841E0
5.609624954E1,3.106939087E0,9.596992950E0,-8.690927124E-1,1.012475512E1
5.610620254E1,3.244053955E0,9.808353424E0,-5.420228577E-1,1.034511826E1
5.611615654E1,3.259322205E0,9.923314362E0,-1.517244873E0,1.055449578E1
5.612610954E1,3.240461426E0,9.790241089E0,-2.319576416E0,1.057023394E1
5.613606254E1,3.421884155E0,9.698332214E0,-2.379900970E0,1.055608202E1
5.614601654E1,3.676055603E0,9.752968597E0,-2.107916565E0,1.063377137E1
5.615596954E1,4.068240051E0,9.858199768E0,-1.726360016E0,1.080347160E1
5.616592254E1,4.503834229E0,1.020892044E1,-1.544937286E0,1.126469753E1
5.617587654E1,4.733905792E0,1.058448944E1,-2.074535980E0,1.177900591E1
5.618582954E1,4.852309570E0,1.105915237E1,-2.438279572E0,1.232051000E1
5.619578254E1,4.891378326E0,1.131826355E1,-2.610571289E0,1.260332314E1
5.620573654E1,4.860841827E0,1.142843445E1,-2.529290314E0,1.267415507E1
5.621568954E1,4.785548401E0,1.147738266E1,-2.438878326E0,1.267201301E1
5.622564254E1,4.671635284E0,1.157722504E1,-2.090402985E0,1.265804489E1
5.623559654E1,4.581672363E0,1.160282181E1,-1.955683136E0,1.262703022E1
5.624554954E1,4.405189362E0,1.146435974E1,-2.026635590E0,1.244767004E1
5.625550354E1,4.450095978E0,1.145807281E1,-1.721869354E0,1.241191447E1
5.626545654E1,4.299958191E0,1.128563141E1,-1.562600555E0,1.217771888E1
5.627540954E1,4.090393982E0,1.122261246E1,-1.871258698E0,1.209049058E1
5.628536354E1,3.926185455E0,1.128323639E1,-1.994452515E0,1.211215078E1
5.629531654E1,4.000580750E0,1.146465912E1,-2.055375824E0,1.231534104E1
5.630526954E1,4.177363129E0,1.152213959E1,-1.885479126E0,1.240020544E1
5.631522354E1,4.626129913E0,1.143397293E1,-1.694176941E0,1.245018275E1
5.632517654E1,5.082231445E0,1.113684082E1,-1.681902466E0,1.235666200E1
5.633512954E1,5.384752350E0,1.080288528E1,-1.540596313E0,1.216845616E1
5.634508354E1,5.425168304E0,1.043764481E1,-1.459764404E0,1.185359829E1
5.635503654E1,5.160219269E0,1.002465363E1,-1.581161957E0,1.138514894E1
5.636498954E1,4.996908875E0,9.589957581E0,-1.817071381E0,1.096531500E1
5.637494354E1,4.841981049E0,9.175469513E0,-1.809736633E0,1.053134217E1
5.638489654E1,4.653522949E0,8.903784485E0,-1.801354065E0,1.020673946E1
5.639485054E1,4.588558044E0,8.719218292E0,-1.792522430E0,1.001462776E1
5.640480462E1,4.542902985E0,8.546327820E0,-1.668729858E0,9.821524631E0
5.641475762E1,4.366270294E0,8.402476959E0,-1.500629425E0,9.587378370E0
5.642471162E1,4.202810211E0,8.437803497E0,-1.243015137E0,9.508166393E0
5.643466462E1,4.026327209E0,8.515641632E0,-1.088087311E0,9.482162053E0
5.644461762E1,3.759731598E0,8.642727356E0,-1.007554779E0,9.478791298E0
5.645457162E1,3.391347656E0,8.803642731E0,-9.430389404E-1,9.481280857E0
5.646452462E1,3.203937378E0,9.128766632E0,-1.255888367E-1,9.675503475E0
5.647447762E1,3.179238739E0,9.560169525E0,5.266049194E-1,1.008869234E1
5.648443162E1,3.067570953E0,9.930499420E0,-4.505630493E-1,1.040325994E1
5.649438462E1,2.605481873E0,9.987830200E0,-1.025367737E0,1.037288132E1
5.650433762E1,2.136507111E0,1.010129425E1,-6.730004883E-1,1.034667762E1
5.651429163E1,2.086660767E0,1.032582733E1,-4.462220764E-1,1.054400196E1
5.652424463E1,2.495610352E0,1.040905426E1,-3.954776001E-1,1.071134371E1
5.653419863E1,2.717299347E0,1.053733749E1,-8.093669128E-1,1.091211584E1
5.654415163E1,3.176843719E0,1.041923309E1,-1.051862640E0,1.094345326E1
5.655410463E1,3.516337738E0,1.033840118E1,-9.041198730E-1,1.095739946E1
5.656405863E1,3.614084473E0,1.029588959E1,-9.213340759E-1,1.095060754E1
5.657401163E1,3.659739532E0,1.014365616E1,-9.794132996E-1,1.082805172E1
5.658396463E1,3.617078247E0,1.001806732E1,-9.134005737E-1,1.069014633E1
5.659391863E1,3.348686371E0,9.743837585E0,-4.102967834E-1,1.031137308E1
5.660387163E1,3.069965973E0,9.400002594E0,4.138893127E-1,9.897274585E0
5.661382462E1,3.233276367E0,9.070238342E0,9.449848938E-1,9.675551462E0
5.662377862E1,3.542533264E0,8.769962769E0,7.146139526E-1,9.485381489E0
5.663373162E1,3.899241486E0,8.580756226E0,1.904040527E-1,9.427073526E0
5.664368462E1,4.101620636E0,8.370144196E0,-2.767744446E-1,9.325192212E0
5.665363862E1,3.943998413E0,8.131989441E0,-4.237687683E-1,9.047870231E0
5.666359162E1,3.739224243E0,7.888745270E0,-4.385879517E-1,8.741078839E0
5.667354562E1,3.636837158E0,7.821085968E0,-2.622546387E-1,8.629295900E0
5.668349862E1,3.555855560E0,7.739355927E0,-2.028282166E-1,8.519558569E0
5.669345162E1,3.420387268E0,7.706424408E0,-6.227050781E-2,8.431601499E0
5.670340562E1,3.256328430E0,7.819439392E0,1.477427673E-1,8.471666612E0
5.671335862E1,3.150348816E0,8.126600647E0,2.707868958E-1,8.720072321E0
5.672331162E1,3.093317413E0,8.646918640E0,3.279679871E-1,9.189416608E0
5.673326562E1,3.021017761E0,9.096733246E0,2.167492676E-1,9.587704851E0
5.674321862E1,2.955903168E0,9.433083801E0,-7.933502197E-2,9.885682960E0
5.675317162E1,3.078198853E0,9.536818085E0,-2.338137817E-1,1.002401498E1
5.676312562E1,3.272345123E0,9.608219604E0,-3.613485718E-1,1.015660865E1
5.677307862E1,3.398981781E0,9.765392761E0,-5.035528564E-1,1.035227214E1
5.678303162E1,3.543431396E0,9.959539032E0,-5.861810303E-1,1.058734773E1
5.679298562E1,3.582350464E0,1.006731491E1,-5.837860107E-1,1.070162934E1
5.680293862E1,3.515289917E0,9.980345764E0,-7.861651611E-1,1.061049577E1
5.681289162E1,3.392096100E0,9.747729492E0,-1.205592957E0,1.039124634E1
5.682284562E1,3.461401978E0,9.460476837E0,-1.076860657E0,1.013121683E1
5.683279862E1,3.624562683E0,9.146878967E0,-9.535171509E-1,9.884940285E0
5.684275263E1,3.644471283E0,8.958720245E0,-1.507066040E0,9.788364900E0
5.685270563E1,3.573967896E0,8.825497284E0,-1.655856628E0,9.664600871E0
5.686265863E1,3.629352722E0,8.634943542E0,-8.527766418E-1,9.405406911E0
5.687261263E1,3.776496735E0,8.491990814E0,-7.939489746E-1,9.327710895E0
5.688256563E1,3.966601410E0,8.359815674E0,-6.478527832E-1,9.275783421E0
5.689251863E1,4.201463013E0,8.486152954E0,-7.340734863E-1,9.497681153E0
5.690247263E1,4.124373322E0,8.428223419E0,-9.650431824E-1,9.432746877E0
5.691242563E1,3.831282806E0,8.214018860E0,-6.239025879E-1,9.085047507E0
5.692237863E1,3.569028168E0,8.389004974E0,-7.963439941E-2,9.117001051E0
5.693233263E1,3.510799255E0,9.128916321E0,6.815327454E-1,9.804453656E0
5.694228563E1,3.341800690E0,9.952353973E0,7.578739929E-1,1.052574722E1
5.695223863E1,2.855611725E0,1.020547760E1,3.870950317E-1,1.060453365E1
5.696219262E1,2.359992371E0,9.787247314E0,9.804611206E-2,1.006823654E1
5.697214562E1,2.047741699E0,9.182355194E0,-2.357597351E-1,9.410870078E0
5.698209962E1,1.944905548E0,8.753646698E0,-1.549278259E-1,8.968444165E0
5.699205262E1,1.994452515E0,8.577612762E0,3.469784546E-1,8.813267021E0
5.700200562E1,2.088007965E0,8.452023926E0,8.765771484E-1,8.750135610E0
5.701195962E1,2.195484467E0,8.283773804E0,1.035546570E0,8.632115452E0
5.702191262E1,2.239792328E0,7.968080292E0,9.262738037E-1,8.328562683E0
5.703186562E1,2.265089722E0,7.613467712E0,9.321116638E-1,7.997771828E0
5.704181962E1,2.360890503E0,7.369924164E0,1.186881866E0,7.829321472E0
5.705177262E1,2.479743347E0,7.332052917E0,1.511556702E0,7.886249471E0
5.706172562E1,2.517614594E0,7.460785217E0,1.834584961E0,8.085010902E0
5.707167962E1,2.603984985E0,7.706424408E0,2.229763184E0,8.434545561E0
5.708163262E1,2.700983276E0,7.896229706E0,2.445464630E0,8.696324021E0
5.709158562E1,2.850671997E0,8.093220062E0,2.595752106E0,8.964623294E0
5.710153962E1,3.124452667E0,8.217910767E0,2.681374054E0,9.191628183E0
5.711149262E1,3.290307770E0,8.236621857E0,2.711910553E0,9.274832811E0
5.712144562E1,3.468587036E0,8.272846527E0,2.719694366E0,9.373783822E0
5.713139962E1,3.812721405E0,8.398285675E0,2.840942230E0,9.650854861E0
5.714135262E1,4.068838806E0,8.533753967E0,3.179388428E0,9.974413104E0
5.715130662E1,4.229005737E0,8.572523346E0,3.487447815E0,1.017521195E1
5.716125962E1,4.216581573E0,8.697663116E0,3.540587311E0,1.029391385E1
5.717121262E1,4.371958466E0,8.977431335E0,3.604654083E0,1.061611159E1
5.718116662E1,4.422403564E0,9.224717102E0,4.181704102E0,1.105168350E1
5.719111963E1,4.307143250E0,9.296567688E0,4.483326874E0,1.118382196E1
5.720107263E1,4.175117798E0,9.470356293E0,3.934418335E0,1.107243896E1
5.721102663E1,4.042044525E0,9.357041931E0,3.523672485E0,1.078464767E1
5.722097963E1,3.847598877E0,9.133107605E0,3.731590118E0,1.058973260E1
5.723093263E1,3.836970978E0,8.946146393E0,4.009711761E0,1.052775712E1
5.724088663E1,3.762425995E0,8.850495300E0,3.978726196E0,1.040756353E1
5.725083963E1,3.668122101E0,8.601562958E0,3.936214600E0,1.014572769E1
5.726079263E1,3.599864044E0,8.265811157E0,3.507057037E0,9.673784383E0
5.727074663E1,3.556604004E0,7.950267334E0,3.062930603E0,9.232427991E0
5.728069963E1,3.595523071E0,7.684420166E0,3.183579712E0,9.061637778E0
5.729065362E1,3.639830933E0,7.493716736E0,3.477867737E0,9.027719741E0
5.730060662E1,3.640579376E0,7.438331909E0,3.819607086E0,9.119868315E0
5.731055962E1,3.660338287E0,7.657326508E0,4.048630829E0,9.403410935E0
5.732051362E1,3.765270081E0,8.041128387E0,3.960314484E0,9.722196014E0
5.733046662E1,3.815565491E0,8.226143646E0,3.596570892E0,9.755167937E0
5.734041962E1,3.814817047E0,8.165519714E0,3.324885864E0,9.606425314E0
5.735037362E1,3.907025299E0,8.084687805E0,3.374283142E0,9.592330807E0
5.736032662E1,4.043541412E0,8.134085083E0,3.718567200E0,9.815360885E0
5.737027962E1,4.225862274E0,8.366851044E0,3.977079620E0,1.018230183E1
5.738023362E1,4.466561737E0,8.692573700E0,3.932023315E0,1.053431624E1
5.739018662E1,4.634362793E0,8.759334869E0,3.652554474E0,1.056145918E1
5.740014038E1,4.587659912E0,8.615933075E0,3.381168823E0,1.033020953E1
5.741009438E1,4.381239166E0,8.338110809E0,3.243904266E0,9.962041126E0
5.742004738E1,4.204307098E0,7.911647644E0,2.906805267E0,9.419123286E0
5.743000138E1,4.069287872E0,7.459288330E0,2.604733429E0,8.887334944E0
5.743995438E1,4.046086121E0,7.165149994E0,2.381697235E0,8.566368487E0
5.744990737E1,4.151017914E0,6.936874695E0,2.285148010E0,8.400778635E0
5.745986137E1,4.387226715E0,6.622079315E0,2.449206848E0,8.312539136E0
5.746981437E1,4.835245056E0,6.364465027E0,2.624192963E0,8.412633270E0
5.747976737E1,5.403164062E0,6.480324097E0,2.929557953E0,8.931466402E0
5.748972137E1,5.703439636E0,6.842870178E0,3.558699646E0,9.592624205E0
5.749967437E1,5.846691742E0,7.258106689E0,3.785328369E0,1.005945465E1
5.750962737E1,5.852978668E0,7.587721252E0,3.608246613E0,1.023964436E1
5.751958137E1,5.364694061E0,7.782017212E0,4.028572540E0,1.027468398E1
5.752953437E1,4.893473969E0,8.012238464E0,4.616100769E0,1.046185638E1
5.753948737E1,4.724026337E0,8.203989716E0,4.640949097E0,1.054325759E1
5.754944137E1,4.455335083E0,8.208480377E0,4.964127045E0,1.057694276E1
5.755939437E1,4.135300598E0,8.203390961E0,5.187013550E0,1.054994995E1
5.756934737E1,3.941453705E0,8.491392059E0,4.752916260E0,1.049900040E1
5.757930137E1,3.892655182E0,8.785380707E0,4.950954437E0,1.080960815E1
5.758925437E1,3.925586700E0,8.923543396E0,5.505251770E0,1.119587668E1
5.759920837E1,3.915407867E0,9.050329742E0,5.804479523E0,1.144250277E1
5.760916137E1,4.117787018E0,9.190887451E0,5.792803802E0,1.161831132E1
5.761911437E1,4.551435242E0,9.161847839E0,5.390141144E0,1.156324523E1
5.762906837E1,4.894970856E0,9.128766632E0,4.821623383E0,1.142554909E1
5.763902137E1,5.034181366E0,8.988059235E0,4.478536835E0,1.123323119E1
5.764897437E1,4.926405487E0,8.724307709E0,4.184398499E0,1.085781777E1
5.765892837E1,4.883594513E0,8.456215210E0,3.953728180E0,1.053513349E1
5.766888137E1,4.734354858E0,8.359815674E0,3.893852692E0,1.036642286E1
5.767883437E1,4.550986176E0,8.207881622E0,3.848946075E0,1.014372623E1
5.768878838E1,4.272265778E0,7.987240448E0,3.866459656E0,9.848744850E0
5.769874138E1,4.029919739E0,7.944429474E0,3.996389465E0,9.763469748E0
5.770869438E1,3.872746582E0,7.936495972E0,3.814517670E0,9.619598716E0
5.771864838E1,3.764671326E0,7.944728851E0,3.660038910E0,9.522990682E0
5.772860138E1,3.414250031E0,8.055797882E0,4.238436127E0,9.722002036E0
5.773855438E1,3.308719482E0,8.270451508E0,4.883893890E0,1.015876037E1
5.774850838E1,3.440445557E0,8.441246338E0,4.905000000E0,1.035134437E1
5.775846138E1,3.602408752E0,8.500373383E0,4.678071899E0,1.034978517E1
5.776841538E1,3.874243469E0,8.336613922E0,4.382586365E0,1.018410317E1
5.777836838E1,3.828289032E0,8.072113953E0,3.951482849E0,9.768778700E0
5.778832138E1,3.541036377E0,7.838000793E0,3.560645599E0,9.308672953E0
5.779827537E1,3.462300110E0,7.810757446E0,3.377127228E0,9.186971332E0
5.780822837E1,3.672463074E0,7.996072083E0,3.401975555E0,9.433853479E0
5.781818137E1,4.123924255E0,8.230185242E0,3.576063538E0,9.875774947E0
5.782813537E1,4.470902710E0,8.431366882E0,3.937262421E0,1.032370834E1
5.783808837E1,4.631818085E0,8.522227936E0,4.447700958E0,1.067071467E1
5.784804137E1,4.758005676E0,8.669371948E0,4.815037079E0,1.099914588E1
5.785799537E1,4.939578094E0,8.900641022E0,4.998256073E0,1.134034418E1
5.786794837E1,5.122497711E0,9.329948273E0,5.272785187E0,1.187813879E1
5.787790137E1,5.317542114E0,9.897867279E0,5.293142853E0,1.242020097E1
5.788785537E1,5.360502777E0,1.036908737E1,5.198689270E0,1.277808018E1
5.789780837E1,5.261109467E0,1.069555847E1,5.217250671E0,1.301130080E1
5.790776137E1,5.243595886E0,1.090212891E1,5.347928925E0,1.322694433E1
5.791771537E1,5.212310944E0,1.081800385E1,5.386997681E0,1.316119814E1
5.792766837E1,5.312303009E0,1.046503784E1,5.200784912E0,1.283688997E1
5.793762237E1,6.144871674E0,1.017104919E1,4.871170349E0,1.284281862E1
5.794757537E1,7.124584351E0,9.105714569E0,4.631369019E0,1.245485122E1
5.795752837E1,7.374265137E0,8.301137695E0,4.177063751E0,1.186324302E1
5.796748237E1,6.877148895E0,7.860903168E0,4.977599030E0,1.157002453E1
5.797743537E1,6.573879547E0,7.631430359E0,6.208489380E0,1.183215796E1
5.798738837E1,6.472240906E0,7.870034180E0,6.864874420E0,1.228632741E1
5.799734237E1,6.478228455E0,8.307424622E0,7.215894470E0,1.276909867E1
5.800729537E1,6.572382660E0,8.804540863E0,7.366631012E0,1.322812935E1
5.801724837E1,6.620133362E0,9.441316681E0,7.442074127E0,1.372403343E1
5.802720238E1,6.356381836E0,1.006911118E1,7.197033691E0,1.391358630E1
5.803715538E1,6.232140198E0,1.048689240E1,6.928342438E0,1.402912729E1
5.804710838E1,6.396199036E0,1.055350388E1,6.083798676E0,1.375864864E1
5.805706238E1,6.625821533E0,1.037297928E1,5.048551483E0,1.330368679E1
5.806701538E1,7.002438354E0,1.016191818E1,4.802463226E0,1.324244604E1
5.807696938E1,7.411687317E0,1.014754807E1,4.875661011E0,1.347879486E1
5.808692238E1,7.766299896E0,1.046548691E1,4.898413696E0,1.392251008E1
5.809687538E1,7.900271301E0,1.076202026E1,5.098846893E0,1.429103238E1
5.810682938E1,7.634873199E0,1.089913513E1,5.485193481E0,1.439339372E1
5.811678238E1,7.036417694E0,1.097772171E1,5.439987488E0,1.412851768E1
5.812673538E1,6.335575104E0,1.079240707E1,5.035977631E0,1.348987150E1
5.813668937E1,5.592220917E0,1.041564056E1,4.773423615E0,1.274927748E1
5.814664237E1,4.985382843E0,9.948462067E0,4.794829102E0,1.211677868E1
5.815659537E1,4.497846680E0,9.449399872E0,4.975353699E0,1.158774901E1
5.816654937E1,4.176764374E0,9.038055267E0,5.264851685E0,1.126279126E1
5.817650237E1,3.928281097E0,8.671168213E0,5.261857910E0,1.087693428E1
5.818645537E1,3.669169922E0,8.499774628E0,5.040917358E0,1.054133884E1
5.819640937E1,3.478167114E0,8.497529297E0,4.851710815E0,1.038483262E1
5.820636237E1,3.334166565E0,8.753796387E0,4.452041931E0,1.037141722E1
5.821631537E1,3.035836945E0,9.219627686E0,3.652704163E0,1.037111799E1
5.822626937E1,2.500400391E0,9.253756714E0,2.861150208E0,1.000350918E1
5.823622237E1,1.858834534E0,8.985514526E0,2.738255768E0,9.575634798E0
5.824617537E1,1.501228180E0,8.604856110E0,3.077749786E0,9.261197464E0
5.825612937E1,1.826501770E0,7.965535583E0,3.542383575E0,8.906983061E0
5.826608237E1,2.656675415E0,6.828350372E0,3.813020782E0,8.259747003E0
5.827603637E1,3.713926849E0,5.456004181E0,4.085454254E0,7.762227176E0
5.828598937E1,4.389921112E0,4.217779083E0,4.171525269E0,7.379884202E0
5.829594237E1,4.720433807E0,3.370091858E0,3.949087830E0,7.016787666E0
5.830589637E1,4.914280701E0,2.731819153E0,3.887416077E0,6.835568334E0
5.831584937E1,4.965324554E0,2.444566498E0,3.889362030E0,6.764428305E0
5.832580237E1,4.789739685E0,2.335144043E0,3.861070862E0,6.580453795E0
5.833575637E1,4.632117462E0,2.510728912E0,4.157753906E0,6.711720301E0
5.834570937E1,4.491110687E0,2.696492615E0,4.331392822E0,6.797213503E0
5.835566237E1,4.270469513E0,2.838397522E0,4.433181152E0,6.778385168E0
5.836561637E1,4.190535736E0,3.135379944E0,4.390519867E0,6.831387989E0
5.837556937E1,4.225413208E0,3.868255920E0,4.756209412E0,7.445740300E0
5.838552237E1,3.986060944E0,4.974904633E0,5.198389893E0,8.225668084E0
5.839547638E1,3.408711548E0,6.053711243E0,5.075495453E0,8.603917033E0
5.840542867E1,2.821782074E0,6.816375275E0,4.743186493E0,8.770589722E0
5.841538167E1,2.304457855E0,7.210505676E0,4.783153381E0,8.954355051E0
5.842533567E1,1.913321228E0,7.266788635E0,4.888683929E0,8.964722291E0
5.843528867E1,1.904339905E0,7.080426178E0,4.764591980E0,8.744157025E0
5.844524267E1,2.068997498E0,6.912026367E0,4.848267975E0,8.692672863E0
5.845519567E1,2.277513885E0,6.889872437E0,5.001698914E0,8.813308330E0
5.846514867E1,2.425256653E0,6.945856018E0,4.996459808E0,8.893334373E0
5.847510267E1,2.491568756E0,6.963369598E0,4.597389679E0,8.708181377E0
5.848505567E1,2.466570740E0,6.913223877E0,4.154760132E0,8.434374152E0
5.849500867E1,2.647544403E0,6.877897339E0,3.676654358E0,8.236064014E0
5.850496267E1,3.068020020E0,7.065457306E0,3.390599213E0,8.416032129E0
5.851491567E1,3.601211243E0,7.700885925E0,3.591481476E0,9.228819298E0
5.852486867E1,4.120631104E0,8.106991425E0,4.050427094E0,9.955343806E0
5.853482267E1,4.833299103E0,8.165370026E0,4.267326050E0,1.040404342E1
5.854477567E1,5.431904297E0,8.444090424E0,3.986510010E0,1.080280100E1
5.855472867E1,5.470823364E0,8.721763000E0,3.449277191E0,1.085801875E1
5.856468267E1,5.244494019E0,8.904832306E0,2.952310638E0,1.074787858E1
5.857463567E1,4.906347198E0,9.019793243E0,2.626737671E0,1.059852177E1
5.858458867E1,4.440366211E0,9.038204956E0,2.430795135E0,1.035928404E1
5.859454267E1,3.852987671E0,8.881929932E0,2.173480225E0,9.922611027E0
5.860449567E1,3.111878815E0,8.640482025E0,1.768572235E0,9.352516620E0
5.861444867E1,2.271376648E0,8.281977539E0,9.419911194E-1,8.639308485E0
5.862440267E1,1.317859497E0,8.221652985E0,2.734812927E-1,8.331093774E0
5.863435567E1,6.837780762E-1,8.478219452E0,7.324269104E-1,8.537224766E0
5.864430967E1,6.376739502E-1,8.742719421E0,1.361867981E0,8.871102262E0
5.865426267E1,7.539820862E-1,8.681047668E0,6.818321228E-1,8.740364561E0
5.866421567E1,6.935078430E-1,8.272397461E0,8.523275757E-1,8.345056931E0
5.867416967E1,3.873944092E-1,8.173004150E0,2.622696075E0,8.592241033E0
5.868412267E1,5.628295898E-1,8.720715179E0,2.805016937E0,9.178004707E0
5.869407567E1,1.017284546E0,9.260492706E0,1.264570312E0,9.401634490E0
5.870402967E1,1.203796692E0,9.668244781E0,-4.291575623E-1,9.752346376E0
5.871398267E1,1.014290771E0,9.274114380E0,-3.561094666E-1,9.336208934E0
5.872393567E1,9.318122864E-1,8.908574524E0,1.562750244E-1,8.958537608E0
5.873388967E1,1.114731903E0,8.521329803E0,-5.987548828E-2,8.594141837E0
5.874384267E1,1.055155792E0,7.723937988E0,-3.089575195E-1,7.801796366E0
5.875379567E1,1.034049683E0,6.967261505E0,-4.206253052E-1,7.056126223E0
5.876374967E1,1.121767273E0,6.246660004E0,-1.631607056E-1,6.348680527E0
5.877370267E1,1.451381836E0,5.740861816E0,-2.148033142E-1,5.925381346E0
5.878365567E1,2.018103333E0,5.653742981E0,-2.676434326E-1,6.009091759E0
5.879360967E1,3.392844543E0,6.664590912E0,5.589376831E-1,7.499371804E0
5.880356267E1,3.940854950E0,7.177574158E0,5.683680725E-1,8.207980921E0
5.881351567E1,3.675157471E0,6.518345032E0,3.908372498E-1,7.493220812E0
5.882346967E1,3.306324463E0,5.327720947E0,-2.243833923E-1,6.274291980E0
5.883342267E1,3.037034454E0,4.979694672E0,-9.163943481E-1,5.904296393E0
5.884337667E1,2.876568146E0,5.189558258E0,-1.235530701E0,6.060750393E0
5.885332967E1,3.014431458E0,5.676345978E0,-1.372046814E0,6.571926136E0
5.886328267E1,3.380121002E0,6.456673279E0,-1.246308289E0,7.393722484E0
5.887323667E1,3.464096375E0,7.406897278E0,-8.276289368E-1,8.218701882E0
5.888318967E1,3.153791656E0,7.703730011E0,-5.141807556E-1,8.340158257E0
5.889314267E1,2.763852539E0,7.543263702E0,-8.087681580E-1,8.074268640E0
5.890309667E1,2.727627869E0,7.383695526E0,-1.363215179E0,7.988571151E0
5.891304967E1,2.794239349E0,7.815697174E0,-1.998943176E0,8.537486145E0
5.892300267E1,2.703977051E0,8.870403900E0,-2.589165802E0,9.628049480E0
5.893295667E1,2.623444519E0,9.977351990E0,-3.373534698E0,1.085406607E1
5.894290967E1,2.690804443E0,1.075797867E1,-4.119882660E0,1.182996055E1
5.895286267E1,2.777474213E0,1.110570557E1,-4.442312164E0,1.227946239E1
5.896281667E1,2.615061951E0,1.118833374E1,-4.153412933E0,1.221753657E1
5.897276967E1,2.653681641E0,1.073058563E1,-3.723057861E0,1.166398963E1
5.898272267E1,3.399131470E0,9.874515839E0,-3.203638000E0,1.092352755E1
5.899267667E1,4.193230133E0,9.247918854E0,-2.801723785E0,1.053360519E1
5.900262967E1,4.822820892E0,9.101672974E0,-1.925146637E0,1.047884735E1
5.901258267E1,5.298531647E0,9.374106445E0,-1.784738617E0,1.091483400E1
5.902253667E1,5.670807495E0,9.642198944E0,-1.891466675E0,1.134494179E1
5.903248967E1,5.550607452E0,9.916728058E0,-1.578467560E0,1.147354776E1
5.904244267E1,5.211412811E0,1.071861053E1,-1.048419800E0,1.196438964E1
5.905239667E1,4.289629669E0,1.206236618E1,1.893562317E0,1.294168377E1
5.906234967E1,4.036356354E0,1.157183624E1,4.895270233E0,1.319709200E1
5.907230267E1,4.473447418E0,9.438173218E0,5.964496765E0,1.202772078E1
5.908225667E1,3.934568024E0,9.074878693E0,6.991660767E0,1.211270280E1
5.909220967E1,2.560126190E0,1.044078827E1,8.297694855E0,1.357998695E1
5.910216367E1,1.284329224E0,1.285317169E1,7.862250366E0,1.512178908E1
5.911211667E1,5.721102905E-1,1.568124069E1,7.188651123E0,1.725993409E1
5.912206967E1,-1.197509766E-2,1.793196030E1,7.105873260E0,1.928856600E1
5.913202367E1,-2.888992310E-1,1.870899445E1,7.318880310E0,2.009168845E1
5.914197667E1,-7.738906860E-2,1.791654236E1,6.787335663E0,1.915923810E1
5.915192967E1,4.249662781E-1,1.573827209E1,5.722450104E0,1.675172350E1
5.916188367E1,8.605604553E-1,1.373304199E1,5.148094482E0,1.469149017E1
5.917183667E1,1.300345917E0,1.219154755E1,4.735552368E0,1.314344655E1
5.918178967E1,1.969005432E0,1.079001205E1,4.672383728E0,1.192193408E1
5.919174367E1,2.185305634E0,9.700427856E0,4.660857697E0,1.098168729E1
5.920169667E1,1.788780212E0,9.062304840E0,4.524491272E0,1.028572433E1
5.921164967E1,1.255439301E0,8.877738647E0,4.505480804E0,1.003442717E1
5.922160367E1,7.417076111E-1,8.898695068E0,4.372557220E0,9.942643549E0
5.923155667E1,4.689747620E-1,8.814570007E0,4.154161377E0,9.755697745E0
5.924150967E1,5.481600952E-1,8.464747467E0,3.964056702E0,9.363021665E0
5.925146367E1,6.575825500E-1,7.990234222E0,3.669020233E0,8.816913701E0
5.926141667E1,7.571255493E-1,7.805518341E0,3.508404236E0,8.591173142E0
5.927136967E1,7.765850830E-1,7.926616516E0,3.337759094E0,8.635680029E0
5.928132367E1,8.586145020E-1,8.274493103E0,3.110381927E0,8.881381126E0
5.929127667E1,9.122030640E-1,8.889114990E0,2.658022614E0,9.322744443E0
5.930122967E1,8.650511169E-1,9.156309357E0,2.306254120E0,9.481831181E0
5.931118367E1,8.378077698E-1,9.153016205E0,2.187401276E0,9.447981364E0
5.932113667E1,8.563691711E-1,9.081015930E0,2.211052094E0,9.385465883E0
5.933109067E1,1.148262177E0,9.101972351E0,2.610870667E0,9.538398835E0
5.934104367E1,1.442849579E0,8.995843048E0,2.691552887E0,9.500077052E0
5.935099667E1,1.545386353E0,8.762628021E0,2.521207123E0,9.248154095E0
5.936095067E1,1.446142731E0,8.399932251E0,2.761457520E0,8.959678468E0
5.937090367E1,9.663903809E-1,8.221503296E0,2.443368988E0,8.631169030E0
5.938085667E1,4.004173279E-1,8.147108002E0,2.139051819E0,8.432748396E0
5.939081067E1,1.736389160E-2,7.950117645E0,2.078427887E0,8.217331353E0
5.940076367E1,-1.582209778E-1,7.350614319E0,2.084565125E0,7.642118587E0
5.941071612E1,-5.373825073E-2,6.603817291E0,1.354982300E0,6.741607201E0
5.942067012E1,-2.815644836E-1,6.227200470E0,2.986289978E-1,6.240711781E0
5.943062312E1,-1.686991882E-1,6.825506287E0,-1.609153748E-1,6.829486748E0
5.944057612E1,4.529580688E-1,7.666158142E0,-9.160949707E-2,7.680074477E0
5.945053012E1,1.266516266E0,8.739575958E0,3.876937866E-2,8.830954334E0
5.946048312E1,1.702110443E0,9.860145721E0,8.354127502E-1,1.004079519E1
5.947043612E1,1.841770020E0,1.034438873E1,1.371747437E0,1.059623452E1
5.948039012E1,1.832788696E0,1.001791763E1,1.474433899E0,1.029037139E1
5.949034312E1,1.575922852E0,9.756112061E0,1.596579895E0,1.001071040E1
5.950029612E1,1.339564362E0,9.738748169E0,1.916614380E0,1.001554089E1
5.951025012E1,1.193767548E0,9.655970306E0,1.976789246E0,9.928269700E0
5.952020312E1,1.171164551E0,9.435478821E0,1.383423157E0,9.608004299E0
5.953015612E1,1.263971558E0,9.120533752E0,5.611830139E-1,9.224786523E0
5.954011012E1,1.538800049E0,8.950038300E0,1.116677856E-1,9.082046072E0
5.955006312E1,1.954934692E0,8.964408417E0,-1.642085266E-1,9.176565390E0
5.956001612E1,2.272873535E0,9.026678925E0,-2.300715637E-1,9.311273782E0
5.956997012E1,2.372117157E0,9.124575348E0,-2.453398132E-1,9.431066043E0
5.957992312E1,2.230062561E0,9.318721619E0,-3.061134338E-1,9.586733389E0
5.958987612E1,1.974843292E0,9.406139832E0,-3.995191956E-1,9.619516004E0
5.959983012E1,1.817670135E0,9.271419983E0,-6.806346130E-1,9.472402900E0
5.960978312E1,1.699116669E0,9.150172119E0,-1.152303772E0,9.377657023E0
5.961973713E1,1.603764954E0,9.067394257E0,-1.319356384E0,9.302171892E0
5.962969013E1,1.407972107E0,9.154363403E0,-1.122815094E0,9.329816103E0
5.963964313E1,1.382075958E0,9.365274811E0,-1.109941864E0,9.531551667E0
5.964959713E1,1.322200470E0,9.525591431E0,-8.919950867E-1,9.658196593E0
5.965955013E1,1.217118988E0,9.491013336E0,-7.204518127E-1,9.595820111E0
5.966950313E1,1.229094086E0,9.263935547E0,-7.622149658E-1,9.376147703E0
5.967945713E1,1.152902527E0,9.186845856E0,-7.116201782E-1,9.286211514E0
5.968941013E1,1.269360352E0,8.897796936E0,-7.282356262E-1,9.017338473E0
5.969936313E1,1.444645844E0,8.418194275E0,-5.837860107E-1,8.561179975E0
5.970931713E1,1.811981964E0,8.182434540E0,-8.482859802E-1,8.423485190E0
5.971927013E1,1.896855469E0,8.071814575E0,-1.017583923E0,8.353904970E0
5.972922313E1,2.065854034E0,8.008196869E0,-1.026265869E0,8.333798151E0
5.973917712E1,2.175725555E0,7.999215546E0,-1.661694489E0,8.454730014E0
5.974913012E1,2.129172363E0,7.987689514E0,-1.619033203E0,8.423646909E0
5.975908312E1,2.128872986E0,7.882009277E0,-1.837429047E0,8.368650784E0
5.976903712E1,2.152823181E0,8.057743835E0,-1.725611572E0,8.517019353E0
5.977899012E1,2.102976837E0,8.102949829E0,-1.773062897E0,8.557105793E0
5.978894312E1,1.788929901E0,7.987240448E0,-1.553768921E0,8.331295099E0
5.979889712E1,1.559008026E0,8.134983215E0,-1.674118652E0,8.450510707E0
5.980885012E1,1.496288452E0,8.270451508E0,-1.433419189E0,8.526073999E0
5.981880312E1,1.450483704E0,8.388855286E0,-5.089416504E-1,8.528529626E0
5.982875712E1,1.579066315E0,8.756490784E0,-1.306782532E-1,8.898688559E0
5.983871012E1,1.603016510E0,9.442963257E0,-2.556683350E-1,9.581470832E0
5.984866312E1,1.854194183E0,1.050335815E1,-5.077441406E-1,1.067784495E1
5.985861712E1,2.154320068E0,1.144250519E1,-1.180445251E0,1.170322481E1
5.986857012E1,2.161056061E0,1.175101364E1,-1.791923676E0,1.208170002E1
5.987852312E1,1.629810791E0,1.135089569E1,-1.974843292E0,1.163611285E1
5.988847712E1,1.075962524E0,1.060439804E1,-1.720821533E0,1.079685972E1
5.989843012E1,6.258485413E-1,9.521998901E0,-1.425635376E0,9.648449912E0
5.990838412E1,3.097059631E-1,8.493487701E0,-1.521885223E0,8.634314434E0
5.991833712E1,3.579057312E-1,7.809410248E0,-1.769919434E0,8.015460045E0
5.992829012E1,6.396199036E-1,7.485483856E0,-2.086810455E0,7.797202066E0
5.993824412E1,1.201251984E0,7.480394440E0,-2.437531128E0,7.958697463E0
5.994819712E1,1.719025269E0,7.749684448E0,-2.925516357E0,8.459982440E0
5.995815012E1,2.067350922E0,8.223299561E0,-3.685485992E0,9.245507152E0
5.996810413E1,2.369273071E0,8.824748840E0,-4.285139008E0,1.009217832E1
5.997805713E1,2.531385956E0,9.501341858E0,-4.522096252E0,1.082278922E1
5.998801013E1,2.559527435E0,1.016595978E1,-4.296066284E0,1.132934704E1
5.999796413E1,2.618355103E0,1.060754150E1,-3.912414093E0,1.160528777E1
6.000791713E1,2.499352570E0,1.089090225E1,-3.492237854E0,1.170701671E1
6.001787013E1,2.185305634E0,1.117875366E1,-3.187321930E0,1.182789564E1
6.002782413E1,1.828896790E0,1.145462997E1,-2.977458344E0,1.197575340E1
6.003777713E1,1.450034637E0,1.157063873E1,-2.762355652E0,1.198385956E1
6.004773013E1,1.149160309E0,1.143696671E1,-1.961970062E0,1.166079343E1
6.005768413E1,9.988728333E-1,1.097113541E1,-2.182461548E-1,1.101867462E1
6.006763713E1,6.280938721E-1,1.054796539E1,1.891017609E0,1.073452484E1
6.007759013E1,2.514770508E-1,9.823621674E0,5.508544922E0,1.126547161E1
6.008754412E1,9.729766846E-2,8.891210632E0,8.000263367E0,1.196107467E1
6.009749712E1,3.040177917E-1,8.421786804E0,9.303004303E0,1.255248218E1
6.010745012E1,9.592053223E-1,9.391919403E0,8.268056488E0,1.254946146E1
6.011740412E1,1.780247955E0,1.199710190E1,6.714586945E0,1.386309542E1
6.012735712E1,2.330503693E0,1.464704132E1,5.596561890E0,1.585208415E1
6.013731012E1,2.443069611E0,1.650782181E1,4.584965515E0,1.730603013E1
6.014726412E1,2.565814362E0,1.698487976E1,3.538341980E0,1.753822704E1
6.015721712E1,2.866988068E0,1.586535782E1,2.540816345E0,1.632130347E1
6.016717012E1,3.137325897E0,1.427386734E1,1.902094574E0,1.473784470E1
6.017712412E1,3.466192017E0,1.288625290E1,2.482288055E0,1.357319988E1
6.018707712E1,3.365900574E0,1.155566986E1,3.751349030E0,1.260695888E1
6.019703012E1,2.824925537E0,1.030202682E1,4.728966064E0,1.168225496E1
6.020698412E1,2.359992371E0,9.453291779E0,5.072501678E0,1.098474227E1
6.021693712E1,1.794767761E0,8.997489624E0,5.061574402E0,1.047833700E1
6.022689012E1,1.203197937E0,8.746761017E0,5.102439423E0,1.019747035E1
6.023684412E1,8.803193665E-1,8.812025299E0,5.174739075E0,1.025693310E1
6.024679712E1,8.065228271E-1,9.113947449E0,5.060825958E0,1.045593021E1
6.025675112E1,9.142987061E-1,9.248966675E0,4.749323730E0,1.043721239E1
6.026670412E1,8.541238403E-1,9.314230957E0,4.437073059E0,1.035239311E1
6.027665712E1,8.131091309E-1,9.134903870E0,4.458478546E0,1.019733525E1
6.028661112E1,9.148974609E-1,8.955726471E0,4.667144623E0,1.014023239E1
6.029656412E1,9.289682007E-1,8.904981995E0,4.506828003E0,1.002363132E1
6.030651712E1,8.105644226E-1,8.878337402E0,4.173022156E0,9.843576770E0
6.031647112E1,6.839277649E-1,8.854387207E0,4.055067444E0,9.762760981E0
6.032642412E1,7.387138367E-1,8.930279388E0,4.080963593E0,9.846311590E0
6.033637713E1,9.708810425E-1,8.953481140E0,3.901935883E0,9.814914068E0
6.034633113E1,1.329834595E0,8.876241760E0,3.640878754E0,9.685666004E0
6.035628413E1,1.713935852E0,8.844358063E0,3.340453491E0,9.608271185E0
6.036623713E1,2.035616913E0,8.994495850E0,2.964884491E0,9.686858719E0
6.037619113E1,2.070793762E0,9.212442627E0,2.725083160E0,9.827683562E0
6.038614413E1,1.827998657E0,9.294022980E0,2.743794250E0,9.861483110E0
6.039609713E1,1.561253357E0,9.234746246E0,2.584375763E0,9.715814344E0
6.040605075E1,1.074166260E0,9.027127991E0,2.258054352E0,9.367053025E0
6.041600375E1,6.465055847E-1,8.980425110E0,1.861079865E0,9.193999287E0
6.042595675E1,3.614982605E-1,9.030421143E0,1.505868530E0,9.162250108E0
6.043591075E1,1.802252197E-1,9.126221924E0,1.173260193E0,9.203094437E0
6.044586375E1,2.757266235E-1,9.134454803E0,9.505233765E-1,9.187915129E0
6.045581675E1,5.980064392E-1,8.986712036E0,1.108295288E0,9.074520559E0
6.046577075E1,9.136999512E-1,8.799750824E0,1.750160522E0,9.018510078E0
6.047572375E1,1.032702484E0,8.628656616E0,1.837878113E0,8.882453793E0
6.048567675E1,1.055455170E0,8.662336578E0,1.833686829E0,8.916976393E0
6.049563075E1,1.087638245E0,8.736582184E0,1.742825775E0,8.974868628E0
6.050558375E1,1.205443268E0,8.820557556E0,1.494192810E0,9.027067144E0
6.051553675E1,1.187031555E0,8.733438721E0,1.224902802E0,8.898448330E0
6.052549075E1,1.132544861E0,8.544681244E0,1.078956299E0,8.686678428E0
6.053544375E1,1.189576263E0,8.352480927E0,5.101391602E-1,8.452175535E0
6.054539675E1,1.333576813E0,8.058342590E0,8.232879639E-3,8.167948347E0
6.055535075E1,1.324745178E0,7.964637451E0,-2.571652222E-1,8.078151612E0
6.056530375E1,1.158590698E0,8.128546600E0,-3.668870544E-1,8.218893377E0
6.057525675E1,8.711883545E-1,8.409811707E0,-1.495390320E-1,8.456137653E0
6.058521075E1,6.794371033E-1,8.666378174E0,8.711883545E-2,8.693407567E0
6.059516375E1,5.840853882E-1,8.760532379E0,4.700225830E-1,8.792553926E0
6.060511775E1,4.090992737E-1,8.854836273E0,7.542814636E-1,8.896315426E0
6.061507075E1,2.697390747E-1,9.183253326E0,6.740483093E-1,9.211907617E0
6.062502375E1,1.986369324E-1,9.613458710E0,6.667135620E-1,9.638596992E0
6.063497775E1,2.258802795E-1,1.007105713E1,8.819659424E-1,1.011212527E1
6.064493075E1,4.960684204E-1,1.075947556E1,1.304088135E0,1.084956423E1
6.065488375E1,7.435038757E-1,1.129446304E1,2.036814423E0,1.150070895E1
6.066483775E1,1.063089294E0,1.139340729E1,2.822829895E0,1.178593471E1
6.067479075E1,1.361718292E0,1.087054459E1,3.336561584E0,1.145232114E1
6.068474375E1,1.298699341E0,1.005204666E1,3.448977814E0,1.070633971E1
6.069469775E1,9.262738037E-1,9.331744537E0,3.077001343E0,9.869517543E0
6.070465075E1,7.171586609E-1,9.004225616E0,2.189945984E0,9.294420849E0
6.071460375E1,9.337582397E-1,9.155860291E0,1.103505249E0,9.269272137E0
6.072455775E1,1.451082458E0,9.509425049E0,2.101629639E-1,9.621796793E0
6.073451075E1,2.120490417E0,9.799821167E0,-2.170486450E-2,1.002663680E1
6.074446375E1,2.585872650E0,9.884095917E0,1.193019104E-1,1.021745185E1
6.075441775E1,2.830464020E0,9.736802216E0,1.675016785E-1,1.014124750E1
6.076437075E1,2.897225189E0,9.574839020E0,1.179547119E-1,1.000426756E1
6.077432375E1,2.744692383E0,9.320667572E0,1.203497314E-1,9.717132515E0
6.078427775E1,2.445764008E0,9.159752197E0,3.697311401E-2,9.480727235E0
6.079423075E1,2.035616913E0,9.071286163E0,1.047821045E-1,9.297469987E0
6.080418375E1,1.646126862E0,8.978778534E0,7.289840698E-2,9.128719066E0
6.081413775E1,1.445244598E0,8.942254486E0,-2.134561157E-1,9.060806297E0
6.082409075E1,1.570084991E0,8.997938690E0,7.095245361E-2,9.134172201E0
6.083404375E1,1.683399353E0,9.068741455E0,6.855743408E-2,9.223914846E0
6.084399775E1,1.731150055E0,9.174122314E0,-3.121009827E-1,9.341242304E0
6.085395075E1,1.762135620E0,9.243877258E0,-5.969586182E-1,9.429249615E0
6.086390375E1,1.775457916E0,9.231303406E0,-4.028123474E-1,9.409116386E0
6.087385775E1,1.842518463E0,9.239685974E0,-3.760180664E-1,9.429107104E0
6.088381075E1,1.767674103E0,9.004974060E0,-2.122586060E-1,9.179285553E0
6.089376375E1,1.737736359E0,8.835676117E0,-1.410067749E-1,9.006041473E0
6.090371775E1,1.683249664E0,8.786428528E0,-4.026626587E-2,8.946299631E0
6.091367075E1,1.382974091E0,8.928034058E0,1.538800049E-1,9.035822515E0
6.092362375E1,6.345304871E-1,9.595795441E0,1.091230774E0,9.678465978E0
6.093357775E1,-9.400451660E-2,1.016536102E1,2.896327057E0,1.057034115E1
6.094353075E1,1.345701599E-1,1.017703674E1,3.438649292E0,1.074311384E1
6.095348375E1,7.744894409E-1,1.003977219E1,3.470832367E0,1.065098760E1
6.096343775E1,4.427792358E-1,1.011102402E1,4.094435577E0,1.091756671E1
6.097339075E1,-8.476872253E-1,1.035052597E1,5.268294525E0,1.164503708E1
6.098334375E1,-2.322121124E0,1.084629501E1,5.864205322E0,1.254684287E1
6.099329775E1,-3.107388153E0,1.125659180E1,5.829028473E0,1.305160116E1
6.100325075E1,-3.272345123E0,1.114507370E1,5.266348572E0,1.275364017E1
6.101320375E1,-3.137176208E0,1.072669373E1,4.487069092E0,1.204315664E1
6.102315775E1,-2.788700867E0,1.020817200E1,3.915258179E0,1.128330070E1
6.103311075E1,-2.227068787E0,9.632918243E0,3.639531555E0,1.053561290E1
6.104306375E1,-1.439406738E0,8.995543671E0,3.689826965E0,9.828861619E0
6.105301775E1,-6.402186584E-1,8.394094391E0,3.735781403E0,9.210144584E0
6.106297075E1,-2.655477905E-1,8.020022278E0,3.764671326E0,8.863634873E0
6.107292375E1,-1.666035461E-1,8.176446991E0,3.855981445E0,9.041605778E0
6.108287775E1,-1.240919495E-1,8.868757324E0,3.891757050E0,9.685867448E0
6.109283075E1,-2.291734314E-1,9.769584045E0,3.603755951E0,1.041558207E1
6.110278475E1,-6.246510315E-1,1.053584061E1,3.061433716E0,1.098938136E1
6.111273775E1,-1.156644745E0,1.069555847E1,2.636766815E0,1.107634133E1
6.112269075E1,-1.793570251E0,1.023212219E1,2.710263977E0,1.073586278E1
6.113264375E1,-1.973196716E0,9.728719025E0,3.220403137E0,1.043611400E1
6.114259775E1,-1.748364258E0,9.310339050E0,3.560046844E0,1.011993697E1
6.115255075E1,-1.392404480E0,9.130113831E0,3.524570618E0,9.885361239E0
6.116250475E1,-9.768685913E-1,9.220974884E0,3.208577728E0,9.812014120E0
6.117245775E1,-6.137237549E-1,9.431287537E0,2.673141174E0,9.821991915E0
6.118241075E1,-4.179309082E-1,9.623637543E0,2.224075012E0,9.886130459E0
6.119236475E1,-2.607577515E-1,9.923464050E0,2.320474548E0,1.019449535E1
6.120231775E1,-6.316864014E-2,1.009156448E1,2.286495209E0,1.034754678E1
6.121227075E1,5.927673340E-2,1.007225464E1,1.931583252E0,1.025596612E1
6.122222475E1,1.924996948E-1,1.015772690E1,1.619482269E0,1.028781778E1
6.123217775E1,1.434017944E-1,1.019649628E1,1.692680054E0,1.033703372E1
6.124213075E1,4.535568237E-2,1.014784744E1,1.728305969E0,1.029407142E1
6.125208475E1,-3.876937866E-1,9.736652527E0,2.071542206E0,9.962128086E0
6.126203775E1,-1.118025055E0,9.311237183E0,2.571801910E0,9.724365427E0
6.127199075E1,-1.602118378E0,8.920100555E0,2.848875732E0,9.500056324E0
6.128194475E1,-1.928290100E0,8.655001831E0,2.978057098E0,9.353939464E0
6.129189775E1,-2.310445404E0,8.640332336E0,2.887645111E0,9.398510262E0
6.130185075E1,-2.455194397E0,8.796158295E0,2.676733704E0,9.516579406E0
6.131180475E1,-2.258653107E0,9.135652313E0,2.223476257E0,9.669824389E0
6.132175775E1,-1.812730408E0,9.224866791E0,1.918710022E0,9.595082438E0
6.133171075E1,-1.189725952E0,9.313033447E0,1.536405029E0,9.513599752E0
6.134166475E1,-6.472540283E-1,9.273665314E0,1.390009460E0,9.399570864E0
6.135161775E1,-1.648072815E-1,9.342372437E0,1.308578796E0,9.435012594E0
6.136157075E1,1.071771240E-1,9.461973724E0,1.300345917E0,9.551509472E0
6.137152475E1,1.204994202E-1,9.578132172E0,1.195414124E0,9.653193820E0
6.138147775E1,-2.694396973E-3,9.467063141E0,1.054856415E0,9.525650310E0
6.139143075E1,-2.079176331E-1,9.137298889E0,1.059646454E0,9.200886443E0
6.140138475E1,-5.634283447E-1,8.786578217E0,1.015488281E0,8.862991860E0
6.141133775E1,-8.397537231E-1,8.380622406E0,1.482217712E0,8.552016579E0
6.142129075E1,-9.111552429E-1,7.794740753E0,2.320175171E0,8.183605569E0
6.143124475E1,-8.083190918E-1,7.221283264E0,2.774330750E0,7.777996069E0
6.144119775E1,-7.411088562E-1,6.955436096E0,2.669548645E0,7.486910150E0
6.145115075E1,-8.268804932E-1,7.181765442E0,2.523901520E0,7.657125119E0
6.146110475E1,-9.575587463E-1,7.690258026E0,2.401456146E0,8.113197821E0
6.147105775E1,-1.110241241E0,8.018525391E0,1.945204926E0,8.325455378E0
6.148101075E1,-1.077758789E0,8.063881073E0,1.120569763E0,8.212394204E0
6.149096475E1,-6.990463257E-1,8.004604340E0,6.500981140E-1,8.061326439E0
6.150091775E1,-5.285508728E-1,7.810009003E0,5.108876038E-1,7.844527570E0
6.151087075E1,-5.807922363E-1,7.341932373E0,6.586303711E-1,7.394260244E0
6.152082475E1,-4.924758911E-1,6.840774536E0,1.095122681E0,6.945359778E0
6.153077775E1,-2.251318359E-1,6.698420563E0,1.408421173E0,6.848589094E0
6.154073075E1,7.095245361E-2,6.668183441E0,1.278641052E0,6.790038851E0
6.155068475E1,4.117936707E-1,6.565347290E0,7.611671448E-1,6.622139721E0
6.156063775E1,7.226971436E-1,6.355783081E0,4.845423889E-1,6.415064385E0
6.157059075E1,7.902067566E-1,6.012097778E0,-4.128414917E-1,6.077843739E0
6.158054475E1,5.216651917E-1,5.406457214E0,-1.162931671E0,5.554666890E0
6.159049775E1,3.249742126E-1,5.072501678E0,-1.526824951E-2,5.082923828E0
6.160045075E1,2.460882568E-1,5.187312927E0,6.039939880E-1,5.228152979E0
6.161040475E1,2.555186462E-1,5.535039825E0,3.439846802E-1,5.551601671E0
6.162035775E1,8.427474976E-2,6.082900543E0,4.543052673E-1,6.100424127E0
6.163031075E1,-3.637435913E-2,6.686295776E0,1.355880432E0,6.822483862E0
6.164026475E1,-1.306782532E-1,6.875053253E0,2.056573334E0,7.177250721E0
6.165021775E1,-3.490740967E-1,6.334826660E0,3.263513489E0,7.134591918E0
6.166017075E1,-9.054670715E-1,5.670059052E0,3.822002106E0,6.897618456E0
6.167012475E1,-8.499325562E-1,5.896837463E0,4.779560852E0,7.638015407E0
6.168007775E1,1.808239746E-1,6.964716797E0,5.704936523E0,9.004791952E0
6.169003075E1,2.007176056E0,8.565338287E0,6.169720001E0,1.074519523E1
6.169998475E1,4.285288696E0,1.054182816E1,6.530619507E0,1.312032131E1
6.170993775E1,6.047124939E0,1.241368561E1,6.219266968E0,1.514419334E1
6.171989075E1,7.270530853E0,1.464344879E1,5.850733337E0,1.736439725E1
6.172984475E1,7.451354828E0,1.530163010E1,6.195616150E0,1.811210181E1
6.173979775E1,6.464157715E0,1.390563309E1,7.355703735E0,1.700759665E1
6.174975075E1,5.338199158E0,1.148411865E1,1.008946884E1,1.619193419E1
6.175970475E1,4.690346375E0,8.931327209E0,1.359398117E1,1.692820956E1
6.176965775E1,4.066593475E0,6.971003723E0,1.613434845E1,1.804021273E1
6.177961075E1,3.830384674E0,5.967490540E0,1.717079315E1,1.857737677E1
6.178956475E1,4.485272827E0,5.932313690E0,1.630469421E1,1.792074417E1
6.179951775E1,5.889951782E0,5.904321899E0,1.453866669E1,1.676082868E1
6.180947075E1,7.751331024E0,5.673651581E0,1.234258347E1,1.564010299E1
6.181942475E1,9.558522949E0,5.323529663E0,1.079555054E1,1.537040144E1
6.182937775E1,1.006387207E1,5.408702545E0,1.148845963E1,1.620247786E1
6.183933075E1,8.717721405E0,6.350843353E0,1.236443802E1,1.640765691E1
6.184928475E1,6.443350983E0,6.609804840E0,1.201281921E1,1.514972334E1
6.185923775E1,4.668641510E0,5.952222290E0,1.188318878E1,1.408670790E1
6.186919075E1,3.763473816E0,5.218897247E0,1.182241516E1,1.345994517E1
6.187914475E1,3.578608246E0,4.866080933E0,1.104508163E1,1.258884462E1
6.188909775E1,3.702400818E0,4.620591431E0,1.031939072E1,1.189737205E1
6.189905075E1,3.857029266E0,4.309687958E0,1.016925293E1,1.169887987E1
6.190900475E1,3.985162811E0,3.883224792E0,1.031684601E1,1.172170077E1
6.191895775E1,4.209396515E0,3.710783386E0,1.017883301E1,1.162314819E1
6.192891075E1,4.437821503E0,3.632945251E0,1.007659561E1,1.159440943E1
6.193886475E1,4.688250732E0,3.763922882E0,9.659263458E0,1.137752965E1
6.194881775E1,4.753964081E0,4.051175537E0,9.765991516E0,1.159253156E1
6.195877075E1,5.009632416E0,4.306993561E0,9.996512146E0,1.198235643E1
6.196872475E1,5.382057953E0,4.467310181E0,1.004216721E1,1.223799535E1
6.197867775E1,5.620811462E0,4.637655945E0,9.612111511E0,1.206209194E1
6.198863075E1,5.681884460E0,4.759652252E0,9.290131073E0,1.188463865E1
6.199858475E1,5.548511810E0,4.656666412E0,8.876840515E0,1.145726071E1
6.200853775E1,5.562432861E0,4.712350616E0,8.571026459E0,1.125208435E1
6.201849075E1,5.662275238E0,4.973407745E0,8.334967346E0,1.123689575E1
6.202844475E1,5.689668274E0,5.198988647E0,8.052953796E0,1.114683241E1
6.203839775E1,5.530698853E0,5.270390167E0,7.829169159E0,1.093899136E1
6.204835075E1,5.203479309E0,5.132526855E0,7.623496857E0,1.056109526E1
6.205830475E1,4.848417664E0,4.979544983E0,7.541467438E0,1.025557181E1
6.206825775E1,4.694687347E0,5.051395569E0,7.487579498E0,1.017941714E1
6.207821075E1,4.576133881E0,5.222489777E0,7.381300507E0,1.013405141E1
6.208816475E1,4.472249908E0,5.403313751E0,7.244035950E0,1.008329686E1
6.209811775E1,4.491260376E0,5.649851074E0,6.909481659E0,9.991655204E0
6.210807075E1,4.533023529E0,5.942642212E0,6.861431580E0,1.014606042E1
6.211802475E1,4.569248199E0,6.418053589E0,6.882388000E0,1.046120001E1
6.212797775E1,4.491110687E0,6.751709747E0,6.821015625E0,1.059631605E1
6.213793075E1,4.301754456E0,6.903793488E0,7.033573608E0,1.075353959E1
6.214788475E1,4.291425934E0,7.000941467E0,7.109615479E0,1.086168266E1
6.215783775E1,4.515659637E0,6.902296600E0,6.716083832E0,1.063666594E1
6.216779075E1,4.740641785E0,6.487359467E0,6.401887207E0,1.027344524E1
6.217774475E1,4.864284668E0,6.000272369E0,6.249653778E0,9.935930061E0
6.218769775E1,4.944068756E0,5.635181580E0,6.076014862E0,9.649717297E0
6.219765075E1,4.747826843E0,5.458399200E0,6.061195679E0,9.437906263E0
6.220760475E1,4.487218781E0,5.482948151E0,6.233936462E0,9.437150874E0
6.221755775E1,4.478836212E0,5.610183563E0,6.132297821E0,9.441356364E0
6.222751075E1,4.418511658E0,5.599705353E0,5.553002472E0,9.039678189E0
6.223746475E1,4.315076752E0,5.420378265E0,4.981640625E0,8.533295450E0
6.224741775E1,3.936064911E0,5.197641449E0,4.529281311E0,7.938669461E0
6.225737075E1,3.562142487E0,4.888234863E0,4.212539978E0,7.370833890E0
6.226732475E1,3.202290802E0,4.649631042E0,4.153562622E0,7.008981215E0
6.227727775E1,2.813848572E0,4.404141541E0,4.577780457E0,6.947681657E0
6.228723075E1,2.856958923E0,4.330345001E0,5.166655884E0,7.321778141E0
6.229718475E1,2.971770172E0,4.194727020E0,6.139632568E0,8.007636406E0
6.230713775E1,3.264860687E0,3.895798645E0,6.788084106E0,8.480250481E0
6.231709075E1,2.991978149E0,3.711382141E0,6.726711731E0,8.244691708E0
6.232704475E1,2.339035950E0,3.709885254E0,6.604266357E0,7.927841566E0
6.233699775E1,1.146166534E0,3.714974670E0,7.181316376E0,8.166152057E0
6.234695075E1,-5.688171387E-3,4.046086121E0,7.869285736E0,8.848531135E0
6.235690475E1,-1.535806274E-1,4.876409454E0,8.772208099E0,1.003765865E1
6.236685775E1,1.898052979E-1,5.102289734E0,9.627230072E0,1.089738250E1
6.237681075E1,3.915856934E-1,4.580325165E0,1.023272095E1,1.121790069E1
6.238676475E1,2.167492676E-1,4.079466705E0,1.041623932E1,1.118870280E1
6.239671775E1,-5.891748047E-1,4.454436951E0,1.008931915E1,1.104461391E1
6.240667100E1,-9.852511597E-1,6.492299194E0,8.938512268E0,1.109133311E1
6.241662500E1,-1.305435333E0,8.293952637E0,7.676037598E0,1.137608742E1
6.242657800E1,-1.127305756E0,9.880653076E0,6.606811066E0,1.193934990E1
6.243653100E1,-8.807684326E-1,1.023107437E1,6.611601105E0,1.221326758E1
6.244648500E1,-5.551954651E-1,9.613458710E0,7.286098480E0,1.207534933E1
6.245643800E1,1.317260742E-1,8.932524719E0,7.996371460E0,1.198954987E1
6.246639100E1,2.932402039E-1,7.869435425E0,8.353977814E0,1.148054655E1
6.247634500E1,-3.742218018E-3,6.654412079E0,8.374036102E0,1.069605978E1
6.248629800E1,-6.083349609E-1,5.530399475E0,8.514743500E0,1.017134439E1
6.249625100E1,-1.129251709E0,4.873715057E0,8.700357513E0,1.003616106E1
6.250620500E1,-1.290167084E0,4.638554077E0,8.813671875E0,1.004298397E1
6.251615800E1,-1.092428284E0,4.760101318E0,8.639583893E0,9.924433181E0
6.252611100E1,-7.253915405E-1,5.105732574E0,8.330626373E0,9.797654504E0
6.253606500E1,-5.004093933E-1,5.522765350E0,7.901917877E0,9.653582382E0
6.254601800E1,-5.257067871E-1,5.896238708E0,7.472910004E0,9.533434977E0
6.255597100E1,-4.712200928E-1,5.959557037E0,7.022945709E0,9.222805153E0
6.256592500E1,-1.573228455E-1,5.641169128E0,6.409671021E0,8.539989590E0
6.257587800E1,2.689906311E-1,5.335355072E0,5.773044891E0,7.865520772E0
6.258583100E1,3.341052246E-1,5.011428680E0,5.433700562E0,7.399401700E0
6.259578500E1,1.059796143E-1,4.930746460E0,5.642067261E0,7.493758423E0
6.260573800E1,-3.128494263E-2,5.005590820E0,5.653892670E0,7.551385338E0
6.261569100E1,-1.767823792E-1,4.922363892E0,5.552254028E0,7.422158924E0
6.262564500E1,-2.499801636E-1,4.547243958E0,5.433999939E0,7.090012202E0
6.263559800E1,-1.131646729E-1,4.006119232E0,5.209317169E0,6.572578103E0
6.264555100E1,-1.121168518E-1,3.562591553E0,5.026547241E0,6.162045596E0
6.265550500E1,-6.646179199E-2,3.457659760E0,4.961582336E0,6.047902733E0
6.266545800E1,-3.742218018E-2,3.513493652E0,5.069807281E0,6.168385845E0
6.267541100E1,8.771759033E-2,3.720962219E0,4.486170959E0,5.829149517E0
6.268536500E1,3.682342529E-1,3.867507477E0,4.467908936E0,5.920761843E0
6.269531800E1,8.116122437E-1,3.984264679E0,4.970713348E0,6.421921103E0
6.270527100E1,1.081800385E0,4.138144684E0,5.423372040E0,6.907061443E0
6.271522500E1,1.147513733E0,4.368964691E0,5.750591583E0,7.312588037E0
6.272517800E1,1.268013153E0,4.920717316E0,5.462291107E0,7.460424947E0
6.273513100E1,1.493294678E0,5.097350006E0,5.477709045E0,7.630085351E0
6.274508500E1,1.488804016E0,4.845872955E0,6.112389221E0,7.941053084E0
6.275503800E1,1.534908142E0,4.673281860E0,6.979985046E0,8.539068895E0
6.276499100E1,1.735491028E0,5.281916199E0,8.189020844E0,9.898011427E0
6.277494500E1,1.714684296E0,5.372028809E0,9.853409729E0,1.135290796E1
6.278489800E1,1.946252747E0,4.474495239E0,1.164263901E1,1.262378907E1
6.279485100E1,2.598147125E0,5.189109192E0,1.205742645E1,1.338128377E1
6.280480500E1,3.953728180E0,5.643713837E0,1.191342590E1,1.376274642E1
6.281475800E1,4.955295410E0,5.317392426E0,1.031759445E1,1.262071195E1
6.282471100E1,4.629872131E0,5.419330444E0,9.179511108E0,1.162188808E1
6.283466500E1,3.979025574E0,6.887327728E0,1.001028351E1,1.278568354E1
6.284461800E1,3.994443512E0,9.210496674E0,1.110510681E1,1.497037826E1
6.285457100E1,4.943170624E0,1.096155533E1,1.059676392E1,1.602753994E1
6.286452500E1,6.092480621E0,1.143337418E1,9.407487030E0,1.601065824E1
6.287447800E1,6.521937561E0,1.032717453E1,8.528065796E0,1.489678185E1
6.288443100E1,6.205495605E0,8.338709564E0,7.874524841E0,1.304033720E1
6.289438500E1,5.664071503E0,6.470594330E0,7.624394989E0,1.149268010E1
6.290433800E1,5.086871796E0,5.185666351E0,8.129594421E0,1.090218811E1
6.291429100E1,4.808899841E0,4.375850372E0,8.602311401E0,1.078301190E1
6.292424500E1,4.875661011E0,3.886068878E0,8.603508911E0,1.062515728E1
6.293419800E1,5.046904907E0,3.482807465E0,8.213270416E0,1.024982965E1
6.294415100E1,5.186863861E0,3.263513489E0,7.537874908E0,9.714609366E0
6.295410500E1,5.310207367E0,3.425476685E0,7.153923340E0,9.545198371E0
6.296405800E1,5.250930634E0,3.577410736E0,7.053781586E0,9.493470111E0
6.297401100E1,5.008434906E0,3.666325836E0,6.855294342E0,9.247779510E0
6.298396500E1,4.796026611E0,3.452570343E0,6.510261841E0,8.792361598E0
6.299391800E1,4.529730377E0,3.296594696E0,6.545289001E0,8.615497780E0
6.300387100E1,4.366869049E0,3.070115662E0,6.208040314E0,8.187485573E0
6.301382500E1,4.226461029E0,2.621498566E0,5.483247528E0,7.402785355E0
6.302377800E1,4.038901062E0,2.230960693E0,5.985303497E0,7.557364975E0
6.303373100E1,3.867657166E0,2.274969177E0,6.451284485E0,7.858328589E0
6.304368500E1,3.718118134E0,2.991379395E0,6.925797729E0,8.410673417E0
6.305363800E1,3.648213501E0,3.899840240E0,7.310946808E0,9.053626836E0
6.306359100E1,3.451522522E0,4.415667572E0,7.179370422E0,9.107935413E0
6.307354500E1,3.295846252E0,5.131778412E0,7.505542145E0,9.671138251E0
6.308349800E1,3.427871704E0,5.556145935E0,7.500901794E0,9.944073099E0
6.309345100E1,3.921245728E0,5.173092499E0,7.466473389E0,9.893698950E0
6.310340500E1,4.280648346E0,4.474495239E0,7.916287994E0,1.005050613E1
6.311335800E1,3.889960785E0,3.720962219E0,8.176746368E0,9.789613676E0
6.312331100E1,3.277733917E0,3.116668854E0,7.984695740E0,9.176738551E0
6.313326500E1,3.097658386E0,2.997366943E0,8.076005859E0,9.154319566E0
6.314321800E1,2.931803284E0,3.219804382E0,7.845485229E0,8.972973266E0
6.315317100E1,3.070265350E0,3.528612213E0,6.987020416E0,8.408096560E0
6.316312500E1,3.658691711E0,3.916904755E0,6.569837952E0,8.478852435E0
6.317307800E1,4.192481689E0,4.116739197E0,6.335874481E0,8.641050270E0
6.318303100E1,4.562961273E0,3.973487091E0,5.740113373E0,8.340150884E0
6.319298500E1,4.923262024E0,3.564537506E0,4.329297180E0,7.462389072E0
6.320293800E1,4.966222687E0,2.872825928E0,3.678600311E0,6.815320743E0
6.321289100E1,4.381987610E0,2.697390747E0,6.123316498E0,7.998295893E0
6.322284400E1,4.452940063E0,3.865112457E0,9.199719086E0,1.092714971E1
6.323279800E1,4.927153931E0,5.539380798E0,9.880353699E0,1.235244813E1
6.324275100E1,4.786895599E0,6.073919220E0,9.700727234E0,1.240608613E1
6.325270400E1,4.366419983E0,5.933960266E0,1.037642212E1,1.272586515E1
6.326265800E1,3.995790710E0,5.877976685E0,1.055036041E1,1.272112645E1
6.327261100E1,3.818409576E0,5.811215515E0,1.009306137E1,1.225644179E1
6.328256400E1,3.869303741E0,5.749543762E0,9.377848663E0,1.166073799E1
6.329251800E1,3.739523621E0,5.487438812E0,9.081764374E0,1.125053180E1
6.330247100E1,3.880380707E0,5.231620789E0,9.023086395E0,1.112849040E1
6.331242400E1,3.950285339E0,5.019811249E0,8.965156860E0,1.100805599E1
6.332237800E1,3.691922607E0,4.869374084E0,9.028624878E0,1.090216326E1
6.333233100E1,3.144361267E0,4.906646576E0,8.806337128E0,1.056000767E1
6.334228400E1,2.494412842E0,5.074297943E0,8.840316467E0,1.049389300E1
6.335223800E1,2.176024933E0,5.329517212E0,9.332043915E0,1.096475635E1
6.336219100E1,2.069895630E0,5.580395508E0,9.673783264E0,1.135814089E1
6.337214400E1,1.879042511E0,5.918991394E0,9.872869263E0,1.166356752E1
6.338209800E1,1.856140137E0,6.363417206E0,9.930050354E0,1.193918903E1
6.339205100E1,2.182162170E0,6.885232086E0,1.010174332E1,1.241827165E1
6.340200400E1,2.419119415E0,7.225175171E0,1.002809647E1,1.259436436E1
6.341195879E1,2.815195770E0,7.328909454E0,1.024035507E1,1.290360853E1
6.342191179E1,3.702700195E0,7.177873535E0,1.065334625E1,1.336883105E1
6.343186479E1,4.684807892E0,7.132667542E0,1.146885040E1,1.429534542E1
6.344181879E1,5.320685577E0,7.335645447E0,1.191806625E1,1.497203034E1
6.345177179E1,5.172942810E0,7.519163818E0,1.117082016E1,1.442513032E1
6.346172479E1,4.254303131E0,7.595056000E0,9.848020935E0,1.314410465E1
6.347167879E1,2.788850555E0,7.591014404E0,8.296197968E0,1.158568461E1
6.348163179E1,1.470092926E0,7.817643127E0,7.494764557E0,1.092923662E1
6.349158479E1,7.991880798E-1,8.430917816E0,8.117769012E0,1.173103791E1
6.350153879E1,9.874964905E-1,9.005572815E0,8.587941284E0,1.248311766E1
6.351149179E1,1.631906433E0,8.975335693E0,8.379574585E0,1.238697056E1
6.352144479E1,2.040257263E0,8.133186951E0,7.403304749E0,1.118571861E1
6.353139879E1,1.820663910E0,6.603667603E0,6.177952881E0,9.224442784E0
6.354135179E1,1.480421448E0,5.237009583E0,5.541177063E0,7.766759960E0
6.355130479E1,1.365759888E0,4.530927887E0,5.879024506E0,7.547021712E0
6.356125879E1,1.724264374E0,4.271217957E0,6.550677795E0,8.007981646E0
6.357121179E1,2.274969177E0,4.349654846E0,7.216343536E0,8.727576758E0
6.358116479E1,2.530936890E0,4.818030853E0,7.939938812E0,9.626094285E0
6.359111879E1,2.501897278E0,5.464686127E0,8.908873901E0,1.074664220E1
6.360107179E1,2.368824005E0,6.471791840E0,9.713151398E0,1.190969046E1
6.361102479E1,2.368973694E0,7.512427826E0,1.042911255E1,1.306962114E1
6.362097879E1,2.661016388E0,8.300688629E0,1.107292374E1,1.409227022E1
6.363093179E1,3.217708740E0,8.658444672E0,1.118683685E1,1.450750263E1
6.364088479E1,3.947291565E0,8.377179565E0,1.055964111E1,1.404507987E1
6.365083879E1,4.702171783E0,7.876321106E0,9.962832184E0,1.354270574E1
6.366079179E1,5.286706238E0,7.357799377E0,9.564061432E0,1.317413168E1
6.367074479E1,5.814209290E0,6.833888855E0,9.075477448E0,1.276210631E1
6.368069879E1,6.067183228E0,6.234086151E0,8.434809723E0,1.211695331E1
6.369065179E1,6.290668488E0,6.021228790E0,8.129594421E0,1.191293464E1
6.370060479E1,6.388714600E0,6.064788208E0,7.813302155E0,1.177476203E1
6.371055779E1,6.313720551E0,6.278543701E0,7.488627319E0,1.163454844E1
6.372051179E1,6.120472412E0,6.729555817E0,7.287745056E0,1.165582824E1
6.373046479E1,5.862409058E0,7.187603302E0,7.161108398E0,1.171797571E1
6.374041779E1,5.720653839E0,7.443271637E0,7.133865051E0,1.179068291E1
6.375037179E1,5.668262787E0,7.387138367E0,7.207661591E0,1.177494806E1
6.376032479E1,5.734425201E0,7.199129333E0,7.528294830E0,1.189059791E1
6.377027779E1,5.650599518E0,6.882388000E0,7.060816956E0,1.136449188E1
6.378023179E1,5.435796204E0,6.504124603E0,6.726112976E0,1.082091091E1
6.379018479E1,5.095703430E0,6.240522766E0,6.689738617E0,1.047200652E1
6.380013779E1,4.972808990E0,6.104605408E0,6.705306244E0,1.034196153E1
6.381009179E1,4.892126770E0,6.259982300E0,6.733747101E0,1.041458750E1
6.382004479E1,4.861440582E0,6.700665894E0,6.771917725E0,1.069539142E1
6.382999779E1,4.674030304E0,7.138206024E0,6.603368225E0,1.078911565E1
6.383995179E1,4.291725311E0,7.407046967E0,6.105802917E0,1.051494556E1
6.384990479E1,3.799548798E0,7.270830231E0,5.831722870E0,1.006531345E1
6.385985779E1,3.656745758E0,6.885082397E0,5.410498810E0,9.489449222E0
6.386981179E1,3.858376465E0,6.278244324E0,5.262007599E0,9.054951392E0
6.387976479E1,3.942052460E0,5.653443604E0,5.229375458E0,8.651449003E0
6.388971779E1,4.158951416E0,5.295537872E0,5.044509888E0,8.413481933E0
6.389967179E1,4.312681732E0,4.872068481E0,5.012775879E0,8.213659174E0
6.390962479E1,4.276157684E0,4.603975983E0,4.940925293E0,7.993426183E0
6.391957779E1,3.955075378E0,4.485422516E0,4.712949371E0,7.614034947E0
6.392953179E1,3.718417511E0,4.469555511E0,4.499343567E0,7.351710535E0
6.393948479E1,3.704346771E0,4.475243683E0,4.245022430E0,7.195151594E0
6.394943779E1,3.671415253E0,4.708608398E0,4.112996979E0,7.250312211E0
6.395939179E1,3.639830933E0,5.325774994E0,4.008065186E0,7.594526650E0
6.396934479E1,3.515439606E0,6.242917786E0,3.903582458E0,8.159062085E0
6.397929779E1,3.286864929E0,7.039261780E0,3.925287323E0,8.704169578E0
6.398925179E1,2.964285736E0,7.793842621E0,3.798500977E0,9.162946163E0
6.399920479E1,2.619103546E0,8.403225403E0,3.432512054E0,9.447541456E0
6.400915779E1,2.458038483E0,8.717122650E0,3.000959473E0,9.541275504E0
6.401911179E1,2.424358521E0,8.646020508E0,2.754721527E0,9.392532968E0
6.402906479E1,2.613415375E0,8.085585938E0,2.561623077E0,8.875164937E0
6.403901779E1,3.076252899E0,7.391329651E0,2.440674591E0,8.369705990E0
6.404897079E1,3.728746033E0,6.824907532E0,2.276615753E0,8.103449209E0
6.405892479E1,4.250111847E0,6.197262726E0,1.695075073E0,7.703427517E0
6.406887779E1,4.480333099E0,5.814508667E0,1.256487122E0,7.447191122E0
6.407883079E1,4.450395355E0,5.691913605E0,1.262474670E0,7.334694376E0
6.408878479E1,4.075574799E0,5.658083954E0,1.053359528E0,7.052218818E0
6.409873779E1,3.833528137E0,5.595065002E0,7.092251587E-1,6.819361457E0
6.410869079E1,3.748205566E0,5.612877960E0,9.490264893E-2,6.749996332E0
6.411864479E1,3.816912689E0,5.726791077E0,-8.550219727E-1,6.935129493E0
6.412859779E1,4.299658813E0,6.115532684E0,-1.783391418E0,7.685524763E0
6.413855079E1,4.630171509E0,6.454278259E0,-2.920277252E0,8.463109079E0
6.414850479E1,4.464615784E0,6.791227570E0,-3.118165741E0,8.704971200E0
6.415845779E1,3.884422302E0,7.373367004E0,-2.711910553E0,8.764116410E0
6.416841079E1,3.501668243E0,8.226293335E0,-2.281405792E0,9.227046922E0
6.417836479E1,3.498375092E0,8.835376740E0,-2.068398743E0,9.725265229E0
6.418831779E1,3.478316803E0,8.763376465E0,-1.484912109E0,9.544653939E0
6.419827079E1,3.046913910E0,8.504115601E0,-1.455273743E0,9.149944710E0
6.420822479E1,2.366878052E0,8.679251404E0,-1.546284485E0,9.128116583E0
6.421817779E1,1.940714264E0,9.499695282E0,-9.704319763E-1,9.744348132E0
6.422813079E1,1.888323212E0,1.046264282E1,-4.719685364E-1,1.064215268E1
6.423808479E1,2.028581543E0,1.123877884E1,-2.544708252E-2,1.142041770E1
6.424803779E1,2.403701477E0,1.117830460E1,-2.463876343E-1,1.143647591E1
6.425799079E1,2.739602966E0,1.066397415E1,-1.284329224E-1,1.101100650E1
6.426794479E1,3.079845428E0,9.932445374E0,-1.348695374E-1,1.039986100E1
6.427789779E1,3.103945312E0,9.426647186E0,-1.501377869E-1,9.925658418E0
6.428785079E1,2.970722351E0,9.113049316E0,-1.094224548E-1,9.585657641E0
6.429780479E1,2.823428650E0,8.994795227E0,-1.341210938E-1,9.428471721E0
6.430775779E1,2.539618835E0,8.792715454E0,-7.150630188E-1,9.180023094E0
6.431771079E1,2.407593384E0,8.475824432E0,-8.538244629E-1,8.852407691E0
6.432766379E1,2.743494873E0,8.436306610E0,-6.577322388E-1,8.895540739E0
6.433761779E1,3.438349915E0,8.377329254E0,-8.973838806E-1,9.099845790E0
6.434757079E1,4.170776825E0,8.158484344E0,-1.269510040E0,9.250291988E0
6.435752379E1,4.846322021E0,7.708520050E0,-1.401685181E0,9.212645648E0
6.436747779E1,5.244494019E0,7.277566223E0,-1.451082458E0,9.086986736E0
6.437743079E1,5.499114532E0,6.857240295E0,-1.519490204E0,8.920249749E0
6.438738379E1,5.624703369E0,6.606511688E0,-1.612147522E0,8.825095145E0
6.439733779E1,5.583538971E0,6.685996399E0,-1.675166473E0,8.870436179E0
6.440729000E1,5.375471649E0,7.021598511E0,-1.576521606E0,8.982425144E0
6.441724300E1,4.963528290E0,7.457192688E0,-1.543739777E0,9.090075267E0
6.442719700E1,4.520599365E0,7.834408264E0,-1.515149231E0,9.171120360E0
6.443715000E1,4.226011963E0,7.932005310E0,-1.656605072E0,9.138940076E0
6.444710300E1,4.033961334E0,7.935298462E0,-2.010768585E0,9.126061365E0
6.445705700E1,4.017345886E0,8.003706207E0,-1.944905548E0,9.164116903E0
6.446701000E1,4.092938690E0,8.254883881E0,-1.730850677E0,9.375025284E0
6.447696300E1,4.127367096E0,8.549321594E0,-1.744172974E0,9.652367493E0
6.448691700E1,4.219725037E0,8.543184357E0,-1.424437866E0,9.634370845E0
6.449687000E1,4.341871033E0,8.261919250E0,-1.726809082E0,9.491734476E0
6.450682300E1,4.215234375E0,8.030500488E0,-2.211201782E0,9.335231773E0
6.451677700E1,3.998934174E0,8.026758270E0,-2.188598785E0,9.230941853E0
6.452673000E1,3.851341095E0,8.082143097E0,-1.830543365E0,9.138093580E0
6.453668300E1,3.887565765E0,8.314310303E0,-1.316512299E0,9.272223467E0
6.454663700E1,3.896247711E0,8.599018250E0,-1.151854706E0,9.510553630E0
6.455659000E1,3.828289032E0,8.994346161E0,-1.373693390E0,9.871225522E0
6.456654300E1,3.721860352E0,9.510472870E0,-1.605411530E0,1.033821478E1
6.457649600E1,3.734733582E0,9.943222961E0,-1.591789856E0,1.074009836E1
6.458645000E1,3.808081055E0,1.021221359E1,-1.763632507E0,1.104088707E1
6.459640300E1,3.735931091E0,1.012015503E1,-2.273322601E0,1.102464125E1
6.460635600E1,3.565285950E0,9.747579803E0,-2.598895569E0,1.069957168E1
6.461631000E1,3.414549408E0,9.306896210E0,-2.578238525E0,1.024327968E1
6.462626300E1,3.287164307E0,8.963510284E0,-2.497705994E0,9.868561244E0
6.463621600E1,3.126548309E0,8.765472107E0,-2.447859650E0,9.622932113E0
6.464617000E1,2.975512390E0,8.652756500E0,-2.450853424E0,9.472621155E0
6.465612300E1,2.931503906E0,8.591084747E0,-2.239492950E0,9.349640686E0
6.466607600E1,3.007695465E0,8.586594086E0,-2.007475433E0,9.316962360E0
6.467603000E1,3.182232513E0,8.513545990E0,-1.955982513E0,9.296931574E0
6.468598300E1,3.407364349E0,8.371491394E0,-1.948198700E0,9.245943875E0
6.469593600E1,3.674558716E0,8.167315979E0,-1.680106201E0,9.112090260E0
6.470589000E1,3.895499268E0,8.151598663E0,-1.420246582E0,9.145522165E0
6.471584300E1,3.901187439E0,8.413703613E0,-1.506916351E0,9.395768666E0
6.472579600E1,3.582051086E0,8.953930206E0,-1.990560608E0,9.847146168E0
6.473575000E1,3.197201385E0,9.555529175E0,-2.405946808E0,1.035947945E1
6.474570300E1,2.954256592E0,1.015428406E1,-2.372117157E0,1.083808362E1
6.475565600E1,2.811154175E0,1.056517960E1,-1.984423370E0,1.111141502E1
6.476561000E1,2.886746979E0,1.023736130E1,-1.465302887E0,1.073703809E1
6.477556300E1,3.011138306E0,9.278605042E0,-1.107247467E0,9.817609809E0
6.478551600E1,3.012036438E0,8.295000458E0,-7.307803345E-1,8.855136136E0
6.479546900E1,2.884351959E0,7.665110321E0,-5.316943359E-1,8.207076296E0
6.480542300E1,2.803220673E0,7.535779266E0,-7.122189331E-1,8.071757621E0
6.481537600E1,2.919079742E0,7.900570679E0,-1.080752563E0,8.491647054E0
6.482532900E1,3.395688629E0,8.437653809E0,-1.457219696E0,9.211307850E0
6.483528300E1,4.069437561E0,8.833730164E0,-1.694925385E0,9.872582374E0
6.484523600E1,4.728516998E0,9.082961884E0,-2.201172638E0,1.047397874E1
6.485518900E1,5.251230011E0,9.063951416E0,-2.389181671E0,1.074424595E1
6.486514300E1,5.613925781E0,8.818910980E0,-2.322121124E0,1.070894953E1
6.487509600E1,5.628744965E0,8.463699646E0,-2.638563080E0,1.050138070E1
6.488504900E1,5.406906281E0,8.154442749E0,-2.629581757E0,1.013135096E1
6.489500300E1,5.175487518E0,7.905360718E0,-2.287842407E0,9.721863094E0
6.490495600E1,4.932243347E0,7.685767365E0,-2.040706329E0,9.357485065E0
6.491490900E1,4.924309845E0,7.685168610E0,-1.601968689E0,9.266981585E0
6.492486300E1,5.208568726E0,8.002658386E0,-1.200952606E0,9.623617645E0
6.493481600E1,5.584137726E0,8.566386108E0,-8.669970703E-1,1.026241926E1
6.494476900E1,5.933511200E0,9.189240875E0,-8.780740356E-1,1.097359180E1
6.495472300E1,5.981112213E0,9.551038513E0,-1.121617584E0,1.132493117E1
6.496467600E1,5.736520844E0,9.561217346E0,-1.162183228E0,1.121049590E1
6.497462900E1,5.391039276E0,9.417965240E0,-1.341959381E0,1.093445146E1
6.498458300E1,5.058730316E0,9.388027496E0,-1.644929352E0,1.079034778E1
6.499453600E1,4.876110077E0,9.675429840E0,-1.623523865E0,1.095564794E1
6.500448900E1,4.755910034E0,1.018152740E1,-1.522933044E0,1.134026039E1
6.501444200E1,4.669689331E0,1.056248520E1,-1.143172760E0,1.160512542E1
6.502439600E1,4.685256958E0,1.052102142E1,-5.556445312E-1,1.153049285E1
6.503434900E1,4.771327972E0,1.016865417E1,1.179547119E-1,1.123303217E1
6.504430200E1,4.787644043E0,9.820478210E0,8.671467590E-1,1.095971128E1
6.505425600E1,4.697082367E0,9.591304779E0,1.282982025E0,1.075647493E1
6.506420900E1,4.603526917E0,9.486822052E0,1.393452301E0,1.063644499E1
6.507416200E1,4.472549286E0,9.382039948E0,1.453776855E0,1.049475287E1
6.508411600E1,4.182751923E0,9.229058075E0,1.592987366E0,1.025712120E1
6.509406900E1,3.737427979E0,9.034462738E0,1.784588928E0,9.938543279E0
6.510402200E1,3.236120453E0,8.957373047E0,1.737137604E0,9.681149443E0
6.511397600E1,2.796185303E0,8.801247711E0,1.599723358E0,9.372285119E0
6.512392900E1,2.457888794E0,8.659342804E0,1.249451752E0,9.087715048E0
6.513388200E1,2.348765717E0,8.539442139E0,9.466314697E-1,8.907013168E0
6.514383600E1,2.442321167E0,8.528664551E0,9.544152832E-1,8.922665534E0
6.515378900E1,2.573298798E0,8.628357239E0,1.169967041E0,9.079605620E0
6.516374200E1,2.622396698E0,8.735684052E0,1.139580231E0,9.191723636E0
6.517369600E1,2.638413391E0,8.695567474E0,8.463400269E-1,9.126358001E0
6.518364900E1,2.654280396E0,8.669521637E0,6.944059753E-1,9.093294754E0
6.519360200E1,2.640658722E0,8.830586700E0,6.478527832E-1,9.239699843E0
6.520355600E1,2.440225525E0,9.073381805E0,5.201683044E-1,9.410182414E0
6.521350900E1,2.285148010E0,9.219477997E0,6.267466736E-1,9.519111689E0
6.522346200E1,2.332000580E0,8.761131134E0,1.188079376E0,9.143696083E0
6.523341500E1,2.329755249E0,8.067174225E0,7.988887024E-1,8.434766307E0
6.524336900E1,2.104174347E0,7.669151917E0,3.046165466E-1,7.958406376E0
6.525332200E1,1.667831726E0,7.638914795E0,8.632548523E-1,7.866377238E0
6.526327500E1,1.496737518E0,7.811954956E0,1.038240967E0,8.021521535E0
6.527322900E1,1.391955414E0,8.010741577E0,9.131011963E-1,8.181886964E0
6.528318200E1,1.284029846E0,8.278684387E0,1.125359802E0,8.452915622E0
6.529313500E1,1.444047089E0,8.342751160E0,1.418001251E0,8.584724600E0
6.530308900E1,1.780846710E0,8.283025360E0,1.642234955E0,8.629997669E0
6.531304200E1,2.052232361E0,8.243357849E0,1.711989899E0,8.665766885E0
6.532299500E1,2.333347778E0,8.378826141E0,1.688488770E0,8.860035761E0
6.533294900E1,2.422711945E0,8.862171021E0,1.574875031E0,9.321364692E0
6.534290200E1,2.464624786E0,9.325457611E0,1.056053925E0,9.703287324E0
6.535285500E1,2.425256653E0,9.874366150E0,3.573069763E-1,1.017411642E1
6.536280900E1,2.398162994E0,1.057131683E1,1.086740112E-1,1.084046749E1
6.537276200E1,2.329605560E0,1.103325623E1,1.507365417E-1,1.127752307E1
6.538271500E1,2.242187347E0,1.113459549E1,-4.490661621E-4,1.135810816E1
6.539266900E1,2.047891388E0,1.089449478E1,-3.014730835E-1,1.108939862E1
6.540262200E1,1.802701263E0,1.031669632E1,-2.781216431E-1,1.047670303E1
6.541257512E1,1.458866272E0,9.842931519E0,5.553451538E-2,9.950611828E0
6.542252812E1,1.188229065E0,9.431137848E0,3.460803223E-1,9.511993535E0
6.543248213E1,8.836125183E-1,9.138795776E0,5.635780334E-1,9.198694447E0
6.544243513E1,4.887336731E-1,9.007668457E0,1.024768982E0,9.078937333E0
6.545238813E1,1.279838562E-1,9.082961884E0,1.386416931E0,9.189054813E0
6.546234213E1,1.228944397E-1,9.311686249E0,1.449435883E0,9.424620322E0
6.547229513E1,9.714797974E-2,9.427395630E0,1.767524414E0,9.592151409E0
6.548224813E1,2.383044434E-1,9.629026337E0,1.921254730E0,9.821718635E0
6.549220213E1,5.861810303E-1,1.000339783E1,1.541793823E0,1.013847644E1
6.550215513E1,8.711883545E-1,1.040396484E1,1.072519684E0,1.049532049E1
6.551210813E1,1.107846222E0,1.074914703E1,8.331674194E-1,1.083815728E1
6.552206212E1,1.250349884E0,1.116049164E1,6.767427063E-1,1.125068572E1
6.553201512E1,1.287772064E0,1.152692963E1,4.929249573E-1,1.160911015E1
6.554196812E1,1.254391479E0,1.160791122E1,2.326162720E-1,1.167780850E1
6.555192212E1,1.131946106E0,1.117396362E1,5.664221191E-1,1.124542569E1
6.556187512E1,1.245410156E0,1.046608566E1,1.205293579E0,1.060861575E1
6.557182812E1,1.383872223E0,9.632618866E0,1.557062073E0,9.855297603E0
6.558178112E1,1.628762970E0,9.129066010E0,1.471440125E0,9.389241240E0
6.559173512E1,1.857786713E0,8.723110199E0,1.155596924E0,8.993299020E0
6.560168812E1,2.174078979E0,8.571774902E0,3.603007507E-1,8.850523206E0
6.561164112E1,2.729573822E0,8.955726471E0,1.550924835E0,9.490046244E0
6.562159512E1,3.030448151E0,9.082662506E0,3.888463898E0,1.033433722E1
6.563154812E1,2.568658447E0,8.793613586E0,5.483247528E0,1.067668720E1
6.564150112E1,1.720073090E0,9.696386261E0,5.218448181E0,1.114498808E1
6.565145512E1,9.313632202E-1,1.055634796E1,4.856500854E0,1.165716605E1
6.566140812E1,1.042731628E0,1.102352646E1,4.651127930E0,1.200992989E1
6.567136112E1,2.108814697E0,1.113279922E1,4.215833130E0,1.208964710E1
6.568131512E1,3.663032684E0,1.073492661E1,4.007017365E0,1.202965693E1
6.569126812E1,4.768932953E0,9.822723541E0,4.034859467E0,1.164082086E1
6.570122112E1,5.332061920E0,8.599167938E0,3.810476074E0,1.081185930E1
6.571117512E1,5.525459747E0,7.641010437E0,3.745810547E0,1.014627235E1
6.572112812E1,5.170697479E0,7.566016388E0,4.012705536E0,1.000412526E1
6.573108112E1,4.506378937E0,8.252189484E0,4.225562897E0,1.030832014E1
6.574103512E1,3.768712921E0,8.678802338E0,4.332740021E0,1.040660575E1
6.575098812E1,3.451073456E0,8.820707245E0,4.243675232E0,1.037899628E1
6.576094112E1,3.635789337E0,8.602311401E0,4.210294647E0,1.024428165E1
6.577089412E1,3.867956543E0,8.306975555E0,4.075125732E0,1.002863801E1
6.578084812E1,4.453838196E0,8.498577118E0,3.709585876E0,1.028705571E1
6.579080112E1,5.047353973E0,9.668843536E0,3.263663177E0,1.138480631E1
6.580075412E1,5.275329895E0,1.037253021E1,3.104843445E0,1.204402513E1
6.581070813E1,5.169799347E0,1.035292099E1,3.324287109E0,1.203996192E1
6.582066113E1,5.166206818E0,1.004620880E1,3.478915558E0,1.182027316E1
6.583061413E1,5.230273590E0,9.251661072E0,3.536545715E0,1.120072096E1
6.584056813E1,5.163961487E0,8.559051361E0,3.448079681E0,1.057417193E1
6.585052113E1,5.075794830E0,8.242160339E0,3.476370850E0,1.028504033E1
6.586047413E1,5.119204559E0,8.104147339E0,3.464246063E0,1.019237265E1
6.587042813E1,5.177283783E0,7.907606049E0,3.234773254E0,9.989907847E0
6.588038113E1,5.137765961E0,7.687563629E0,2.965034180E0,9.710133949E0
6.589033413E1,5.040168915E0,7.474706268E0,2.808160400E0,9.442473263E0
6.590028713E1,4.915777588E0,7.401658173E0,2.804867249E0,9.317547600E0
6.591024112E1,4.869374084E0,7.487579498E0,2.940185852E0,9.403156043E0
6.592019412E1,4.800217896E0,7.683821411E0,3.081492004E0,9.569681097E0
6.593014712E1,4.568200378E0,8.198451233E0,3.123554535E0,9.891392736E0
6.594010112E1,4.276756439E0,8.610095215E0,3.302432556E0,1.016515844E1
6.595005412E1,3.914659424E0,8.574020233E0,3.823648682E0,1.017146354E1
6.596000712E1,3.876937866E0,8.302784271E0,3.875291290E0,9.949108325E0
6.596996112E1,4.002826080E0,7.952362976E0,3.802991638E0,9.681189954E0
6.597991412E1,4.086352386E0,7.838449860E0,3.906127167E0,9.664233103E0
6.598986712E1,3.933969269E0,7.963589630E0,3.866609344E0,9.687390868E0
6.599982112E1,3.583697662E0,8.197253723E0,3.502117310E0,9.607428542E0
6.600977412E1,3.369193726E0,8.376131744E0,3.289110260E0,9.608813437E0
6.601972712E1,3.399730225E0,8.599617004E0,3.730542297E0,9.971385263E0
6.602968112E1,3.694317627E0,8.458909607E0,3.782933350E0,9.975556084E0
6.603963412E1,4.001478882E0,8.110583954E0,3.849245453E0,9.829043487E0
6.604958712E1,4.237837372E0,7.880811768E0,3.822900238E0,9.730417562E0
6.605954012E1,4.324656830E0,7.861801300E0,3.671415253E0,9.694837097E0
6.606949412E1,4.371359711E0,8.064180450E0,3.718866577E0,9.897967502E0
6.607944712E1,4.404141541E0,8.299042053E0,3.717519379E0,1.010398496E1
6.608940012E1,4.359534302E0,8.317902832E0,3.519181824E0,1.002884278E1
6.609935412E1,4.182003479E0,8.175698547E0,3.368744659E0,9.781597028E0
6.610930712E1,3.870950317E0,8.102201385E0,3.258424072E0,9.552342701E0
6.611926012E1,3.699706421E0,8.077203369E0,3.164419556E0,9.430938076E0
6.612921412E1,3.698658600E0,8.082592163E0,3.236719208E0,9.459636502E0
6.613916712E1,3.641327820E0,8.201295319E0,3.506757660E0,9.634202742E0
6.614912012E1,3.591331787E0,8.343649292E0,3.523373108E0,9.743115804E0
6.615907412E1,3.450474701E0,8.638536072E0,3.524720306E0,9.947549164E0
6.616902712E1,3.267255707E0,8.861721954E0,3.360811157E0,1.002497519E1
6.617898012E1,3.138373718E0,8.945996704E0,3.145259399E0,9.988638712E0
6.618893312E1,3.216810608E0,8.938063202E0,2.948568420E0,9.946401360E0
6.619888713E1,3.382815399E0,8.745264130E0,2.885998535E0,9.810814047E0
6.620884013E1,3.794010315E0,8.486602020E0,2.918331299E0,9.743386767E0
6.621879313E1,4.193978577E0,8.174950104E0,3.024310913E0,9.672937610E0
6.622874713E1,4.450844421E0,8.089627533E0,3.236719208E0,9.784091216E0
6.623870013E1,4.504882050E0,8.155340881E0,3.287613373E0,9.879875954E0
6.624865313E1,4.433480530E0,8.405021667E0,3.037932587E0,9.976430887E0
6.625860713E1,4.325255585E0,8.628357239E0,2.951262817E0,1.009288545E1
6.626856013E1,4.383933563E0,8.707542572E0,2.904709625E0,1.017238955E1
6.627851313E1,4.570146332E0,8.820258179E0,2.854863281E0,1.033602613E1
6.628846712E1,4.632416840E0,8.934770050E0,3.112926636E0,1.053469097E1
6.629842012E1,4.478087769E0,9.014703827E0,3.206781464E0,1.056416596E1
6.630837312E1,4.409530334E0,9.130712585E0,2.980901184E0,1.056880513E1
6.631832712E1,4.453239441E0,9.079069977E0,2.668500824E0,1.045857303E1
6.632828012E1,4.391118622E0,9.036558380E0,2.732567596E0,1.041192757E1
6.633823312E1,4.281845856E0,8.882828064E0,2.765349426E0,1.024138642E1
6.634818612E1,4.379293213E0,8.612340546E0,3.044518890E0,1.013013889E1
6.635814012E1,4.569547577E0,8.338410187E0,3.466790771E0,1.012069601E1
6.636809312E1,4.466861115E0,8.091573486E0,3.601510620E0,9.919540738E0
6.637804612E1,4.300407257E0,8.196654968E0,3.910917206E0,1.004857844E1
6.638800012E1,4.141886902E0,8.867110748E0,3.974385223E0,1.056298339E1
6.639795312E1,3.971241760E0,9.592951355E0,3.350332947E0,1.090963829E1
6.640790650E1,3.853137360E0,1.019080811E1,2.630779266E0,1.120804340E1
6.641786050E1,3.736380157E0,1.065214874E1,2.406844940E0,1.154217103E1
6.642781350E1,3.710933075E0,1.044662613E1,3.081042938E0,1.150633944E1
6.643776650E1,3.902235260E0,9.929900665E0,3.794010315E0,1.132364259E1
6.644772050E1,3.789968719E0,9.934990082E0,4.722379761E0,1.163480818E1
6.645767350E1,3.337759094E0,1.013587234E1,5.303770752E0,1.191664920E1
6.646762650E1,2.964435425E0,1.056428146E1,5.095853119E0,1.209791880E1
6.647757950E1,2.337089996E0,1.164727936E1,4.860542450E0,1.283534102E1
6.648753350E1,1.784139862E0,1.279928375E1,4.196523285E0,1.358733334E1
6.649748650E1,1.277293854E0,1.305091049E1,3.580703888E0,1.359335075E1
6.650743950E1,9.463320923E-1,1.245230530E1,3.288511505E0,1.291393664E1
6.651739350E1,8.289761353E-1,1.141211838E1,3.156486053E0,1.186958514E1
6.652734650E1,9.834548950E-1,1.031549881E1,3.271297302E0,1.086637406E1
6.653729950E1,1.132993927E0,9.613458710E0,3.493285675E0,1.029103048E1
6.654725350E1,1.194366302E0,9.236392822E0,3.594026184E0,9.982709424E0
6.655720650E1,1.246907043E0,8.941805420E0,3.533851318E0,9.695296101E0
6.656715950E1,1.321901093E0,8.590635681E0,3.297343140E0,9.296177477E0
6.657711350E1,1.601519623E0,8.211623840E0,3.145109711E0,8.937972158E0
6.658706650E1,1.970652008E0,8.001011810E0,3.033890991E0,8.780897100E0
6.659701950E1,2.242337036E0,8.120613098E0,3.076552277E0,8.968701488E0
6.660697250E1,2.483635254E0,8.324189758E0,3.114423523E0,9.228229141E0
6.661692650E1,2.543510742E0,8.429869995E0,2.978206787E0,9.295260658E0
6.662687950E1,2.436932373E0,8.576714630E0,2.907553711E0,9.378301649E0
6.663683250E1,2.204615479E0,8.687334595E0,2.718796234E0,9.366000466E0
6.664678650E1,1.852397919E0,8.811127167E0,2.073188782E0,9.239342602E0
6.665673950E1,1.651365967E0,8.863518219E0,1.431772614E0,9.129016244E0
6.666669250E1,1.627266083E0,8.946146393E0,1.248703308E0,9.178278168E0
6.667664650E1,1.742227020E0,9.007518768E0,1.516197052E0,9.298903314E0
6.668659950E1,1.950893097E0,8.915759583E0,1.822759552E0,9.306943923E0
6.669655250E1,2.243833923E0,8.947493591E0,1.747915192E0,9.388697447E0
6.670650650E1,2.371518402E0,8.939709778E0,1.734443207E0,9.410143659E0
6.671645950E1,2.313139801E0,8.886719971E0,1.530866547E0,9.309562823E0
6.672641250E1,2.019001465E0,8.909472656E0,1.729653168E0,9.297675516E0
6.673636550E1,2.322420502E0,9.011859741E0,9.023236084E-1,9.349943362E0
6.674631950E1,2.603086853E0,8.934919739E0,1.173709259E0,9.380109025E0
6.675627250E1,2.833158417E0,8.988657990E0,1.484912109E0,9.540844986E0
6.676622550E1,2.966531067E0,9.069190521E0,1.417402496E0,9.646737952E0
6.677617950E1,2.828667755E0,8.992250519E0,1.316961365E0,9.518209805E0
6.678613250E1,2.514321442E0,8.809330902E0,1.597178650E0,9.299306581E0
6.679608550E1,2.330503693E0,8.759035492E0,1.979034576E0,9.277312545E0
6.680603950E1,2.329156494E0,8.663983154E0,1.861079865E0,9.162597467E0
6.681599250E1,2.264640656E0,8.298592987E0,1.524429932E0,8.736082044E0
6.682594550E1,2.138902130E0,7.939789124E0,1.053958282E0,8.290113492E0
6.683589950E1,1.957778778E0,7.776478729E0,4.710704041E-1,8.032958763E0
6.684585250E1,1.975591736E0,7.866441650E0,4.337979126E-1,8.122317870E0
6.685580550E1,2.138153687E0,7.963889008E0,5.891748047E-1,8.266943587E0
6.686575850E1,2.358645172E0,7.973169708E0,6.939569092E-1,8.343633407E0
6.687571250E1,2.532284088E0,7.921676788E0,7.185058594E-1,8.347555122E0
6.688566550E1,2.577041016E0,7.831414490E0,6.313870239E-1,8.268666330E0
6.689561850E1,2.487826538E0,7.909252625E0,2.450404358E-1,8.294914272E0
6.690557250E1,2.488275604E0,8.243806915E0,-4.984634399E-2,8.611292156E0
6.691552550E1,2.561323700E0,8.807983704E0,-1.839674377E-1,9.174682558E0
6.692547850E1,2.643353119E0,9.352251892E0,-3.053649902E-1,9.723434524E0
6.693543250E1,2.733316040E0,9.603579254E0,-4.646337891E-1,9.995780891E0
6.694538550E1,2.848426666E0,9.714498596E0,-4.900808716E-1,1.013534394E1
6.695533850E1,2.965932312E0,9.815388794E0,-2.992277527E-1,1.025807725E1
6.696529250E1,2.884950714E0,9.924661560E0,-1.974394226E-1,1.033735121E1
6.697524550E1,2.654879150E0,9.914482727E0,-3.323089600E-1,1.026916648E1
6.698519850E1,2.473456421E0,9.327852631E0,-4.104464722E-1,9.658948580E0
6.699515150E1,2.378553772E0,8.493338013E0,-2.888992310E-1,8.824838322E0
6.700510550E1,2.529739380E0,7.911198578E0,-2.769241333E-2,8.305866068E0
6.701505850E1,2.871628418E0,7.655380554E0,2.502795410E-1,8.180081971E0
6.702501150E1,3.056793365E0,7.970924377E0,2.754272461E-1,8.541398087E0
6.703496550E1,3.008743286E0,8.744216309E0,1.832189941E-1,9.249185057E0
6.704491850E1,2.834954681E0,9.429191895E0,4.742138672E-1,9.857560886E0
6.705487150E1,2.539768524E0,9.631421356E0,5.212161255E-1,9.974285325E0
6.706482550E1,2.276466064E0,9.327403564E0,-1.097218323E-1,9.601812010E0
6.707477850E1,2.132016449E0,8.844358063E0,-7.420069885E-1,9.127909840E0
6.708473150E1,2.011217651E0,8.762927399E0,-1.118174744E0,9.060033543E0
6.709468450E1,1.991309052E0,9.075178070E0,-1.342558136E0,9.387578553E0
6.710463850E1,2.054178314E0,9.671687622E0,-1.167272644E0,9.956089364E0
6.711459150E1,2.040257263E0,1.018916153E1,-1.166075134E0,1.045664351E1
6.712454450E1,2.122735748E0,1.052611084E1,-1.241667938E0,1.080956779E1
6.713449850E1,2.459984436E0,1.049557434E1,-1.424138489E0,1.087367346E1
6.714445150E1,2.797382812E0,1.007030869E1,-1.448986816E0,1.055158900E1
6.715440450E1,2.867137756E0,9.672436066E0,-1.277293854E0,1.016897133E1
6.716435850E1,2.794987793E0,9.400451660E0,-1.113384705E0,9.870160773E0
6.717431150E1,2.643802185E0,9.301657104E0,-7.786807251E-1,9.701384363E0
6.718426450E1,2.515968018E0,9.404942322E0,-4.426295471E-1,9.745714754E0
6.719421850E1,2.438728638E0,9.518106995E0,-1.761836243E-1,9.827146015E0
6.720417150E1,2.416724396E0,9.437424774E0,-1.528321838E-1,9.743146353E0
6.721412450E1,2.496508484E0,9.198820953E0,-1.032852173E-1,9.532131418E0
6.722407750E1,2.551893311E0,9.012458496E0,-7.044351196E-1,9.393231417E0
6.723403150E1,2.561174011E0,8.882079620E0,-1.423988800E0,9.353004587E0
6.724398450E1,2.646047516E0,8.878038025E0,-1.686393127E0,9.416211999E0
6.725393750E1,2.661764832E0,9.031918030E0,-1.647174683E0,9.558960181E0
6.726389150E1,2.664908295E0,9.203760681E0,-1.404828644E0,9.684239279E0
6.727384450E1,2.715652771E0,9.159602509E0,-1.303788757E0,9.642248348E0
6.728379750E1,2.775528259E0,8.911268921E0,-1.272952881E0,9.419908701E0
6.729375150E1,2.700085144E0,8.754544830E0,-1.416803741E0,9.270374740E0
6.730370450E1,2.633922729E0,8.835825806E0,-1.372495880E0,9.321647470E0
6.731365750E1,2.585423584E0,9.119635620E0,-1.076411591E0,9.539959689E0
6.732361050E1,2.421664124E0,9.511969757E0,-1.060245209E0,9.872494401E0
6.733356450E1,2.203717346E0,9.834399261E0,-1.089733887E0,1.013702614E1
6.734351750E1,1.928888855E0,1.003752686E1,-1.002016296E0,1.027017985E1
6.735347050E1,1.801503754E0,1.010398865E1,-5.051994324E-1,1.027575928E1
6.736342450E1,2.220332794E0,1.016670822E1,3.805087280E-1,1.041329058E1
6.737337750E1,2.675985260E0,1.006686584E1,2.374063110E-1,1.041916728E1
6.738333050E1,2.752925262E0,1.045680496E1,1.903741150E0,1.097941701E1
6.739328450E1,2.395468597E0,1.135418884E1,2.733016663E0,1.192162968E1
6.740323750E1,1.859433289E0,1.196821198E1,3.587290192E0,1.263187401E1
6.741319013E1,1.648372192E0,1.243194763E1,4.760251007E0,1.341381536E1
6.742314413E1,1.945803680E0,1.250439697E1,5.274431763E0,1.371005930E1
6.743309713E1,2.586621094E0,1.180609909E1,5.472320251E0,1.326728583E1
6.744305013E1,3.307222595E0,1.092458221E1,5.103487244E0,1.250319159E1
6.745300313E1,3.863914948E0,1.024963577E1,4.208947449E0,1.173456905E1
6.746295712E1,4.273612976E0,9.823172607E0,3.420686646E0,1.124542507E1
6.747291012E1,4.508175201E0,9.562714233E0,3.255579987E0,1.106200471E1
6.748286312E1,4.291425934E0,9.313632202E0,3.645219727E0,1.088336842E1
6.749281712E1,3.937112732E0,9.069639587E0,3.974085846E0,1.065610516E1
6.750277012E1,3.455863495E0,8.571026459E0,4.235741730E0,1.016597241E1
6.751272312E1,3.116070099E0,8.098159790E0,4.261787567E0,9.667104950E0
6.752267712E1,2.790497131E0,7.803422699E0,4.142934723E0,9.265213876E0
6.753263012E1,2.456092529E0,7.797884216E0,3.964206390E0,9.085940847E0
6.754258312E1,2.284100189E0,8.049810333E0,4.081861725E0,9.310110376E0
6.755253612E1,2.336042175E0,8.407865753E0,4.526886292E0,9.830666257E0
6.756249012E1,2.440375214E0,8.737330627E0,4.858147430E0,1.029067413E1
6.757244312E1,2.606230316E0,8.986861725E0,5.004243622E0,1.061124754E1
6.758239612E1,2.796334991E0,9.111253052E0,4.792733459E0,1.066792930E1
6.759235012E1,2.870580597E0,9.073531494E0,4.100872192E0,1.036273899E1
6.760230312E1,3.023412781E0,8.872050476E0,3.323987732E0,9.945008745E0
6.761225612E1,3.319646759E0,8.639883270E0,2.908302155E0,9.701848223E0
6.762221012E1,3.544479218E0,8.493338013E0,2.785108337E0,9.615453810E0
6.763216312E1,3.692221985E0,8.393495636E0,2.848726044E0,9.602005637E0
6.764211612E1,3.800746307E0,8.318651276E0,2.885998535E0,9.590339884E0
6.765207012E1,3.920048218E0,8.357570343E0,2.869981842E0,9.667086213E0
6.766202312E1,3.983067169E0,8.509205017E0,2.644101562E0,9.760259585E0
6.767197612E1,4.106260986E0,8.675808563E0,2.367027740E0,9.886043386E0
6.768192912E1,4.170178070E0,8.616681519E0,2.838397522E0,9.984692585E0
6.769188312E1,4.075574799E0,8.485254822E0,3.714375916E0,1.011960710E1
6.770183612E1,3.724405060E0,8.303383026E0,4.217928772E0,1.003036818E1
6.771178912E1,3.378624115E0,8.020621033E0,4.512665863E0,9.803551186E0
6.772174313E1,3.182232513E0,7.687563629E0,4.248764648E0,9.342228822E0
6.773169613E1,3.172203369E0,7.480244751E0,3.664679260E0,8.913293994E0
6.774164913E1,3.127895508E0,7.606282654E0,3.416794739E0,8.905826879E0
6.775160313E1,3.227887573E0,8.040679321E0,3.171005859E0,9.226432696E0
6.776155613E1,3.302282867E0,8.495433655E0,3.006797333E0,9.597827635E0
6.777150913E1,3.337010651E0,8.713530121E0,2.738255768E0,9.724160216E0
6.778146313E1,3.328029327E0,8.645421753E0,2.418670349E0,9.574396208E0
6.779141613E1,3.320844269E0,8.531808014E0,1.951791229E0,9.361049281E0
6.780136913E1,3.391197968E0,8.571924591E0,1.559457092E0,9.349332665E0
6.781132213E1,3.544778595E0,8.705446930E0,1.334175568E0,9.493697171E0
6.782127613E1,3.694766693E0,8.900191956E0,1.159189453E0,9.706103129E0
6.783122913E1,3.758534088E0,8.959768066E0,1.052760773E0,9.773040854E0
6.784118212E1,3.686384125E0,8.874744873E0,1.141975250E0,9.677532327E0
6.785113612E1,3.548071747E0,8.659342804E0,1.229243774E0,9.438435844E0
6.786108912E1,3.380869446E0,8.455766144E0,8.969348145E-1,9.150669448E0
6.787104212E1,3.385060730E0,8.377029877E0,5.912704468E-1,9.054439046E0
6.788099512E1,3.447480927E0,8.392597504E0,3.906875610E-1,9.081489656E0
6.789094912E1,3.624113617E0,8.537945251E0,3.132984924E-1,9.280563807E0
6.790090212E1,3.895798645E0,8.658444672E0,5.649252319E-1,9.511311778E0
6.791085512E1,4.183200989E0,8.699010315E0,1.016087036E0,9.705894283E0
6.792080912E1,4.595593414E0,8.759035492E0,1.383423157E0,9.987694489E0
6.793076212E1,5.246739349E0,8.816965027E0,1.707050171E0,1.040101756E1
6.794071512E1,5.803581390E0,8.895850983E0,2.028581543E0,1.081355005E1
6.795066912E1,5.877826996E0,8.922046509E0,2.023641815E0,1.087413860E1
6.796062212E1,5.713169403E0,8.725804596E0,2.016905823E0,1.062298826E1
6.797057512E1,5.571863251E0,8.277636566E0,1.891316986E0,1.015588535E1
6.798052912E1,5.437143402E0,7.766449585E0,1.839824066E0,9.657391994E0
6.799048212E1,5.257966003E0,7.459288330E0,1.932930450E0,9.328633823E0
6.800043512E1,4.809648285E0,7.240892487E0,1.990710297E0,8.917744564E0
6.801038812E1,4.097728729E0,7.037315826E0,2.034419403E0,8.393691505E0
6.802034212E1,3.274740143E0,6.763684845E0,1.985321503E0,7.772570820E0
6.803029512E1,2.633473663E0,6.610852661E0,1.980381775E0,7.386505833E0
6.804024812E1,2.153721313E0,6.671177216E0,1.856738892E0,7.251937689E0
6.805020212E1,1.816322937E0,7.138954468E0,2.246678009E0,7.701380524E0
6.806015512E1,2.329156494E0,7.487579498E0,2.664010162E0,8.281652423E0
6.807010812E1,3.679049377E0,7.487280121E0,2.644700317E0,8.751526021E0
6.808006212E1,4.615052948E0,7.781568146E0,3.324137421E0,9.638537550E0
6.809001512E1,4.946164398E0,7.986042938E0,4.318968658E0,1.033899968E1
6.809996812E1,4.824467468E0,8.302784271E0,5.749094696E0,1.119213129E1
6.810992112E1,4.307592316E0,8.546776886E0,6.815776520E0,1.174978963E1
6.811987513E1,3.665278015E0,8.493936768E0,7.322772217E0,1.179848370E1
6.812982813E1,3.018023987E0,8.319699097E0,7.597301331E0,1.166382653E1
6.813978113E1,2.440375214E0,8.226293335E0,7.618257751E0,1.147454506E1
6.814973513E1,2.031425629E0,8.308023376E0,7.683522034E0,1.149723677E1
6.815968813E1,1.753154297E0,8.580606537E0,7.870782623E0,1.177495553E1
6.816964113E1,1.291065216E0,8.901239777E0,7.516768799E0,1.172180584E1
6.817959513E1,1.016087036E0,9.003177795E0,7.012766876E0,1.145724847E1
6.818954813E1,1.007854156E0,8.604556732E0,6.387217712E0,1.076339708E1
6.819950113E1,1.124461670E0,7.886799316E0,6.357429657E0,1.019229755E1
6.820945413E1,1.362017670E0,7.181166687E0,6.490053864E0,9.774714639E0
6.821940812E1,1.492246857E0,6.650520172E0,7.017556915E0,9.782756478E0
6.822936112E1,1.505269775E0,6.375991058E0,7.892337799E0,1.025709974E1
6.823931412E1,1.555265808E0,6.443800049E0,8.674611053E0,1.091743045E1
6.824926812E1,1.569186859E0,6.681056671E0,8.919052734E0,1.125381568E1
6.825922112E1,1.506317596E0,6.859485626E0,8.648864594E0,1.114111280E1
6.826917412E1,1.267713776E0,6.963668976E0,8.138575745E0,1.078592597E1
6.827912812E1,9.304650879E-1,6.878496094E0,7.661817169E0,1.033841942E1
6.828908112E1,7.171586609E-1,6.675817566E0,7.405999146E0,9.996483385E0
6.829903412E1,7.626640320E-1,6.458020477E0,7.338938599E0,9.805493596E0
6.830898812E1,1.113684082E0,6.304589539E0,7.181316376E0,9.620782004E0
6.831894112E1,1.542841644E0,6.371650085E0,6.920858002E0,9.532919838E0
6.832889412E1,2.026934967E0,6.602919159E0,6.670279083E0,9.602063832E0
6.833884712E1,2.415227509E0,6.856042786E0,6.381978607E0,9.673070740E0
6.834880112E1,2.745291138E0,6.957831116E0,6.020180969E0,9.601594460E0
6.835875412E1,3.095263367E0,6.856342163E0,5.515729980E0,9.328095217E0
6.836870712E1,3.464246063E0,6.615642700E0,4.905449066E0,8.934828463E0
6.837866112E1,3.715124359E0,6.099515991E0,4.629572754E0,8.511121443E0
6.838861412E1,3.504212952E0,5.553900604E0,4.773423615E0,8.118552416E0
6.839856712E1,2.724185028E0,5.212161255E0,5.804778900E0,8.263368992E0
6.840852112E1,2.028132477E0,5.251978455E0,7.663314056E0,9.509099924E0
6.841847375E1,1.556014252E0,5.678890686E0,8.976084137E0,1.073503918E1
6.842842675E1,1.170715485E0,6.162085876E0,9.569150848E0,1.144161374E1
6.843837975E1,9.743238831E-1,6.685098267E0,9.592951355E0,1.173305423E1
6.844833375E1,9.198371887E-1,7.100933533E0,8.932824097E0,1.144834939E1
6.845828675E1,7.280859375E-1,7.247478790E0,8.034542084E0,1.084481095E1
6.846823975E1,6.319857788E-1,7.390431519E0,7.461533661E0,1.052104408E1
6.847819375E1,7.345225525E-1,7.566914520E0,7.089557190E0,1.039516906E1
6.848814675E1,9.958790588E-1,7.609725494E0,7.089257813E0,1.044783583E1
6.849809975E1,1.286275177E0,7.664212189E0,7.665709076E0,1.091594009E1
6.850805375E1,1.610650635E0,7.707621918E0,8.210725708E0,1.137618775E1
6.851800675E1,1.868713989E0,7.681426392E0,8.546776886E0,1.164232788E1
6.852795975E1,2.017953644E0,7.497159576E0,8.828940125E0,1.175711369E1
6.853791275E1,1.927541656E0,7.192842407E0,8.788524170E0,1.151913868E1
6.854786675E1,1.622625732E0,7.074288940E0,8.485703888E0,1.116627282E1
6.855781975E1,1.601070557E0,7.026987305E0,8.039930878E0,1.079733606E1
6.856777275E1,2.096689911E0,6.936425629E0,7.578590240E0,1.048547277E1
6.857772675E1,2.551444244E0,6.738686829E0,6.871909790E0,9.957053383E0
6.858767975E1,2.827919312E0,6.316414948E0,6.340963898E0,9.386269151E0
6.859763275E1,2.993025970E0,5.923182678E0,6.444698181E0,9.250753058E0
6.860758675E1,3.167563019E0,5.542823639E0,6.388564911E0,9.031617297E0
6.861753975E1,3.180735626E0,5.379213867E0,5.957012329E0,8.633598140E0
6.862749275E1,2.997366943E0,5.359754333E0,5.673052826E0,8.360305226E0
6.863744575E1,2.692600708E0,5.384153595E0,5.589077454E0,8.214438221E0
6.864739975E1,2.312241669E0,5.461542664E0,5.817502441E0,8.307721978E0
6.865735275E1,2.031275940E0,5.652096405E0,6.319558411E0,8.718319461E0
6.866730575E1,1.857786713E0,5.875132599E0,6.953939209E0,9.291169197E0
6.867725975E1,1.800755310E0,6.094127197E0,7.174580383E0,9.584138441E0
6.868721275E1,1.859433289E0,6.133345642E0,6.924450531E0,9.435223160E0
6.869716575E1,1.876348114E0,5.921835480E0,6.517596588E0,9.003770487E0
6.870711975E1,1.776805115E0,5.666017456E0,6.002966766E0,8.443719573E0
6.871707275E1,1.780247955E0,5.518125000E0,5.605992279E0,8.065118457E0
6.872702575E1,1.754052429E0,5.491480408E0,5.825435944E0,8.195655003E0
6.873697875E1,1.801054688E0,5.532644806E0,6.140381012E0,8.459210100E0
6.874693275E1,1.932631073E0,5.471122742E0,6.309080200E0,8.571624110E0
6.875688575E1,2.236948242E0,5.323679352E0,6.432872772E0,8.644498330E0
6.876683875E1,2.912792816E0,4.788991241E0,6.621181183E0,8.675185264E0
6.877679275E1,3.478167114E0,3.651656342E0,6.849306793E0,8.505600747E0
6.878674575E1,3.788471832E0,2.501747589E0,7.575895844E0,8.832069840E0
6.879669875E1,3.925437012E0,1.659898224E0,9.006171570E0,9.963706348E0
6.880665275E1,4.262685699E0,1.453327789E0,1.084928879E1,1.174690250E1
6.881660575E1,5.276078339E0,2.320324860E0,1.239557327E1,1.367008218E1
6.882655875E1,6.825655975E0,4.420158234E0,1.231623825E1,1.475862809E1
6.883651175E1,7.822582855E0,6.828500061E0,1.067415298E1,1.489156666E1
6.884646575E1,7.998467102E0,8.553812256E0,8.848399658E0,1.467778446E1
6.885641875E1,7.733817444E0,9.333989868E0,7.222630463E0,1.411033982E1
6.886637175E1,7.165149994E0,9.127419434E0,6.216722260E0,1.316422408E1
6.887632575E1,6.340065765E0,8.231233063E0,6.044280853E0,1.202010660E1
6.888627875E1,5.663622437E0,7.004833374E0,6.590794373E0,1.116167013E1
6.889623175E1,5.394482117E0,5.779930573E0,7.139253845E0,1.065255745E1
6.890618575E1,5.381758575E0,4.830455017E0,7.523205414E0,1.043528824E1
6.891613875E1,5.503455505E0,4.105512543E0,7.695497131E0,1.031328909E1
6.892609175E1,5.553451538E0,3.610491943E0,7.736661530E0,1.018491078E1
6.893604475E1,5.469326477E0,3.380570068E0,7.636070709E0,9.982552879E0
6.894599875E1,5.442981262E0,3.606450348E0,7.591164093E0,1.001290674E1
6.895595175E1,5.763315125E0,3.959865417E0,7.807613983E0,1.048118178E1
6.896590475E1,6.236630859E0,4.110302582E0,7.891739044E0,1.086598808E1
6.897585875E1,6.553222504E0,4.102219391E0,7.592062225E0,1.083569739E1
6.898581175E1,6.740034027E0,4.153113556E0,7.225025482E0,1.071808771E1
6.899576475E1,6.741830292E0,4.341571655E0,7.025041351E0,1.066080326E1
6.900571875E1,6.708000641E0,4.475243683E0,6.736890564E0,1.050765307E1
6.901567175E1,6.593339081E0,4.440964966E0,6.428531799E0,1.022351755E1
6.902562475E1,6.447841644E0,4.335135040E0,6.240223389E0,9.965362293E0
6.903557775E1,6.172713776E0,4.184997253E0,6.150559845E0,9.666746287E0
6.904553175E1,5.666167145E0,4.057761841E0,6.118975525E0,9.274305513E0
6.905548475E1,5.081483002E0,4.006119232E0,6.098917236E0,8.891976847E0
6.906543775E1,4.648433533E0,3.989204407E0,6.097270660E0,8.642823359E0
6.907539175E1,4.324357452E0,3.919449463E0,5.964347076E0,8.344794037E0
6.908534475E1,3.975433044E0,3.862567749E0,5.971981201E0,8.147886657E0
6.909529775E1,3.807631989E0,3.855981445E0,6.026018829E0,8.104292517E0
6.910525175E1,3.767665100E0,3.874243469E0,6.061944122E0,8.121097790E0
6.911520475E1,3.762425995E0,3.882326660E0,5.931116180E0,8.025362846E0
6.912515775E1,3.693269806E0,3.734284515E0,5.781577148E0,7.811002306E0
6.913511075E1,3.648662567E0,3.492836609E0,5.554199982E0,7.507448537E0
6.914506475E1,3.644022217E0,3.158581696E0,5.338797913E0,7.194324110E0
6.915501775E1,3.581751709E0,2.861599274E0,5.209915924E0,6.939806888E0
6.916497075E1,3.595822449E0,2.724185028E0,5.346731415E0,6.995617197E0
6.917492475E1,3.854933624E0,2.906206512E0,5.619314575E0,7.408322741E0
6.918487775E1,4.165537720E0,3.192860413E0,5.792205048E0,7.816373931E0
6.919483075E1,4.422403564E0,3.399131470E0,5.924679565E0,8.137172481E0
6.920478375E1,4.507875824E0,3.615132294E0,6.238726501E0,8.503636534E0
6.921473775E1,4.471651154E0,3.885320435E0,6.597829742E0,8.866946274E0
6.922469075E1,4.264781342E0,4.230652313E0,6.697522430E0,8.996865320E0
6.923464375E1,3.805087280E0,4.614753571E0,7.016658783E0,9.219985911E0
6.924459775E1,3.474724274E0,4.782854004E0,7.479496307E0,9.533743557E0
6.925455075E1,3.415746918E0,4.558769989E0,8.134234772E0,9.930533024E0
6.926450375E1,3.473377075E0,4.208947449E0,8.818761292E0,1.037063825E1
6.927445775E1,3.177592163E0,4.132456512E0,9.275760956E0,1.064020818E1
6.928441075E1,2.815495148E0,4.331841888E0,9.666298828E0,1.096034671E1
6.929436375E1,2.750530243E0,4.832400970E0,1.009949799E1,1.152897980E1
6.930431775E1,3.094065857E0,5.528453522E0,1.015548157E1,1.196958010E1
6.931427075E1,3.534450073E0,6.307134247E0,1.034633469E1,1.262215992E1
6.932422375E1,3.718118134E0,7.109016724E0,1.066831512E1,1.334823842E1
6.933417675E1,3.670068054E0,7.884553986E0,1.083207458E1,1.389134374E1
6.934413075E1,3.704346771E0,8.391100616E0,1.107486969E1,1.438003801E1
6.935408375E1,3.782783661E0,8.402926025E0,1.115450409E1,1.446864125E1
6.936403675E1,3.386108551E0,7.878865814E0,1.126751907E1,1.415977555E1
6.937399075E1,2.837798767E0,7.103927307E0,1.152378616E1,1.383172197E1
6.938394375E1,2.503843231E0,6.338718567E0,1.162168259E1,1.347264229E1
6.939389675E1,2.260149994E0,5.745502167E0,1.158141632E1,1.312433911E1
6.940384975E1,2.089055786E0,5.416785736E0,1.136257141E1,1.275984917E1
6.941380437E1,1.915416870E0,5.344635773E0,1.095347214E1,1.233744322E1
6.942375737E1,1.761087799E0,5.354814606E0,1.069675598E1,1.209115620E1
6.943371037E1,1.810335388E0,5.462291107E0,1.052341644E1,1.199400817E1
6.944366437E1,2.111658783E0,5.653742981E0,1.025337799E1,1.189771712E1
6.945361737E1,2.350112915E0,5.976322174E0,1.000579285E1,1.188929552E1
6.946357037E1,2.490520935E0,6.547234955E0,9.655670929E0,1.192899665E1
6.947352438E1,2.473606110E0,7.001240845E0,9.350605316E0,1.194026467E1
6.948347738E1,2.440075836E0,7.239844666E0,8.860225067E0,1.169926960E1
6.949343038E1,2.637964325E0,7.200925598E0,8.171207886E0,1.120628500E1
6.950338338E1,3.087928619E0,6.909781036E0,7.796537018E0,1.086583483E1
6.951333738E1,3.593876495E0,6.437662811E0,8.063432007E0,1.092604166E1
6.952329038E1,3.800596619E0,5.937702484E0,8.311316528E0,1.089856999E1
6.953324338E1,3.975732422E0,5.638624420E0,8.546776886E0,1.098398510E1
6.954319738E1,4.173471222E0,5.522915039E0,8.565787354E0,1.101331765E1
6.955315038E1,4.219874725E0,5.526208191E0,8.257727966E0,1.079520221E1
6.956310338E1,4.093836823E0,5.635780334E0,7.813601532E0,1.046775472E1
6.957305738E1,3.825295258E0,5.717061310E0,7.558981018E0,1.022036535E1
6.958301037E1,3.585793304E0,5.744903412E0,7.535629578E0,1.013151232E1
6.959296337E1,3.559597778E0,5.878874817E0,7.630382538E0,1.026911112E1
6.960291637E1,3.730093231E0,6.005361786E0,7.377109222E0,1.021761744E1
6.961287037E1,4.018244019E0,6.102958832E0,6.685098267E0,9.903682665E0
6.962282337E1,4.405488739E0,6.115682373E0,6.708000641E0,1.008995414E1
6.963277637E1,4.624183960E0,6.041586456E0,7.248975677E0,1.050863895E1
6.964273037E1,4.538562012E0,5.917045441E0,7.754474487E0,1.075833846E1
6.965268337E1,4.513563995E0,6.212530975E0,8.379275208E0,1.136574037E1
6.966263637E1,4.539609833E0,6.811136169E0,8.445138245E0,1.176095206E1
6.967258937E1,4.206103363E0,7.156617737E0,8.075856171E0,1.158136157E1
6.968254337E1,3.812871094E0,7.176825714E0,7.785909119E0,1.125456326E1
6.969249637E1,3.546125793E0,6.887926483E0,7.467670898E0,1.076032751E1
6.970244937E1,3.620670776E0,6.735842743E0,7.482340393E0,1.069889023E1
6.971240337E1,4.018543396E0,6.835236053E0,7.620503082E0,1.099732741E1
6.972235637E1,4.420906677E0,7.057523804E0,7.826923828E0,1.142863923E1
6.973230937E1,4.538861389E0,7.249424744E0,7.988737335E0,1.170364670E1
6.974226237E1,4.358037415E0,7.403903503E0,7.943830719E0,1.170105652E1
6.975221637E1,4.152814178E0,7.551945648E0,7.670648804E0,1.153761681E1
6.976216937E1,4.036805420E0,7.570656738E0,7.466473389E0,1.137360393E1
6.977212237E1,3.758683777E0,7.507039032E0,7.280709686E0,1.111269870E1
6.978207637E1,3.249592438E0,7.331753540E0,7.154671783E0,1.074726892E1
6.979202937E1,2.760110321E0,7.252119141E0,7.154372406E0,1.055445335E1
6.980198237E1,2.462080078E0,7.412286072E0,7.115453339E0,1.056567553E1
6.981193637E1,2.319277039E0,7.665858765E0,7.124284973E0,1.071913583E1
6.982188937E1,2.229014740E0,7.904761963E0,7.020999756E0,1.080500837E1
6.983184237E1,2.102827148E0,8.066126404E0,6.924300842E0,1.083652247E1
6.984179537E1,2.104623413E0,8.139174500E0,6.774013367E0,1.079642804E1
6.985174937E1,2.218985596E0,8.266709290E0,6.471193085E0,1.073027118E1
6.986170237E1,2.361189880E0,8.434809723E0,6.002966766E0,1.061870250E1
6.987165537E1,2.495760040E0,8.556057587E0,5.409450989E0,1.042579012E1
6.988160938E1,2.694696350E0,8.655750275E0,4.638254700E0,1.018316296E1
6.989156238E1,2.844085693E0,8.731343079E0,3.789968719E0,9.934235667E0
6.990151538E1,2.926115112E0,8.769214325E0,3.103496246E0,9.751561848E0
6.991146938E1,3.027903442E0,8.745114441E0,2.742297363E0,9.652223613E0
6.992142238E1,3.108735352E0,8.650960236E0,2.484084320E0,9.522290869E0
6.993137538E1,3.097359009E0,8.346343689E0,2.193388824E0,9.168753478E0
6.994132838E1,2.963986359E0,7.810458069E0,1.850601654E0,8.556471052E0
6.995128238E1,2.792443085E0,7.210056610E0,1.538949738E0,7.883591884E0
6.996123538E1,2.562221832E0,6.752607880E0,1.302291870E0,7.338845823E0
6.997118838E1,2.231559448E0,6.532266083E0,1.170565796E0,7.001469991E0
6.998114237E1,1.957479401E0,6.492748260E0,1.143023071E0,6.877063859E0
6.999109537E1,1.929337921E0,6.566844177E0,1.348845062E0,6.976042593E0
7.000104837E1,1.839524689E0,6.737489319E0,1.303190002E0,7.104640567E0
7.001100137E1,1.648222504E0,7.046596527E0,1.203796692E0,7.336231084E0
7.002095537E1,1.485361176E0,7.251819763E0,1.346749420E0,7.523890064E0
7.003090837E1,1.236428833E0,7.277266846E0,1.679058380E0,7.570112684E0
7.004086137E1,9.939331055E-1,7.240742798E0,1.908531189E0,7.553724286E0
7.005081537E1,9.783654785E-1,7.072043610E0,2.105820923E0,7.443485849E0
7.006076837E1,1.235081635E0,6.845564575E0,1.764530640E0,7.176402258E0
7.007072137E1,1.641486511E0,6.508166199E0,1.366807709E0,6.849734925E0
7.008067537E1,2.011217651E0,6.359375610E0,1.161285095E0,6.770172647E0
7.009062837E1,2.369273071E0,6.389612732E0,1.259480896E0,6.930144146E0
7.010058137E1,2.546953583E0,6.677314453E0,1.346150665E0,7.272250166E0
7.011053437E1,2.506687317E0,7.114255829E0,1.286125488E0,7.651812601E0
7.012048837E1,2.407144318E0,7.501350861E0,9.086105347E-1,7.930333007E0
7.013044137E1,2.286944275E0,7.694000244E0,6.138734436E-1,8.050130091E0
7.014039437E1,2.202819214E0,7.753875732E0,2.755769348E-1,8.065416543E0
7.015034837E1,2.283651123E0,7.794291687E0,4.146377563E-2,8.122054211E0
7.016030137E1,2.509381714E0,7.804021454E0,-1.790277100E-1,8.199499885E0
7.017025437E1,2.820135498E0,7.808661804E0,-4.743635559E-1,8.315851381E0
7.018020737E1,3.144061890E0,7.829917603E0,-6.774911499E-1,8.464734437E0
7.019016137E1,3.432212677E0,7.890990601E0,-8.478369141E-1,8.646770724E0
7.020011437E1,3.600612488E0,7.965236206E0,-1.103654938E0,8.810644263E0
7.021006737E1,3.610791321E0,8.186775513E0,-1.458716583E0,9.065812778E0
7.022002137E1,3.493135986E0,8.491990814E0,-1.658850403E0,9.331007002E0
7.022997437E1,3.417543182E0,8.788524170E0,-1.747765503E0,9.590226418E0
7.023992737E1,3.408112793E0,9.074729004E0,-1.849703522E0,9.868502542E0
7.024988037E1,3.418441315E0,9.342821503E0,-1.882036285E0,1.012502421E1
7.025983437E1,3.599864044E0,9.739646301E0,-1.914967804E0,1.055873254E1
7.026978738E1,3.909570007E0,1.012704071E1,-2.052681427E0,1.104785917E1
7.027974038E1,4.201163635E0,1.023930725E1,-2.184557190E0,1.128120025E1
7.028969438E1,4.453987885E0,1.010114456E1,-2.319277039E0,1.128052195E1
7.029964738E1,4.524640961E0,9.678423615E0,-2.532583466E0,1.097990157E1
7.030960038E1,4.509821777E0,9.307045898E0,-2.540367279E0,1.064955688E1
7.031955338E1,4.384532318E0,9.201964417E0,-2.662662964E0,1.053518139E1
7.032950738E1,4.279151459E0,9.392967224E0,-2.782264252E0,1.069018077E1
7.033946038E1,4.265679474E0,9.671238556E0,-2.585573273E0,1.088182272E1
7.034941338E1,4.300107880E0,9.972561951E0,-1.995051270E0,1.104188160E1
7.035936738E1,4.165837097E0,1.025906616E1,-2.106419678E0,1.127118632E1
7.036932038E1,3.946692810E0,1.048689240E1,-2.512674866E0,1.148324132E1
7.037927338E1,3.612587585E0,1.049078430E1,-3.010090485E0,1.149643375E1
7.038922737E1,3.348087616E0,1.040022263E1,-3.046015778E0,1.134251002E1
7.039918037E1,3.160677338E0,1.012943573E1,-3.082539825E0,1.104976928E1
7.040913337E1,3.243604889E0,9.730515289E0,-3.143912201E0,1.072791146E1
7.041908629E1,3.457809448E0,9.047785034E0,-3.184926910E0,1.019620614E1
7.042904029E1,4.331392822E0,8.458161163E0,-1.857187958E0,9.682489409E0
7.043899329E1,6.275400238E0,8.815318451E0,-3.712280273E-1,1.082720175E1
7.044894629E1,8.776100006E0,8.417296143E0,3.226540375E0,1.258099235E1
7.045890029E1,1.036624329E1,8.325237579E0,4.044589233E0,1.389702424E1
7.046885329E1,1.000983444E1,8.730145569E0,2.420616302E0,1.350080037E1
7.047880629E1,8.530610504E0,9.402846680E0,9.590556335E-1,1.273203161E1
7.048875929E1,7.505542145E0,9.485624542E0,1.254391479E-1,1.209652722E1
7.049871329E1,7.555837555E0,8.920100555E0,-8.728349304E-1,1.172265823E1
7.050866629E1,8.402626648E0,8.446335754E0,-1.634600830E0,1.202566597E1
7.051861929E1,9.461674347E0,8.268206177E0,-2.147434387E0,1.274746992E1
7.052857329E1,1.004216721E1,8.080197144E0,-2.144440613E0,1.306649661E1
7.053852629E1,1.023032593E1,7.608827362E0,-1.511107635E0,1.283889671E1
7.054847929E1,9.340576172E0,7.625592499E0,-1.044976959E0,1.210322275E1
7.055843229E1,7.275320892E0,8.427924042E0,-6.966513062E-1,1.115551526E1
7.056838629E1,4.978197784E0,9.700577545E0,-4.911286926E-1,1.091443380E1
7.057833929E1,3.473377075E0,1.058808197E1,-4.153862000E-1,1.115098085E1
7.058829229E1,2.964884491E0,1.073342972E1,-7.105723572E-1,1.115804493E1
7.059824629E1,3.272644501E0,1.012524445E1,-1.138382721E0,1.070171446E1
7.060819929E1,3.886667633E0,8.984167328E0,-1.467248840E0,9.898195140E0
7.061815229E1,4.388274536E0,7.777975616E0,-1.607956238E0,9.074104989E0
7.062810629E1,4.655618591E0,6.937024384E0,-1.576970673E0,8.501995546E0
7.063805929E1,4.669539642E0,6.489754486E0,-1.605411530E0,8.154683313E0
7.064801229E1,4.549489288E0,6.234385529E0,-1.525028687E0,7.867091470E0
7.065796529E1,4.487667847E0,6.182593231E0,-1.306333466E0,7.750492171E0
7.066791929E1,4.375550995E0,6.097270660E0,-1.083147583E0,7.582569795E0
7.067787229E1,4.233795776E0,5.997577972E0,-1.211730194E0,7.440716247E0
7.068782529E1,4.051175537E0,5.957461395E0,-1.495090942E0,7.357898235E0
7.069777929E1,4.000880127E0,5.867797852E0,-1.936373291E0,7.361225098E0
7.070773229E1,4.135749664E0,5.933062134E0,-2.184557190E0,7.554994486E0
7.071768529E1,4.584666138E0,5.962101746E0,-1.692230988E0,7.709050949E0
7.072763829E1,5.157075806E0,6.014792175E0,-2.392923889E0,8.276426796E0
7.073759229E1,5.348976746E0,5.962700500E0,-3.157084808E0,8.610025202E0
7.074754529E1,5.342989197E0,5.898633728E0,-3.334316254E0,8.628967394E0
7.075749829E1,5.517825623E0,5.976322174E0,-3.099005585E0,8.704404744E0
7.076745229E1,5.761069794E0,6.076314240E0,-3.208727417E0,8.967020215E0
7.077740529E1,5.916446686E0,6.061495056E0,-3.441343689E0,9.142697090E0
7.078735829E1,6.021977234E0,5.961652679E0,-3.342549133E0,9.109234171E0
7.079731129E1,6.164031830E0,5.893544312E0,-3.284619598E0,9.138811676E0
7.080726529E1,6.308032379E0,6.008804626E0,-3.467389526E0,9.376555640E0
7.081721829E1,6.211932220E0,6.233936462E0,-3.654650116E0,9.529246203E0
7.082717129E1,6.012546844E0,6.445746002E0,-3.662134552E0,9.545134392E0
7.083712529E1,5.730982361E0,6.641239471E0,-3.576213226E0,9.473094615E0
7.084707829E1,5.420977020E0,6.644981689E0,-3.470233612E0,9.251232071E0
7.085703129E1,5.244793396E0,6.488556976E0,-3.360062714E0,8.994401083E0
7.086698429E1,5.183421021E0,6.330785065E0,-3.388802948E0,8.856109667E0
7.087693829E1,5.234614563E0,6.312972107E0,-3.581452332E0,8.948832731E0
7.088689129E1,5.193899231E0,6.291267242E0,-3.977678375E0,9.076263438E0
7.089684429E1,5.189857635E0,6.318510590E0,-4.109105072E0,9.151117027E0
7.090679829E1,5.193899231E0,6.411167908E0,-4.101470947E0,9.214213319E0
7.091675129E1,5.238656158E0,6.471941528E0,-4.088597717E0,9.276107847E0
7.092670429E1,5.341941376E0,6.515201569E0,-4.040098572E0,9.343799314E0
7.093665729E1,5.341342621E0,6.539750519E0,-3.990850983E0,9.339441600E0
7.094661129E1,5.350024567E0,6.606511688E0,-3.917054443E0,9.360132214E0
7.095656429E1,5.321284332E0,6.745123444E0,-3.958069153E0,9.459337642E0
7.096651729E1,5.331313477E0,6.955286407E0,-4.164789276E0,9.702802797E0
7.097647129E1,5.344486084E0,7.142696686E0,-4.482428741E0,9.983677422E0
7.098642429E1,5.353467407E0,7.251670074E0,-4.728516998E0,1.017866421E1
7.099637729E1,5.373525696E0,7.163653107E0,-4.831802216E0,1.017541237E1
7.100633029E1,5.412444763E0,6.933581543E0,-4.735851746E0,9.989865018E0
7.101628429E1,5.461542664E0,6.596332855E0,-4.467459869E0,9.659102085E0
7.102623729E1,5.429509277E0,6.272855530E0,-4.111649780E0,9.259263006E0
7.103619029E1,5.519172821E0,6.214776306E0,-3.722010040E0,9.107034199E0
7.104614429E1,5.943390656E0,6.827751617E0,-3.150947571E0,9.584912896E0
7.105609729E1,6.434070282E0,8.211773529E0,-3.161725159E0,1.090077937E1
7.106605029E1,7.194788361E0,9.267079010E0,-3.221301270E0,1.216636818E1
7.107600329E1,7.854316864E0,9.600735168E0,-3.444786530E0,1.287365385E1
7.108595729E1,8.203989716E0,9.805509338E0,-2.799628143E0,1.308783322E1
7.109591029E1,8.052953796E0,9.969568176E0,-3.334615631E0,1.324243240E1
7.110586329E1,7.263645172E0,9.617051239E0,-3.441493378E0,1.253363843E1
7.111581729E1,6.116430817E0,8.871302032E0,-3.260968781E0,1.125809234E1
7.112577029E1,5.074148254E0,8.221802673E0,-2.610720978E0,1.000804095E1
7.113572329E1,4.225263519E0,7.913743286E0,-2.171534271E0,9.230154154E0
7.114567629E1,3.726500702E0,8.016579437E0,-1.600022736E0,8.984009467E0
7.115563029E1,3.794758759E0,8.394244080E0,-1.459165649E0,9.326987300E0
7.116558329E1,4.460723877E0,8.723708954E0,-1.558858337E0,9.921249656E0
7.117553629E1,5.342689819E0,9.072184296E0,-1.778900757E0,1.067770342E1
7.118549029E1,5.923032990E0,9.493408356E0,-2.079924774E0,1.138126571E1
7.119544329E1,6.145021362E0,9.687105560E0,-2.433788910E0,1.172708959E1
7.120539629E1,6.054160309E0,9.703870697E0,-2.725981293E0,1.175793084E1
7.121534929E1,5.713768158E0,9.473350067E0,-2.883004761E0,1.143255109E1
7.122530329E1,5.296136627E0,9.050030365E0,-2.807411957E0,1.085512205E1
7.123525629E1,4.878654785E0,8.641380157E0,-2.712509308E0,1.028748902E1
7.124520929E1,4.404590607E0,8.222251740E0,-2.633922729E0,9.692439890E0
7.125516329E1,4.015699310E0,8.042176208E0,-2.663710785E0,9.375382353E0
7.126511629E1,3.815715179E0,8.036188660E0,-2.645748138E0,9.281163382E0
7.127506929E1,3.797153778E0,8.195457458E0,-2.721640320E0,9.433516089E0
7.128502329E1,3.893703003E0,8.304580536E0,-3.029999084E0,9.659600168E0
7.129497629E1,4.095483398E0,8.183033295E0,-3.491938477E0,9.794317357E0
7.130492929E1,4.384083252E0,7.646399231E0,-3.883973236E0,9.631866655E0
7.131488229E1,4.659809875E0,6.946903839E0,-4.012855225E0,9.277731839E0
7.132483629E1,4.928950195E0,6.350394287E0,-3.946243744E0,8.955160374E0
7.133478929E1,5.116061096E0,5.914351044E0,-3.821553040E0,8.703901254E0
7.134474229E1,5.211412811E0,5.745651855E0,-3.734284515E0,8.609077742E0
7.135469629E1,5.190157013E0,5.901926880E0,-3.670068054E0,8.674091897E0
7.136464929E1,5.103487244E0,6.310577087E0,-3.655847626E0,8.901358721E0
7.137460229E1,5.059927826E0,6.820566559E0,-3.772455139E0,9.292707655E0
7.138455529E1,5.080285492E0,7.237000580E0,-4.016298065E0,9.711546129E0
7.139450929E1,5.060376892E0,7.528893585E0,-4.266427917E0,1.002467257E1
7.140446229E1,5.066963196E0,7.589667206E0,-4.373455353E0,1.011949979E1
7.141441487E1,5.040468292E0,7.550448761E0,-4.440964966E0,1.010632312E1
7.142436887E1,5.091063080E0,7.514373779E0,-4.485871582E0,1.012461261E1
7.143432187E1,5.216951294E0,7.505093079E0,-4.333937531E0,1.011563233E1
7.144427487E1,5.387446747E0,7.588320007E0,-3.693868561E0,1.001258448E1
7.145422787E1,5.369334412E0,7.631430359E0,-4.112248535E0,1.019701277E1
7.146418187E1,5.074297943E0,7.659721527E0,-4.292024689E0,1.014107043E1
7.147413487E1,4.774321747E0,7.641309814E0,-4.467160492E0,1.005680301E1
7.148408787E1,4.554279327E0,7.571704559E0,-3.975433044E0,9.688975076E0
7.149404188E1,4.364923096E0,7.666457520E0,-3.574267273E0,9.518535133E0
7.150399488E1,4.216431885E0,7.804171143E0,-3.337609406E0,9.477500810E0
7.151394788E1,4.058360596E0,7.894583130E0,-3.506458282E0,9.544107250E0
7.152390088E1,3.902384949E0,7.959098969E0,-3.724554749E0,9.614997283E0
7.153385488E1,3.855233002E0,8.121062164E0,-3.861370239E0,9.783897603E0
7.154380788E1,3.890709229E0,8.374335480E0,-3.948638763E0,1.004285124E1
7.155376088E1,4.038901062E0,8.534951477E0,-3.844006348E0,1.019482728E1
7.156371488E1,4.166585541E0,8.485853577E0,-3.575913849E0,1.010728974E1
7.157366788E1,4.278253326E0,8.288414154E0,-3.389850769E0,9.924331159E0
7.158362088E1,4.403692474E0,7.980354767E0,-3.328628082E0,9.703521759E0
7.159357388E1,4.603227539E0,7.739655304E0,-3.341201935E0,9.604977791E0
7.160352787E1,4.870721283E0,7.580236816E0,-3.320245514E0,9.602496877E0
7.161348087E1,5.671406250E0,7.724087677E0,-2.986888733E0,1.003732452E1
7.162343387E1,7.026538239E0,8.095166016E0,-3.127296753E0,1.116619619E1
7.163338787E1,7.925269318E0,8.425229645E0,-3.227288818E0,1.200873771E1
7.164334087E1,7.970026245E0,8.386759644E0,-2.858455811E0,1.191762666E1
7.165329387E1,7.610773315E0,7.676037598E0,-3.313808899E0,1.130604940E1
7.166324687E1,7.340884552E0,6.806346130E0,-3.687581635E0,1.066832658E1
7.167320087E1,7.206763458E0,5.866450653E0,-3.505859528E0,9.931955187E0
7.168315387E1,7.441475372E0,4.978197784E0,-2.955753479E0,9.428387324E0
7.169310687E1,8.045169983E0,4.499792633E0,-2.471959534E0,9.543766433E0
7.170305987E1,8.763526154E0,4.682113495E0,-2.268083496E0,1.019145623E1
7.171301387E1,9.101223907E0,5.501659241E0,-2.337688751E0,1.088877035E1
7.172296687E1,8.749904480E0,6.765481110E0,-2.592458954E0,1.136016754E1
7.173291987E1,7.947123871E0,8.212072906E0,-2.967279510E0,1.180676361E1
7.174287387E1,7.104975128E0,9.754914551E0,-3.274440765E0,1.250443888E1
7.175282687E1,6.372099152E0,1.089269852E1,-3.398083649E0,1.306910483E1
7.176277987E1,5.813909912E0,1.113130234E1,-3.431464233E0,1.301854012E1
7.177273287E1,5.652695160E0,1.024095383E1,-3.454067230E0,1.219674868E1
7.178268687E1,5.906866608E0,8.800798645E0,-3.423381042E0,1.113843201E1
7.179263987E1,6.262676697E0,7.600594482E0,-3.434158630E0,1.042993775E1
7.180259287E1,6.554120636E0,6.926995239E0,-3.436703339E0,1.013660151E1
7.181254687E1,6.855743408E0,6.654262390E0,-3.025807800E0,1.002177322E1
7.182249987E1,7.030729523E0,6.451733551E0,-3.716770935E0,1.024062545E1
7.183245287E1,6.860234070E0,6.171216888E0,-4.035607910E0,1.007138822E1
7.184240587E1,6.461163940E0,5.919440460E0,-3.953279114E0,9.613263264E0
7.185235987E1,6.106850739E0,5.820196838E0,-3.300037537E0,9.058618268E0
7.186231287E1,5.774541779E0,5.733227692E0,-2.916834412E0,8.644255636E0
7.187226587E1,5.633385315E0,5.587430878E0,-2.719694366E0,8.387559321E0
7.188221987E1,5.654641113E0,5.386099548E0,-2.842139740E0,8.310402684E0
7.189217287E1,5.678441620E0,5.252277832E0,-3.066223755E0,8.320627967E0
7.190212587E1,5.745801544E0,5.219795380E0,-3.089874573E0,8.355107663E0
7.191207888E1,5.863756256E0,5.300028534E0,-2.944377136E0,8.434648577E0
7.192203288E1,6.001320190E0,5.409600677E0,-2.728526001E0,8.527864777E0
7.193198588E1,6.144871674E0,5.534141693E0,-2.457140350E0,8.626917808E0
7.194193888E1,6.193819885E0,5.645659790E0,-2.312840424E0,8.694027264E0
7.195189288E1,6.197861481E0,5.704936523E0,-2.387834473E0,8.755657665E0
7.196184588E1,6.157744904E0,5.716612244E0,-2.724035339E0,8.832771160E0
7.197179888E1,6.180347900E0,5.544170837E0,-3.106190643E0,8.864702519E0
7.198175188E1,6.241420898E0,5.239703979E0,-3.438499603E0,8.844948397E0
7.199170588E1,6.232439575E0,4.897365875E0,-3.490740967E0,8.660991171E0
7.200165888E1,6.239325256E0,4.723427582E0,-3.246299286E0,8.472213809E0
7.201161188E1,6.193819885E0,4.722529449E0,-2.906056824E0,8.313293898E0
7.202156587E1,6.097120972E0,4.840933228E0,-2.654430084E0,8.225297425E0
7.203151887E1,6.029012604E0,4.877606964E0,-2.372865601E0,8.109903442E0
7.204147187E1,5.979016571E0,4.847818909E0,-2.048340454E0,7.965280029E0
7.205142487E1,5.941893768E0,4.938230896E0,-1.791324921E0,7.931019538E0
7.206137887E1,6.036047974E0,5.343288574E0,-1.582808533E0,8.215223112E0
7.207133187E1,6.337071991E0,5.994434509E0,-1.611099701E0,8.870590102E0
7.208128487E1,6.678062897E0,6.705306244E0,-1.764081573E0,9.626507138E0
7.209123887E1,7.043153687E0,7.586823120E0,-1.975741425E0,1.053894933E1
7.210119187E1,7.497608643E0,8.924291840E0,-2.322420502E0,1.188489618E1
7.211114487E1,7.780071259E0,1.028286667E1,-2.911146240E0,1.321898741E1
7.212109787E1,7.978857880E0,1.120614670E1,-3.499273224E0,1.419453451E1
7.213105187E1,7.917335815E0,1.143921204E1,-3.501518555E0,1.434574538E1
7.214100487E1,7.372768250E0,1.133832184E1,-3.241060181E0,1.390754201E1
7.215095787E1,6.630012817E0,1.110016708E1,-2.885998535E0,1.324763250E1
7.216091087E1,6.108497314E0,1.078372513E1,-2.402653656E0,1.262438956E1
7.217086487E1,5.733676758E0,1.051772827E1,-1.752405853E0,1.210655126E1
7.218081787E1,5.479954376E0,1.038719971E1,-1.067430267E0,1.179250716E1
7.219077087E1,5.213957520E0,1.024664200E1,-1.521436157E0,1.159714591E1
7.220072487E1,4.868176575E0,1.017778519E1,-1.594783630E0,1.139428757E1
7.221067787E1,4.530778198E0,1.013018417E1,-1.203347626E0,1.116228597E1
7.222063087E1,4.292174377E0,1.008707382E1,-2.341131592E-1,1.096479038E1
7.223058387E1,4.099524994E0,9.976753235E0,4.626878357E-1,1.079610070E1
7.224053787E1,3.966152344E0,9.834399261E0,7.442523193E-1,1.063013099E1
7.225049087E1,3.908671875E0,9.532327423E0,5.804928589E-1,1.031891244E1
7.226044387E1,3.869303741E0,9.124126282E0,4.114942932E-1,9.919199534E0
7.227039787E1,3.850442963E0,8.784931641E0,3.207829285E-1,9.597074378E0
7.228035087E1,3.808530121E0,8.502918091E0,9.834548950E-2,9.317413245E0
7.229030387E1,3.781586151E0,8.345744934E0,-1.821711731E-1,9.164335146E0
7.230025687E1,3.719615021E0,8.361162872E0,-4.038601685E-1,9.160113728E0
7.231021088E1,3.673510895E0,8.518785095E0,-5.310955811E-1,9.292278747E0
7.232016388E1,3.757486267E0,8.735234985E0,-6.256988525E-1,9.529665910E0
7.233011688E1,3.989803162E0,9.014703827E0,-7.069798279E-1,9.883482930E0
7.234007088E1,4.221371613E0,9.274264069E0,-1.082848206E0,1.024717095E1
7.235002388E1,4.357887726E0,9.472002869E0,-1.383123779E0,1.051774953E1
7.235997688E1,4.489164734E0,9.613458710E0,-1.565744019E0,1.072486563E1
7.236992988E1,4.539011078E0,9.593400421E0,-1.867516479E0,1.077606473E1
7.237988388E1,4.547094269E0,9.487121429E0,-1.882485352E0,1.068762323E1
7.238983688E1,4.596042480E0,9.411977692E0,-1.729054413E0,1.061595779E1
7.239978988E1,4.656217346E0,9.394314423E0,-1.629212036E0,1.061074151E1
7.240974288E1,4.662204895E0,9.289682007E0,-1.603615265E0,1.051693530E1
7.241969717E1,4.537963257E0,8.990603943E0,-1.570983124E0,1.019274535E1
7.242965017E1,4.355043640E0,8.702303467E0,-1.453627167E0,9.839183029E0
7.243960317E1,4.172273712E0,8.523275757E0,-1.200802917E0,9.565355467E0
7.244955717E1,4.034260712E0,8.442144470E0,-9.741741943E-1,9.407129111E0
7.245951017E1,4.012256470E0,8.368647308E0,-5.947132874E-1,9.299792667E0
7.246946317E1,4.030518494E0,8.316705322E0,-3.296145630E-1,9.247773381E0
7.247941617E1,3.992347870E0,8.156987457E0,-1.992356873E-1,9.083775688E0
7.248937017E1,3.941154327E0,7.927664337E0,-2.607577515E-1,8.857118825E0
7.249932317E1,3.836970978E0,7.768694916E0,-4.894821167E-1,8.678396149E0
7.250927617E1,3.698658600E0,7.660170593E0,-6.294410706E-1,8.529623967E0
7.251923017E1,3.651955719E0,7.621550903E0,-4.275109863E-1,8.462126470E0
7.252918317E1,3.605851593E0,7.626041565E0,-2.429447937E-1,8.439057876E0
7.253913617E1,3.456013184E0,7.630382538E0,-2.155517578E-2,8.376588173E0
7.254908917E1,3.409010925E0,7.820487213E0,4.026626587E-1,8.540697451E0
7.255904317E1,3.275787964E0,7.905360718E0,-1.160087585E-1,8.557977150E0
7.256899617E1,2.965782623E0,7.843090210E0,-1.905537415E-1,8.387266619E0
7.257894917E1,3.231480103E0,7.882757721E0,-5.912704468E-2,8.519614366E0
7.258890317E1,3.538341980E0,7.831264801E0,-1.327738953E-1,8.594544855E0
7.259885617E1,3.873345337E0,8.023165741E0,-1.824705505E-1,8.911076709E0
7.260880917E1,4.237687683E0,8.362061005E0,-3.167413330E-1,9.379892655E0
7.261876217E1,4.588707733E0,8.391399994E0,-5.554948425E-1,9.580209133E0
7.262871617E1,4.844076691E0,8.084837494E0,-7.867639160E-1,9.457730898E0
7.263866917E1,5.024451599E0,7.912845154E0,-1.100212097E0,9.437621467E0
7.264862217E1,5.054389343E0,8.241860962E0,-1.283730469E0,9.753106565E0
7.265857517E1,5.095254364E0,8.996441803E0,-1.464404755E0,1.044232079E1
7.266852917E1,5.089117126E0,9.954898682E0,-1.389560394E0,1.126632145E1
7.267848217E1,4.876409454E0,1.079584991E1,-7.530839539E-1,1.186999916E1
7.268843517E1,4.482129364E0,1.101589233E1,1.100212097E-1,1.189333730E1
7.269838917E1,3.924089813E0,1.101858673E1,4.375401306E-1,1.170466470E1
7.270834217E1,3.281326447E0,1.080992065E1,4.098477173E-1,1.130440016E1
7.271829517E1,2.718496857E0,1.067564987E1,1.627116394E-1,1.101754058E1
7.272824817E1,2.361040192E0,1.069001999E1,-2.014810181E-1,1.094950377E1
7.273820217E1,2.279310150E0,1.069016968E1,-3.716770935E-1,1.093677861E1
7.274815517E1,2.571502533E0,1.044857208E1,-2.273771667E-1,1.076275914E1
7.275810817E1,3.229983215E0,9.731114044E0,7.694000244E-2,1.025345268E1
7.276806217E1,3.937112732E0,8.684640198E0,9.566606140E-1,9.583268313E0
7.277801517E1,4.760700073E0,7.794890442E0,2.355352020E0,9.432511083E0
7.278796817E1,5.612129517E0,7.498357086E0,3.136876831E0,9.877315068E0
7.279792117E1,6.124364319E0,7.598349152E0,2.819686432E0,1.015841423E1
7.280787517E1,6.142326965E0,7.984096985E0,2.055974579E0,1.028109997E1
7.281782817E1,5.807772675E0,8.632398834E0,1.361418915E0,1.049294975E1
7.282778117E1,5.560337219E0,9.270970917E0,5.113366699E-1,1.082264833E1
7.283773417E1,5.491480408E0,9.697134705E0,-4.442761230E-1,1.115294400E1
7.284768817E1,5.520520020E0,9.624236298E0,-1.182241516E0,1.115794607E1
7.285764117E1,5.473368073E0,9.108858032E0,-1.426084442E0,1.072206928E1
7.286759417E1,5.284011841E0,8.226293335E0,-1.205742645E0,9.851218122E0
7.287754817E1,5.084327087E0,7.309749298E0,-6.601272583E-1,8.928526459E0
7.288750117E1,4.970563660E0,6.788084106E0,3.037184143E-1,8.418838032E0
7.289745417E1,4.990023193E0,6.729855194E0,5.439688110E-1,8.395664624E0
7.290740717E1,5.339396667E0,6.841373291E0,7.250921631E-1,8.708576458E0
7.291736117E1,5.798491974E0,7.230563965E0,7.020401001E-1,9.294967710E0
7.292731417E1,6.084547119E0,8.006999359E0,2.830613708E-1,1.006051073E1
7.293726717E1,6.528523865E0,8.943002930E0,-1.196012878E-1,1.107308583E1
7.294722117E1,6.715784454E0,9.987830200E0,3.390449524E-1,1.204049270E1
7.295717417E1,6.444398804E0,1.097038696E1,1.318308563E0,1.279130969E1
7.296712717E1,5.780379639E0,1.159144547E1,2.416125641E0,1.317619292E1
7.297708017E1,4.778063965E0,1.196372131E1,2.810405731E0,1.318555662E1
7.298703417E1,3.653751984E0,1.189980423E1,2.682721252E0,1.273390111E1
7.299698717E1,2.943479004E0,1.148845963E1,2.317480774E0,1.208385246E1
7.300694017E1,2.838397522E0,1.107741440E1,2.088606720E0,1.162445217E1
7.301689317E1,2.974614258E0,1.096215408E1,2.000889130E0,1.153346043E1
7.302684717E1,3.128344574E0,1.109283234E1,2.014061737E0,1.170016725E1
7.303680017E1,3.259322205E0,1.124551483E1,2.001188507E0,1.187811182E1
7.304675317E1,3.399730225E0,1.099598373E1,1.962868195E0,1.167573019E1
7.305670717E1,3.540737000E0,1.055664734E1,2.082469482E0,1.132767852E1
7.306666017E1,3.599414978E0,1.017134857E1,2.177671509E0,1.100701472E1
7.307661317E1,3.544928284E0,9.809401245E0,2.083217926E0,1.063629006E1
7.308656617E1,3.367846527E0,9.504185944E0,1.960473175E0,1.027206872E1
7.309652017E1,3.069816284E0,9.377399597E0,1.789378967E0,1.002802435E1
7.310647317E1,2.642604675E0,9.319170685E0,1.498084717E0,9.801763083E0
7.311642617E1,2.253713379E0,9.356742554E0,1.594334564E0,9.755498855E0
7.312637917E1,2.107168121E0,9.371412048E0,1.885329437E0,9.788666322E0
7.313633317E1,2.183958435E0,9.143286438E0,2.115101624E0,9.635508093E0
7.314628617E1,2.329156494E0,8.713829498E0,2.249821472E0,9.296100858E0
7.315623917E1,2.396217041E0,8.271050262E0,2.311044159E0,8.915887710E0
7.316619317E1,2.352208557E0,8.052205353E0,2.293380890E0,8.696579330E0
7.317614617E1,2.358645172E0,8.014334106E0,2.263293457E0,8.655359928E0
7.318609917E1,2.530188446E0,8.064180450E0,2.303410034E0,8.760054663E0
7.319605217E1,2.734962616E0,8.137827301E0,2.254461823E0,8.876195796E0
7.320600617E1,2.871927795E0,8.244555359E0,2.095791779E0,8.978474565E0
7.321595917E1,2.920576630E0,8.399034119E0,1.849404144E0,9.082611831E0
7.322591217E1,2.903212738E0,8.574020233E0,1.493294678E0,9.174551551E0
7.323586617E1,2.868335266E0,8.674311676E0,1.155896301E0,9.209078483E0
7.324581917E1,2.809058533E0,8.747958527E0,9.041198730E-1,9.232281461E0
7.325577217E1,2.692301331E0,8.766669617E0,9.026229858E-1,9.215080622E0
7.326572517E1,2.444416809E0,8.846453705E0,1.032103729E0,9.235808291E0
7.327567917E1,2.175575867E0,8.950187988E0,1.654060364E0,9.358146775E0
7.328563217E1,1.965712280E0,9.098529510E0,1.827100525E0,9.486071914E0
7.329558517E1,1.862127686E0,9.245224457E0,1.401086426E0,9.534397618E0
7.330553817E1,1.896256714E0,9.452842712E0,1.341660004E0,9.734067826E0
7.331549217E1,1.976489868E0,9.763297119E0,1.122066650E0,1.002434618E1
7.332544517E1,2.015858002E0,9.855355682E0,4.864883423E-1,1.007116627E1
7.333539817E1,2.017803955E0,9.673334198E0,4.683760071E-1,9.892638849E0
7.334535217E1,2.188748474E0,9.382489014E0,8.446934509E-1,9.671361176E0
7.335530517E1,2.453398132E0,9.226513367E0,9.975256348E-1,9.599102494E0
7.336525817E1,2.721340942E0,9.374106445E0,8.628057861E-1,9.799183741E0
7.337521117E1,2.923121338E0,9.716444550E0,8.961863708E-1,1.018612208E1
7.338516517E1,3.108136597E0,9.988578644E0,1.125958557E0,1.052140671E1
7.339511817E1,3.223845978E0,1.005998016E1,9.410929871E-1,1.060575503E1
7.340507117E1,3.321592712E0,1.006237518E1,4.535568237E-1,1.060613437E1
7.341502537E1,3.338507538E0,9.978998566E0,2.224374390E-1,1.052499517E1
7.342497937E1,3.266956329E0,9.846374359E0,2.338137817E-1,1.037683770E1
7.343493237E1,3.019820251E0,9.712702332E0,9.220825195E-2,1.017174534E1
7.344488537E1,2.695594482E0,9.508676605E0,-4.999603271E-2,9.883504439E0
7.345483937E1,2.345173187E0,9.313332825E0,-2.589614868E-2,9.604096844E0
7.346479237E1,2.056273956E0,9.218280487E0,3.412902832E-2,9.444899285E0
7.347474537E1,1.917811890E0,9.154962158E0,5.239105225E-3,9.353681736E0
7.348469837E1,1.958527222E0,9.062155151E0,-9.086105347E-2,9.271825095E0
7.349465237E1,2.052232361E0,9.012608185E0,-2.636018372E-1,9.247067096E0
7.350460537E1,2.054178314E0,9.037157135E0,-4.111949158E-1,9.276795723E0
7.351455837E1,1.982327728E0,8.925639038E0,-4.348457336E-1,9.153455428E0
7.352451137E1,2.050585785E0,8.740923157E0,-4.357438660E-1,8.988799275E0
7.353446538E1,2.244133301E0,8.558003540E0,-4.372407532E-1,8.858145310E0
7.354441838E1,2.343676300E0,8.343499603E0,-3.502716064E-1,8.673493784E0
7.355437138E1,2.389630737E0,8.216413879E0,-2.191442871E-1,8.559662161E0
7.356432538E1,2.479294281E0,8.162226562E0,-4.185296631E-1,8.540726530E0
7.357427838E1,2.560275879E0,8.171806641E0,-7.438032532E-1,8.595736131E0
7.358423138E1,2.743045807E0,8.282426605E0,-1.101409607E0,8.794088577E0
7.359418438E1,2.880909119E0,8.450676727E0,-1.565294952E0,9.064420709E0
7.360413838E1,2.908152466E0,8.539891205E0,-1.880838776E0,9.215456964E0
7.361409138E1,2.913690948E0,8.466992798E0,-1.984722748E0,9.171623977E0
7.362404438E1,2.990930328E0,8.328680420E0,-1.995051270E0,9.071538532E0
7.363399738E1,3.288960571E0,8.214168549E0,-2.064357147E0,9.085779934E0
7.364395137E1,3.978127441E0,8.219257965E0,-1.869013367E0,9.320671135E0
7.365390437E1,4.739444275E0,8.224048004E0,-2.473157043E0,9.808863511E0
7.366385737E1,5.337450714E0,8.156388702E0,-3.146606598E0,1.024286043E1
7.367381137E1,5.691165161E0,8.030350800E0,-3.083138580E0,1.031414749E1
7.368376437E1,5.791905670E0,7.832162933E0,-2.744991760E0,1.012047070E1
7.369371737E1,5.595963135E0,7.637268219E0,-2.291734314E0,9.741391863E0
7.370367037E1,5.168003082E0,7.806416473E0,-1.908231812E0,9.554566587E0
7.371362437E1,4.705764313E0,8.181835785E0,-1.893861694E0,9.626700717E0
7.372357737E1,4.364623718E0,8.454568634E0,-1.954036560E0,9.713286255E0
7.373353037E1,4.070335693E0,8.677305450E0,-2.110610962E0,9.814170427E0
7.374348337E1,3.919000397E0,8.893755341E0,-2.414778442E0,1.001441976E1
7.375343737E1,4.015848999E0,9.042545929E0,-2.672093353E0,1.024864688E1
7.376339037E1,4.298760681E0,9.030421143E0,-2.702779541E0,1.036015766E1
7.377334337E1,4.593198395E0,9.071884918E0,-2.623294830E0,1.050134483E1
7.378329737E1,4.874313812E0,9.247469788E0,-2.536026306E0,1.075667523E1
7.379325037E1,4.914879456E0,9.459279327E0,-2.601140900E0,1.097269062E1
7.380320337E1,4.905299377E0,9.461374969E0,-2.655777283E0,1.098329328E1
7.381315637E1,5.023553467E0,9.317374420E0,-2.692900085E0,1.092251191E1
7.382311037E1,5.280868378E0,9.119934998E0,-2.923271027E0,1.093646646E1
7.383306337E1,5.568719788E0,9.025032349E0,-3.240162048E0,1.108875552E1
7.384301637E1,5.928421783E0,9.241332550E0,-3.319347382E0,1.147024321E1
7.385296937E1,6.446195068E0,9.693242798E0,-3.460503845E0,1.214444209E1
7.386292337E1,7.029382324E0,1.031669632E1,-3.659140778E0,1.300906415E1
7.387287637E1,7.468119965E0,1.108549759E1,-3.689078522E0,1.386615927E1
7.388282937E1,7.609426117E0,1.169113815E1,-3.712280273E0,1.443492646E1
7.389278337E1,7.569309540E0,1.183184555E1,-3.605252838E0,1.450120216E1
7.390273637E1,7.152725830E0,1.153995255E1,-3.324287109E0,1.397794249E1
7.391268937E1,6.323600006E0,1.102173019E1,-2.720742188E0,1.299495639E1
7.392264237E1,5.494923248E0,1.048973648E1,-1.918111267E0,1.199616204E1
7.393259638E1,4.833748169E0,9.990374908E0,-1.071771240E0,1.114995093E1
7.394254938E1,4.269870758E0,1.030561935E1,-5.703140259E-1,1.116972894E1
7.395250238E1,3.093167725E0,1.160147461E1,1.282832336E-1,1.200742921E1
7.396245538E1,2.384840698E0,1.135688324E1,1.550775146E0,1.170773956E1
7.397240938E1,3.120710449E0,9.457483063E0,2.863245850E0,1.036248022E1
7.398236238E1,3.561394043E0,8.713530121E0,3.238964539E0,9.954899597E0
7.399231538E1,3.055146790E0,9.263785858E0,2.950364685E0,1.019099122E1
7.400226938E1,2.045496368E0,1.036684204E1,2.776127014E0,1.092530780E1
7.401222238E1,1.145567780E0,1.178379547E1,1.837578735E0,1.198110416E1
7.402217538E1,6.694079590E-1,1.284703445E1,8.011340332E-1,1.288938389E1
7.403212838E1,5.770500183E-1,1.329999252E1,4.236190796E-1,1.331924326E1
7.404208238E1,5.581892395E-1,1.324161392E1,7.065307617E-2,1.325356202E1
7.405203538E1,9.065148926E-1,1.283969971E1,-5.882766724E-2,1.287179547E1
7.406198838E1,1.399439850E0,1.201027451E1,-2.633024597E-1,1.209439762E1
7.407194137E1,1.836979980E0,1.105765549E1,-5.804928589E-1,1.122422435E1
7.408189537E1,2.214045868E0,1.007165588E1,-1.026565247E0,1.036311187E1
7.409184837E1,2.427202606E0,9.274862823E0,-1.202449493E0,9.662312232E0
7.410180137E1,2.432890778E0,8.566386108E0,-1.209634552E0,8.986942987E0
7.411175537E1,2.365680542E0,7.864645386E0,-1.264869690E0,8.309571999E0
7.412170837E1,2.263892212E0,7.259753265E0,-1.182989960E0,7.696017845E0
7.413166137E1,2.246977386E0,6.789880371E0,-1.069525909E0,7.231546757E0
7.414161437E1,2.265089722E0,6.512058105E0,-9.839039612E-1,6.964596128E0
7.415156837E1,2.364333344E0,6.390660553E0,-1.063837738E0,6.896547339E0
7.416152137E1,2.441273346E0,6.330785065E0,-1.249152374E0,6.899205515E0
7.417147437E1,2.513722687E0,6.229296112E0,-1.387165375E0,6.859093204E0
7.418142737E1,2.521506500E0,6.329138489E0,-1.505868530E0,6.977365482E0
7.419138137E1,2.638114014E0,6.649771729E0,-1.672023010E0,7.346752380E0
7.420133437E1,2.769989777E0,7.012018433E0,-1.812730408E0,7.754175481E0
7.421128737E1,2.918181610E0,7.283254395E0,-1.862726440E0,8.064200412E0
7.422124037E1,3.086282043E0,7.372768250E0,-1.909279633E0,8.217554212E0
7.423119437E1,3.261567535E0,7.558232574E0,-1.991458740E0,8.469392561E0
7.424114737E1,3.341351624E0,7.754923553E0,-2.128573608E0,8.708288902E0
7.425110037E1,3.361709290E0,8.023914185E0,-2.134561157E0,8.957713967E0
7.426105437E1,3.343147888E0,8.135132904E0,-2.157313843E0,9.055994047E0
7.427100737E1,3.416645050E0,8.225544891E0,-2.203417969E0,9.175407506E0
7.428096037E1,3.180286560E0,8.095016327E0,-1.830693054E0,8.887910272E0
7.429091337E1,3.011287994E0,8.111033020E0,-1.683249664E0,8.814195452E0
7.430086737E1,2.930456085E0,8.012986908E0,-1.713486786E0,8.702388696E0
7.431082037E1,2.699187012E0,7.868986359E0,-1.774709473E0,8.506241858E0
7.432077337E1,2.347119141E0,8.082891541E0,-1.779200134E0,8.602770312E0
7.433072637E1,2.363435211E0,8.281229095E0,-1.929637299E0,8.825422451E0
7.434068037E1,2.317630463E0,8.458610229E0,-2.063009949E0,9.009745170E0
7.435063337E1,2.527643738E0,8.783434753E0,-2.064207458E0,9.370093989E0
7.436058637E1,2.328557739E0,9.191037140E0,-1.578766937E0,9.611963894E0
7.437054038E1,2.523153076E0,9.475745087E0,-1.330882416E0,9.895822068E0
7.438049338E1,2.540966034E0,9.401349792E0,-1.291065216E0,9.823885977E0
7.439044638E1,2.529140625E0,9.389075317E0,-2.081721039E0,9.944086187E0
7.440039938E1,2.512674866E0,9.143136749E0,-2.699636078E0,9.858930954E0
7.441035338E1,2.513273621E0,8.912017365E0,-2.593656464E0,9.616010173E0
7.442030517E1,2.666405182E0,8.945248260E0,-2.547702026E0,9.675637894E0
7.443025817E1,3.041674805E0,8.811127167E0,-2.201621704E0,9.577833037E0
7.444021117E1,3.488495636E0,8.826395416E0,-2.321522369E0,9.770584627E0
7.445016517E1,3.725602570E0,8.786129150E0,-2.823877716E0,9.952410025E0
7.446011817E1,3.906276855E0,8.742420044E0,-3.115920410E0,1.006965079E1
7.447007117E1,4.055067444E0,8.771160278E0,-3.022514648E0,1.012484170E1
7.448002417E1,4.155358887E0,8.831035767E0,-3.001857605E0,1.021104056E1
7.448997817E1,4.335883484E0,8.901239777E0,-2.764750671E0,1.027987361E1
7.449993117E1,4.384981384E0,8.752598877E0,-2.453248444E0,1.009229789E1
7.450988417E1,4.124672699E0,8.605005798E0,-2.234553223E0,9.800626397E0
7.451983817E1,3.640878754E0,8.616082764E0,-2.393971710E0,9.655256643E0
7.452979117E1,3.229234772E0,8.761280823E0,-2.931354218E0,9.786768436E0
7.453974417E1,3.000959473E0,8.898994446E0,-3.362906799E0,9.975319646E0
7.454969717E1,2.909799042E0,8.868757324E0,-3.384911041E0,9.928716417E0
7.455965117E1,2.775079193E0,8.573720856E0,-3.272345123E0,9.587387363E0
7.456960417E1,2.561323700E0,8.104895782E0,-3.199446716E0,9.082189936E0
7.457955717E1,2.546953583E0,7.531138916E0,-3.323538666E0,8.616898235E0
7.458951017E1,2.735261993E0,7.037315826E0,-3.329077148E0,8.251559057E0
7.459946417E1,2.768941956E0,6.957082672E0,-3.109334106E0,8.107773890E0
7.460941717E1,2.737507324E0,7.131919098E0,-2.941982117E0,8.186175856E0
7.461937017E1,3.024460602E0,7.910450134E0,-2.686613159E0,8.884845160E0
7.462932317E1,3.065475311E0,9.052425385E0,-3.236270142E0,1.009044046E1
7.463927717E1,3.521876221E0,9.159153442E0,-2.392624512E0,1.010041365E1
7.464923017E1,2.555934906E0,7.565567322E0,-3.930077362E0,8.900343826E0
7.465918317E1,4.306245117E0,9.789342957E0,-3.349135437E0,1.120676986E1
7.466913717E1,6.774911499E-1,8.419691162E0,-3.087629242E0,8.993533669E0
7.467909017E1,8.693920898E-1,9.281000061E0,-4.563410339E0,1.037870506E1
7.468904317E1,2.987337799E0,1.031744476E1,-4.273912354E0,1.156028461E1
7.469899617E1,2.999911652E0,1.053793625E1,-3.702550507E0,1.156531238E1
7.470895017E1,1.758393402E0,1.037402710E1,-3.432661743E0,1.106777088E1
7.471890317E1,1.899549866E0,1.032612671E1,-3.269051971E0,1.099653961E1
7.472885617E1,2.575693817E0,1.048749115E1,-2.675835571E0,1.112572538E1
7.473880917E1,2.644550629E0,1.066427353E1,-2.272125092E0,1.121975625E1
7.474876317E1,2.644550629E0,1.078462326E1,-2.602937164E0,1.140513169E1
7.475871617E1,2.984493713E0,1.127335693E1,-1.263372803E0,1.172995695E1
7.476866917E1,2.877316589E0,1.166254761E1,-1.282832336E-1,1.201292737E1
7.477862217E1,2.389930115E0,1.235081635E1,2.721340942E0,1.287090233E1
7.478857617E1,1.369651794E0,1.290661057E1,4.804409180E0,1.383975758E1
7.479852917E1,9.937834167E-1,1.291334656E1,6.411317596E0,1.445154380E1
7.480848217E1,2.272574158E0,1.286544617E1,5.790109406E0,1.429019473E1
7.481843617E1,4.450095978E0,1.280691788E1,4.421056366E0,1.426065353E1
7.482838917E1,6.247408447E0,1.307935135E1,3.873944092E0,1.500356580E1
7.483834217E1,7.250472565E0,1.374187363E1,3.720363464E0,1.597653115E1
7.484829517E1,7.504494324E0,1.409468994E1,3.012784882E0,1.624975669E1
7.485824917E1,6.747668152E0,1.356045090E1,2.462828522E0,1.534543510E1
7.486820217E1,5.459147644E0,1.294687683E1,1.704056396E0,1.415371756E1
7.487815517E1,4.113446045E0,1.220636673E1,1.606758728E0,1.298065872E1
7.488810817E1,4.164040833E0,1.200174225E1,1.951192474E0,1.285255637E1
7.489806217E1,4.321663055E0,1.177017380E1,2.449805603E0,1.277557475E1
7.490801517E1,3.816313934E0,1.115121094E1,2.590063934E0,1.206740190E1
7.491796817E1,3.417543182E0,1.056173676E1,2.344873810E0,1.134585025E1
7.492792117E1,3.374432831E0,9.851463776E0,2.062261505E0,1.061560446E1
7.493787517E1,3.709136810E0,9.412576447E0,1.704505463E0,1.025961160E1
7.494782817E1,4.299509125E0,9.124575348E0,1.493594055E0,1.019678759E1
7.495778117E1,4.747228088E0,8.926986237E0,1.263223114E0,1.018935672E1
7.496773517E1,4.922663269E0,8.660690002E0,9.187893677E-1,1.000421606E1
7.497768817E1,4.809199219E0,8.476123810E0,5.387297058E-1,9.760292089E0
7.498764117E1,4.682562561E0,8.352331238E0,4.200265503E-1,9.584584057E0
7.499759417E1,4.484524384E0,8.333171082E0,4.942721558E-1,9.476128122E0
7.500754817E1,4.028871918E0,8.334967346E0,6.617738342E-1,9.281240984E0
7.501750117E1,3.460054779E0,8.130941620E0,9.616003418E-1,8.888693150E0
7.502745417E1,2.851270752E0,7.766150208E0,1.016536102E0,8.335237225E0
7.503740717E1,2.178419952E0,7.409142609E0,9.038204956E-1,7.775461348E0
7.504736117E1,1.696721649E0,7.156767426E0,9.131011963E-1,7.411608336E0
7.505731417E1,1.340013428E0,7.000791779E0,7.351213074E-1,7.165690815E0
7.506726717E1,8.816665649E-1,6.926246796E0,7.524851990E-1,7.022568233E0
7.507722017E1,1.160536652E0,7.201524353E0,6.083349609E-1,7.319758859E0
7.508717417E1,2.054777069E0,7.358996887E0,3.858975220E-1,7.650219663E0
7.509712717E1,2.542462921E0,7.335795135E0,3.864962769E-1,7.773505474E0
7.510708017E1,2.962938538E0,7.227719879E0,3.347039795E-1,7.818629431E0
7.511703417E1,3.177741852E0,7.046596527E0,-3.155438232E-1,7.736416082E0
7.512698717E1,3.334465942E0,7.107819214E0,-7.053332520E-1,7.882718573E0
7.513694017E1,3.223546600E0,7.301965485E0,-1.183588715E0,8.069128507E0
7.514689317E1,3.107687531E0,7.829767914E0,-7.129673767E-1,8.454070608E0
7.515684717E1,3.002905426E0,8.436905365E0,-5.240602112E-1,8.970699652E0
7.516680017E1,2.981499939E0,8.818910980E0,-4.589456177E-1,9.320577442E0
7.517675317E1,3.225642242E0,9.097631378E0,-7.464976501E-1,9.681369909E0
7.518670617E1,3.467838593E0,9.295220490E0,-5.577401733E-1,9.936704814E0
7.519666017E1,3.534450073E0,9.306297455E0,-6.346801758E-2,9.955075983E0
7.520661317E1,3.485801239E0,9.225016479E0,4.221221924E-2,9.861719992E0
7.521656617E1,3.174448700E0,9.157806244E0,-2.899470520E-1,9.696731874E0
7.522651917E1,2.700983276E0,9.129664764E0,-4.105961609E-1,9.529673582E0
7.523647317E1,2.280657349E0,9.188941498E0,-1.616638184E-1,9.469117117E0
7.524642617E1,2.059417419E0,9.132508850E0,4.520599365E-2,9.361942191E0
7.525637917E1,2.021845551E0,8.988059235E0,1.811233521E-2,9.212675849E0
7.526633217E1,2.046244812E0,8.882828064E0,1.471440125E-1,9.116655286E0
7.527628617E1,2.179318085E0,8.688382416E0,2.793191528E-1,8.961887943E0
7.528623917E1,2.442171478E0,8.413553925E0,1.438508606E-1,8.762008003E0
7.529619217E1,2.789748688E0,8.052654419E0,-5.882766724E-2,8.522405859E0
7.530614617E1,2.800226898E0,7.953410797E0,-4.360432434E-1,8.443230880E0
7.531609917E1,2.520758057E0,8.341853027E0,-8.315208435E-1,8.753979668E0
7.532605217E1,2.687810669E0,8.942703552E0,-1.012344818E0,9.392609597E0
7.533600517E1,3.124752045E0,9.623787231E0,-1.103056183E0,1.017831464E1
7.534595917E1,3.374881897E0,1.007375153E1,-1.309027863E0,1.070438469E1
7.535591217E1,3.426674194E0,9.881551208E0,-1.569785614E0,1.057598115E1
7.536586517E1,3.394790497E0,9.461225281E0,-1.856140137E0,1.022177296E1
7.537581817E1,3.071612549E0,9.112600250E0,-2.018402710E0,9.825896217E0
7.538577217E1,2.806513824E0,8.785829773E0,-2.091301117E0,9.457318066E0
7.539572517E1,2.760260010E0,8.362061005E0,-1.838327179E0,8.995695992E0
7.540567817E1,2.616708527E0,8.036787415E0,-1.473535767E0,8.579535134E0
7.541563117E1,2.607876892E0,8.059240723E0,-1.243763580E0,8.561502833E0
7.542558475E1,2.752176819E0,8.400381317E0,-1.282233582E0,8.932245321E0
7.543553775E1,2.875370636E0,8.778045959E0,-1.493444366E0,9.356934500E0
7.544549075E1,2.935844879E0,9.202413483E0,-1.615889740E0,9.793604991E0
7.545544375E1,3.235671387E0,9.584269409E0,-1.437011719E0,1.021727910E1
7.546539775E1,3.664230194E0,9.814340973E0,-1.237027588E0,1.054884396E1
7.547535075E1,3.832480316E0,1.006117767E1,-1.053509216E0,1.081781324E1
7.548530375E1,3.677103424E0,1.042357407E1,-1.351838837E0,1.113550422E1
7.549525775E1,3.077600098E0,1.125434647E1,-1.804497528E0,1.180627579E1
7.550521075E1,1.679058380E0,1.253298752E1,-7.644602966E-1,1.266804692E1
7.551516375E1,1.789378967E0,1.275796967E1,1.415606232E0,1.296038611E1
7.552511675E1,2.329605560E0,1.279509247E1,7.201524353E-1,1.302536268E1
7.553507075E1,2.460882568E0,1.306333466E1,4.400848389E-2,1.329317840E1
7.554502375E1,2.230960693E0,1.282203644E1,-9.131011963E-2,1.301499679E1
7.555497675E1,1.029409332E0,1.233704498E1,7.602690125E-1,1.240324036E1
7.556492975E1,1.347198486E-2,1.212478638E1,1.799857178E0,1.225765524E1
7.557488375E1,-5.276527405E-1,1.213107330E1,2.249522095E0,1.234915813E1
7.558483675E1,-8.452922058E-1,1.232536926E1,2.563868408E0,1.261755395E1
7.559478975E1,-1.235530701E0,1.240635086E1,2.996917877E0,1.282285438E1
7.560474275E1,-1.633553009E0,1.222477844E1,3.056793365E0,1.270660022E1
7.561469675E1,-1.833088074E0,1.180879349E1,2.673889618E0,1.224571359E1
7.562464975E1,-1.714833984E0,1.103639969E1,2.183808746E0,1.138032488E1
7.563460275E1,-1.202898560E0,1.010144394E1,1.618733826E0,1.030079773E1
7.564455575E1,-6.123765564E-1,9.422156525E0,1.052760773E0,9.500544398E0
7.565450975E1,-9.310638428E-2,8.997190247E0,7.973918152E-1,9.032936114E0
7.566446275E1,1.404080200E-1,8.738977203E0,7.161108398E-1,8.769392893E0
7.567441575E1,3.263214111E-2,8.512647858E0,9.101074219E-1,8.561222689E0
7.568436875E1,8.232879639E-3,8.232280884E0,1.145867157E0,8.311650129E0
7.569432275E1,-1.339714050E-1,8.169860687E0,8.193960571E-1,8.211941420E0
7.570427575E1,-5.474116516E-1,8.599317627E0,6.695576477E-1,8.642698109E0
7.571422875E1,-9.861492920E-1,9.087302856E0,8.087681580E-1,9.176364725E0
7.572418275E1,-1.239123230E0,9.367370453E0,1.001267853E0,9.501873126E0
7.573413575E1,-1.154399414E0,9.384884033E0,1.053209839E0,9.514091511E0
7.574408875E1,-8.610095215E-1,9.269773407E0,9.273216248E-1,9.355744856E0
7.575404175E1,-5.108876038E-1,9.203760681E0,7.632627869E-1,9.249474953E0
7.576399575E1,-1.950444031E-1,9.043444061E0,6.631210327E-1,9.069820964E0
7.577394875E1,1.679507446E-1,8.871900787E0,6.342311096E-1,8.896127255E0
7.578390175E1,6.855743408E-1,9.070088654E0,7.511380005E-1,9.126923285E0
7.579385475E1,1.160087585E0,9.349108429E0,8.328680420E-1,9.457552580E0
7.580380875E1,1.346150665E0,9.730964355E0,6.804849243E-1,9.847174652E0
7.581376175E1,1.395847321E0,1.005758514E1,5.505551147E-1,1.016889963E1
7.582371475E1,1.139131165E0,1.028436356E1,5.719606018E-1,1.036305421E1
7.583366775E1,6.402186584E-1,1.066412384E1,7.580236816E-1,1.071018287E1
7.584362175E1,1.553768921E-1,1.086201233E1,1.014889526E0,1.091042871E1
7.585357475E1,-2.107617188E-1,1.010668304E1,9.720785522E-1,1.015551079E1
7.586352775E1,-3.921844482E-1,9.513766022E0,6.300398254E-1,9.542667486E0
7.587348075E1,-4.471202087E-1,9.200916595E0,6.631210327E-1,9.235611089E0
7.588343475E1,-1.965412903E-1,9.079968109E0,6.523434448E-1,9.105492920E0
7.589338775E1,8.981323242E-4,8.809779968E0,5.764512634E-1,8.828619369E0
7.590334075E1,1.531315613E-1,8.607400818E0,5.298980713E-1,8.625055947E0
7.591329475E1,2.125579834E-1,8.571625214E0,4.646337891E-1,8.586840179E0
7.592324775E1,2.263293457E-1,8.623118134E0,5.345384216E-1,8.642634011E0
7.593320075E1,1.987866211E-1,8.772507477E0,5.138813782E-1,8.789793947E0
7.594315375E1,4.326004028E-2,8.979676666E0,5.837860107E-1,8.998737165E0
7.595310775E1,-5.957611084E-2,9.182804260E0,5.748046875E-1,9.200969722E0
7.596306075E1,-5.523513794E-2,9.345815277E0,6.403683472E-1,9.367891211E0
7.597301375E1,-8.457412720E-2,9.513616333E0,6.622229004E-1,9.537011465E0
7.598296675E1,-1.303788757E-1,9.700278168E0,5.843847656E-1,9.718739668E0
7.599292075E1,-1.580712891E-1,9.849068756E0,5.333409119E-1,9.864765300E0
7.600287375E1,-6.750961304E-2,9.945468292E0,6.301895142E-1,9.965642775E0
7.601282675E1,1.094224548E-1,9.951006775E0,6.761439514E-1,9.974551607E0
7.602277975E1,2.595602417E-1,9.870623932E0,5.830375671E-1,9.891234560E0
7.603273375E1,3.966751099E-1,9.720186768E0,4.845423889E-1,9.740336917E0
7.604268675E1,3.969744873E-1,9.645342407E0,4.924758911E-1,9.666061835E0
7.605263975E1,3.755690002E-1,9.560319214E0,5.462141418E-1,9.583272167E0
7.606259275E1,3.629951477E-1,9.465266876E0,3.168910217E-1,9.477524067E0
7.607254675E1,3.293151855E-1,9.434580688E0,-1.496887207E-3,9.440326451E0
7.608249975E1,3.284170532E-1,9.568252716E0,-3.112028503E-1,9.578943836E0
7.609245275E1,3.538641357E-1,9.816586304E0,-5.586383057E-1,9.838834445E0
7.610240575E1,3.086581421E-1,1.009156448E1,-7.592211914E-1,1.012478940E1
7.611235975E1,2.791694641E-1,1.038705002E1,-7.093748474E-1,1.041498710E1
7.612231275E1,3.535647583E-1,1.061278061E1,-7.704478455E-1,1.064658209E1
7.613226575E1,4.023632813E-1,1.063568298E1,-9.054670715E-1,1.068173766E1
7.614221875E1,3.165916443E-1,1.039962387E1,-1.060843964E0,1.045838405E1
7.615217275E1,1.498384094E-1,9.983189850E0,-1.108894043E0,1.004570441E1
7.616212575E1,1.272354126E-2,9.537267151E0,-1.090931396E0,9.599466543E0
7.617207875E1,-6.496490479E-2,9.142987061E0,-8.949888611E-1,9.186916669E0
7.618203275E1,-2.230361938E-2,8.924890594E0,-8.181985474E-1,8.962344472E0
7.619198575E1,4.760101318E-2,8.926537170E0,-1.075962524E0,8.991275052E0
7.620193875E1,2.948867798E-2,9.164542236E0,-9.933343506E-1,9.218265407E0
7.621189175E1,5.763015747E-2,9.385632477E0,-1.235530701E0,9.466781625E0
7.622184575E1,1.408570862E-1,9.547146606E0,-1.753303986E0,9.707827971E0
7.623179875E1,1.163081360E-1,9.620344391E0,-1.968256989E0,9.820315135E0
7.624175175E1,-4.969665527E-2,9.556127930E0,-1.568139038E0,9.684064788E0
7.625170475E1,-1.725910950E-1,9.452543335E0,-1.178199921E0,9.527251347E0
7.626165875E1,-1.049317932E-1,9.230854340E0,-7.783813477E-1,9.264208549E0
7.627161175E1,-4.340972900E-3,9.079369354E0,-7.116201782E-1,9.107215271E0
7.628156475E1,1.380130005E-1,9.041198730E0,-9.131011963E-1,9.088238326E0
7.629151775E1,4.261637878E-1,9.057065735E0,-1.292861481E0,9.158796106E0
7.630147175E1,6.601272583E-1,9.147178345E0,-1.691332855E0,9.325623116E0
7.631142475E1,7.321275330E-1,9.478140106E0,-1.704505463E0,9.657975433E0
7.632137775E1,9.990225220E-1,9.814191284E0,-1.722917175E0,1.001423188E1
7.633133075E1,1.532213745E0,9.604178009E0,-1.818717957E0,9.894223021E0
7.634128475E1,1.632355499E0,9.242829437E0,-1.924697571E0,9.581176401E0
7.635123775E1,1.524579620E0,9.151219940E0,-1.829345856E0,9.455986235E0
7.636119075E1,1.382225647E0,9.039402466E0,-1.679806824E0,9.297477918E0
7.637114375E1,1.081650696E0,8.971443787E0,-1.736838226E0,9.201813890E0
7.638109775E1,7.373666382E-1,9.157207489E0,-1.702409821E0,9.343251990E0
7.639105075E1,8.595126343E-1,9.300010529E0,-1.188229065E0,9.414926771E0
7.640100375E1,6.990463257E-1,8.993148651E0,-1.007704468E0,9.076390071E0
7.641095675E1,6.722520447E-1,9.000483398E0,-8.440946960E-1,9.064939055E0
7.642091087E1,9.029223633E-1,9.498497772E0,5.785469055E-1,9.558841208E0
7.643086387E1,1.469344482E0,1.076980408E1,1.151106262E0,1.093035675E1
7.644081687E1,1.584904175E0,1.106753494E1,7.852670288E-1,1.120798355E1
7.645076987E1,1.261726227E0,1.145582748E1,3.110980682E0,1.193759344E1
7.646072387E1,2.504292297E-1,1.252685028E1,5.037624207E0,1.350416048E1
7.647067687E1,-2.386038208E-1,1.310689407E1,7.375911713E0,1.504166472E1
7.648062987E1,-4.565505981E-1,1.350551514E1,7.705825653E0,1.555593541E1
7.649058287E1,3.444337463E-1,1.396715515E1,6.661597137E0,1.547827297E1
7.650053687E1,1.241069183E0,1.378603180E1,4.809797974E0,1.465363716E1
7.651048987E1,2.610571289E0,1.309851151E1,3.206182709E0,1.373556310E1
7.652044287E1,3.852388916E0,1.230022156E1,2.171384583E0,1.307100844E1
7.653039687E1,4.156855774E0,1.158845169E1,1.797462158E0,1.244196659E1
7.654034987E1,4.587360535E0,1.099882782E1,2.134112091E0,1.210671403E1
7.655030287E1,4.873116302E0,1.018107834E1,2.800526276E0,1.162946972E1
7.656025587E1,4.479135590E0,9.364077301E0,3.744762726E0,1.103502819E1
7.657020988E1,3.508254547E0,8.757388916E0,4.860542450E0,1.061247302E1
7.658016288E1,2.267634430E0,8.272397461E0,5.267546082E0,1.006587142E1
7.659011588E1,1.116228790E0,8.036787415E0,5.078189850E0,9.572039010E0
7.660006888E1,2.842588806E-1,8.049810333E0,5.086422729E0,9.526381564E0
7.661002288E1,-3.203338623E-1,8.146808624E0,5.551954651E0,9.863939628E0
7.661997588E1,-4.010160828E-1,8.499475250E0,6.066434784E0,1.045004901E1
7.662992888E1,-1.094224548E-1,8.877439270E0,5.702242126E0,1.055160967E1
7.663988188E1,3.849993896E-1,9.142537994E0,4.946613464E0,1.040207721E1
7.664983588E1,9.593550110E-1,9.319769440E0,4.029320984E0,1.019872012E1
7.665978888E1,1.577120361E0,9.637408905E0,3.595373383E0,1.040642440E1
7.666974188E1,2.093546448E0,9.741592255E0,3.567680969E0,1.058347315E1
7.667969488E1,2.209106140E0,9.569599915E0,3.027304688E0,1.027725480E1
7.668964887E1,1.875899048E0,9.401200104E0,2.505938873E0,9.908647247E0
7.669960187E1,1.714983673E0,9.371412048E0,2.463127899E0,9.840301409E0
7.670955487E1,1.679806824E0,9.362730103E0,2.626887360E0,9.868282684E0
7.671950787E1,1.630858612E0,9.258995819E0,2.866988068E0,9.828953351E0
7.672946187E1,1.400487671E0,8.993448029E0,3.110980682E0,9.618818741E0
7.673941487E1,1.570833435E0,8.861422577E0,3.115770721E0,9.523673396E0
7.674936787E1,1.788181458E0,8.855584717E0,2.974015503E0,9.511242916E0
7.675932087E1,1.835632782E0,8.844058685E0,2.884950714E0,9.482081120E0
7.676927487E1,1.792672119E0,8.886719971E0,2.942580872E0,9.531329779E0
7.677922787E1,1.472338257E0,9.022188263E0,2.988834686E0,9.617733297E0
7.678918087E1,1.093476105E0,9.104367371E0,2.863694916E0,9.606557332E0
7.679913387E1,7.791297913E-1,9.041797485E0,2.875071259E0,9.519830867E0
7.680908787E1,4.198768616E-1,8.998387756E0,2.968477020E0,9.484678941E0
7.681904087E1,5.625302124E-1,9.230854340E0,3.128643951E0,9.762864593E0
7.682899387E1,6.295907593E-1,9.297615509E0,3.146905975E0,9.835906460E0
7.683894687E1,5.439688110E-1,9.333091736E0,2.985990601E0,9.814206197E0
7.684890087E1,7.902067566E-1,9.556277618E0,2.818638611E0,9.994578143E0
7.685885387E1,9.871971130E-1,9.784253540E0,2.592159576E0,1.016983121E1
7.686880687E1,8.818162537E-1,9.861492920E0,2.183659058E0,1.013878737E1
7.687876087E1,1.085093536E0,9.777517548E0,1.792971497E0,9.999601200E0
7.688871387E1,1.464404755E0,9.436826019E0,1.460812225E0,9.660856016E0
7.689866687E1,1.729054413E0,9.091494141E0,1.140178986E0,9.324425076E0
7.690861987E1,1.918560333E0,8.877439270E0,9.005273438E-1,9.126924523E0
7.691857387E1,2.020198975E0,8.833879852E0,9.119036865E-1,9.107700340E0
7.692852687E1,2.061513062E0,8.926537170E0,1.797312469E0,9.336125217E0
7.693847987E1,1.935175781E0,9.059760132E0,2.086960144E0,9.496291992E0
7.694843287E1,1.786235504E0,8.932824097E0,1.416953430E0,9.219204990E0
7.695838687E1,1.603914642E0,9.042246552E0,1.449884949E0,9.297146403E0
7.696833987E1,1.225202179E0,9.223220215E0,1.745819550E0,9.466614887E0
7.697829287E1,7.932005310E-1,8.905880127E0,1.802401886E0,9.120993393E0
7.698824587E1,4.617897034E-1,8.979826355E0,1.560654602E0,9.126125897E0
7.699819988E1,6.077362061E-1,9.144034882E0,1.231489105E0,9.246582213E0
7.700815288E1,1.005608826E0,9.189390564E0,1.024768982E0,9.300876277E0
7.701810588E1,1.402882690E0,9.055718536E0,1.051712952E0,9.223893873E0
7.702805888E1,1.745969238E0,8.830287323E0,1.221160583E0,9.083700565E0
7.703801288E1,1.960473175E0,8.555009766E0,1.462608490E0,8.897801456E0
7.704796588E1,2.076332245E0,8.422684937E0,1.644180908E0,8.829275621E0
7.705791888E1,2.089355164E0,8.563392334E0,1.717378693E0,8.980338682E0
7.706787188E1,1.980531464E0,8.864266663E0,1.946252747E0,9.289005765E0
7.707782588E1,1.844165039E0,9.068442078E0,2.064057770E0,9.481451412E0
7.708777888E1,1.815724182E0,9.363029480E0,1.866618347E0,9.718407246E0
7.709773188E1,1.794917450E0,9.615704041E0,1.505569153E0,9.896980920E0
7.710768488E1,1.753753052E0,9.704918518E0,1.181642761E0,9.932641785E0
7.711763888E1,1.532513123E0,9.840835876E0,1.023421783E0,1.001189489E1
7.712759188E1,1.036295013E0,1.021745270E1,9.708810425E-1,1.031566076E1
7.713754488E1,2.179467773E-1,1.046174469E1,1.881437531E0,1.063181123E1
7.714749787E1,3.625460815E-1,1.029214737E1,1.979783020E0,1.048710055E1
7.715745187E1,4.748126221E-1,9.426048431E0,2.465223541E0,9.754648285E0
7.716740487E1,1.121168518E-1,8.927285614E0,2.923570404E0,9.394480429E0
7.717735787E1,-7.547305298E-1,9.057963867E0,3.767216034E0,9.839118062E0
7.718731087E1,-1.739981689E0,9.792336731E0,4.212240601E0,1.080094282E1
7.719726487E1,-2.173629913E0,1.074929672E1,3.861070862E0,1.162668978E1
7.720721787E1,-2.372416534E0,1.147019760E1,3.367247772E0,1.218737670E1
7.721717087E1,-2.634820862E0,1.181552948E1,3.217259674E0,1.252596414E1
7.722712387E1,-2.631677399E0,1.177690979E1,3.263064423E0,1.250075676E1
7.723707787E1,-2.098186798E0,1.130988098E1,3.195405121E0,1.193844251E1
7.724703087E1,-1.280886383E0,1.061293030E1,3.057242432E0,1.111852916E1
7.725698387E1,-5.165757751E-1,1.006132736E1,2.956052856E0,1.049930509E1
7.726693687E1,3.183879089E-1,9.590855713E0,2.707868958E0,9.970879523E0
7.727689087E1,5.867797852E-1,9.514813843E0,2.503094788E0,9.856037566E0
7.728684387E1,3.423381042E-1,9.587263184E0,2.726729736E0,9.973357799E0
7.729679687E1,1.257385254E-2,9.834399261E0,3.166215820E0,1.033152891E1
7.730674987E1,-4.547543335E-1,1.006072861E1,3.020419006E0,1.051418055E1
7.731670387E1,-7.728428650E-1,1.010189301E1,3.099454651E0,1.059491140E1
7.732665687E1,-8.689430237E-1,9.940079498E0,3.223696289E0,1.048582186E1
7.733660987E1,-9.334588623E-1,9.668843536E0,2.979853363E0,1.016058103E1
7.734656287E1,-1.083596649E0,9.226213989E0,3.029999084E0,9.771289614E0
7.735651687E1,-1.250798950E0,8.993148651E0,2.830913086E0,9.510798577E0
7.736646987E1,-1.280736694E0,9.153465271E0,2.578088837E0,9.595454914E0
7.737642287E1,-1.118324432E0,9.486372986E0,2.404150543E0,9.849967604E0
7.738637587E1,-1.014141083E0,9.880503387E0,2.369722137E0,1.021119054E1
7.739632987E1,-1.009800110E0,1.023691223E1,2.450254669E0,1.057439437E1
7.740628287E1,-8.144563293E-1,1.045740372E1,2.463427277E0,1.077446544E1
7.741623587E1,-6.206094360E-1,1.039288788E1,2.467169495E0,1.069972896E1
7.742618925E1,-5.863307190E-1,1.020981857E1,2.331401825E0,1.048902348E1
7.743614325E1,-4.312532043E-1,9.916578369E0,2.257455597E0,1.017942099E1
7.744609625E1,-2.877017212E-1,9.519753571E0,2.234702911E0,9.782759193E0
7.745604925E1,-1.335223389E-1,9.232949982E0,2.142344971E0,9.479179055E0
7.746600225E1,-3.218307495E-2,9.141939240E0,2.149380341E0,9.391268533E0
7.747595625E1,-1.245410156E-1,9.116941223E0,2.216889954E0,9.383428414E0
7.748590925E1,-3.459306335E-1,9.076525269E0,2.262994080E0,9.360775671E0
7.749586225E1,-6.499484253E-1,9.068292389E0,2.277962952E0,9.372591691E0
7.750581525E1,-8.545729065E-1,9.121431885E0,2.397713928E0,9.469944380E0
7.751576925E1,-9.470805359E-1,9.176068268E0,2.513722687E0,9.561171065E0
7.752572225E1,-9.663903809E-1,9.222920837E0,2.526446228E0,9.611405188E0
7.753567525E1,-1.006656647E0,9.293424225E0,2.456092529E0,9.665065025E0
7.754562825E1,-1.060993652E0,9.382938080E0,2.395318909E0,9.741806158E0
7.755558225E1,-9.892927551E-1,9.418264618E0,2.353256378E0,9.758085066E0
7.756553525E1,-8.891510010E-1,9.364825745E0,2.314187622E0,9.687415294E0
7.757548825E1,-6.891668701E-1,9.347461853E0,2.281256104E0,9.646456524E0
7.758544125E1,-5.456153870E-1,9.396709442E0,2.231858826E0,9.673522539E0
7.759539525E1,-5.313949585E-1,9.517358551E0,2.108066254E0,9.762501612E0
7.760534825E1,-5.598358154E-1,9.651928711E0,1.902693329E0,9.853597611E0
7.761530125E1,-5.851332092E-1,9.519304504E0,1.776206360E0,9.701260132E0
7.762525425E1,-7.686515808E-1,9.241931305E0,1.722019043E0,9.432362858E0
7.763520825E1,-8.006849670E-1,9.206754456E0,1.680555267E0,9.393066061E0
7.764516125E1,-6.629713440E-1,9.376950531E0,1.765877838E0,9.564782110E0
7.765511425E1,-5.484594727E-1,9.489815826E0,2.011367340E0,9.716121180E0
7.766506825E1,-5.879772949E-1,9.481882324E0,1.575922852E0,9.629919135E0
7.767502125E1,-7.801776123E-1,9.200766907E0,8.372090149E-1,9.271661540E0
7.768497425E1,-8.277786255E-1,8.942553864E0,4.549040222E-1,8.992298078E0
7.769492725E1,-6.005511475E-1,8.888366547E0,7.912545776E-1,8.943701994E0
7.770488025E1,-2.808160400E-1,8.810229034E0,9.925859070E-1,8.870412621E0
7.771483425E1,-3.571572876E-1,8.731642456E0,1.566193085E0,8.878181238E0
7.772478725E1,-7.168592834E-1,8.824748840E0,1.769620056E0,9.028933186E0
7.773474025E1,-9.834548950E-1,9.023086395E0,1.887125702E0,9.270626464E0
7.774469325E1,-5.411247253E-1,9.777816925E0,1.835333405E0,9.963281010E0
7.775464725E1,-4.944218445E-1,9.316625977E0,2.386936340E0,9.630235596E0
7.776460025E1,-9.961784363E-1,8.663085022E0,2.093696136E0,8.967997384E0
7.777455325E1,-8.134085083E-1,9.132359161E0,2.012115784E0,9.386704810E0
7.778450725E1,-4.974156189E-1,9.316476288E0,1.995500336E0,9.540763822E0
7.779446025E1,-1.667532349E-1,9.281299438E0,1.905986481E0,9.476450304E0
7.780441325E1,3.549119568E-1,9.469458160E0,2.847827911E0,9.894782674E0
7.781436625E1,8.149053955E-1,9.973310394E0,2.827919312E0,1.039846713E1
7.782431925E1,1.075363770E0,1.018526962E1,3.060834961E0,1.068947310E1
7.783427325E1,1.174308014E0,1.071052734E1,4.246369629E0,1.158128017E1
7.784422625E1,2.389031982E0,1.308459045E1,4.265978851E0,1.396826964E1
7.785417925E1,1.704505463E0,1.178574142E1,5.166506195E0,1.298082532E1
7.786413225E1,8.262817383E-2,1.129745682E1,4.243974609E0,1.206858229E1
7.787408625E1,7.012916565E-1,1.186402863E1,3.803590393E0,1.247855300E1
7.788403925E1,1.873354340E0,1.169233566E1,3.480262756E0,1.234230119E1
7.789399225E1,2.700983276E0,1.139610168E1,2.812800751E0,1.204484505E1
7.790394525E1,2.987038422E0,1.047611481E1,2.261497192E0,1.112590444E1
7.791389925E1,3.019221497E0,9.635912018E0,2.021695862E0,1.029824029E1
7.792385225E1,2.776725769E0,8.752449188E0,2.148631897E0,9.430386621E0
7.793380525E1,2.388582916E0,8.428822174E0,2.753224640E0,9.183170341E0
7.794375825E1,2.346819763E0,8.480764160E0,3.423680420E0,9.442060758E0
7.795371225E1,2.172582092E0,8.440348206E0,3.960613861E0,9.573194500E0
7.796366525E1,2.160756683E0,8.887019348E0,3.906875610E0,9.945434097E0
7.797361825E1,2.097138977E0,9.237889709E0,3.607647858E0,1.013665237E1
7.798357125E1,1.881437531E0,9.234596558E0,3.304677887E0,9.986915274E0
7.799352525E1,1.604214020E0,9.106612701E0,3.081192627E0,9.746673562E0
7.800347825E1,1.564396820E0,9.244026947E0,2.975662079E0,9.836357884E0
7.801343125E1,1.932930450E0,9.646090851E0,2.800376587E0,1.022865572E1
7.802338425E1,2.612068176E0,1.007420059E1,2.731220398E0,1.075973896E1
7.803333825E1,2.997816010E0,1.020607635E1,2.064357147E0,1.083570329E1
7.804329125E1,3.027903442E0,1.007375153E1,1.600022736E0,1.063995967E1
7.805324425E1,2.914589081E0,9.662107544E0,1.420995026E0,1.019168183E1
7.806319725E1,2.758912811E0,9.458381195E0,1.554367676E0,9.974398909E0
7.807315125E1,3.291505280E0,1.062445633E1,1.978585510E0,1.129725099E1
7.808310425E1,3.692970428E0,9.495653687E0,2.953208771E0,1.060787027E1
7.809305725E1,1.544937286E0,7.043153687E0,2.036814423E0,7.492760377E0
7.810301025E1,2.589614868E0,9.740394745E0,1.560953979E0,1.019892015E1
7.811296425E1,4.303251343E0,1.169443130E1,2.267185364E0,1.266561586E1
7.812291725E1,3.793261871E0,9.363029480E0,2.804418182E0,1.048427003E1
7.813287025E1,1.952539673E0,8.720116425E0,2.426753540E0,9.259696236E0
7.814282325E1,2.105222168E0,8.375532990E0,2.362836456E0,8.953463540E0
7.815277725E1,2.366129608E0,7.347919922E0,2.050136719E0,7.987086895E0
7.816273025E1,1.778601379E0,7.954458618E0,1.829495544E0,8.353675163E0
7.817268325E1,2.170037384E0,8.309520264E0,1.560355225E0,8.728797036E0
7.818263625E1,2.304457855E0,7.791297913E0,1.198557587E0,8.212879486E0
7.819259025E1,2.257455597E0,6.887477417E0,8.342152405E-1,7.295845805E0
7.820254325E1,2.278262329E0,8.006400604E0,9.386979675E-1,8.376997299E0
7.821249625E1,2.512824554E0,9.278155975E0,1.243164825E0,9.692467401E0
7.822244925E1,2.975961456E0,8.365952911E0,1.438658295E0,8.995290567E0
7.823240325E1,2.873125305E0,8.387358398E0,1.579216003E0,9.005362464E0
7.824235625E1,2.850073242E0,8.818012848E0,1.490899658E0,9.386322489E0
7.825230925E1,2.664159851E0,9.149872742E0,1.605112152E0,9.664072843E0
7.826226225E1,2.452350311E0,9.014404449E0,1.701062622E0,9.495637086E0
7.827221625E1,2.390528870E0,8.890162811E0,1.676663361E0,9.357394034E0
7.828216925E1,3.118165741E0,1.008842102E1,1.376986542E0,1.064872237E1
7.829212225E1,3.456462250E0,1.052296738E1,1.213825836E0,1.114241208E1
7.830207525E1,3.127596130E0,9.925260315E0,1.263672180E0,1.048282010E1
7.831202925E1,2.938389587E0,8.641080780E0,1.186133423E0,9.203766778E0
7.832198225E1,2.989433441E0,9.280700684E0,1.030906219E0,9.804635899E0
7.833193525E1,3.065475311E0,8.799451447E0,9.153465271E-1,9.362977299E0
7.834188825E1,3.184627533E0,8.182284851E0,9.292675781E-1,8.829222850E0
7.835184225E1,3.169958038E0,7.729027405E0,7.149133301E-1,8.384366384E0
7.836179525E1,3.270848236E0,7.075187073E0,7.360194397E-1,7.829332341E0
7.837174825E1,3.266357574E0,6.802903290E0,8.411009216E-1,7.593157165E0
7.838170125E1,3.268752594E0,7.438930664E0,7.691006470E-1,8.161736871E0
7.839165525E1,3.046015778E0,6.989864502E0,1.299896851E0,7.734736563E0
7.840160825E1,3.216211853E0,7.707771606E0,1.250798950E0,8.445013904E0
7.841156125E1,3.342399445E0,8.380173340E0,1.060694275E0,9.084272761E0
7.842151479E1,2.677332458E0,7.082521820E0,1.589544525E0,7.736722576E0
7.843146879E1,2.444865875E0,7.213948517E0,1.782942352E0,7.822870687E0
7.844142179E1,2.108365631E0,7.764054565E0,2.043251038E0,8.300639959E0
7.845137479E1,1.276545410E0,6.927893372E0,3.027753754E0,7.667631156E0
7.846132779E1,1.740131378E0,8.415649567E0,3.224893799E0,9.178842784E0
7.847128179E1,2.690954132E0,9.951006775E0,2.955454102E0,1.072373437E1
7.848123479E1,2.964285736E0,1.105825424E1,2.966830444E0,1.182683642E1
7.849118779E1,3.122656403E0,1.156569901E1,2.978356476E0,1.234451229E1
7.850114079E1,3.074756012E0,1.189681046E1,3.133134613E0,1.268088152E1
7.851109479E1,2.838098145E0,1.212643295E1,3.281027069E0,1.287906502E1
7.852104779E1,2.456990662E0,1.222358093E1,3.607647858E0,1.297951682E1
7.853100079E1,2.061363373E0,1.229348557E1,3.891906738E0,1.305855828E1
7.854095379E1,1.169218597E0,1.242536133E1,4.149371338E0,1.315195646E1
7.855090779E1,4.939727783E-1,1.142618912E1,3.850892029E0,1.206777429E1
7.856086079E1,-4.775070190E-2,1.101948486E1,3.620072021E0,1.159897617E1
7.857081379E1,-6.842271423E-1,1.069585785E1,3.854783936E0,1.138985957E1
7.858076679E1,-1.316362610E0,1.005818390E1,4.150269470E0,1.096013734E1
7.859072079E1,-1.906136169E0,9.019194489E0,4.594994659E0,1.030015535E1
7.860067379E1,-2.375709686E0,7.701185303E0,4.569996643E0,9.264832481E0
7.861062679E1,-2.330204315E0,7.462431793E0,4.305047607E0,8.924750715E0
7.862057979E1,-2.212399292E0,7.877967682E0,3.704646149E0,8.982287488E0
7.863053279E1,-1.821412354E0,9.570048981E0,2.833757172E0,1.014561778E1
7.864048679E1,-8.545729065E-1,9.698631592E0,3.675606537E0,1.040691275E1
7.865043979E1,3.155438232E-1,8.855135651E0,5.315895538E0,1.033304121E1
7.866039279E1,3.132984924E-1,8.175249481E0,4.482428741E0,9.328720569E0
7.867034579E1,6.613247681E-1,8.897347870E0,4.420607300E0,9.957003488E0
7.868029979E1,1.225501556E0,9.882599030E0,5.304219818E0,1.128283499E1
7.869025279E1,1.258133698E0,8.400231628E0,2.805615692E0,8.945293244E0
7.870020579E1,8.732839966E-1,8.216114502E0,2.789449310E0,8.720561330E0
7.871015879E1,3.936813354E-2,9.009464722E0,2.976260834E0,9.488420995E0
7.872011279E1,-5.774990845E-1,9.390123138E0,3.165766754E0,9.926227727E0
7.873006579E1,-1.339564362E0,9.713001709E0,4.046684875E0,1.060719064E1
7.874001879E1,-2.699785767E0,9.706116028E0,4.330943756E0,1.096606608E1
7.874997179E1,-3.325484619E0,9.278605042E0,3.644321594E0,1.050868400E1
7.875992579E1,-2.406695251E0,8.854237518E0,3.563639374E0,9.843232683E0
7.876987879E1,-1.106648712E0,9.584868164E0,3.019969940E0,1.011012302E1
7.877983179E1,-1.475781097E0,1.064780777E1,3.693569183E0,1.136645035E1
7.878978479E1,-2.109114075E0,1.129745682E1,5.354964294E0,1.267898006E1
7.879973879E1,-1.079405365E0,1.043495041E1,4.631369019E0,1.146747073E1
7.880969179E1,-9.009764099E-1,9.988279266E0,3.599864044E0,1.065535088E1
7.881964479E1,-1.283281403E0,8.462951202E0,4.090244293E0,9.486751425E0
7.882959779E1,-1.575623474E0,7.831414490E0,4.257596283E0,9.052114027E0
7.883955179E1,-2.083666992E0,8.139922943E0,4.321812744E0,9.448707798E0
7.884950479E1,-2.477348328E0,8.653954010E0,4.322561188E0,9.985625166E0
7.885945779E1,-2.305505676E0,8.997489624E0,4.035757599E0,1.012706845E1
7.886941079E1,-1.969304810E0,9.276210022E0,3.366798706E0,1.006288067E1
7.887936479E1,-1.557960205E0,9.287586365E0,2.654729462E0,9.784379847E0
7.888931779E1,-1.082099762E0,8.973389740E0,1.631756744E0,9.184513781E0
7.889927079E1,-9.274713135E-1,8.677006073E0,1.873653717E0,8.925313198E0
7.890922379E1,-8.149053955E-1,8.465346222E0,2.087858276E0,8.757014882E0
7.891917779E1,-1.297651520E0,8.274642792E0,2.055824890E0,8.624385704E0
7.892913079E1,-1.204395447E0,7.923173676E0,3.798351288E0,8.868749742E0
7.893908379E1,-9.442364502E-1,7.912545776E0,3.490142212E0,8.699485950E0
7.894903679E1,-7.553292847E-1,8.375982056E0,3.068169708E0,8.952165273E0
7.895899079E1,-7.256909180E-1,8.215515747E0,3.003504181E0,8.777377949E0
7.896894379E1,-5.138813782E-1,7.774981842E0,2.416724396E0,8.158123162E0
7.897889679E1,-5.990542603E-1,7.683522034E0,2.293530579E0,8.040874291E0
7.898884979E1,-8.915460205E-1,7.905211029E0,2.622696075E0,8.376499891E0
7.899880379E1,-5.264552307E-1,7.855664063E0,1.997146912E0,8.122635580E0
7.900875679E1,-2.234852600E-1,8.005951538E0,2.824626160E0,8.492568436E0
7.901870979E1,-7.488926697E-1,8.106093292E0,4.048481140E0,9.091742860E0
7.902866279E1,-9.861492920E-1,8.559051361E0,4.141886902E0,9.559554264E0
7.903861579E1,-1.272503815E0,8.963659973E0,4.526886292E0,1.012221150E1
7.904856979E1,-1.520837402E0,8.992400208E0,4.543651428E0,1.018925788E1
7.905852279E1,-1.750010834E0,9.138496399E0,4.409979401E0,1.029672631E1
7.906847579E1,-1.825453949E0,9.459129639E0,4.131109314E0,1.048205513E1
7.907842879E1,-1.565145264E0,9.519454193E0,3.345991974E0,1.021104060E1
7.908838279E1,-1.263073425E0,8.905281372E0,1.162033539E0,9.069162736E0
7.909833579E1,-1.385818176E0,9.401050415E0,8.632548523E-1,9.541773937E0
7.910828879E1,-1.240021362E0,9.814041595E0,2.106269989E0,1.011382414E1
7.911824179E1,-8.243357849E-1,9.434730377E0,2.514620819E0,9.798825677E0
7.912819579E1,-5.278024292E-1,8.760831757E0,2.675835571E0,9.175556903E0
7.913814879E1,-3.713777161E-1,7.934999084E0,2.868035889E0,8.445576460E0
7.914810179E1,-2.838098145E-1,7.475155334E0,3.310964813E0,8.180524634E0
7.915805479E1,-1.609153748E-1,7.332052917E0,4.259542236E0,8.481072680E0
7.916800879E1,-1.437011719E-2,7.605085144E0,4.932542725E0,9.064629296E0
7.917796179E1,-4.400848389E-2,8.131690063E0,5.190606079E0,9.647212629E0
7.918791479E1,2.546205139E-1,8.171058197E0,4.935686188E0,9.549451388E0
7.919786779E1,4.604425049E-1,8.980574799E0,5.415438538E0,1.049712844E1
7.920782179E1,7.702981567E-1,1.028241760E1,5.894442444E0,1.187711761E1
7.921777479E1,2.258802795E-1,9.703122253E0,2.893033905E0,1.012774647E1
7.922772779E1,-6.984475708E-1,8.977730713E0,2.418670349E0,9.324025098E0
7.923768079E1,-6.954537964E-1,8.748407593E0,3.508553925E0,9.451361914E0
7.924763479E1,-2.683918762E-1,9.501790924E0,2.811752930E0,9.912720086E0
7.925758779E1,-1.095422058E0,1.063867676E1,7.582182770E0,1.310995378E1
7.926754079E1,-2.409539337E0,1.010413834E1,8.678952026E0,1.353601491E1
7.927749379E1,-1.994452515E0,8.355025635E0,8.996741180E0,1.243887640E1
7.928744779E1,-2.230511627E0,7.128925323E0,9.764644318E0,1.229410578E1
7.929740079E1,-2.494712219E0,6.771468658E0,1.094389206E1,1.310897213E1
7.930735379E1,-1.188678131E0,6.529272308E0,1.091006241E1,1.277003580E1
7.931730679E1,4.956193542E-1,7.114255829E0,1.013557297E1,1.239306717E1
7.932726079E1,1.746118927E0,8.553512878E0,1.003827530E1,1.330332608E1
7.933721379E1,2.358196106E0,9.485624542E0,8.450077972E0,1.292060291E1
7.934716679E1,2.170336761E0,1.031340317E1,6.612798615E0,1.244209597E1
7.935711979E1,1.896855469E0,1.041159897E1,4.853058014E0,1.164266404E1
7.936707279E1,6.776408386E-1,1.023945694E1,4.399351501E0,1.116512289E1
7.937702679E1,-5.837860107E-1,9.221124573E0,4.825365601E0,1.042372763E1
7.938697979E1,-1.041534119E0,7.895181885E0,5.222340088E0,9.523209874E0
7.939693279E1,-5.643264771E-1,6.249653778E0,5.375471649E0,8.262707315E0
7.940688579E1,6.125262451E-1,6.409521332E0,6.149811401E0,8.903781914E0
7.941683979E1,-7.616162109E-1,7.353308716E0,6.444249115E0,9.807117567E0
7.942679187E1,-1.175505524E0,6.634653168E0,6.653364258E0,9.469302606E0
7.943674487E1,-9.976753235E-1,5.924679565E0,7.111711121E0,9.309866759E0
7.944669787E1,-1.743574219E0,5.845344543E0,7.470215607E0,9.644284582E0
7.945665187E1,-2.297422485E0,5.605543213E0,7.657027130E0,9.763725173E0
7.946660487E1,-2.617906036E0,5.146747284E0,7.923023987E0,9.803914969E0
7.947655787E1,-2.349214783E0,4.940625916E0,7.950117645E0,9.650542218E0
7.948651087E1,-1.966460724E0,5.158572693E0,8.096962280E0,9.799930519E0
7.949646487E1,-2.285597076E0,5.730084229E0,8.107290802E0,1.018754060E1
7.950641787E1,-2.725981293E0,6.147865448E0,7.985893250E0,1.044038862E1
7.951637087E1,-2.383942566E0,6.858288116E0,7.988288269E0,1.079500104E1
7.952632387E1,-1.750010834E0,7.655380554E0,8.079149323E0,1.126676720E1
7.953627787E1,-7.051835632E-1,8.039631500E0,8.091872864E0,1.142853293E1
7.954623087E1,-6.676116943E-2,8.595126343E0,7.707322540E0,1.154484624E1
7.955618387E1,-4.225562897E0,8.677754517E0,6.163732452E0,1.145209164E1
7.956613687E1,-1.663041687E0,6.712640991E0,6.134992218E0,9.244640947E0
7.957609087E1,-2.723137207E0,7.509883118E0,5.623056793E0,9.768960456E0
7.958604387E1,-2.058968353E0,8.328830109E0,5.508395233E0,1.019564513E1
7.959599687E1,-1.041085052E0,9.161997528E0,5.598657532E0,1.078754017E1
7.960594987E1,1.309776306E-1,9.442065125E0,6.451733551E0,1.143654733E1
7.961590387E1,-9.430389404E-2,9.954299927E0,6.896309052E0,1.211016345E1
7.962585687E1,-1.154698792E0,8.189320221E0,6.100713501E0,1.027701319E1
7.963580987E1,-1.599873047E0,8.430618439E0,5.570665741E0,1.023070075E1
7.964576287E1,-2.516566772E0,8.335566101E0,5.237009583E0,1.016075981E1
7.965571687E1,-2.964435425E0,9.955048370E0,3.213068390E0,1.087265717E1
7.966566987E1,-3.944746857E0,1.115345627E1,1.901196442E0,1.198228536E1
7.967562287E1,-5.242248688E0,1.010533585E1,7.048841858E-1,1.140595658E1
7.968557587E1,-5.313500519E0,9.006620636E0,7.123686218E-1,1.048141079E1
7.969552987E1,-3.104993134E0,1.075288925E1,4.389771423E0,1.202230023E1
7.970548287E1,-4.640350342E-1,1.056338333E1,5.198240204E0,1.178227894E1
7.971543587E1,1.721420288E-2,9.733359375E0,6.552773438E0,1.173360221E1
7.972538887E1,-3.909869385E-1,1.012434631E1,5.053042145E0,1.132203577E1
7.973534187E1,-2.490820312E0,1.028196854E1,1.968855743E0,1.076101555E1
7.974529588E1,-3.203338623E0,1.066322571E1,4.362079010E0,1.195798872E1
7.975524888E1,-3.685485992E0,9.400152283E0,2.736459503E0,1.046106498E1
7.976520188E1,-3.076552277E0,5.584586792E0,-1.395547943E0,6.526893412E0
7.977515488E1,-2.671494598E0,1.507964172E0,-3.320095825E0,4.520384455E0
7.978510888E1,-2.802172852E0,-2.627037048E-1,-1.430275726E0,3.157035727E0
7.979506188E1,-2.980452118E0,-4.018693085E0,1.321302338E0,5.174826452E0
7.980501488E1,-3.486100616E0,-5.689668274E0,3.612737274E0,7.587957116E0
7.981496788E1,-4.134402466E0,-6.306685181E0,4.623884583E0,8.845782631E0
7.982492188E1,-4.185446320E0,-8.373587036E0,4.184099121E0,1.025385811E1
7.983487488E1,-5.791007538E0,-1.102906494E1,1.237177277E0,1.251825265E1
7.984482788E1,-8.730295258E0,-1.380294662E1,2.374063110E-1,1.633388357E1
7.985478088E1,-1.036878799E1,-1.482906281E1,1.025218048E0,1.812357416E1
7.986473487E1,-8.867709503E0,-1.461096634E1,3.108735352E0,1.737184057E1
7.987468787E1,-6.232140198E0,-1.423554703E1,7.754773865E0,1.736740880E1
7.988464087E1,-3.871698761E0,-1.195608719E1,1.352452560E1,1.846214681E1
7.989459387E1,-3.763024750E0,-8.477620697E0,1.728231125E1,1.961399220E1
7.990454787E1,-6.016887817E0,-6.289021912E0,1.731404526E1,1.937861963E1
7.991450087E1,-7.701185303E0,-4.986131287E0,1.577988556E1,1.825306956E1
7.992445387E1,-7.442523193E0,-4.291575623E0,1.170745422E1,1.452147572E1
7.993440687E1,-6.783593445E0,-4.160148926E0,7.797734528E0,1.114130346E1
7.994436087E1,-7.905211029E0,-3.591780853E0,6.503825226E0,1.084864018E1
7.995431387E1,-8.309969330E0,-3.259172516E0,6.097719727E0,1.081017954E1
7.996426687E1,-8.545878754E0,-2.927612000E0,6.748566284E0,1.127590806E1
7.997421987E1,-8.718918915E0,-3.018622742E0,7.389683075E0,1.182112711E1
7.998417387E1,-9.491911469E0,-3.240611115E0,6.898853760E0,1.217341887E1
7.999412687E1,-9.815388794E0,-3.639531555E0,7.627239075E0,1.295232886E1
8.000407987E1,-6.865622864E0,-5.591921539E0,1.302411621E1,1.574909416E1
8.001403287E1,-3.742218018E0,-5.531447296E0,1.465796860E1,1.610767358E1
8.002398687E1,-2.977458344E0,-4.858147430E0,1.545970139E1,1.647632306E1
8.003393987E1,-3.732637939E0,-4.987777863E0,1.465931580E1,1.592815286E1
8.004389287E1,-4.432133331E0,-5.093607788E0,1.361553635E1,1.519774576E1
8.005384587E1,-4.607119446E0,-4.826263733E0,1.265199005E1,1.430353884E1
8.006379987E1,-4.285139008E0,-4.474944305E0,1.084554657E1,1.249053335E1
8.007375287E1,-4.222419434E0,-4.024231567E0,9.080866241E0,1.079284009E1
8.008370587E1,-4.905449066E0,-3.482957153E0,8.113727417E0,1.010084124E1
8.009365887E1,-5.785319366E0,-2.348466339E0,7.527845764E0,9.780269739E0
8.010361287E1,-6.558162231E0,-3.335064697E-1,7.166048126E0,9.719720375E0
8.011356587E1,-6.090983734E0,5.845344543E-1,7.696694641E0,9.832643173E0
8.012351887E1,-5.216951294E0,5.935157776E-1,8.727151794E0,1.018489176E1
8.013347187E1,-4.542603607E0,1.092278595E0,9.692644043E0,1.075991025E1
8.014342487E1,-3.551065521E0,7.819738770E-1,1.023855881E1,1.086506493E1
8.015337887E1,-2.783910828E0,5.418731689E-1,1.077264816E1,1.113973673E1
8.016333187E1,-2.292931824E0,-1.736389160E-2,1.121662491E1,1.144860307E1
8.017328487E1,-1.877994690E0,-5.939648438E-1,1.153306686E1,1.170005511E1
8.018323787E1,-1.668430481E0,-8.556207275E-1,1.142050095E1,1.157340006E1
8.019319188E1,-1.543290710E0,-8.042774963E-1,1.099269058E1,1.112959365E1
8.020314488E1,-1.467548218E0,-3.296145630E-1,1.026849655E1,1.037807135E1
8.021309788E1,-2.452500000E0,-2.092648315E-1,8.673263855E0,9.015766962E0
8.022305088E1,-3.756887512E0,-5.375321960E-1,7.132517853E0,8.079353660E0
8.023300488E1,-4.921016693E0,-5.914201355E-1,5.719306641E0,7.568133952E0
8.024295788E1,-5.836512909E0,-1.354682922E-1,4.609963531E0,7.438749784E0
8.025291088E1,-5.793701935E0,6.548881531E-1,4.310137024E0,7.250733878E0
8.026286388E1,-5.048850861E0,1.512305145E0,4.772675171E0,7.110301692E0
8.027281788E1,-4.009262695E0,2.287093964E0,5.583688660E0,7.244485158E0
8.028277088E1,-3.214714966E0,2.944826202E0,6.841223602E0,8.112258258E0
8.029272388E1,-2.861748962E0,3.194806366E0,8.589587860E0,9.600906960E0
8.030267688E1,-2.806214447E0,3.062930603E0,9.280700684E0,1.016797859E1
8.031263087E1,-3.131787415E0,2.674338684E0,8.238268433E0,9.210279397E0
8.032258387E1,-3.647914124E0,2.512674866E0,7.169790344E0,8.427734335E0
8.033253687E1,-4.020189972E0,2.813100128E0,6.669680328E0,8.280102380E0
8.034248987E1,-4.348457336E0,3.475323029E0,6.294111328E0,8.402546565E0
8.035244387E1,-4.321513367E0,4.221072235E0,5.940845947E0,8.472696098E0
8.036239687E1,-3.740421753E0,4.984484711E0,5.915997620E0,8.592721953E0
8.037234987E1,-3.119512939E0,5.360053711E0,6.325396271E0,8.858452164E0
8.038230287E1,-3.210523682E0,5.319787445E0,6.811734924E0,9.219942161E0
8.039225687E1,-3.260220337E0,5.238955536E0,7.633226624E0,9.815387941E0
8.040220987E1,-2.909200287E0,5.096451874E0,7.924221497E0,9.860555478E0
8.041216287E1,-3.310066681E0,4.830305328E0,7.876321106E0,9.814521138E0
8.042211575E1,-3.171604614E0,4.965923309E0,7.816595306E0,9.788699215E0
8.043206975E1,-2.762205963E0,5.012626190E0,7.691455536E0,9.587214995E0
8.044202275E1,-2.568209381E0,4.414170685E0,8.003556519E0,9.494078112E0
8.045197575E1,-2.442620544E0,3.876638489E0,8.156688080E0,9.355548168E0
8.046192875E1,-2.010319519E0,3.171305237E0,8.204738159E0,9.023097569E0
8.047188175E1,-1.856289825E0,2.764151917E0,8.429420929E0,9.063193970E0
8.048183575E1,-1.688937836E0,2.435884552E0,8.800798645E0,9.286554870E0
8.049178875E1,-1.459764404E0,2.059267731E0,8.793463898E0,9.148579290E0
8.050174175E1,-1.207838287E0,1.959125977E0,8.456963654E0,8.764546888E0
8.051169475E1,-7.768844604E-1,2.469265137E0,8.388855286E0,8.779163558E0
8.052164875E1,-3.347039795E-1,3.098406830E0,8.324638824E0,8.888856124E0
8.053160175E1,2.104623413E-1,3.742667084E0,8.309669952E0,9.116055398E0
8.054155475E1,1.257385254E-1,4.566853180E0,8.349487152E0,9.517662205E0
8.055150775E1,-6.840774536E-1,4.768932953E0,8.034542084E0,9.368273585E0
8.056146175E1,-1.146016846E0,5.017266541E0,7.316335602E0,8.945115136E0
8.057141475E1,-1.875749359E0,5.556595001E0,7.311844940E0,9.373220369E0
8.058136775E1,-1.578317871E0,5.998176727E0,7.717651062E0,9.901078187E0
8.059132075E1,-8.765771484E-1,6.126909027E0,7.973319397E0,1.009362293E1
8.060127475E1,-4.131408691E-1,6.135291595E0,8.699459381E0,1.065331319E1
8.061122775E1,-4.730163574E-2,5.957461395E0,9.255403290E0,1.100709198E1
8.062118075E1,-4.179309082E-1,5.354814606E0,9.479786682E0,1.089564414E1
8.063113375E1,-8.264314270E-1,4.799768829E0,9.570498047E0,1.073849163E1
8.064108775E1,-1.523681488E0,4.218377838E0,8.894503784E0,9.961351034E0
8.065104075E1,-2.213746490E0,4.342769165E0,7.397167511E0,8.858803798E0
8.066099375E1,-2.257605286E0,4.182602234E0,6.537205811E0,8.082450302E0
8.067094675E1,-1.735940094E0,4.469106445E0,6.211632843E0,7.846705233E0
8.068090075E1,-5.777984619E-1,5.190306702E0,6.169121246E0,8.082771287E0
8.069085375E1,1.739382935E-1,5.223836975E0,6.787485352E0,8.566719598E0
8.070080675E1,1.166075134E-1,5.113965454E0,7.951015778E0,9.454358353E0
8.071075975E1,-5.565426636E-1,4.793332214E0,8.893156586E0,1.011800413E1
8.072071375E1,-1.275347900E0,4.321663055E0,9.523346100E0,1.053553059E1
8.073066675E1,-1.890119476E0,3.952979736E0,1.011596375E1,1.102412459E1
8.074061975E1,-2.203867035E0,3.809278564E0,1.076830719E1,1.163288755E1
8.075057275E1,-2.071691895E0,3.998185730E0,1.150597321E1,1.235576043E1
8.076052675E1,-1.803300018E0,4.233646088E0,1.203856567E1,1.288808417E1
8.077047975E1,-1.481768646E0,4.345014496E0,1.194051956E1,1.279260711E1
8.078043275E1,-1.079255676E0,4.409829712E0,1.158620636E1,1.244393703E1
8.079038575E1,-5.763015747E-1,4.153562622E0,1.093042007E1,1.170718963E1
8.080033875E1,1.929487610E-1,3.700454865E0,1.031564850E1,1.096098533E1
8.081029275E1,5.610333252E-1,4.317322083E0,9.592352600E0,1.053409971E1
8.082024575E1,4.369413757E-1,4.226461029E0,8.744066620E0,9.721758671E0
8.083019875E1,1.990859985E-1,3.907174988E0,7.940687256E0,8.852127751E0
8.084015175E1,6.990463257E-2,4.053720245E0,7.430248718E0,8.464403730E0
8.085010575E1,-3.936813354E-2,4.335434418E0,7.231312408E0,8.431454239E0
8.086005875E1,-1.957928467E-1,4.456233215E0,7.113657074E0,8.396455578E0
8.087001175E1,-2.778222656E-1,4.515509949E0,7.047344971E0,8.374490220E0
8.087996475E1,-5.774990845E-1,4.587360535E0,6.900500336E0,8.306279959E0
8.088991875E1,-7.134164429E-1,4.612059174E0,6.715934143E0,8.178253130E0
8.089987175E1,-5.583389282E-1,4.741090851E0,6.876550140E0,8.371178331E0
8.090982475E1,-2.402503967E-1,4.959935760E0,7.077282715E0,8.645612392E0
8.091977775E1,1.643582153E-1,5.081333313E0,7.224426727E0,8.833985703E0
8.092973175E1,5.294490051E-1,5.128335571E0,7.506739655E0,9.106661420E0
8.093968475E1,7.337741089E-1,5.094206543E0,7.795040131E0,9.340878727E0
8.094963775E1,7.214996338E-1,4.959187317E0,7.957602081E0,9.404123109E0
8.095959075E1,6.342311096E-1,4.758604431E0,8.156837769E0,9.464701137E0
8.096954475E1,5.221142578E-1,4.637805634E0,8.278385010E0,9.503341663E0
8.097949775E1,4.052073669E-1,4.612208862E0,8.323441315E0,9.524512529E0
8.098945075E1,2.977308655E-1,4.567901001E0,8.334069214E0,9.508473741E0
8.099940375E1,1.853146362E-1,4.514162750E0,8.313561859E0,9.461887636E0
8.100935775E1,1.116677856E-1,4.541855164E0,8.261919250E0,9.428691729E0
8.101931075E1,1.237925720E-1,4.663552094E0,8.307424622E0,9.527714656E0
8.102926375E1,1.571731567E-1,4.560416565E0,8.411607971E0,9.569600373E0
8.103921675E1,1.014889526E-1,4.438569946E0,8.672216034E0,9.742614337E0
8.104916975E1,2.260299683E-2,4.361779633E0,8.929081879E0,9.937511542E0
8.105912375E1,-1.290316772E-1,4.217779083E0,9.087602234E0,1.001952214E1
8.106907675E1,-1.573228455E-1,4.048181763E0,9.046737213E0,9.912415461E0
8.107902975E1,-2.125579834E-2,4.104764099E0,8.973838806E0,9.868096222E0
8.108898275E1,2.008822632E-1,4.337979126E0,9.001231842E0,9.994027779E0
8.109893675E1,5.288502502E-1,4.531826019E0,8.973090363E0,1.006645321E1
8.110888975E1,8.623567200E-1,4.688400421E0,9.026379547E0,1.020785410E1
8.111884275E1,1.138083344E0,4.817731476E0,8.915160828E0,1.019734587E1
8.112879575E1,1.351689148E0,4.867727509E0,8.644224243E0,1.001221491E1
8.113874975E1,1.435963898E0,4.880900116E0,8.367300110E0,9.792695716E0
8.114870275E1,1.309027863E0,4.802014160E0,8.114026794E0,9.518945570E0
8.115865575E1,1.065933380E0,4.640949097E0,7.948620758E0,9.265807814E0
8.116860875E1,7.692503357E-1,4.577331390E0,7.840246124E0,9.111156240E0
8.117856275E1,4.480183411E-1,4.625680847E0,7.796836395E0,9.076800180E0
8.118851575E1,3.270698547E-1,4.720134430E0,7.901468811E0,9.209769438E0
8.119846875E1,4.655319214E-1,4.820725250E0,8.104297028E0,9.441172714E0
8.120842175E1,6.951544189E-1,4.913232880E0,8.403824158E0,9.759475266E0
8.121837575E1,8.358618164E-1,4.776417389E0,8.585695953E0,9.860375401E0
8.122832875E1,7.316784668E-1,4.560117188E0,8.827742615E0,9.962884212E0
8.123828175E1,5.303471375E-1,4.495900726E0,8.748557281E0,9.850464250E0
8.124823475E1,3.701802063E-1,4.433779907E0,8.623567200E0,9.703677081E0
8.125818875E1,1.930984497E-1,4.382137299E0,8.458610229E0,9.528300023E0
8.126814175E1,-5.733078003E-2,4.505181427E0,8.297545166E0,9.441885526E0
8.127809475E1,-8.846603394E-2,4.776118011E0,8.205187225E0,9.494431363E0
8.128804775E1,6.251000977E-1,4.994214478E0,7.973169708E0,9.428911049E0
8.129800175E1,1.140328674E0,5.192701721E0,7.955805817E0,9.568664841E0
8.130795475E1,9.059161377E-1,5.477409668E0,8.524922333E0,1.017334761E1
8.131790775E1,8.053253174E-1,5.073699188E0,8.920250244E0,1.029377660E1
8.132786075E1,7.732919312E-1,4.786745911E0,9.086853790E0,1.029960332E1
8.133781375E1,4.061054993E-1,4.801565094E0,9.255103912E0,1.043440930E1
8.134776775E1,3.879931641E-1,4.878205719E0,9.190288696E0,1.041195640E1
8.135772075E1,4.514611816E-1,5.012326813E0,8.962911530E0,1.027915465E1
8.136767375E1,4.032614136E-1,5.175786896E0,8.858578491E0,1.026770679E1
8.137762675E1,-3.832031250E-2,5.340444489E0,8.763376465E0,1.026248424E1
8.138758075E1,-6.589297485E-1,5.675597534E0,8.859626312E0,1.054227557E1
8.139753375E1,-9.364526367E-1,6.057902527E0,8.702602844E0,1.064473686E1
8.140748675E1,-7.078779602E-1,6.496340790E0,8.295599213E0,1.056032675E1
8.141744037E1,-3.577560425E-1,6.912625122E0,7.715854797E0,1.036565438E1
8.142739437E1,-1.881587219E-1,7.250023499E0,6.998995514E0,1.007889789E1
8.143734737E1,-2.180964661E-1,7.437733154E0,6.413113861E0,9.823210775E0
8.144730037E1,-4.534071350E-1,7.417225800E0,6.044430542E0,9.578932987E0
8.145725337E1,-7.786807251E-1,7.069798279E0,5.865851898E0,9.219360600E0
8.146720737E1,-9.854008484E-1,6.647376709E0,5.818550262E0,8.888990893E0
8.147716037E1,-9.812095642E-1,6.275699615E0,5.917943573E0,8.681545600E0
8.148711337E1,-7.128176880E-1,6.047424316E0,6.268664246E0,8.739313551E0
8.149706637E1,-2.348616028E-1,5.938600616E0,6.601571960E0,8.882729851E0
8.150702037E1,3.159928894E-1,5.839356995E0,6.937473450E0,9.073394044E0
8.151697337E1,6.295907593E-1,5.655090179E0,7.294930115E0,9.251617958E0
8.152692637E1,8.244854736E-1,5.381459198E0,7.614515533E0,9.360594330E0
8.153687937E1,9.933343506E-1,5.111720123E0,7.939639435E0,9.494960248E0
8.154683338E1,9.072633362E-1,4.838238831E0,8.171357574E0,9.539537009E0
8.155678638E1,2.186952209E-1,4.454886017E0,8.257278900E0,9.384907664E0
8.156673938E1,2.519261169E-1,4.973108368E0,8.058043213E0,9.472451321E0
8.157669238E1,4.526586914E-1,5.390440521E0,7.705975342E0,9.415083902E0
8.158664538E1,-4.146377563E-2,5.121898956E0,7.642357635E0,9.200065130E0
8.159659938E1,-3.659889221E-1,5.241649933E0,7.621999969E0,9.257630660E0
8.160655238E1,-4.143383789E-1,5.681734772E0,7.499255219E0,9.417675676E0
8.161650538E1,-5.623805237E-1,6.002517700E0,7.349416809E0,9.505809699E0
8.162645838E1,-6.824308777E-1,6.360423431E0,7.327711945E0,9.727078722E0
8.163641238E1,-7.917036438E-1,6.622678070E0,7.498656464E0,1.003576147E1
8.164636538E1,-9.448352051E-1,6.760092316E0,7.658973083E0,1.025921198E1
8.165631838E1,-1.097817078E0,6.844217377E0,7.737409973E0,1.038826390E1
8.166627138E1,-1.214125214E0,6.879992981E0,7.673193512E0,1.037720107E1
8.167622537E1,-1.358874207E0,6.856940918E0,7.616461487E0,1.033802029E1
8.168617837E1,-1.562001801E0,6.835535431E0,7.645501099E0,1.037391350E1
8.169613137E1,-1.671723633E0,6.771768036E0,7.759414215E0,1.043360011E1
8.170608437E1,-1.840572510E0,6.471043396E0,7.848928070E0,1.033768744E1
8.171603837E1,-1.824705505E0,6.197113037E0,7.845934296E0,1.016328909E1
8.172599137E1,-1.901795197E0,5.958359528E0,7.986042938E0,1.014375448E1
8.173594437E1,-1.956880646E0,5.688470764E0,8.161627808E0,1.013904581E1
8.174589737E1,-2.059716797E0,5.446274414E0,8.364755402E0,1.019183355E1
8.175585137E1,-2.125280457E0,5.416486359E0,8.421487427E0,1.023604377E1
8.176580437E1,-2.148482208E0,5.346581726E0,8.551417236E0,1.031157838E1
8.177575737E1,-2.208208008E0,5.178181915E0,8.627459106E0,1.030159217E1
8.178571037E1,-2.246378632E0,4.997956696E0,8.627010040E0,1.022013162E1
8.179566337E1,-2.166594543E0,4.871170349E0,8.698261871E0,1.020206803E1
8.180561737E1,-1.897903290E0,4.894521790E0,8.735684052E0,1.019169055E1
8.181557037E1,-1.589095459E0,5.080435181E0,8.389454041E0,9.935742806E0
8.182552337E1,-1.446142731E0,5.311105499E0,7.753127289E0,9.508425379E0
8.183547637E1,-1.828447723E0,5.607189789E0,5.874533844E0,8.324298546E0
8.184543037E1,-2.761607208E0,5.789360962E0,4.116290131E0,7.621484052E0
8.185538337E1,-3.501069489E0,5.976322174E0,3.551963654E0,7.783980992E0
8.186533637E1,-3.780688019E0,5.961053925E0,3.355122986E0,7.815664785E0
8.187528937E1,-3.463647308E0,5.970334625E0,4.635260925E0,8.314288428E0
8.188524337E1,-2.895877991E0,5.934708710E0,6.292764130E0,9.121718983E0
8.189519637E1,-2.569257202E0,5.820496216E0,7.567812653E0,9.886912921E0
8.190514937E1,-2.462379456E0,5.536536713E0,8.351582794E0,1.031821140E1
8.191510237E1,-2.402803345E0,5.455704803E0,8.726403351E0,1.056826827E1
8.192505637E1,-2.756368103E0,5.619015198E0,9.420659637E0,1.131016025E1
8.193500937E1,-3.284020844E0,5.573809204E0,9.673334198E0,1.163724780E1
8.194496237E1,-3.135978699E0,5.319937134E0,9.291328583E0,1.115638294E1