"Time (s)","Acceleration x (m/s^2)","Acceleration y (m/s^2)","Acceleration z (m/s^2)","Absolute acceleration (m/s^2)"
4.217250040E-3,-3.323987732E0,7.776478729E0,6.660549316E0,1.076500966E1
1.416925003E-2,-2.817141724E0,8.354875946E0,6.219117279E0,1.078970154E1
2.412125003E-2,-2.268831940E0,8.204588470E0,5.868097229E0,1.033912160E1
3.407325002E-2,-2.163600769E0,8.000413055E0,5.566175079E0,9.983490490E0
4.402525001E-2,-2.101030884E0,8.067174225E0,5.733976135E0,1.011791051E1
5.397725001E-2,-1.821112976E0,7.759414215E0,5.950575714E0,9.946572915E0
6.392925000E-2,-1.361119537E0,7.454049225E0,6.455326080E0,9.954231816E0
7.388124999E-2,-5.836363220E-1,7.462282104E0,7.269183655E0,1.043395019E1
8.383324998E-2,8.158035278E-2,7.415728912E0,7.502698059E0,1.054941557E1
9.378524998E-2,3.929328918E-1,7.294630737E0,7.387437744E0,1.038943070E1
1.037362500E-1,6.262976074E-1,7.379953308E0,7.177574158E0,1.031375442E1
1.136882500E-1,5.605842590E-1,7.412585449E0,6.864874420E0,1.011865498E1
1.236402499E-1,1.601669312E-1,7.076234894E0,6.700516205E0,9.746572276E0
1.335922499E-1,-1.062789917E-2,6.932084656E0,6.484814758E0,9.492456641E0
1.435442501E-1,-3.921844482E-2,6.901847534E0,6.234235840E0,9.300684597E0
1.534962500E-1,-1.454974365E-1,6.787784729E0,6.044729919E0,9.090321822E0
1.634482500E-1,-3.330574036E-1,6.621031494E0,5.818849640E0,8.820884106E0
1.734002500E-1,-9.134005737E-1,6.224655762E0,5.636828156E0,8.447157606E0
1.833522500E-1,-2.677482147E0,4.607718201E0,6.295458527E0,8.248198332E0
1.933042500E-1,1.543290710E-1,6.404880981E0,5.947282562E0,8.741652460E0
2.032562500E-1,-2.427951050E-1,5.886359253E0,6.631210327E0,8.870238166E0
2.132082500E-1,3.435356140E-1,5.153782654E0,6.046975250E0,7.952697784E0
2.231602500E-1,5.598358154E-1,4.470902710E0,5.703589325E0,7.268653133E0
2.331122500E-1,4.056564331E-1,3.492836609E0,7.294630737E0,8.097907280E0
2.430642500E-1,5.090913391E-1,3.922592926E0,8.038284302E0,8.958790307E0
2.530162500E-1,-6.325845337E-1,4.781357117E0,7.812254333E0,9.181114139E0
2.629682500E-1,-1.586251373E0,5.092110901E0,7.350314941E0,9.081460047E0
2.729202500E-1,-2.766996002E0,5.743406525E0,6.528673553E0,9.125051438E0
2.828722500E-1,-3.230282593E0,5.565127258E0,6.741680603E0,9.319636494E0
2.928232501E-1,-2.563569031E0,4.741390228E0,7.371720428E0,9.132082432E0
3.027752500E-1,-1.404678955E0,4.606371002E0,7.046596527E0,8.535004358E0
3.127272500E-1,-2.183958435E-1,5.172493744E0,8.459658051E0,9.918074541E0
3.226792500E-1,1.220711517E0,7.154821472E0,1.030127838E1,1.260150559E1
3.326312500E-1,2.474803619E0,8.748706970E0,1.001836670E1,1.352893928E1
3.425832500E-1,3.068918152E0,1.013377670E1,9.426946564E0,1.417670661E1
3.525352500E-1,3.002606049E0,1.164368683E1,9.103618927E0,1.508200794E1
3.624872500E-1,2.582729187E0,1.261307098E1,8.957073669E0,1.568404343E1
3.724392500E-1,2.066452789E0,1.231848358E1,8.483159180E0,1.509898190E1
3.823912500E-1,1.413211212E0,1.138936569E1,8.027955780E0,1.400581632E1
3.923432500E-1,4.740641785E-1,1.050455566E1,7.580985260E0,1.296309238E1
4.022952500E-1,-3.851490784E-1,9.687854004E0,7.208410034E0,1.208155744E1
4.122472500E-1,-1.024768982E0,8.812174988E0,6.919211426E0,1.125078069E1
4.221992500E-1,-1.619482269E0,7.948920135E0,6.803801422E0,1.058771779E1
4.321512500E-1,-2.414628754E0,7.160060577E0,6.668782196E0,1.007817223E1
4.421032500E-1,-3.367846527E0,6.506519623E0,6.330335999E0,9.682476010E0
4.520552499E-1,-4.130959625E0,5.999224548E0,5.911806335E0,9.381096778E0
4.620072501E-1,-4.554129639E0,5.595663757E0,5.547164612E0,9.100691451E0
4.719582500E-1,-4.731810150E0,5.425617371E0,5.371729431E0,8.982362063E0
4.819102500E-1,-4.816683655E0,5.425168304E0,5.229076080E0,8.942937393E0
4.918622500E-1,-4.859943695E0,5.499114532E0,5.026696930E0,8.895335597E0
5.018142500E-1,-4.887935486E0,5.766907654E0,4.986430664E0,9.056137586E0
5.117662500E-1,-4.894372101E0,6.158193970E0,5.238356781E0,9.450852501E0
5.217182500E-1,-4.876259766E0,6.600224762E0,5.577401733E0,9.922110980E0
5.316702500E-1,-4.777465210E0,6.937174072E0,5.889203339E0,1.027770762E1
5.416222500E-1,-4.594844971E0,7.210805054E0,6.167474670E0,1.054258287E1
5.515742500E-1,-4.363276520E0,7.468569031E0,6.305337982E0,1.070397087E1
5.615262500E-1,-4.018842773E0,7.690707092E0,6.266119537E0,1.070337923E1
5.714782500E-1,-3.713777161E0,7.965086517E0,6.084098053E0,1.068882562E1
5.814288750E-1,-3.405418396E0,8.224946136E0,6.022276611E0,1.074776391E1
5.913808750E-1,-3.167113953E0,8.350235596E0,6.080206146E0,1.080397853E1
6.013328750E-1,-3.017275543E0,8.297545166E0,6.215075684E0,1.079723915E1
6.112848750E-1,-3.036884766E0,8.153843994E0,6.253994751E0,1.071542306E1
6.212368750E-1,-3.018323364E0,7.830216980E0,6.224805450E0,1.044848203E1
6.311888749E-1,-2.956801300E0,7.398365021E0,6.212081909E0,1.010289268E1
6.411408749E-1,-2.815046082E0,7.015012207E0,6.239624634E0,9.801418075E0
6.510928751E-1,-2.602188721E0,6.765032043E0,6.301446075E0,9.604439980E0
6.610438750E-1,-2.393073578E0,6.557713165E0,6.251899109E0,9.371053600E0
6.709958750E-1,-2.330803070E0,6.554719391E0,6.214626617E0,9.328374630E0
6.809478750E-1,-2.421963501E0,6.720424805E0,6.211183777E0,9.466193568E0
6.908998750E-1,-2.583627319E0,6.885232086E0,6.138884125E0,9.579532833E0
7.008518750E-1,-2.715802460E0,7.071594543E0,6.187083893E0,9.780748411E0
7.108038750E-1,-2.771935730E0,7.252867584E0,6.317462769E0,1.000989769E1
7.207558750E-1,-2.764151917E0,7.376660156E0,6.406677246E0,1.015387434E1
7.307078750E-1,-2.808160400E0,7.497309265E0,6.366710358E0,1.022890081E1
7.406598750E-1,-2.931653595E0,7.678282928E0,6.141129456E0,1.025982907E1
7.506118750E-1,-3.106939087E0,7.909851379E0,5.821094971E0,1.030067794E1
7.605638750E-1,-3.237916718E0,8.089178467E0,5.530549164E0,1.032016894E1
7.705158750E-1,-3.347937927E0,8.182584229E0,5.319637756E0,1.031803852E1
7.804678750E-1,-3.426674194E0,8.216114502E0,5.206173706E0,1.031265621E1
7.904198749E-1,-3.517684937E0,8.181835785E0,5.124144287E0,1.027489167E1
8.003718751E-1,-3.620820465E0,8.086783447E0,5.093907166E0,1.022028853E1
8.103238750E-1,-3.722459106E0,7.965984650E0,5.060825958E0,1.014522413E1
8.202758750E-1,-3.814817047E0,7.832911377E0,5.004243622E0,1.004737697E1
8.302278750E-1,-3.816763000E0,7.658074951E0,4.905449066E0,9.862921591E0
8.401788750E-1,-3.742816772E0,7.500602417E0,4.816683655E0,9.667893020E0
8.501308750E-1,-3.707939301E0,7.431296539E0,4.710704041E0,9.547969138E0
8.600828750E-1,-3.699407043E0,7.387288055E0,4.432881775E0,9.375930787E0
8.700348750E-1,-3.715573425E0,7.334298248E0,4.223616943E0,9.243178931E0
8.799868750E-1,-3.773203583E0,7.335645447E0,3.992647247E0,9.164605362E0
8.899388750E-1,-3.858675842E0,7.393874359E0,3.852987671E0,9.187179724E0
8.998908750E-1,-3.923790436E0,7.477700043E0,3.821852417E0,9.269233259E0
9.098428750E-1,-3.990551605E0,7.581434326E0,4.072131958E0,9.486037489E0
9.197948750E-1,-3.965703278E0,7.666756897E0,4.543501740E0,9.754453950E0
9.297468750E-1,-3.905229034E0,7.652386780E0,5.077291718E0,9.979415235E0
9.396988750E-1,-3.843706970E0,7.569908295E0,5.614973602E0,1.017867985E1
9.496508749E-1,-3.752696228E0,7.426506500E0,6.016289062E0,1.026798237E1
9.596028751E-1,-3.649411011E0,7.314239960E0,6.292913818E0,1.031586503E1
9.695548750E-1,-3.533252563E0,7.267986145E0,6.474486237E0,1.035502141E1
9.795068750E-1,-3.495531006E0,7.273824005E0,6.496340790E0,1.036000465E1
9.894588750E-1,-3.541186066E0,7.386838989E0,6.402935028E0,1.039725762E1
9.994108750E-1,-3.567231903E0,7.495363312E0,6.347849579E0,1.044991909E1
1.009362875E0,-3.564537506E0,7.574698334E0,6.386469269E0,1.052943361E1
1.019313875E0,-3.521576843E0,7.677384796E0,6.293213196E0,1.053319862E1
1.029265875E0,-3.512146454E0,7.908354492E0,5.941145325E0,1.049640182E1
1.039217875E0,-3.481310577E0,8.319549408E0,5.368436279E0,1.049545300E1
1.049169875E0,-3.424129486E0,8.838819580E0,4.748575287E0,1.060180935E1
1.059121875E0,-3.458857269E0,9.278904419E0,4.169729004E0,1.074469175E1
1.069073875E0,-3.649710388E0,9.543853455E0,3.556005249E0,1.081899709E1
1.079025875E0,-3.947740631E0,9.537267151E0,3.029999084E0,1.075755619E1
1.088977875E0,-4.279301147E0,9.242530060E0,2.878663788E0,1.058411477E1
1.098929875E0,-4.387975159E0,8.791517944E0,3.192561035E0,1.033138712E1
1.108881875E0,-4.119433594E0,8.385262756E0,3.780089264E0,1.007826570E1
1.118833875E0,-3.765868835E0,8.215964813E0,4.618495789E0,1.014959848E1
1.128785875E0,-3.489693146E0,8.186326447E0,5.198539581E0,1.030624630E1
1.138737875E0,-3.388503571E0,8.358618164E0,5.703439636E0,1.067134845E1
1.148689875E0,-3.646117859E0,8.498128052E0,6.328240356E0,1.120531043E1
1.158641875E0,-4.110152893E0,8.123008118E0,6.857839050E0,1.139765652E1
1.168593875E0,-5.044060822E0,7.159012756E0,7.439828796E0,1.149108636E1
1.178545875E0,-6.134094086E0,6.327791290E0,8.193810883E0,1.203356097E1
1.188497875E0,-6.663842468E0,5.600004730E0,8.374185791E0,1.207865212E1
1.198448875E0,-6.791227570E0,4.890929260E0,8.341703339E0,1.181634358E1
1.208400875E0,-6.595734100E0,4.710105286E0,8.805888062E0,1.196797663E1
1.218352875E0,-6.192173309E0,4.722379761E0,9.449998627E0,1.224525847E1
1.228304875E0,-5.831872559E0,4.402794342E0,9.440568237E0,1.193816000E1
1.238256875E0,-5.519023132E0,3.682192841E0,8.843010864E0,1.105517985E1
1.248208875E0,-5.605692902E0,3.401227112E0,7.970774689E0,1.032111370E1
1.258160875E0,-5.872288513E0,3.045417023E0,7.212751007E0,9.786833723E0
1.268112875E0,-6.063740387E0,2.240391083E0,6.505172424E0,9.170908786E0
1.278064875E0,-6.204447784E0,1.884580994E0,5.747747498E0,8.665068905E0
1.288016875E0,-6.400839386E0,1.923350372E0,4.935536499E0,8.308401894E0
1.297968875E0,-6.652166748E0,2.267634430E0,4.232897644E0,8.204322691E0
1.307920875E0,-6.757098541E0,2.847678223E0,3.936064911E0,8.322274866E0
1.317872875E0,-6.743626556E0,3.340004425E0,4.140090637E0,8.589090707E0
1.327824875E0,-6.637048187E0,3.813170471E0,4.597239990E0,8.928902128E0
1.337776875E0,-6.573430481E0,4.255350952E0,4.879253540E0,9.226327282E0
1.347728875E0,-6.360423431E0,4.563709717E0,4.841232605E0,9.204344938E0
1.357680875E0,-6.279741211E0,4.817132721E0,4.699178009E0,9.204465834E0
1.367632875E0,-6.392157440E0,5.110223236E0,4.453239441E0,9.316941546E0
1.377584875E0,-6.458619232E0,5.442681885E0,3.797004089E0,9.260334148E0
1.387535875E0,-6.404581604E0,5.943989410E0,3.014281769E0,9.243136384E0
1.397487875E0,-6.702013092E0,6.572682037E0,2.640808411E0,9.751461312E0
1.407439875E0,-7.351213074E0,7.016060028E0,2.126927032E0,1.038216021E1
1.417391875E0,-8.255033569E0,7.208260345E0,1.995500336E0,1.113941731E1
1.427343875E0,-9.040899353E0,7.333849182E0,2.670446777E0,1.194380555E1
1.437295875E0,-9.319320374E0,7.332801361E0,3.808530121E0,1.245490304E1
1.447247875E0,-9.102571106E0,6.923702087E0,5.033283234E0,1.249513471E1
1.457199875E0,-8.815168762E0,6.325545959E0,6.071524200E0,1.243314675E1
1.467151875E0,-8.519533539E0,5.832022247E0,6.358926544E0,1.212562914E1
1.477103875E0,-8.684041443E0,5.486840057E0,5.541476440E0,1.167158733E1
1.487055875E0,-9.303153992E0,5.138514404E0,4.064946899E0,1.137878718E1
1.497007875E0,-9.889933777E0,4.611460419E0,2.436183929E0,1.118084744E1
1.506959875E0,-1.033929932E1,4.022884369E0,1.162033539E0,1.115504509E1
1.516911875E0,-1.047162415E1,3.439547424E0,3.080593872E-1,1.102634569E1
1.526863875E0,-9.975555725E0,2.937940521E0,-1.610650635E-1,1.040043982E1
1.536815875E0,-9.426198120E0,2.528990936E0,-2.360591125E-1,9.762414151E0
1.546767875E0,-8.643924866E0,2.397713928E0,-2.483335876E-1,8.973747196E0
1.556718875E0,-7.454049225E0,2.521506500E0,-4.068539429E-1,7.879490784E0
1.566670875E0,-6.234684906E0,2.998265076E0,-5.495072937E-1,6.939945793E0
1.576623250E0,-5.376220093E0,3.716621246E0,-1.490899658E-1,6.537525816E0
1.586575250E0,-4.919968872E0,4.738845520E0,1.228345642E0,6.940575162E0
1.596527250E0,-4.679718475E0,5.700595551E0,2.660866699E0,7.840712100E0
1.606479250E0,-4.631967773E0,6.312972107E0,3.198847961E0,8.458213201E0
1.616431250E0,-4.346212006E0,6.200406189E0,3.327879639E0,8.270996228E0
1.626383250E0,-3.319796448E0,5.578449554E0,3.306474152E0,7.285116279E0
1.636335250E0,-2.236648865E0,4.794829102E0,3.498524780E0,6.342922031E0
1.646287250E0,-1.365161133E0,4.158652039E0,3.650758209E0,5.699656761E0
1.656239250E0,-3.543132019E-1,4.191882935E0,3.487148438E0,5.464213082E0
1.666191250E0,-8.726852417E-2,5.250930634E0,3.209625549E0,6.154801742E0
1.676143250E0,-1.604663086E-1,7.141050110E0,3.572620697E0,7.986486383E0
1.686095250E0,2.668949890E-1,7.108717346E0,2.704575806E0,7.610507574E0
1.696047250E0,-1.197509766E-3,6.320157166E0,1.611548767E0,6.522382805E0
1.705999250E0,-1.701960754E-1,7.509883118E0,-5.245841217E0,9.162213773E0
1.715951250E0,8.204438782E-1,1.113100296E1,-9.310788116E0,1.453489355E1
1.725903250E0,3.221151581E0,1.050590286E1,-3.182831268E0,1.144028965E1
1.735855250E0,2.499202881E0,9.010961609E0,-1.742376709E-1,9.352743069E0
1.745806250E0,1.656605072E0,7.527696075E0,9.681866455E-1,7.768393267E0
1.755758250E0,1.869911499E0,4.878505096E0,1.615740051E0,5.468729003E0
1.765710250E0,1.780697021E0,4.132456512E0,1.179098053E0,4.651704089E0
1.775662250E0,2.775079193E0,7.945926361E0,-1.109941864E0,8.489451172E0
1.785614250E0,4.899611206E0,1.197075668E1,-2.888842621E0,1.325332476E1
1.795566250E0,6.111640778E0,1.396071854E1,-2.117346954E0,1.538625923E1
1.805518250E0,5.782624969E0,1.924173660E1,1.083147583E0,2.012104341E1
1.815470250E0,5.518125000E0,2.353525818E1,2.972817993E0,2.435560978E1
1.829154250E0,3.009940796E0,2.427382233E1,4.816533966E0,2.492944431E1
1.839106250E0,3.412753143E0,1.755579254E1,1.504371643E0,1.794758674E1
1.849058250E0,-1.801204376E0,1.183483932E1,-2.162403259E0,1.216485704E1
1.859010250E0,-3.296145630E0,1.001971390E1,-1.208886108E0,1.061699808E1
1.868962250E0,-2.861748962E0,9.389973450E0,8.391549683E-1,9.852176895E0
1.878914250E0,-2.645299072E0,9.339827728E0,1.816173248E0,9.875650583E0
1.888866250E0,-1.246308289E0,1.015682877E1,9.309141541E-1,1.027526428E1
1.898818250E0,7.372169495E-1,1.194830338E1,1.168170776E0,1.202788699E1
1.908770250E0,1.589544525E0,1.264959503E1,1.492097168E0,1.283609209E1
1.918721250E0,1.916015625E0,1.177241913E1,1.048569489E0,1.197332310E1
1.928673250E0,2.871478729E0,1.037148239E1,5.251080322E-1,1.077445013E1
1.938625250E0,2.882555695E0,1.001357666E1,1.454974365E-1,1.042122902E1
1.948577250E0,2.861898651E0,1.063059357E1,-4.496649170E-1,1.101826584E1
1.958529250E0,3.314257965E0,1.117620895E1,-3.222798157E-1,1.166172443E1
1.968481250E0,3.120411072E0,9.896370392E0,-1.004561005E0,1.042517410E1
1.978433250E0,1.224453735E-1,6.428082733E0,-2.649490356E-1,6.434705781E0
1.988385250E0,-5.858816528E-1,7.237150269E0,2.279010773E0,7.610091420E0
1.998337250E0,-2.596650238E0,1.065199905E1,1.476379852E0,1.106288271E1
2.008289250E0,-1.626517639E0,1.143397293E1,1.433119812E0,1.163765995E1
2.018241250E0,6.551875305E-1,1.091619965E1,1.951641541E0,1.110862683E1
2.028193250E0,4.450245667E-1,1.178544205E1,7.698490906E-1,1.181894068E1
2.038145250E0,-1.296753387E0,1.166060165E1,9.553134155E-1,1.177131361E1
2.048097250E0,-2.689008179E0,8.623118134E0,-1.017883301E-1,9.033232655E0
2.058049250E0,-5.184319153E0,2.079924774E0,-2.837200012E0,6.265217957E0
2.068001250E0,-8.736432495E0,-5.924529877E0,-7.197333069E0,1.277602874E1
2.077953250E0,-9.944570160E0,-1.828747101E0,-2.801274719E0,1.049218431E1
2.087904250E0,-6.800059204E0,-1.501377869E-1,1.749412079E0,7.023089716E0
2.097856250E0,-6.161487122E0,-9.610015869E-1,3.099005585E0,6.963568282E0
2.107808250E0,-3.983067169E0,-1.176852722E0,4.593497772E0,6.192739958E0
2.117760250E0,-2.307301941E0,2.175575867E0,6.569688263E0,7.295037798E0
2.127712250E0,-1.015937347E0,1.781445465E0,3.172652435E0,3.777750669E0
2.137664250E0,6.301895142E-1,5.241051178E0,-8.170010376E-1,5.341652082E0
2.147616250E0,4.187541962E0,1.259570709E1,9.470805359E-1,1.330730275E1
2.157568250E0,6.832990723E0,1.699535797E1,6.292015686E0,1.936805143E1
2.167520250E0,5.560037842E0,1.755399628E1,5.361101532E0,1.917806601E1
2.177472250E0,1.212822922E1,2.477243546E1,3.611988831E-1,2.758437904E1
2.187424250E0,1.580233887E1,3.056329330E1,-1.204994202E0,3.442790761E1
2.197376250E0,1.366268829E1,2.256781998E1,-3.879781952E0,2.666511312E1
2.207328250E0,8.282426605E0,1.469763611E1,-3.322041779E0,1.719462297E1
2.217280250E0,8.298293610E0,1.202703964E1,-3.685336304E0,1.506960726E1
2.227232250E0,7.978857880E0,7.262597351E0,-1.246607666E0,1.086100935E1
2.237184250E0,7.085365906E0,6.960375824E0,-4.719685364E-1,9.943439844E0
2.247136250E0,7.813751221E0,7.768694916E0,-8.093669128E-1,1.104818554E1
2.257088250E0,8.211623840E0,9.057664490E0,-1.288969574E0,1.229363635E1
2.267039250E0,7.373965759E0,1.162377823E1,-9.241781616E-1,1.379643782E1
2.276991250E0,2.861299896E0,1.281365387E1,-1.317709808E0,1.319519313E1
2.286943250E0,-3.867956543E-1,1.191671906E1,-5.267546082E-1,1.193462502E1
2.296895250E0,-4.013453979E0,9.746082916E0,3.901636505E0,1.123907080E1
2.306847250E0,-1.637145538E0,8.339907074E0,6.126759338E0,1.047718834E1
2.316799250E0,-2.000140686E0,7.450007629E0,2.118245087E0,7.999383644E0
2.326751250E0,-1.992805939E0,7.452103271E0,-2.838098145E-1,7.719175260E0
2.336703250E0,6.301895142E-2,7.904462585E0,2.415975952E-1,7.908404994E0
2.346655250E0,1.666185150E0,7.610773315E0,8.846603394E-1,7.841088402E0
2.356607250E0,3.265309753E0,7.625442810E0,-2.300715637E-1,8.298346749E0
2.366559250E0,3.911515961E0,7.484735413E0,-4.661306763E-1,8.458043457E0
2.376511250E0,4.450395355E0,7.346572723E0,-5.406756592E-1,8.606420845E0
2.386463250E0,5.009632416E0,7.702532501E0,-3.697311401E-2,9.188405242E0
2.396415250E0,5.658682709E0,8.506510620E0,8.069718933E-1,1.024854217E1
2.406367250E0,6.086792450E0,9.514963531E0,1.720073090E0,1.142550764E1
2.416319250E0,5.882167969E0,1.037342834E1,2.433639221E0,1.217088803E1
2.426271250E0,5.648952942E0,9.873468018E0,1.932331696E0,1.153819508E1
2.436222250E0,5.501659241E0,1.055799454E1,1.539398804E0,1.200455129E1
2.446174250E0,4.580624542E0,1.116767670E1,7.351213074E-1,1.209295362E1
2.456126250E0,2.802322540E0,1.145313309E1,-1.825903015E0,1.193152090E1
2.466078250E0,1.687291260E0,9.613907776E0,2.387235718E0,1.004853566E1
2.476030250E0,2.507286072E0,7.290439453E0,1.879790955E0,7.935402000E0
2.485982250E0,2.760409698E0,9.297465820E0,-5.819897461E-1,9.716040575E0
2.495934250E0,3.170107727E0,8.299940186E0,3.573069763E-1,8.891920960E0
2.505886250E0,3.028202820E0,8.852590942E0,1.215322723E0,9.434796661E0
2.515838250E0,3.006348267E0,9.144483948E0,1.662293243E0,9.768466379E0
2.525790250E0,3.046165466E0,9.127419434E0,1.412013702E0,9.725363349E0
2.535742250E0,2.684367828E0,9.826166382E0,1.187929688E0,1.025526954E1
2.545694250E0,3.011587372E0,9.041348419E0,6.686595154E-1,9.553153683E0
2.555646250E0,3.920497284E0,8.280181274E0,-2.056723022E-1,9.163732972E0
2.565598250E0,3.555406494E0,9.479487305E0,4.716691589E-1,1.013528819E1
2.575550250E0,3.789519653E0,8.953331451E0,3.772155762E-2,9.722346743E0
2.585502333E0,3.435505829E0,9.870324554E0,7.920030212E-1,1.048109135E1
2.595454333E0,4.280199280E0,8.701405334E0,-2.296224976E-1,9.699860162E0
2.605405333E0,4.687801666E0,8.245752869E0,-1.062939606E0,9.544514940E0
2.615357333E0,4.318220215E0,8.067922668E0,8.120613098E-1,9.186830007E0
2.625309333E0,4.238436127E0,9.862241364E0,1.070873108E0,1.078772055E1
2.635261333E0,2.246079254E0,1.241233841E1,1.855840759E0,1.274971222E1
2.645213333E0,3.854185181E0,8.712033234E0,-5.535488892E-1,9.542572129E0
2.655165333E0,4.033063202E0,8.806187439E0,-1.738484802E0,9.840572413E0
2.665117333E0,3.160976715E0,8.024363251E0,7.780819702E-1,8.659537570E0
2.675069333E0,3.045267334E0,8.637787628E0,2.167941742E0,9.411960457E0
2.685021333E0,3.562741241E0,9.418863373E0,1.869761810E0,1.024227131E1
2.694973333E0,4.244124298E0,9.616602173E0,1.840123444E0,1.067134868E1
2.704925333E0,4.763544159E0,9.734257507E0,1.852098541E0,1.099442546E1
2.714877333E0,4.771028595E0,1.026475433E1,1.074465637E0,1.137024062E1
2.724829333E0,4.137545929E0,1.069106781E1,7.961943054E-1,1.149139428E1
2.734781333E0,3.839216309E0,9.290580139E0,-2.993774414E-2,1.005262938E1
2.744733333E0,4.069886627E0,9.114097137E0,-6.622229004E-1,1.000346355E1
2.754685333E0,4.084107056E0,7.354955292E0,7.388635254E-1,8.445188991E0
2.764637333E0,4.264931030E0,9.144783325E0,2.528242493E-1,1.009359296E1
2.774588333E0,4.674179993E0,8.867260437E0,2.103425903E0,1.024210265E1
2.784540333E0,5.409151611E0,1.072220306E1,1.976789246E0,1.217095951E1
2.794492333E0,6.309080200E0,8.949289856E0,2.536026306E0,1.123947113E1
2.804444333E0,6.457272034E0,8.631800079E0,1.471290436E0,1.087975323E1
2.814396333E0,5.993386688E0,8.204289093E0,8.161029053E-1,1.019299110E1
2.824348333E0,5.223687286E0,7.393425293E0,2.107617188E-1,9.055057533E0
2.834300333E0,4.045487366E0,7.825876007E0,-6.771917725E-1,8.835660247E0
2.844252333E0,2.816542969E0,8.555608521E0,-5.915698242E-1,9.026699635E0
2.854204333E0,1.952689362E0,9.803114319E0,-6.744973755E-1,1.001843265E1
2.864156333E0,1.929337921E0,1.010683273E1,-3.065625000E-1,1.029390078E1
2.874108333E0,2.551444244E0,1.013766861E1,4.011657715E-2,1.045388932E1
2.884060333E0,3.681145020E0,1.047132477E1,8.704399109E-1,1.113360394E1
2.894012333E0,5.548511810E0,8.120762787E0,1.879790955E0,1.001331042E1
2.903964333E0,5.990243225E0,8.452472992E0,7.623646545E-1,1.038790226E1
2.913916333E0,5.731581116E0,8.254734192E0,8.017327881E-1,1.008139049E1
2.923868333E0,5.695805511E0,6.302044830E0,1.175056458E0,8.575472415E0
2.933819333E0,6.560407562E0,5.392835541E0,2.245480499E0,8.784293098E0
2.943771333E0,5.436095581E0,7.060517578E0,1.747166748E0,9.080453473E0
2.953723333E0,5.219496002E0,5.630990295E0,1.758992157E0,7.876880324E0
2.963675333E0,6.767427063E0,5.606141968E0,2.364333344E0,9.100382903E0
2.973627333E0,6.795867920E0,7.382198639E0,1.056053925E0,1.008939678E1
2.983579333E0,6.350843353E0,8.326285400E0,2.421963501E-1,1.047467894E1
2.993531333E0,5.346132660E0,8.218210144E0,1.205592957E0,9.877933325E0
3.003483333E0,5.105732574E0,7.062463531E0,2.369123383E0,9.031037695E0
3.013435333E0,4.290827179E0,7.351512451E0,1.695224762E0,8.679269566E0
3.023387333E0,3.159330139E0,7.270680542E0,-2.377056885E-1,7.930994040E0
3.033339333E0,1.583407288E0,8.532556458E0,-2.232607269E0,8.960816568E0
3.043291333E0,1.806742859E-1,9.649683380E0,-3.141068115E0,1.014964736E1
3.053243333E0,-1.013392639E-1,1.007240433E1,-2.990181885E0,1.050736819E1
3.063195333E0,9.681866455E-1,1.061023590E1,-2.571652222E0,1.096028678E1
3.073147333E0,1.752405853E0,1.078582077E1,-1.668131104E0,1.105384627E1
3.083099333E0,2.574047241E0,1.108729385E1,-3.758683777E-1,1.138837483E1
3.093051333E0,3.088826752E0,1.111528564E1,1.772314453E-1,1.153784367E1
3.103003333E0,3.621868286E0,1.076606186E1,8.367599487E-2,1.135927020E1
3.112954333E0,4.068838806E0,9.328601074E0,-1.015937347E0,1.022792139E1
3.122906333E0,4.391567688E0,9.125174103E0,-1.405128021E0,1.022394513E1
3.132858333E0,4.480782166E0,8.607999573E0,-1.046174469E0,9.760611993E0
3.142810333E0,4.039050751E0,7.926167450E0,-3.606001282E-1,8.903263102E0
3.152762333E0,3.573069763E0,7.816445618E0,1.782792664E-1,8.596245292E0
3.162714333E0,2.248773651E0,1.152737869E1,2.567161560E-1,1.174748252E1
3.172666333E0,3.538641357E-1,8.458909607E0,1.178199921E0,8.547896035E0
3.182618333E0,1.415306854E0,7.201224976E0,-2.056723022E-1,7.341868682E0
3.192570333E0,2.718047791E0,1.009036697E1,-4.379891968E-1,1.045921240E1
3.202522333E0,3.362158356E0,1.044707520E1,2.704875183E-1,1.097809876E1
3.212474333E0,3.095413055E0,9.208550720E0,8.750802612E-1,9.754217232E0
3.222426333E0,2.685715027E0,8.920250244E0,5.278024292E-1,9.330729073E0
3.232378333E0,2.453697510E0,8.810229034E0,5.227130127E-1,9.160458286E0
3.242330333E0,2.404300232E0,8.240064697E0,5.292993164E-1,8.599969976E0
3.252282333E0,2.302960968E0,7.535180511E0,3.659889221E-1,7.887745080E0
3.262234333E0,2.067201233E0,7.173083496E0,2.362088013E-1,7.468751059E0
3.272186333E0,1.864522705E0,7.272027740E0,1.862127686E-1,7.509561077E0
3.282137333E0,1.987866211E0,7.838300171E0,1.266366577E-1,8.087434605E0
3.292089333E0,2.719844055E0,9.020391998E0,2.333647156E-1,9.424408872E0
3.302041333E0,2.714155884E0,1.080378342E1,3.778143311E-1,1.114590158E1
3.311993333E0,2.533481598E0,1.277623169E1,4.498146057E-1,1.303276480E1
3.321945333E0,3.554208984E0,1.485181549E1,-7.000941467E-1,1.528721547E1
3.331897333E0,4.292773132E0,8.520581360E0,9.993218994E-1,9.593062709E0
3.341849333E0,3.462449799E0,6.037993927E0,2.252515869E0,7.315719856E0
3.351801333E0,2.760858765E0,6.687044220E0,8.587641907E-1,7.285353626E0
3.361753333E0,2.401905212E0,8.890761566E0,1.046024780E0,9.268708525E0
3.371705333E0,1.883533173E0,9.435029755E0,9.385482788E-1,9.666869015E0
3.381657333E0,1.525028687E0,9.192234650E0,1.383722534E0,9.420062548E0
3.391609333E0,1.506766663E0,9.121282196E0,1.924547882E0,9.443093732E0
3.401561333E0,1.953288116E0,9.098978577E0,1.753453674E0,9.470023516E0
3.411513333E0,2.417772217E0,8.888516235E0,1.225950623E0,9.292701345E0
3.421465333E0,2.756667480E0,8.607700195E0,8.174501038E-1,9.075237899E0
3.431417333E0,3.126548309E0,8.513695679E0,5.849835205E-1,9.088483051E0
3.441369333E0,3.642076263E0,8.542585602E0,2.420466614E-1,9.289729536E0
3.451320333E0,3.809877319E0,8.782985687E0,-2.180964661E-1,9.576198037E0
3.461272333E0,4.122427368E0,8.835825806E0,-5.816903687E-1,9.767527259E0
3.471224333E0,4.656067657E0,8.920549622E0,-1.978884888E-1,1.006450850E1
3.481176333E0,4.805756378E0,9.032816162E0,2.165995789E-1,1.023396197E1
3.491128333E0,4.783752136E0,8.978179779E0,1.487905884E-1,1.017418966E1
3.501080333E0,4.307143250E0,8.961714020E0,-3.847000122E-2,9.943102186E0
3.511032333E0,3.513343964E0,8.979826355E0,-3.400927734E-1,9.648654324E0
3.520984333E0,3.024310913E0,9.033564606E0,-5.816903687E-1,9.544113876E0
3.530936333E0,2.804867249E0,8.808732147E0,-9.169931030E-1,9.289882597E0
3.540888333E0,2.799927521E0,8.721463623E0,-1.013093262E0,9.215740871E0
3.550840333E0,3.007396088E0,8.842112732E0,-1.033151550E0,9.396530792E0
3.560792333E0,3.249891815E0,9.119485931E0,-9.330097961E-1,9.726115758E0
3.570744333E0,3.421734467E0,9.466314697E0,-9.942324829E-1,1.011473573E1
3.580696500E0,3.707639923E0,9.687105560E0,-1.139580231E0,1.043480958E1
3.590648500E0,3.986959076E0,9.676627350E0,-1.463207245E0,1.056758889E1
3.600600500E0,4.266577606E0,9.373208313E0,-1.534010010E0,1.041219983E1
3.610552500E0,4.342170410E0,8.836274872E0,-1.381177826E0,9.941923841E0
3.620503500E0,4.208648071E0,8.390801239E0,-1.179547119E0,9.460951085E0
3.630455500E0,3.925287323E0,8.199798431E0,-1.216819611E0,9.171980421E0
3.640407500E0,3.443888397E0,8.495583344E0,-7.685018921E-1,9.199233598E0
3.650359500E0,3.297941895E0,8.755592651E0,-5.689668274E-1,9.373395685E0
3.660311500E0,3.098706207E0,8.835676117E0,-7.780819702E-1,9.395560875E0
3.670263500E0,2.921774139E0,8.624016266E0,-1.068328400E0,9.167973944E0
3.680215500E0,2.915636902E0,8.377179565E0,-1.414857788E0,8.982198983E0
3.690167500E0,3.082240448E0,8.411757660E0,-1.605261841E0,9.101359167E0
3.700119500E0,3.157533875E0,8.742420044E0,-1.766326904E0,9.461492437E0
3.710071500E0,2.699486389E0,9.212442627E0,-1.551822968E0,9.724426998E0
3.720023500E0,1.960473175E0,9.885143738E0,-8.753796387E-1,1.011562214E1
3.729975500E0,1.501826935E0,1.024828857E1,-2.161505127E-1,1.036000115E1
3.739927500E0,1.700314178E0,1.011910721E1,4.848417664E-1,1.027241308E1
3.749879500E0,1.841171265E0,9.715845795E0,8.834628296E-1,9.928145733E0
3.759831500E0,2.001936951E0,9.151669006E0,8.544232178E-1,9.406956798E0
3.769783500E0,2.145937500E0,8.487051086E0,5.126838684E-1,8.769146404E0
3.779734500E0,2.536325684E0,7.939789124E0,-1.526824951E-2,8.335072430E0
3.789686500E0,3.256178741E0,7.748486938E0,-6.346801758E-2,8.405104284E0
3.799638500E0,4.068090363E0,7.939190369E0,-1.574725342E-1,8.922157839E0
3.809590500E0,4.453688507E0,8.054600372E0,-1.020877075E-1,9.204474476E0
3.819542500E0,4.287683716E0,8.054600372E0,1.055305481E-1,9.125346870E0
3.829494500E0,3.886068878E0,8.063581696E0,-5.278024292E-1,8.966685926E0
3.839446500E0,3.285966797E0,8.035440216E0,-1.772913208E0,8.860536016E0
3.849398500E0,2.612666931E0,8.138426056E0,-1.163530426E0,8.626343966E0
3.859350500E0,2.844235382E0,9.063352661E0,2.007026367E0,9.708871778E0
3.869302500E0,2.991379395E0,1.090542206E1,4.522695007E0,1.217913589E1
3.879254500E0,3.578009491E0,1.278790741E1,3.078797607E0,1.363127736E1
3.889206500E0,3.362906799E0,1.318518127E1,1.086440735E0,1.365058610E1
3.899158500E0,2.555635529E0,1.178559174E1,2.389181671E0,1.229388606E1
3.909110500E0,2.602188721E0,1.024888733E1,3.255130920E0,1.106376766E1
3.919062500E0,2.914289703E0,9.634265442E0,3.122207336E0,1.053851668E1
3.929014500E0,3.030148773E0,9.516909485E0,2.737956390E0,1.035614663E1
3.938966500E0,3.260968781E0,9.188492432E0,2.523602142E0,1.007128980E1
3.948917500E0,3.785627747E0,8.743617554E0,2.552641754E0,9.863964988E0
3.958869500E0,4.331392822E0,8.514593811E0,2.485281830E0,9.870962330E0
3.968821500E0,4.752317505E0,8.595725098E0,2.146835632E0,1.005385075E1
3.978773500E0,4.934189301E0,8.701255646E0,1.665736084E0,1.014064843E1
3.988725500E0,4.771327972E0,8.788374481E0,1.435963898E0,1.010262782E1
3.998677500E0,4.554578705E0,9.114995270E0,1.525926819E0,1.030319264E1
4.008629500E0,4.556075592E0,9.415570221E0,1.985471191E0,1.064673111E1
4.018581500E0,4.635560303E0,9.422156525E0,2.438429260E0,1.078013869E1
4.028533500E0,4.736151123E0,9.167835388E0,2.833607483E0,1.070091886E1
4.038485500E0,4.684358826E0,8.881780243E0,3.200943604E0,1.053922568E1
4.048437500E0,4.406386871E0,8.805438995E0,3.606749725E0,1.048621213E1
4.058389500E0,3.947141876E0,9.007219391E0,3.831881561E0,1.055429990E1
4.068341500E0,3.590882721E0,9.375154266E0,3.705544281E0,1.070135574E1
4.078293500E0,3.507805481E0,9.661508789E0,3.428769836E0,1.083540096E1
4.088245500E0,3.554358673E0,9.758656769E0,3.330424347E0,1.090672150E1
4.098197500E0,3.722758484E0,9.714348907E0,3.420836334E0,1.095123859E1
4.108149500E0,4.013903046E0,9.529782715E0,3.475772095E0,1.090913232E1
4.118100500E0,4.281696167E0,9.210945740E0,3.458408203E0,1.073009929E1
4.128052500E0,4.472698975E0,8.818012848E0,3.327729950E0,1.043245768E1
4.138004500E0,4.474345551E0,8.515342255E0,3.232527924E0,1.014790908E1
4.147956500E0,4.426744537E0,8.508007507E0,3.376528473E0,1.016775312E1
4.157908500E0,4.294270020E0,8.663085022E0,3.525319061E0,1.029163114E1
4.167860500E0,4.048181763E0,8.812624054E0,3.561693420E0,1.033130090E1
4.177812500E0,3.844006348E0,8.941506042E0,3.422931976E0,1.031714003E1
4.187764500E0,3.692072296E0,8.996890869E0,3.257675629E0,1.025611494E1
4.197716500E0,3.658841400E0,9.014404449E0,3.302731934E0,1.027397908E1
4.207668500E0,3.659889221E0,8.966504059E0,3.279679871E0,1.022493444E1
4.217620500E0,3.723207550E0,8.903036041E0,3.036286011E0,1.011658826E1
4.227572500E0,3.837569733E0,8.904532928E0,2.709066467E0,1.006760593E1
4.237524500E0,3.984564056E0,8.902586975E0,2.356549530E0,1.003424792E1
4.247476500E0,4.046385498E0,8.791817322E0,2.439626770E0,9.981035327E0
4.257428500E0,3.974235535E0,8.608897705E0,2.764151917E0,9.876649412E0
4.267380500E0,3.946992188E0,8.431815948E0,2.885699158E0,9.746872685E0
4.277331500E0,3.940256195E0,8.287066956E0,2.758912811E0,9.581894255E0
4.287283500E0,3.914360046E0,8.249644775E0,2.614912262E0,9.498242976E0
4.297235500E0,3.929328918E0,8.356821899E0,2.618504791E0,9.598576215E0
4.307187500E0,3.979324951E0,8.574020233E0,2.765798492E0,9.848781210E0
4.317139500E0,4.017944641E0,8.898096313E0,2.838397522E0,1.016742335E1
4.327091500E0,4.066892853E0,9.243128815E0,2.752176819E0,1.046659090E1
4.337043500E0,4.001029816E0,9.551786957E0,2.580034790E0,1.067246238E1
4.346995500E0,3.774999847E0,9.745334473E0,2.467019806E0,1.073817278E1
4.356947500E0,3.423381042E0,9.853709106E0,2.317480774E0,1.068577737E1
4.366899500E0,3.118465118E0,9.892179108E0,2.024539948E0,1.056781880E1
4.376851500E0,2.863245850E0,9.889185333E0,1.777104492E0,1.044759607E1
4.386803500E0,2.703527985E0,9.911039886E0,1.706601105E0,1.041394558E1
4.396755500E0,2.640958099E0,9.947264557E0,1.686991882E0,1.042922209E1
4.406707500E0,2.737657013E0,9.873468018E0,1.828447723E0,1.040785077E1
4.416659500E0,3.015179901E0,9.752070465E0,2.012265472E0,1.040400887E1
4.426611500E0,3.421884155E0,9.564061432E0,1.986818390E0,1.035026616E1
4.436563500E0,3.819906464E0,9.250463562E0,1.958826599E0,1.019802741E1
4.446514500E0,4.057312775E0,8.954828339E0,1.925595703E0,1.001791677E1
4.456466500E0,4.152365112E0,8.761729889E0,1.843566284E0,9.869588812E0
4.466418500E0,4.110901337E0,8.803043976E0,1.745669861E0,9.871193256E0
4.476370500E0,4.028871918E0,9.006620636E0,1.523232422E0,9.983549530E0
4.486322500E0,3.880081329E0,9.287286987E0,1.327289886E0,1.015236077E1
4.496274500E0,3.716920624E0,9.578431549E0,1.244512024E0,1.034942801E1
4.506226500E0,3.529959412E0,9.774074707E0,1.353335724E0,1.047972649E1
4.516178500E0,3.391347656E0,9.836494904E0,1.572629700E0,1.052288150E1
4.526130500E0,3.234024811E0,9.783355408E0,1.727707214E0,1.044786733E1
4.536082500E0,3.123704224E0,9.661658478E0,1.849404144E0,1.032111759E1
4.546034500E0,3.109633484E0,9.563312988E0,1.905836792E0,1.023518391E1
4.555986500E0,3.124602356E0,9.602232056E0,1.922302551E0,1.027916570E1
4.565938500E0,3.102298737E0,9.748028870E0,1.956281891E0,1.041515065E1
4.575890500E0,3.064876556E0,9.887389069E0,1.994751892E0,1.054196215E1
4.585842333E0,2.964285736E0,9.911938019E0,1.947001190E0,1.052731299E1
4.595794333E0,2.833607483E0,9.893376617E0,1.909878387E0,1.046689389E1
4.605745333E0,2.634970551E0,9.874216461E0,1.934577026E0,1.040124073E1
4.615697333E0,2.435285797E0,9.838590546E0,1.743723907E0,1.028440829E1
4.625649333E0,2.299218750E0,9.845925293E0,1.525627441E0,1.022527216E1
4.635601333E0,2.195484467E0,9.856403503E0,1.322499847E0,1.018419599E1
4.645553333E0,2.123484192E0,9.902657318E0,1.055455170E0,1.018262209E1
4.655505333E0,2.066153412E0,9.836943970E0,8.665480042E-1,1.008887318E1
4.665457333E0,2.076182556E0,9.742789764E0,7.932005310E-1,9.993080280E0
4.675409333E0,2.176024933E0,9.533375244E0,1.019529877E0,9.831570028E0
4.685361333E0,2.308349762E0,9.304800568E0,1.495390320E0,9.702782304E0
4.695313333E0,2.426603851E0,9.226363678E0,2.014510803E0,9.750510076E0
4.705265333E0,2.526146851E0,9.526938629E0,2.186952209E0,1.009587725E1
4.715217333E0,2.639012146E0,9.770631866E0,2.163900146E0,1.034949738E1
4.725169333E0,2.699785767E0,1.000549347E1,2.137255554E0,1.058142732E1
4.735121333E0,2.555336151E0,1.014215927E1,1.953737183E0,1.064002944E1
4.745073333E0,2.273172913E0,1.015682877E1,1.786534882E0,1.056031214E1
4.755025333E0,1.956281891E0,1.014006363E1,1.559307404E0,1.044410689E1
4.764977333E0,1.684596863E0,1.016102005E1,1.452130280E0,1.040158052E1
4.774928333E0,1.504371643E0,1.016536102E1,1.394051056E0,1.037020140E1
4.784880333E0,1.403930511E0,1.020562729E1,1.340911560E0,1.038864250E1
4.794832333E0,1.396745453E0,1.019634659E1,1.258133698E0,1.036818605E1
4.804784333E0,1.506916351E0,1.009515701E1,1.240021362E0,1.028205451E1
4.814736333E0,1.620230713E0,1.011895752E1,1.109792175E0,1.030776831E1
4.824688333E0,1.737287292E0,1.023960663E1,8.544232178E-1,1.042102443E1
4.834640333E0,1.899100800E0,1.034528687E1,5.206173706E-1,1.053102970E1
4.844592333E0,2.060016174E0,1.013751892E1,1.757345581E-1,1.034619926E1
4.854544333E0,2.195933533E0,9.652078400E0,-1.498384094E-1,9.899858234E0
4.864496333E0,2.286794586E0,9.137149200E0,-2.601589966E-1,9.422558447E0
4.874448333E0,2.284399567E0,8.835526428E0,-2.604583740E-1,9.129778048E0
4.884400333E0,2.224374390E0,8.865314484E0,-3.766168213E-1,9.147867650E0
4.894352333E0,2.129322052E0,9.032367096E0,-6.471043396E-1,9.302494923E0
4.904304333E0,1.995051270E0,9.202712860E0,-1.180744629E0,9.490221885E0
4.914256333E0,1.885928192E0,9.189540253E0,-1.654359741E0,9.525821820E0
4.924208333E0,1.759291534E0,8.976533203E0,-1.718426514E0,9.307322103E0
4.934159333E0,1.698667603E0,8.800050201E0,-1.401685181E0,9.071442913E0
4.944111333E0,1.950144653E0,9.046886902E0,-9.136999512E-1,9.299681413E0
4.954063333E0,2.214494934E0,9.621541901E0,-5.697152710E-1,9.889521315E0
4.964015333E0,2.207160187E0,1.011596375E1,-4.135899353E-1,1.036220706E1
4.973967333E0,2.066303101E0,1.046653473E1,-4.318519592E-1,1.067728682E1
4.983919333E0,2.042352905E0,1.056398209E1,-8.059240723E-1,1.078973756E1
4.993871333E0,2.168839874E0,1.036669235E1,-1.225052490E0,1.066175081E1
5.003823333E0,2.510579224E0,1.002375549E1,-1.501377869E0,1.044187807E1
5.013775333E0,2.950963440E0,9.647138672E0,-1.720971222E0,1.023411998E1
5.023727333E0,3.155587921E0,9.343719635E0,-1.712289276E0,1.000973358E1
5.033679333E0,3.250939636E0,9.301507416E0,-1.296454010E0,9.938181007E0
5.043631333E0,3.429967346E0,9.509874115E0,-5.270539856E-1,1.012324886E1
5.053583333E0,3.680246887E0,9.781858521E0,5.186714172E-1,1.046412888E1
5.063535333E0,3.763922882E0,9.905800781E0,1.161434784E0,1.066025025E1
5.073487333E0,3.641028442E0,9.674831085E0,7.455995178E-1,1.036413833E1
5.083439333E0,3.506458282E0,8.994795227E0,1.606159973E-1,9.655433101E0
5.093390333E0,3.300636292E0,8.025111694E0,-4.288581848E-1,8.687953555E0
5.103342333E0,3.054847412E0,7.208410034E0,-6.960525513E-2,7.829311133E0
5.113294333E0,2.779869232E0,7.244185638E0,1.073866882E0,7.833204235E0
5.123246333E0,2.418370972E0,8.017028503E0,2.041604462E0,8.619130638E0
5.133198333E0,2.112407227E0,8.929830322E0,2.016007690E0,9.395127508E0
5.143150333E0,2.510429535E0,1.000878662E1,2.947969666E0,1.073166302E1
5.153102333E0,3.566184082E0,1.089808731E1,4.178560638E0,1.220435762E1
5.163054333E0,4.208199005E0,1.137604340E1,4.893024902E0,1.307918174E1
5.173006333E0,4.116439819E0,1.105062012E1,5.128335571E0,1.285928099E1
5.182958333E0,3.648063812E0,9.649982758E0,5.377417603E0,1.163387970E1
5.192910333E0,3.113525391E0,8.099506989E0,6.250701599E0,1.069426595E1
5.202862333E0,2.436632996E0,7.073241119E0,7.069947968E0,1.029330290E1
5.212814333E0,1.711241455E0,7.177873535E0,7.211254120E0,1.031757732E1
5.222766333E0,1.082848206E0,8.209378510E0,5.967939606E0,1.020699559E1
5.232718333E0,5.833369446E-1,8.789422302E0,4.386178894E0,9.840365425E0
5.242670333E0,4.249662781E-1,8.661438446E0,3.191213837E0,9.240398154E0
5.252621333E0,6.253994751E-1,8.208330688E0,2.311642914E0,8.550526893E0
5.262573333E0,1.284628601E0,7.653434601E0,2.101779327E0,8.040075135E0
5.272525333E0,2.122436371E0,6.975943451E0,2.470462646E0,7.698812172E0
5.282477333E0,2.743195496E0,6.168971558E0,2.873873749E0,7.337607371E0
5.292429333E0,3.135230255E0,5.566175079E0,3.764970703E0,7.415320503E0
5.302381333E0,3.338208160E0,5.346581726E0,4.207001495E0,7.578154885E0
5.312333333E0,3.232228546E0,5.523962860E0,4.135599976E0,7.620016681E0
5.322285333E0,2.826422424E0,6.236930237E0,3.600013733E0,7.736152880E0
5.332237333E0,2.297871552E0,7.038213959E0,2.876717834E0,7.943058284E0
5.342189333E0,1.875449982E0,7.745044098E0,2.240391083E0,8.277824166E0
5.352141333E0,1.805096283E0,8.240064697E0,2.582130432E0,8.821815934E0
5.362093333E0,2.047292633E0,8.586294708E0,3.345542908E0,9.439730997E0
5.372045333E0,2.355950775E0,9.123078461E0,3.975133667E0,1.022657090E1
5.381997333E0,2.477797394E0,9.499395905E0,4.570745087E0,1.082911414E1
5.391949333E0,2.435435486E0,9.589358826E0,4.857099609E0,1.102173150E1
5.401901333E0,2.094893646E0,9.422455902E0,5.057083740E0,1.089703403E1
5.411852333E0,1.619182892E0,9.088051300E0,4.816683655E0,1.041224621E1
5.421804333E0,1.419348450E0,8.941655731E0,4.291875000E0,1.001937864E1
5.431756333E0,1.618284760E0,8.839867401E0,3.816014557E0,9.763404546E0
5.441708333E0,2.143093414E0,8.657097473E0,3.724704437E0,9.664968142E0
5.451660333E0,2.641706543E0,8.382418671E0,4.239184570E0,9.757778541E0
5.461612333E0,2.815495148E0,8.109685822E0,4.642895050E0,9.759635828E0
5.471564333E0,2.734812927E0,8.227790222E0,4.746030579E0,9.884358347E0
5.481516333E0,2.620151367E0,8.752299500E0,4.994962921E0,1.041237698E1
5.491468333E0,2.682421875E0,9.680818634E0,4.995561676E0,1.121914761E1
5.501420333E0,3.140768738E0,1.098730179E1,4.409230957E0,1.224853242E1
5.511372333E0,3.736978912E0,1.222672440E1,4.332290955E0,1.349913130E1
5.521324333E0,4.124672699E0,1.302770874E1,4.354295197E0,1.434203635E1
5.531276333E0,3.896696777E0,1.289882675E1,4.299209747E0,1.414380365E1
5.541228333E0,3.148253174E0,1.187690186E1,4.229454803E0,1.299463673E1
5.551180333E0,2.286345520E0,1.051129166E1,3.974983978E0,1.146800444E1
5.561132333E0,1.715582428E0,9.077872467E0,3.379821625E0,9.837387143E0
5.571083333E0,1.525328064E0,8.005951538E0,3.007246399E0,8.687083322E0
5.581035333E0,1.656605072E0,7.589367828E0,2.851121063E0,8.274764995E0
5.590987333E0,2.184407501E0,7.640261993E0,2.934946747E0,8.471077373E0
5.600939333E0,3.024161224E0,7.775131531E0,3.121758270E0,8.907502239E0
5.610891333E0,3.873644714E0,7.870483246E0,3.263214111E0,9.359390805E0
5.620843333E0,4.321064301E0,8.150550842E0,3.341950378E0,9.811814718E0
5.630795333E0,4.369114380E0,8.628357239E0,3.200793915E0,1.018738390E1
5.640747333E0,4.060456238E0,9.078770599E0,2.644251251E0,1.029093995E1
5.650699333E0,3.677103424E0,9.435029755E0,1.848655701E0,1.029360986E1
5.660651333E0,3.320395203E0,9.708061981E0,1.100062408E0,1.031899361E1
5.670603333E0,3.023113403E0,9.901908875E0,6.671626282E-1,1.037459011E1
5.680555333E0,3.032843170E0,1.008767258E1,7.158114624E-1,1.055801410E1
5.690507333E0,3.184178467E0,1.025936554E1,1.265169067E0,1.081638695E1
5.700459333E0,3.328179016E0,1.018497025E1,1.978136444E0,1.089602764E1
5.710411333E0,3.379522247E0,9.860295410E0,2.503543854E0,1.071981007E1
5.720362333E0,3.279530182E0,9.433083801E0,2.827919312E0,1.037957205E1
5.730314333E0,2.889591064E0,9.115144958E0,2.625240784E0,9.916022051E0
5.740266333E0,2.471360779E0,9.075477448E0,2.347268829E0,9.694410037E0
5.750218333E0,2.172133026E0,9.211694183E0,2.201322327E0,9.716958969E0
5.760170333E0,2.107617188E0,9.385333099E0,2.079475708E0,9.841277702E0
5.770122333E0,2.135608978E0,9.431736603E0,2.073039093E0,9.890195758E0
5.780074333E0,2.202669525E0,9.340875549E0,2.201921082E0,9.846429074E0
5.790026333E0,2.264940033E0,9.184301147E0,2.106569366E0,9.691180290E0
5.799978333E0,2.342778168E0,8.919352112E0,1.909728699E0,9.417564194E0
5.809930333E0,2.447560272E0,8.633446655E0,1.794019318E0,9.151254436E0
5.819882333E0,2.511028290E0,8.477620697E0,1.926344147E0,9.049094846E0
5.829834333E0,2.702929230E0,8.423583069E0,2.074236603E0,9.086530450E0
5.839786333E0,3.004402313E0,8.445587311E0,2.103575592E0,9.207573435E0
5.849738333E0,3.185226288E0,8.579259338E0,1.991608429E0,9.365674638E0
5.859690333E0,3.233276367E0,8.928782501E0,1.722318420E0,9.651093915E0
5.869641333E0,3.181783447E0,9.349856873E0,1.386267242E0,9.973229482E0
5.879593333E0,3.102747803E0,9.647587738E0,9.123527527E-1,1.017523369E1
5.889545333E0,3.007096710E0,9.743238831E0,8.111631775E-1,1.022894517E1
5.899497333E0,2.977458344E0,9.673334198E0,1.039139099E0,1.017440233E1
5.909449333E0,2.912194061E0,9.298363953E0,1.079105988E0,9.803311490E0
5.919401333E0,2.851270752E0,8.798253937E0,1.038390656E0,9.306840086E0
5.929353333E0,2.812651062E0,8.398884430E0,1.117725677E0,8.927573934E0
5.939305333E0,2.874322815E0,8.140521698E0,1.163979492E0,8.711180943E0
5.949257333E0,2.761307831E0,7.927963715E0,1.281485138E0,8.492327935E0
5.959209333E0,2.525398407E0,7.798482971E0,1.328637085E0,8.304170655E0
5.969161333E0,2.336940308E0,7.833360443E0,1.358425140E0,8.286624445E0
5.979113333E0,2.104773102E0,7.904612274E0,1.113085327E0,8.255417855E0
5.989065333E0,2.132914581E0,8.019872589E0,9.202862549E-1,8.349527397E0
5.999017333E0,2.335443420E0,8.111781464E0,9.725276184E-1,8.497123305E0
6.008969333E0,2.811004486E0,8.161178741E0,1.148411865E0,8.707780112E0
6.018921333E0,3.264261932E0,8.190966797E0,1.352437592E0,8.920562228E0
6.028872333E0,3.634292450E0,8.381969604E0,1.387464752E0,9.240700975E0
6.038824333E0,3.877237244E0,8.703950043E0,1.358724518E0,9.624855703E0
6.048776333E0,4.070186005E0,9.047485657E0,1.254241791E0,9.999826663E0
6.058728333E0,4.016148376E0,9.275760956E0,1.151255951E0,1.017322856E1
6.068680333E0,3.802093506E0,9.315727844E0,1.034349060E0,1.011477030E1
6.078632333E0,3.589535522E0,9.184151459E0,1.124611359E0,9.924623620E0
6.088584333E0,3.560046844E0,9.010662231E0,1.396146698E0,9.788523535E0
6.098536333E0,3.635489960E0,8.836125183E0,1.734293518E0,9.710904670E0
6.108488333E0,3.532354431E0,8.725954285E0,1.962868195E0,9.616270460E0
6.118440333E0,3.449277191E0,8.729696503E0,2.084565125E0,9.615119652E0
6.128392333E0,3.267854462E0,8.727900238E0,2.077380066E0,9.548330916E0
6.138344333E0,3.126099243E0,8.700507202E0,1.976340179E0,9.453953806E0
6.148296333E0,3.004402313E0,8.678502960E0,1.879790955E0,9.374244552E0
6.158248333E0,2.920426941E0,8.624914398E0,1.820963287E0,9.286223624E0
6.168200333E0,2.999462585E0,8.644224243E0,1.721569977E0,9.310380860E0
6.178151333E0,3.142115936E0,8.695417786E0,1.537752228E0,9.372719186E0
6.188103333E0,3.264860687E0,8.750503235E0,1.456022186E0,9.452545836E0
6.198055333E0,3.416195984E0,8.741072845E0,1.508413239E0,9.505370061E0
6.208007333E0,3.623664551E0,8.652307434E0,1.492695923E0,9.498500399E0
6.217959333E0,3.673660583E0,8.581804047E0,1.414259033E0,9.441571447E0
6.227911333E0,3.617078247E0,8.555608521E0,1.390009460E0,9.392221170E0
6.237863333E0,3.567231903E0,8.507558441E0,1.347048798E0,9.322994934E0
6.247815333E0,3.469036102E0,8.456963654E0,1.516646118E0,9.265779037E0
6.257767333E0,3.485501862E0,8.379574585E0,1.881736908E0,9.268598990E0
6.267719333E0,3.615880737E0,8.326285400E0,2.164349213E0,9.331989584E0
6.277671333E0,3.943998413E0,8.331075439E0,2.228415985E0,9.483025850E0
6.287623333E0,4.246519318E0,8.302484894E0,2.141147461E0,9.568108182E0
6.297575333E0,4.345613251E0,8.314759369E0,1.951791229E0,9.582748400E0
6.307527333E0,4.433480530E0,8.420589294E0,1.738634491E0,9.673930099E0
6.317479333E0,4.503085785E0,8.658145294E0,1.781445465E0,9.920423855E0
6.327431333E0,4.575535126E0,8.804241486E0,1.683698730E0,1.006404646E1
6.337382333E0,4.678820343E0,8.811725922E0,1.378633118E0,1.007166832E1
6.347334333E0,4.613406372E0,8.817713470E0,1.044228516E0,1.000629814E1
6.357286333E0,4.496649170E0,8.861422577E0,8.696914673E-1,9.975020155E0
6.367238333E0,4.366120605E0,8.900790710E0,1.003064117E0,9.964598438E0
6.377190333E0,4.227359161E0,8.910969543E0,1.303938446E0,9.948678262E0
6.387142333E0,4.083208923E0,8.904233551E0,1.426234131E0,9.899096627E0
6.397094333E0,3.918401642E0,8.875792694E0,1.244212646E0,9.781698855E0
6.407046333E0,3.692671051E0,8.790170746E0,1.126257935E0,9.600592595E0
6.416998333E0,3.383114777E0,8.566835175E0,1.062340851E0,9.271714975E0
6.426950333E0,3.099005585E0,8.364605713E0,1.029109955E0,8.979394837E0
6.436902333E0,2.862946472E0,8.180488586E0,1.142723694E0,8.742006260E0
6.446854333E0,2.772684174E0,8.204588470E0,1.367107086E0,8.767669661E0
6.456806333E0,2.819985809E0,8.341254272E0,1.701511688E0,8.967942062E0
6.466758333E0,2.997366943E0,8.395890656E0,2.029479675E0,9.142974147E0
6.476710333E0,3.165018311E0,8.443791046E0,2.215093689E0,9.285558044E0
6.486661333E0,3.257376251E0,8.553512878E0,2.291135559E0,9.435167447E0
6.496613333E0,3.382216644E0,8.734336853E0,2.294428711E0,9.643258412E0
6.506565333E0,3.599265289E0,9.008117523E0,2.283501434E0,9.965704728E0
6.516517333E0,3.933520203E0,9.255403290E0,2.229463806E0,1.030075629E1
6.526469333E0,4.350852356E0,9.342073059E0,2.108066254E0,1.051894427E1
6.536421333E0,4.683011627E0,9.222920837E0,1.829645233E0,1.050430713E1
6.546373333E0,4.963079224E0,9.025182037E0,1.632355499E0,1.042835800E1
6.556325333E0,5.192552032E0,8.877289581E0,1.675465851E0,1.041998334E1
6.566277333E0,5.473218384E0,8.814570007E0,1.682351532E0,1.051109274E1
6.576229333E0,5.662275238E0,8.868457947E0,1.661993866E0,1.065237677E1
6.586181083E0,5.746849365E0,8.905131683E0,1.431173859E0,1.069466720E1
6.596133083E0,5.754633179E0,8.870703278E0,1.196461945E0,1.064127346E1
6.606085083E0,5.585335236E0,8.782237244E0,9.136999512E-1,1.044789492E1
6.616037083E0,5.219496002E0,8.766519928E0,4.334985352E-1,1.021190145E1
6.625989083E0,4.909490662E0,8.839568024E0,-1.288819885E-1,1.011225356E1
6.635940083E0,4.694238281E0,8.952732697E0,-7.080276489E-1,1.013353832E1
6.645892083E0,4.651576996E0,9.123976593E0,-8.990304565E-1,1.028067961E1
6.655844083E0,4.863985291E0,9.254954224E0,-3.897894287E-1,1.046252677E1
6.665796083E0,5.056634674E0,9.323811035E0,2.790197754E-1,1.061041274E1
6.675748083E0,5.394631805E0,9.384135590E0,4.110452271E-1,1.083203634E1
6.685700083E0,5.739364929E0,9.319320374E0,1.493893433E-1,1.094588321E1
6.695652083E0,5.656138000E0,9.067094879E0,-6.406677246E-2,1.068682419E1
6.705604083E0,5.308261414E0,8.921148376E0,-2.395019531E-3,1.038096977E1
6.715556083E0,4.903952179E0,8.964857483E0,9.879455566E-2,1.021896164E1
6.725508083E0,4.534370728E0,9.024433594E0,3.541635132E-1,1.010575833E1
6.735460083E0,4.208348694E0,9.159003754E0,2.300715637E-1,1.008218634E1
6.745412083E0,3.684587860E0,9.330696716E0,-2.649490356E-2,1.003188870E1
6.755364083E0,3.039579163E0,9.408684540E0,5.513035583E-1,9.902844130E0
6.765316083E0,2.411934357E0,9.496102753E0,1.117575989E0,9.861154644E0
6.775268083E0,2.133363647E0,9.694589996E0,1.534010010E0,1.004437665E1
6.785219083E0,2.186353455E0,9.880353699E0,2.014510803E0,1.031793508E1
6.795171083E0,2.522554321E0,9.901609497E0,2.673141174E0,1.056176286E1
6.805123083E0,2.374512177E0,1.006372238E1,3.295397186E0,1.085248630E1
6.815075083E0,2.459984436E0,9.748328247E0,3.979324951E0,1.081279123E1
6.825027083E0,1.988015900E0,9.729018402E0,4.097129974E0,1.074208920E1
6.834979083E0,1.415007477E0,1.048883835E1,3.835474091E0,1.125739035E1
6.844931083E0,1.476679230E0,1.111064529E1,3.003354492E0,1.160375623E1
6.854883083E0,1.410816193E0,1.150223099E1,2.652035065E0,1.188801960E1
6.864835083E0,1.033899994E0,1.138697067E1,2.947221222E0,1.180754688E1
6.874787083E0,8.214916992E-1,1.099014587E1,3.618275757E0,1.159957216E1
6.884739083E0,1.093027039E0,1.072654404E1,4.225562897E0,1.158053699E1
6.894691083E0,1.685794373E0,1.058104660E1,4.348906403E0,1.156345263E1
6.904643083E0,2.130220184E0,1.057251434E1,4.470753021E0,1.167491028E1
6.914595083E0,2.092049561E0,1.061697189E1,4.641847229E0,1.177469784E1
6.924547083E0,1.342857513E0,1.034723282E1,5.433850250E0,1.176414986E1
6.934499083E0,1.453477478E-1,1.031295410E1,7.303761749E0,1.263815983E1
6.944450083E0,-5.252577209E-1,1.053164932E1,8.412655792E0,1.348941476E1
6.954402083E0,-3.938310242E-1,1.063388672E1,7.859256592E0,1.322885346E1
6.964354083E0,3.957769775E-1,1.096080688E1,6.401438141E0,1.269938334E1
6.974306083E0,1.485510864E0,1.130104935E1,3.927532654E0,1.205595171E1
6.984258083E0,2.283800812E0,1.127425507E1,2.174977112E0,1.170705338E1
6.994210083E0,2.188299408E0,1.106723557E1,2.575095062E0,1.157166677E1
7.004162083E0,2.063459015E0,1.094014984E1,2.755469971E0,1.146897364E1
7.014114083E0,2.629581757E0,1.109627518E1,2.937042389E0,1.177574800E1
7.024066083E0,3.453019409E0,1.123518631E1,3.334016876E0,1.221754570E1
7.034018083E0,3.739373932E0,1.105331451E1,2.315385132E0,1.189620475E1
7.043970083E0,2.907703400E0,1.049422714E1,1.053359528E0,1.094043457E1
7.053922083E0,1.291065216E0,9.887538757E0,2.845283203E0,1.036947002E1
7.063874083E0,1.646575928E-1,9.277706909E0,4.817132721E0,1.045503349E1
7.073826083E0,8.472381592E-2,8.972491608E0,4.500241699E0,1.003817509E1
7.083778083E0,6.741979980E-1,8.465346222E0,3.580554199E0,9.216127059E0
7.093729083E0,1.334924011E0,7.800129547E0,2.413880310E0,8.273503564E0
7.103681083E0,2.029928741E0,6.924749908E0,1.151106262E0,7.307381037E0
7.113633083E0,2.849773865E0,6.406377869E0,5.261558533E-1,7.031339023E0
7.123585083E0,3.666924591E0,6.541846161E0,9.271719360E-1,7.556568993E0
7.133537083E0,3.802542572E0,7.101083221E0,2.487976227E0,8.430583529E0
7.143489083E0,3.816164246E0,7.912396088E0,3.238814850E0,9.362640815E0
7.153441083E0,3.603755951E0,7.583230591E0,4.128414917E0,9.356081064E0
7.163393083E0,2.468666382E0,6.312972107E0,4.554429016E0,8.166440730E0
7.173345083E0,7.677534485E-1,5.014572144E0,5.044809265E0,7.154402817E0
7.183297083E0,-1.454525299E0,4.177812195E0,6.935228119E0,8.226004355E0
7.193249083E0,-3.583697662E0,4.661007385E0,7.157815247E0,9.262947581E0
7.203201083E0,-4.641697540E0,5.510341187E0,6.239924011E0,9.531309863E0
7.213153083E0,-4.946314087E0,6.703360291E0,5.936205597E0,1.022934989E1
7.223105083E0,-4.509522400E0,7.114106140E0,6.584657135E0,1.069130525E1
7.233056083E0,-3.559897156E0,6.563700714E0,8.020471344E0,1.095823870E1
7.243008083E0,-2.721490631E0,6.086792450E0,7.811056824E0,1.026976934E1
7.252960083E0,-2.050735474E0,5.857768707E0,7.244035950E0,9.539131357E0
7.262912083E0,-1.057700500E0,5.870941315E0,6.630910950E0,8.919398090E0
7.272864083E0,2.442919922E-1,6.164929962E0,6.176605682E0,8.730206055E0
7.282816083E0,1.397344208E0,6.708749084E0,5.311554565E0,8.670207438E0
7.292768083E0,2.238295441E0,7.506440277E0,4.778662720E0,9.175632376E0
7.302720083E0,2.990930328E0,8.470884705E0,4.560566254E0,1.007473655E1
7.312672083E0,3.696712646E0,9.952653351E0,3.688779144E0,1.123957671E1
7.322624083E0,3.898343353E0,1.165775757E1,4.167783051E0,1.297963050E1
7.332576083E0,3.388802948E0,1.169907166E1,5.168152771E0,1.323110222E1
7.342528083E0,1.495390320E0,8.880133667E0,4.462370453E0,1.005016001E1
7.352480083E0,-7.952961731E-1,8.572373657E0,4.636458435E0,9.778283742E0
7.362432083E0,-9.328601074E-1,1.225336899E1,8.945098572E0,1.519967329E1
7.372384083E0,1.068328400E0,7.617658997E0,7.130272522E0,1.048860526E1
7.382335083E0,1.121318207E0,4.770280151E0,6.383774872E0,8.047702086E0
7.392287083E0,1.361867981E0,6.210285645E0,6.487359467E0,9.083400521E0
7.402239083E0,2.215393066E0,5.874683533E0,6.308631134E0,8.900488741E0
7.412191083E0,2.882106628E0,6.413562927E0,6.201454010E0,9.375412518E0
7.422143083E0,2.611918488E0,6.457870789E0,5.574557648E0,8.921990040E0
7.432095083E0,2.208208008E0,6.510411530E0,4.554728394E0,8.246647296E0
7.442047083E0,2.475701752E0,8.579708405E0,4.127217407E0,9.837398996E0
7.451999083E0,2.209255829E0,9.529483337E0,4.075275421E0,1.059715687E1
7.461951083E0,1.506317596E0,9.236692200E0,4.200864258E0,1.025830083E1
7.471903083E0,1.026265869E0,8.260422363E0,4.645589447E0,9.532539041E0
7.481855083E0,7.650590515E-1,7.371121674E0,4.866679688E0,8.865851412E0
7.491807083E0,7.300318909E-1,7.037315826E0,5.259163513E0,8.815642998E0
7.501759083E0,9.645941162E-1,7.013365631E0,5.869594116E0,9.196188035E0
7.511711083E0,1.433718567E0,7.527845764E0,6.699618073E0,1.017884537E1
7.521663083E0,2.060016174E0,8.752000122E0,6.921157379E0,1.134652335E1
7.531614083E0,1.948498077E0,8.290060730E0,6.211333466E0,1.054051304E1
7.541566083E0,2.085762634E0,7.452702026E0,5.664221191E0,9.590441855E0
7.551518083E0,2.570754089E0,7.610923004E0,6.009104004E0,1.003216111E1
7.561470083E0,2.719095612E0,7.771539001E0,7.040608978E0,1.083330394E1
7.571422083E0,2.943329315E0,7.816595306E0,7.543114014E0,1.125437331E1
7.581374083E0,3.162473602E0,7.935298462E0,7.278763733E0,1.122277160E1
7.591326375E0,2.944676514E0,8.385711823E0,6.823560333E0,1.120501040E1
7.601278375E0,2.315235443E0,8.587043152E0,6.854096832E0,1.122836892E1
7.611230375E0,1.962119751E0,8.763975220E0,7.366631012E0,1.161569748E1
7.621182375E0,1.609902191E0,8.615034943E0,7.939639435E0,1.182575522E1
7.631134375E0,1.303938446E0,8.400980072E0,8.226892090E0,1.183040469E1
7.641086375E0,1.439257050E0,8.444838867E0,7.978558502E0,1.170658619E1
7.651038375E0,1.666933594E0,8.353678436E0,7.450456696E0,1.131688632E1
7.660990375E0,1.773511963E0,8.358767853E0,7.241491241E0,1.120060445E1
7.670941375E0,1.996099091E0,7.853867798E0,7.266339569E0,1.088427038E1
7.680893375E0,1.939965820E0,7.225624237E0,7.280559998E0,1.043933268E1
7.690845375E0,2.122885437E0,6.990163879E0,7.630083160E0,1.056348440E1
7.700797375E0,2.572849731E0,6.837331696E0,7.862400055E0,1.073247386E1
7.710749375E0,2.536774750E0,6.274202728E0,7.996670837E0,1.047604842E1
7.720701375E0,1.940564575E0,5.766757965E0,7.971373444E0,1.002816448E1
7.730653375E0,1.607058105E0,5.695655823E0,7.897576904E0,9.868883015E0
7.740605375E0,1.647024994E0,6.099216614E0,7.753875732E0,1.000178602E1
7.750557375E0,1.604064331E0,6.349346466E0,7.903714142E0,1.026430320E1
7.760509375E0,1.446142731E0,6.664291534E0,8.127798157E0,1.060967546E1
7.770461375E0,1.439855804E0,6.974147186E0,7.756270752E0,1.052956075E1
7.780413375E0,1.271905060E0,7.261998596E0,7.859555969E0,1.077622318E1
7.790365375E0,5.261558533E-1,7.593858490E0,8.088430023E0,1.110703502E1
7.800317375E0,4.472698975E-1,7.938741302E0,8.212671661E0,1.143116965E1
7.810269375E0,2.450404358E-1,8.393196259E0,7.864795074E0,1.150481594E1
7.820220375E0,2.853067017E-1,8.844807129E0,6.396199036E0,1.091894570E1
7.830172375E0,1.786085815E0,9.202263794E0,7.134463806E0,1.178016703E1
7.840124375E0,3.558999023E0,9.019793243E0,8.695717163E0,1.302453996E1
7.850076375E0,3.791166229E0,8.303233337E0,7.664361877E0,1.191885348E1
7.860028375E0,2.800526276E0,7.622748413E0,7.863747253E0,1.130432491E1
7.869980375E0,3.301983490E0,6.656657410E0,8.449778595E0,1.125224161E1
7.879932375E0,3.635939026E0,6.946604462E0,8.760981445E0,1.175713239E1
7.889884375E0,3.002456360E0,7.489375763E0,8.153843994E0,1.147129746E1
7.899836375E0,2.760260010E0,7.638914795E0,7.427404633E0,1.100628885E1
7.909788375E0,2.766247559E0,7.934400330E0,6.438560944E0,1.058592940E1
7.919740375E0,3.017574921E0,8.347241821E0,6.034102020E0,1.073278117E1
7.929692375E0,3.251538391E0,7.964338074E0,6.495143280E0,1.077914974E1
7.939644375E0,3.107687531E0,7.676037598E0,6.554420013E0,1.056123557E1
7.949596375E0,2.815495148E0,7.554640045E0,6.040388947E0,1.007402093E1
7.959547375E0,2.362836456E0,7.642657013E0,5.529651031E0,9.724723280E0
7.969499375E0,2.032174072E0,7.454348602E0,5.986800385E0,9.774396318E0
7.979451375E0,2.107467499E0,7.075935516E0,6.211333466E0,9.648364945E0
7.989403375E0,2.123184814E0,6.870412903E0,6.170468445E0,9.475503577E0
7.999355375E0,2.269879761E0,6.907386017E0,6.237828369E0,9.579918501E0
8.009307375E0,2.364333344E0,7.256759491E0,6.590794373E0,1.008410635E1
8.019259375E0,2.106120300E0,7.389683075E0,6.089337158E0,9.804243249E0
8.029211375E0,1.932032318E0,7.267237701E0,5.636977844E0,9.397925936E0
8.039163375E0,2.115251312E0,7.254663849E0,5.692063293E0,9.460656437E0
8.049115375E0,2.180814972E0,7.351811829E0,5.587430878E0,9.488122834E0
8.059067375E0,2.005230103E0,7.646548920E0,4.940027161E0,9.321723365E0
8.069019375E0,1.792073364E0,8.007448425E0,4.580774231E0,9.397566163E0
8.078971375E0,1.295555878E0,7.968080292E0,4.651277618E0,9.316820920E0
8.088923375E0,8.493338013E-1,7.796537018E0,4.577481079E0,9.080786883E0
8.098875375E0,7.017407227E-1,7.576195221E0,4.528682556E0,8.854385341E0
8.108826375E0,6.527925110E-1,7.241940308E0,4.580774231E0,8.593912382E0
8.118778375E0,1.036444702E0,6.940766602E0,4.575385437E0,8.377506224E0
8.128730375E0,1.609004059E0,6.740183716E0,4.654720459E0,8.347777736E0
8.138682375E0,2.115550690E0,6.582561493E0,4.776567078E0,8.403645850E0
8.148634375E0,2.396516418E0,6.475234680E0,4.726121979E0,8.367089343E0
8.158586375E0,2.305805054E0,6.498586121E0,4.833598480E0,8.420928261E0
8.168538375E0,1.806144104E0,6.469097443E0,5.324128418E0,8.570748022E0
8.178490375E0,8.825646973E-1,6.333778839E0,5.728886719E0,8.585791627E0
8.188442375E0,-5.897735596E-2,6.116730194E0,6.427933044E0,8.873341525E0
8.198394375E0,-6.807843018E-1,6.419999542E0,6.858288116E0,9.418915929E0
8.208346375E0,-9.225315857E-1,6.890620880E0,6.396348724E0,9.446957057E0
8.218298375E0,-1.119971008E0,7.069498901E0,6.318211212E0,9.547352654E0
8.228250375E0,-1.316362610E0,6.745422821E0,6.229296112E0,9.275649282E0
8.238202375E0,-1.221459961E0,6.827452240E0,6.367608490E0,9.415545996E0
8.248153375E0,-4.788542175E-1,7.919880524E0,6.194867706E0,1.006629002E1
8.258105375E0,3.788621521E-1,8.607400818E0,5.783972168E0,1.037714891E1
8.268057375E0,1.261576538E0,9.064550171E0,5.414690094E0,1.063374412E1
8.278009375E0,1.889969788E0,9.099577332E0,4.717889099E0,1.042270459E1
8.287961375E0,2.129471741E0,8.909772034E0,3.899690552E0,9.956217856E0
8.297913375E0,2.250420227E0,8.480315094E0,3.636088715E0,9.497435255E0
8.307865375E0,2.292033691E0,8.212521973E0,4.270469513E0,9.536028809E0
8.317817375E0,2.169738007E0,7.926915894E0,4.788691864E0,9.511851995E0
8.327769375E0,1.820813599E0,7.864046631E0,4.696633301E0,9.339001870E0
8.337721375E0,1.368903351E0,7.830815735E0,4.587659912E0,9.178354696E0
8.347673375E0,1.104553070E0,7.780071259E0,4.679419098E0,9.145846564E0
8.357625375E0,8.966354370E-1,7.488327942E0,4.924758911E0,9.007344825E0
8.367577375E0,6.533912659E-1,7.565866699E0,4.915029144E0,9.045815085E0
8.377529375E0,6.743476868E-1,7.694598999E0,4.718038788E0,9.051049031E0
8.387480375E0,8.439450073E-1,7.529642029E0,4.104764099E0,8.617240891E0
8.397432375E0,9.273216248E-1,7.403903503E0,3.555705872E0,8.265637104E0
8.407384375E0,1.205443268E0,7.005432129E0,3.604953461E0,7.970248568E0
8.417336375E0,1.523831177E0,7.024891663E0,4.195774841E0,8.323201959E0
8.427288375E0,1.970202942E0,7.364834747E0,5.134622498E0,9.191672246E0
8.437240375E0,2.245929565E0,7.722441101E0,5.690267029E0,9.851874696E0
8.447192375E0,2.305056610E0,7.414232025E0,6.315666504E0,1.000858461E1
8.457144375E0,2.220482483E0,6.963519287E0,6.426585846E0,9.732530450E0
8.467096375E0,2.103575592E0,6.544091492E0,5.952222290E0,9.092805613E0
8.477048375E0,2.012265472E0,6.055208130E0,5.701942749E0,8.557272284E0
8.487000375E0,1.979483643E0,6.021528168E0,5.356610870E0,8.298821421E0
8.496952375E0,2.198178864E0,6.161038055E0,5.456752625E0,8.518599030E0
8.506904375E0,2.569107513E0,6.526877289E0,5.836363220E0,9.124887736E0
8.516856375E0,2.951711884E0,6.998396759E0,6.330036621E0,9.887341597E0
8.526808375E0,3.186423798E0,7.320826263E0,6.887776794E0,1.054463195E1
8.536759375E0,3.162623291E0,7.614665222E0,7.216044159E0,1.095703454E1
8.546711375E0,2.924618225E0,7.587122498E0,7.323221283E0,1.094291504E1
8.556663375E0,2.463576965E0,7.086114349E0,7.516619110E0,1.061987716E1
8.566615375E0,2.137554932E0,6.890471191E0,7.767198029E0,1.060080655E1
8.576567375E0,1.861079865E0,6.643484802E0,7.898325348E0,1.048728048E1
8.586519583E0,1.646725616E0,6.480623474E0,7.913144531E0,1.035992482E1
8.596471583E0,1.754950562E0,6.814579010E0,7.978558502E0,1.063840845E1
8.606423583E0,1.933978271E0,6.956334229E0,8.013885040E0,1.078671457E1
8.616375583E0,2.281705170E0,7.586523743E0,8.038134613E0,1.128597045E1
8.626327583E0,2.526745605E0,8.337961121E0,7.539970551E0,1.152203085E1
8.636279583E0,2.465971985E0,8.141270142E0,7.100484467E0,1.108053144E1
8.646231583E0,2.563569031E0,8.021519165E0,7.259154510E0,1.111809247E1
8.656183583E0,2.178270264E0,6.760691071E0,7.220983887E0,1.012889004E1
8.666135583E0,2.499651947E0,5.460494843E0,7.094796295E0,9.295235245E0
8.676086583E0,2.892884216E0,4.950954437E0,6.817273407E0,8.908195420E0
8.686038583E0,3.027903442E0,5.038073273E0,6.653364258E0,8.877929798E0
8.695990583E0,3.179987183E0,5.652994537E0,6.623426514E0,9.270299051E0
8.705942583E0,3.595822449E0,6.596183167E0,6.644832001E0,1.002962431E1
8.715894583E0,3.661984863E0,7.186256104E0,6.753805389E0,1.051980500E1
8.725846583E0,3.491788788E0,7.305558014E0,6.574029236E0,1.042984311E1
8.735798583E0,3.488196259E0,7.055428162E0,6.554270325E0,1.024231610E1
8.745750583E0,3.643872528E0,6.777306519E0,6.819369049E0,1.028170632E1
8.755702583E0,3.743714905E0,6.644233246E0,6.456224213E0,9.992200348E0
8.765654583E0,3.431015167E0,6.486461334E0,5.679489441E0,9.279151148E0
8.775606583E0,3.911665649E0,6.944059753E0,6.132597198E0,1.005633345E1
8.785558583E0,4.152215424E0,6.927743683E0,6.836283875E0,1.058155483E1
8.795510583E0,3.181783447E0,6.302044830E0,8.511450348E0,1.105822327E1
8.805462583E0,2.867886200E0,6.690786438E0,1.045246399E1,1.273755855E1
8.815413583E0,3.382066956E0,7.770640869E0,8.639583893E0,1.210221658E1
8.825365583E0,3.762276306E0,8.117619324E0,6.521338806E0,1.107150967E1
8.835317583E0,3.305126953E0,7.549251251E0,7.707771606E0,1.128382922E1
8.845269583E0,2.854114838E0,7.073690186E0,8.840765533E0,1.167656626E1
8.855221583E0,2.683769073E0,6.812932434E0,8.606352997E0,1.129991047E1
8.865173583E0,2.930156708E0,6.642736359E0,8.567134552E0,1.122976220E1
8.875125583E0,2.959346008E0,6.691684570E0,8.200846252E0,1.099046179E1
8.885077583E0,2.773282928E0,6.786437531E0,7.391778717E0,1.041082250E1
8.895029583E0,2.276615753E0,6.685397644E0,7.133266296E0,1.003797833E1
8.904981583E0,1.706900482E0,6.499484253E0,7.215894470E0,9.860321385E0
8.914933583E0,1.443747711E0,6.302643585E0,7.363038483E0,9.799084616E0
8.924885583E0,1.533111877E0,6.165678406E0,7.771089935E0,1.003772190E1
8.934837583E0,1.703757019E0,6.101012878E0,8.208779755E0,1.036866487E1
8.944789583E0,1.881736908E0,6.204747162E0,8.089926910E0,1.036758113E1
8.954740583E0,1.979333954E0,6.638096008E0,7.594756622E0,1.027922223E1
8.964692583E0,1.996697845E0,7.172035675E0,7.181016998E0,1.034368905E1
8.974644583E0,2.084864502E0,7.369774475E0,6.952292633E0,1.034381983E1
8.984596583E0,2.407144318E0,7.049440613E0,6.839127960E0,1.011249860E1
8.994548583E0,2.898422699E0,6.384822693E0,6.834337921E0,9.791577492E0
9.004500583E0,2.962040405E0,5.914500732E0,6.374194794E0,9.186150529E0
9.014452583E0,2.876867523E0,6.016887817E0,5.666167145E0,8.751271671E0
9.024404583E0,2.553988953E0,6.276148682E0,6.204148407E0,9.187184514E0
9.034356583E0,2.373314667E0,6.665938110E0,6.429130554E0,9.560390844E0
9.044308583E0,2.327210541E0,6.950047302E0,6.958878937E0,1.010668405E1
9.054260583E0,2.279609528E0,7.078180847E0,7.858508148E0,1.081912261E1
9.064212583E0,2.206711121E0,7.019353180E0,8.637488251E0,1.134667777E1
9.074164583E0,2.193388824E0,7.224875793E0,9.170380096E0,1.187879017E1
9.084116583E0,2.348765717E0,7.837551727E0,8.562643890E0,1.184325917E1
9.094067583E0,2.453398132E0,8.264913025E0,7.829767914E0,1.164616741E1
9.104019583E0,2.497705994E0,8.153694305E0,7.390880585E0,1.128478542E1
9.113971583E0,2.536625061E0,7.973618774E0,6.831194458E0,1.080177211E1
9.123923583E0,2.687660980E0,8.032296753E0,6.568341064E0,1.071841486E1
9.133875583E0,3.137924652E0,8.162825317E0,6.200406189E0,1.072022972E1
9.143827583E0,3.663332062E0,8.078999634E0,5.900879059E0,1.065413584E1
9.153779583E0,3.891757050E0,7.886499939E0,5.559888153E0,1.040456681E1
9.163731583E0,3.751349030E0,7.711064758E0,5.143005066E0,9.999181984E0
9.173683583E0,3.266507263E0,7.463329926E0,5.138215027E0,9.631854284E0
9.183635583E0,2.597099304E0,7.111561432E0,5.195994873E0,9.182461191E0
9.193587583E0,1.976789246E0,6.806645508E0,4.905000000E0,8.619579096E0
9.203539583E0,1.536554718E0,6.687044220E0,4.746928711E0,8.343314269E0
9.213491583E0,1.268761597E0,6.741830292E0,4.594096527E0,8.256376601E0
9.223443583E0,1.379531250E0,7.014712830E0,4.457730103E0,8.425002090E0
9.233394583E0,1.704505463E0,7.115902405E0,4.290378113E0,8.482260917E0
9.243346583E0,1.762584686E0,7.146289215E0,3.953578491E0,8.355054590E0
9.253298583E0,1.744472351E0,7.463030548E0,3.720812531E0,8.519651086E0
9.263250583E0,1.759740601E0,8.047265625E0,3.522325287E0,8.958903194E0
9.273202583E0,1.548080750E0,8.334967346E0,3.207679596E0,9.064074308E0
9.283154583E0,1.339564362E0,8.390950928E0,2.924917603E0,8.986525087E0
9.293106583E0,1.088087311E0,8.340356140E0,2.997217255E0,8.929097704E0
9.303058583E0,7.054829407E-1,8.014034729E0,3.387455750E0,8.729107358E0
9.313010583E0,4.210743713E-1,7.625143433E0,4.009711761E0,8.625421984E0
9.322962583E0,3.323089600E-2,7.319778442E0,4.841082916E0,8.775895655E0
9.332914583E0,-4.698728943E-1,7.071444855E0,5.729784851E0,9.113536488E0
9.342866583E0,-9.166937256E-1,7.201524353E0,6.010600891E0,9.424945807E0
9.352818583E0,-1.321302338E0,7.753875732E0,6.114185486E0,9.962514386E0
9.362769583E0,-1.817071381E0,8.151898041E0,6.224506073E0,1.041631729E1
9.372721583E0,-2.087259521E0,8.264463959E0,6.309978333E0,1.060536861E1
9.382673583E0,-1.785636749E0,8.690328369E0,6.713539124E0,1.112573204E1
9.392625583E0,-1.138682098E0,9.210047607E0,6.176605682E0,1.114773661E1
9.402577583E0,-4.802014160E-1,9.497599640E0,5.073998566E0,1.077870371E1
9.412529583E0,1.122665405E-1,9.566905518E0,4.626578979E0,1.062748879E1
9.422481583E0,7.785310364E-1,9.549841003E0,4.844825134E0,1.073675483E1
9.432433583E0,1.195114746E0,9.429790649E0,4.873715057E0,1.068187013E1
9.442385583E0,1.169967041E0,9.150172119E0,4.532724152E0,1.027813509E1
9.452337583E0,1.033151550E0,8.909322968E0,4.573289795E0,1.006769176E1
9.462289583E0,9.452842712E-1,8.313262482E0,4.230951691E0,9.375758511E0
9.472241583E0,4.501139832E-1,7.851023712E0,3.760929108E0,8.716981340E0
9.482193583E0,-1.844165039E-1,7.763605499E0,4.055965576E0,8.761189220E0
9.492145583E0,-5.673202515E-1,7.742499390E0,4.359833679E0,8.903723871E0
9.502096583E0,-6.388714600E-1,7.829618225E0,3.956871643E0,8.795903108E0
9.512048583E0,-4.942721558E-1,7.716303864E0,3.795806580E0,8.613582174E0
9.522000583E0,-1.219963074E-1,7.481292572E0,3.584595795E0,8.296622726E0
9.531952583E0,3.556604004E-1,7.349865875E0,3.535497894E0,8.163747183E0
9.541904583E0,7.840695190E-1,7.117548981E0,3.511098633E0,7.975091355E0
9.551856583E0,1.080004120E0,6.922953644E0,3.534001007E0,7.847474700E0
9.561808583E0,1.273401947E0,6.965315552E0,3.677103424E0,7.978612840E0
9.571760583E0,1.391356659E0,7.106621704E0,3.936064911E0,8.242120624E0
9.581712583E0,1.414408722E0,7.304959259E0,4.196373596E0,8.542396219E0
9.591664333E0,1.380728760E0,7.431895294E0,4.409081268E0,8.750970072E0
9.601616333E0,1.454824677E0,7.520061951E0,4.450844421E0,8.858773202E0
9.611568333E0,1.715582428E0,7.338190155E0,4.639302521E0,8.849598053E0
9.621520333E0,2.070045319E0,7.134613495E0,4.673730927E0,8.776762394E0
9.631472333E0,2.423909454E0,7.004234619E0,5.123395844E0,9.010206691E0
9.641423333E0,2.708467712E0,6.890471191E0,5.994434509E0,9.526155346E0
9.651375333E0,2.872676239E0,6.908433838E0,6.243217163E0,9.744561940E0
9.661327333E0,2.894979858E0,6.781198425E0,6.152356110E0,9.602970695E0
9.671279333E0,2.841540985E0,6.677015076E0,6.256389771E0,9.581195043E0
9.681231333E0,2.797532501E0,6.871610413E0,6.884483643E0,1.012133058E1
9.691183333E0,2.860551453E0,7.228468323E0,7.729476471E0,1.096258708E1
9.701135333E0,2.834954681E0,7.714806976E0,8.292006683E0,1.167529826E1
9.711087333E0,2.420017548E0,7.791297913E0,7.959697723E0,1.139814002E1
9.721039333E0,2.019300842E0,7.219786377E0,7.705376587E0,1.075061485E1
9.730991333E0,1.459614716E0,6.733597412E0,7.085515594E0,9.883134142E0
9.740943333E0,1.092278595E0,6.796167297E0,6.494544525E0,9.463618285E0
9.750895333E0,1.006357269E0,7.062014465E0,6.152954865E0,9.420385174E0
9.760847333E0,1.330583038E0,7.564968567E0,6.140381012E0,9.833792738E0
9.770798333E0,1.835483093E0,7.582482147E0,6.411916351E0,1.009830208E1
9.780750333E0,2.176923065E0,6.804549866E0,6.554120636E0,9.695225125E0
9.790702333E0,2.081421661E0,5.802533569E0,6.580914917E0,9.017214265E0
9.800654333E0,1.434766388E0,5.484744415E0,6.819219360E0,8.868073555E0
9.810606333E0,7.638615417E-1,6.078110504E0,7.422165527E0,9.623692268E0
9.820558333E0,3.986210632E-1,6.959627380E0,8.007298737E0,1.061659762E1
9.830510333E0,2.712359619E-1,7.549101563E0,7.937394104E0,1.095740519E1
9.840462333E0,4.237687683E-1,7.645800476E0,7.650740204E0,1.082458639E1
9.850414333E0,9.014254761E-1,7.363487549E0,7.190896454E0,1.033162662E1
9.860366333E0,1.808389435E0,7.092251587E0,6.182144165E0,9.580668630E0
9.870318333E0,2.999312897E0,6.920858002E0,5.060077515E0,9.082870570E0
9.880270333E0,3.966152344E0,6.437363434E0,4.074526978E0,8.589050150E0
9.890222333E0,4.641697540E0,5.942642212E0,2.491119690E0,7.941412332E0
9.900174333E0,5.151387634E0,6.190377045E0,1.204844513E0,8.143046900E0
9.910125333E0,5.308261414E0,7.143295441E0,2.972518616E0,9.382972658E0
9.920077333E0,4.411625977E0,6.470294952E0,7.378905487E0,1.075989808E1
9.930029333E0,1.891766052E0,4.177961884E0,1.523696457E1,1.591223534E1
9.939981333E0,1.609602814E0,6.283034363E0,1.666259995E1,1.788042446E1
9.949933333E0,2.533631287E0,1.047342041E1,1.003992188E1,1.472792768E1
9.959885333E0,7.409591675E-1,8.525371399E0,7.198231201E0,1.118237499E1
9.969837333E0,-4.342469788E-1,7.081324310E0,1.051817734E1,1.268722897E1
9.979789333E0,5.465135193E-1,7.535330200E0,9.844578094E0,1.240949621E1
9.989741333E0,2.404300232E0,7.750432892E0,7.857460327E0,1.129555454E1
9.999693333E0,3.131637726E0,7.549700317E0,7.216493225E0,1.090334372E1
1.000964533E1,2.974165192E0,6.873855743E0,7.630831604E0,1.069229360E1
1.001959733E1,3.435356140E0,7.104975128E0,7.390581207E0,1.081217064E1
1.002954933E1,3.745211792E0,7.674690399E0,7.414830780E0,1.130960652E1
1.003950033E1,3.293900299E0,7.426207123E0,6.904392242E0,1.066156478E1
1.004945233E1,2.506837006E0,7.050039368E0,6.547534332E0,9.942710530E0
1.005940433E1,1.881138153E0,6.834637299E0,6.606811066E0,9.690247686E0
1.006935633E1,1.773661652E0,6.889573059E0,7.192243652E0,1.011634624E1
1.007930833E1,2.416874084E0,7.525151367E0,7.792794800E0,1.109940693E1
1.008926033E1,3.089724884E0,7.786956940E0,7.925419006E0,1.153236163E1
1.009921233E1,2.861299896E0,6.791976013E0,6.745123444E0,9.990728979E0
1.010916433E1,2.445314941E0,6.200855255E0,6.498735809E0,9.309336076E0
1.011911633E1,2.354154510E0,6.417454834E0,7.011719055E0,9.792342626E0
1.012906833E1,2.477498016E0,7.014413452E0,7.731871490E0,1.072948411E1
1.013902033E1,2.396516418E0,7.173083496E0,8.289611664E0,1.122114430E1
1.014897233E1,1.992057495E0,7.225923615E0,8.930728455E0,1.165933857E1
1.015892433E1,1.419797516E0,7.111860809E0,9.542955322E0,1.198592447E1
1.016887633E1,7.975415039E-1,6.870263214E0,9.807006226E0,1.200058166E1
1.017882733E1,6.405180359E-1,7.579188995E0,1.001058289E1,1.257243568E1
1.018877933E1,1.200503540E0,8.811875610E0,9.556726685E0,1.305455420E1
1.019873133E1,3.082988892E0,9.836195526E0,9.267827454E0,1.386175273E1
1.020868333E1,4.565206604E0,1.038046371E1,7.828720093E0,1.377984022E1
1.021863533E1,3.781586151E0,1.012075378E1,6.517895966E0,1.261796413E1
1.022858733E1,3.645219727E0,9.555978241E0,7.241341553E0,1.253161500E1
1.023853933E1,3.957021332E0,9.081464996E0,6.755002899E0,1.199004122E1
1.024849133E1,4.317022705E0,8.155939636E0,5.735922089E0,1.086539638E1
1.025844333E1,4.393214264E0,7.570956116E0,4.531376953E0,9.856626460E0
1.026839533E1,4.180656281E0,7.432943115E0,3.404220886E0,9.182333589E0
1.027834733E1,3.611390076E0,7.537725220E0,3.731290741E0,9.153249170E0
1.028829933E1,2.891387329E0,7.781568146E0,4.349804535E0,9.371964735E0
1.029825133E1,2.056273956E0,7.834108887E0,4.449796600E0,9.241331853E0
1.030820233E1,1.388811951E0,7.638465729E0,4.325405273E0,8.887299258E0
1.031815433E1,1.117725677E0,7.430099030E0,4.310885468E0,8.662529411E0
1.032810633E1,1.094374237E0,7.038663025E0,4.018543396E0,8.178577087E0
1.033805833E1,1.094074860E0,6.937174072E0,3.479813690E0,7.837760345E0
1.034801033E1,1.182091827E0,7.435188446E0,3.260519714E0,8.204288947E0
1.035796233E1,1.280736694E0,8.006999359E0,4.638254700E0,9.341612916E0
1.036791433E1,8.904981995E-1,8.200397186E0,6.682403870E0,1.061574409E1
1.037786633E1,2.323168945E-1,8.016878815E0,7.756869507E0,1.115765843E1
1.038781833E1,1.571731567E-1,8.125702515E0,6.378835144E0,1.033156728E1
1.039777033E1,2.168989563E-1,8.746162262E0,5.050198059E0,1.010182656E1
1.040772233E1,-1.182540894E-2,8.920399933E0,5.156926117E0,1.030376445E1
1.041767433E1,-2.986289978E-1,8.665180664E0,5.796546021E0,1.042950051E1
1.042762633E1,-2.330653381E-1,8.674611053E0,6.012696533E0,1.055725892E1
1.043757733E1,-2.914439392E-1,8.879235535E0,5.592370605E0,1.049763651E1
1.044752933E1,-3.808081055E-1,9.370663605E0,5.079087982E0,1.066543417E1
1.045748133E1,-1.318757629E-1,9.658365326E0,5.073549500E0,1.091065152E1
1.046743333E1,5.813909912E-1,9.611812134E0,4.871320038E0,1.079141821E1
1.047738533E1,7.518864441E-1,9.144633636E0,4.611909485E0,1.026934110E1
1.048733733E1,9.009764099E-1,9.448801117E0,5.605094147E0,1.102309763E1
1.049728933E1,1.119072876E0,9.947863312E0,5.859564972E0,1.159943146E1
1.050724133E1,7.939489746E-1,9.505533142E0,4.395758972E0,1.050277165E1
1.051719333E1,4.929249573E-1,9.039103088E0,4.229454803E0,9.991829041E0
1.052714533E1,3.849993896E-1,8.506211243E0,3.558100891E0,9.228430863E0
1.053709733E1,5.255570984E-1,7.796087952E0,2.789748688E0,8.296860572E0
1.054704933E1,8.836125183E-1,7.103029175E0,3.095862122E0,7.798599670E0
1.055700133E1,1.217867432E0,6.438860321E0,3.124752045E0,7.259903488E0
1.056695333E1,1.511706390E0,6.148613892E0,2.767894135E0,6.910278355E0
1.057690433E1,1.522184601E0,6.051016846E0,2.677332458E0,6.789695127E0
1.058685646E1,1.472787323E0,5.996829529E0,1.937720490E0,6.471926111E0
1.059680846E1,1.413211212E0,6.045178986E0,1.144519958E0,6.312787089E0
1.060676046E1,1.427731018E0,6.005212097E0,1.131946106E0,6.275531067E0
1.061671246E1,1.749412079E0,5.868396606E0,2.242786102E0,6.521396388E0
1.062666446E1,2.629881134E0,5.846691742E0,3.972738647E0,7.542064138E0
1.063661646E1,3.362607422E0,6.067183228E0,4.280798035E0,8.151262037E0
1.064656846E1,4.001628571E0,6.698719940E0,4.433630219E0,8.974572801E0
1.065652046E1,4.900359650E0,7.250023499E0,5.456602936E0,1.031265635E1
1.066647246E1,5.220244446E0,7.332052917E0,6.933731232E0,1.136162756E1
1.067642446E1,5.089266815E0,7.014712830E0,7.190447388E0,1.126096650E1
1.068637646E1,4.723577271E0,6.855294342E0,7.342980194E0,1.110074776E1
1.069632846E1,4.277804260E0,6.887926483E0,7.566914520E0,1.109059673E1
1.070627946E1,3.490591278E0,6.739884338E0,7.755821686E0,1.085186797E1
1.071623146E1,2.420616302E0,6.259682922E0,8.366401978E0,1.072565595E1
1.072618346E1,1.564546509E0,5.765410767E0,9.364226990E0,1.110749811E1
1.073613546E1,1.002465363E0,6.443800049E0,1.065589096E1,1.249301837E1
1.074608746E1,1.263372803E-1,8.219257965E0,1.068882248E1,1.348417920E1
1.075603946E1,-9.642947388E-1,6.533463593E0,7.919132080E0,1.031157911E1
1.076599146E1,-8.910969543E-1,7.470664673E0,8.942703552E0,1.168660906E1
1.077594346E1,-6.716532898E-1,7.215894470E0,8.301586761E0,1.101982731E1
1.078589546E1,-2.115101624E-1,7.263196106E0,7.277266846E0,1.028384009E1
1.079584746E1,3.210823059E-1,7.087311859E0,6.393654327E0,9.550492076E0
1.080579946E1,8.888516235E-1,7.313940582E0,6.888076172E0,1.008609822E1
1.081575146E1,1.143771515E0,7.110363922E0,7.491920471E0,1.039203352E1
1.082570346E1,1.745819550E0,7.241491241E0,7.672894135E0,1.069394154E1
1.083565546E1,2.342478790E0,7.277865601E0,6.321654053E0,9.920576825E0
1.084560646E1,2.436782684E0,6.703210602E0,4.531526642E0,8.450187923E0
1.085555846E1,3.387904816E0,6.915618896E0,7.179370422E0,1.052839225E1
1.086551046E1,2.895728302E0,6.474486237E0,1.059856018E1,1.275279155E1
1.087546246E1,1.199006653E0,6.508315887E0,1.335792206E1,1.490737651E1
1.088541446E1,-7.155120850E-1,7.614515533E0,1.636666534E1,1.806545153E1
1.089536646E1,-1.672172699E0,7.750881958E0,1.479448471E1,1.678538384E1
1.090531846E1,-1.664388885E0,7.266189880E0,1.158411072E1,1.377531585E1
1.091527046E1,-1.398691406E0,6.763235779E0,9.783804474E0,1.197583090E1
1.092522246E1,-7.714956665E-1,5.899082794E0,8.708740082E0,1.054687334E1
1.093517446E1,3.234773254E-1,5.480403442E0,7.436835022E0,9.243699185E0
1.094512646E1,1.398541718E0,5.602998505E0,6.796766052E0,8.918830638E0
1.095507846E1,2.189047852E0,6.363417206E0,6.584058380E0,9.414607468E0
1.096502946E1,2.503693542E0,6.376290436E0,6.646927643E0,9.545009595E0
1.097498146E1,3.733236694E0,6.482270050E0,6.758745117E0,1.008154337E1
1.098493346E1,4.823569336E0,6.715634766E0,7.253166962E0,1.099886369E1
1.099488546E1,4.328848114E0,5.944737854E0,7.685318298E0,1.063686756E1
1.100483746E1,3.792962494E0,5.926625519E0,7.577692108E0,1.034083518E1
1.101478946E1,3.033741302E0,5.343288574E0,7.364086304E0,9.590833445E0
1.102474146E1,2.888692932E0,5.314548340E0,7.714806976E0,9.803428869E0
1.103469346E1,2.499352570E0,4.852309570E0,9.348210297E0,1.082500380E1
1.104464546E1,1.750759277E0,4.530329132E0,1.116423386E1,1.217493974E1
1.105459746E1,5.249583435E-1,4.115691376E0,1.278371613E1,1.344015977E1
1.106454946E1,8.038284302E-2,4.118236084E0,1.322350159E1,1.385017415E1
1.107450146E1,8.391549683E-1,5.027744751E0,1.247820145E1,1.347916576E1
1.108445346E1,1.413061523E-1,4.286037140E0,1.186657333E1,1.261767191E1
1.109440446E1,9.846524048E-1,4.714895325E0,1.030936157E1,1.137904716E1
1.110435646E1,3.267405396E0,6.340065765E0,8.104147339E0,1.079581289E1
1.111430846E1,4.215084686E0,7.700137482E0,6.558910675E0,1.095802744E1
1.112426046E1,3.603306885E0,7.491770782E0,5.721551971E0,1.009190799E1
1.113421246E1,2.384391632E0,6.966363373E0,5.446723480E0,9.158730194E0
1.114416446E1,9.069639587E-1,6.813980255E0,6.219416656E0,9.270062248E0
1.115411646E1,-3.409909058E-1,7.497159576E0,7.079078979E0,1.031683264E1
1.116406846E1,-1.037342834E0,7.270231476E0,7.582482147E0,1.055586952E1
1.117402046E1,-1.409468994E0,7.179819489E0,6.359824677E0,9.694523230E0
1.118397246E1,-7.454498291E-1,7.652686157E0,5.400469666E0,9.395976451E0
1.119392446E1,-4.773573303E-1,7.788603516E0,5.469326477E0,9.529100002E0
1.120387646E1,4.501139832E-1,7.280709686E0,6.152805176E0,9.542973733E0
1.121382846E1,2.129322052E0,7.469167786E0,5.507347412E0,9.521205561E0
1.122377946E1,3.131488037E0,8.152496796E0,4.424050140E0,9.789874411E0
1.123373146E1,3.611839142E0,9.678722992E0,4.141288147E0,1.112983954E1
1.124368346E1,3.113226013E0,9.685159607E0,3.276536407E0,1.068785215E1
1.125363546E1,1.784738617E0,8.981921997E0,3.395838318E0,9.766879367E0
1.126358746E1,4.068539429E-1,8.367300110E0,3.626658325E0,9.128520793E0
1.127353946E1,1.131646729E-1,8.132288818E0,5.311255188E0,9.713720160E0
1.128349146E1,5.418731689E-2,7.116800537E0,6.998097382E0,9.981240059E0
1.129344346E1,1.607656860E0,7.826025696E0,5.630391541E0,9.774075285E0
1.130339546E1,3.240162048E0,7.604785767E0,5.818550262E0,1.010875580E1
1.131334746E1,3.363505554E0,7.473508759E0,6.215524750E0,1.028587627E1
1.132329946E1,3.041974182E0,7.284152527E0,6.674769745E0,1.033755465E1
1.133325146E1,2.057920532E0,6.614295502E0,7.600444794E0,1.028351608E1
1.134320346E1,1.255888367E0,6.757846985E0,7.665709076E0,1.029605979E1
1.135315446E1,1.525178375E0,7.063511353E0,8.798703003E0,1.138580415E1
1.136310646E1,2.034419403E0,7.601043549E0,7.873027954E0,1.113100600E1
1.137305846E1,1.916913757E0,8.006699982E0,6.382876740E0,1.041743339E1
1.138301046E1,9.189390564E-1,9.116192780E0,6.201004944E0,1.106353841E1
1.139296246E1,-9.135502625E-1,1.035217255E1,5.094954987E0,1.157413568E1
1.140291446E1,-1.483714600E0,1.096499817E1,4.564607849E0,1.196947111E1
1.141286646E1,-4.842430115E-1,1.051802765E1,4.263883209E0,1.135975779E1
1.142281846E1,-1.167572021E-2,9.259594574E0,3.611090698E0,9.938823071E0
1.143277046E1,9.680369568E-1,8.567134552E0,3.095562744E0,9.160534847E0
1.144272246E1,2.267484741E0,6.386319580E0,3.465293884E0,7.611493056E0
1.145267446E1,3.306324463E0,3.771706696E0,2.257605286E0,5.500394029E0
1.146262646E1,4.440665588E0,3.185825043E0,7.993377686E-1,5.523398676E0
1.147257746E1,4.576133881E0,3.796555023E0,1.139131165E-1,5.947083952E0
1.148252946E1,4.246369629E0,4.688699799E0,2.953358459E-1,6.332675903E0
1.149248146E1,3.430266724E0,6.054459686E0,1.520987091E0,7.122963823E0
1.150243346E1,1.845362549E0,8.473279724E0,4.065994720E0,9.577794385E0
1.151238546E1,5.134323120E-1,9.770332489E0,7.370971985E0,1.224966276E1
1.152233746E1,-1.059796143E0,6.340514832E0,2.711311798E0,6.976855155E0
1.153228946E1,1.468446350E-1,5.166955261E0,6.103407898E0,7.998160913E0
1.154224146E1,1.297052765E0,3.788920898E0,9.594597931E0,1.039685418E1
1.155219346E1,1.893712006E0,3.144061890E0,9.452243958E0,1.013983166E1
1.156214546E1,2.659369812E0,1.885778503E0,1.203632034E1,1.247002068E1
1.157209746E1,2.369572449E0,2.376158752E0,1.356718689E1,1.397603535E1
1.158204946E1,1.679357758E0,1.618434448E0,1.433164719E1,1.452018194E1
1.159200138E1,1.326990509E0,2.935844879E0,1.289628204E1,1.329263629E1
1.160195238E1,1.643282776E0,4.405937805E0,1.181268539E1,1.271425194E1
1.161190438E1,2.360291748E0,5.216502228E0,1.171389084E1,1.303833238E1
1.162185638E1,3.142115936E0,7.192992096E0,1.149639313E1,1.392045555E1
1.163180838E1,2.913092194E0,8.634494476E0,1.150268005E1,1.467488499E1
1.164176038E1,1.893861694E0,8.585695953E0,1.050485504E1,1.369864470E1
1.165171237E1,1.700613556E0,7.979606323E0,9.532028046E0,1.254694234E1
1.166166437E1,1.717378693E0,6.620582428E0,9.350305939E0,1.158489199E1
1.167161637E1,1.654958496E0,4.807852020E0,9.972711639E0,1.119416393E1
1.168156837E1,1.819017334E0,4.550986176E0,9.744885406E0,1.090793706E1
1.169152037E1,7.506889343E-1,4.018094330E0,8.749754791E0,9.657475075E0
1.170147237E1,6.233038330E-1,4.636757812E0,7.986342316E0,9.255792471E0
1.171142437E1,1.138981476E0,4.925207977E0,9.294771423E0,1.058053535E1
1.172137637E1,3.516188049E-1,5.116061096E0,1.100032471E1,1.213692138E1
1.173132738E1,-3.306623840E-1,5.487438812E0,1.128892456E1,1.255631873E1
1.174127938E1,-4.029620361E-1,5.456303558E0,1.109492798E1,1.237057209E1
1.175123138E1,-1.260379028E-1,5.428760834E0,1.052581146E1,1.184398736E1
1.176118338E1,1.686991882E-1,4.498445435E0,1.004276596E1,1.100552674E1
1.177113538E1,2.043251038E-1,3.763024750E0,1.056473053E1,1.121675689E1
1.178108738E1,-5.041516113E-1,3.396586761E0,1.085871918E1,1.138871163E1
1.179103938E1,-1.570534058E0,3.446433105E0,8.297545166E0,9.121059925E0
1.180099137E1,-7.689509583E-1,4.046086121E0,6.919211426E0,8.052178912E0
1.181094337E1,-3.622467041E-1,3.329675903E0,6.217021637E0,7.061821460E0
1.182089537E1,-1.172062683E-1,3.125500488E0,7.415279846E0,8.047910649E0
1.183084737E1,1.713935852E-1,2.448009338E0,7.523804169E0,7.913896300E0
1.184079937E1,2.859353943E0,1.706900482E0,9.624984741E0,1.018478009E1
1.185075137E1,3.722908173E0,2.047592010E0,1.101200043E1,1.180325513E1
1.186070237E1,3.418740692E0,1.382075958E0,1.385907990E1,1.434126973E1
1.187065437E1,3.550466766E0,1.899849243E0,1.413121399E1,1.469375548E1
1.188060638E1,4.345762939E0,2.103276215E0,1.376567413E1,1.458777607E1
1.189055838E1,4.548740845E0,3.574866028E0,1.238090378E1,1.366592437E1
1.190051038E1,3.675307159E0,3.594175873E0,1.032403107E1,1.153306552E1
1.191046238E1,2.477498016E0,3.573219452E0,7.927514648E0,9.041647094E0
1.192041438E1,6.295907593E-1,1.553319855E0,6.827152863E0,7.029879324E0
1.193036638E1,1.322350159E0,2.385140076E0,5.232668610E0,5.900705373E0
1.194031838E1,2.212848358E0,2.379302216E0,4.214785309E0,5.321859834E0
1.195027038E1,3.276686096E0,3.271746368E0,6.239325256E0,7.769824691E0
1.196022237E1,4.339176636E0,3.204835510E0,6.952142944E0,8.799529308E0
1.197017437E1,3.019670563E0,2.375859375E0,7.074887695E0,8.050910134E0
1.198012637E1,1.589694214E0,2.545905762E0,7.286846924E0,7.880793230E0
1.199007737E1,-9.638456726E-1,3.398682404E0,7.924371185E0,8.676156940E0
1.200002937E1,-2.563569031E0,3.801345062E0,9.488019562E0,1.053777138E1
1.200998137E1,-2.027982788E0,4.202061768E0,9.645043030E0,1.071433117E1
1.201993337E1,-2.016756134E0,4.326303406E0,8.926686859E0,1.012274393E1
1.202988537E1,-8.454418945E-1,4.300257568E0,7.331304474E0,8.541370642E0
1.203983738E1,1.260379028E-1,4.662354584E0,6.206244049E0,7.763433584E0
1.204978938E1,-1.341210938E-1,4.364623718E0,5.475463715E0,7.003472821E0
1.205974138E1,-7.427554321E-1,3.236419830E0,6.086193695E0,6.933098344E0
1.206969338E1,-1.245110779E0,3.107088776E0,8.076155548E0,8.742344648E0
1.207964538E1,-2.682870941E0,3.325334930E0,9.307045898E0,1.024093513E1
1.208959738E1,-3.794609070E0,4.255800018E0,9.476493530E0,1.105960313E1
1.209954938E1,-3.509002991E0,5.749394073E0,8.416248322E0,1.077969712E1
1.210950037E1,-2.356848907E0,6.356681213E0,7.876171417E0,1.039212245E1
1.211945237E1,-6.824308777E-1,6.681805115E0,8.535101166E0,1.086094763E1
1.212940437E1,-9.512718201E-1,6.506669312E0,8.963809662E0,1.111717353E1
1.213935637E1,-2.256108398E0,6.072721710E0,9.439520416E0,1.144869074E1
1.214930837E1,-6.345304871E-1,5.811065826E0,1.018661682E1,1.174471274E1
1.215926037E1,1.077758789E-1,5.178481293E0,1.011955627E1,1.136810025E1
1.216921237E1,7.505392456E-1,4.667893066E0,9.573192444E0,1.067701027E1
1.217916437E1,1.365310822E0,4.497696991E0,1.051802765E1,1.152051464E1
1.218911638E1,1.858834534E0,4.193978577E0,1.142618912E1,1.231269751E1
1.219906838E1,2.039209442E0,3.887715454E0,1.143726608E1,1.225086781E1
1.220902038E1,2.580483856E0,4.037404175E0,1.090452393E1,1.191084260E1
1.221897238E1,3.236270142E0,4.111949158E0,1.037941589E1,1.162384810E1
1.222892338E1,3.557202759E0,4.158202972E0,9.731413422E0,1.116444135E1
1.223887538E1,4.889432373E0,4.395609283E0,7.825277252E0,1.022070907E1
1.224882738E1,5.127587128E0,4.683610382E0,6.235732727E0,9.333419449E0
1.225877937E1,5.212310944E0,4.847070465E0,6.507268066E0,9.644004104E0
1.226873137E1,5.485492859E0,5.245691528E0,6.853797455E0,1.022655617E1
1.227868337E1,5.440586243E0,6.167025604E0,6.686744843E0,1.059928017E1
1.228863537E1,4.939877472E0,5.829926605E0,6.793023834E0,1.022426557E1
1.229858737E1,3.411855011E0,5.838009796E0,7.499554596E0,1.009784294E1
1.230853937E1,2.029030609E0,5.510041809E0,8.559201050E0,1.037966515E1
1.231849137E1,2.268532562E0,4.111799469E0,8.719367981E0,9.903560615E0
1.232844337E1,3.422033844E0,4.245621185E0,7.952063599E0,9.642143452E0
1.233839537E1,4.079466705E0,4.494703217E0,7.283404083E0,9.481159246E0
1.234834638E1,3.994293823E0,4.599036255E0,7.128775635E0,9.376831004E0
1.235829838E1,3.758534088E0,3.184926910E0,8.126600647E0,9.503261334E0
1.236825038E1,3.627107391E0,3.046913910E0,8.720864868E0,9.924367811E0
1.237820238E1,3.485352173E0,2.982398071E0,8.860823822E0,9.977804209E0
1.238815438E1,3.386557617E0,2.651286621E0,9.909542999E0,1.080264485E1
1.239810638E1,3.446882172E0,2.329006805E0,1.106603806E1,1.182211773E1
1.240805838E1,2.861898651E0,2.969824219E0,1.175565399E1,1.245815879E1
1.241801037E1,1.098266144E0,3.639830933E0,1.184262314E1,1.243793715E1
1.242796237E1,-3.553610229E-1,3.923041992E0,1.278012360E1,1.337341015E1
1.243791437E1,-4.695735168E-1,4.927752686E0,1.365744919E1,1.452684288E1
1.244786637E1,1.466949463E-1,5.806425476E0,1.404634048E1,1.519986109E1
1.245781837E1,4.818479919E-1,6.932234344E0,1.410876068E1,1.572721140E1
1.246777037E1,-1.091530151E0,8.621321869E0,1.206625809E1,1.486987603E1
1.247772137E1,-2.337988129E0,1.067145859E1,1.159773239E1,1.593278424E1
1.248767337E1,-2.627785492E0,1.127620102E1,1.241787689E1,1.697826942E1
1.249762538E1,-3.205733643E0,1.138682098E1,1.461141541E1,1.879973086E1
1.250757738E1,-2.861599274E0,1.345971039E1,1.677351929E1,2.169570242E1
1.251752938E1,-1.123713226E0,1.247939896E1,1.678190186E1,2.094350400E1
1.252748138E1,1.099463654E0,1.282143768E1,1.351449646E1,1.866118161E1
1.253743338E1,2.216740265E0,1.307665695E1,1.133023865E1,1.744382992E1
1.254738538E1,2.384840698E0,1.335148544E1,9.563612366E0,1.659555092E1
1.255733738E1,1.583257599E0,1.429272812E1,8.761879578E0,1.683921956E1
1.256728938E1,1.104253693E0,1.330208817E1,8.082292786E0,1.560411428E1
1.257724137E1,6.821315002E-1,1.016371445E1,9.323212280E0,1.380900728E1
1.258719337E1,6.866221619E-1,8.475375366E0,1.141151962E1,1.423117064E1
1.259714421E1,1.444346466E0,7.680079193E0,1.165775757E1,1.403470928E1
1.260709621E1,2.290536804E0,7.389832764E0,1.221385117E1,1.445802018E1
1.261704821E1,3.096460876E0,7.429649963E0,1.117471207E1,1.377178123E1
1.262700021E1,3.580554199E0,6.679709473E0,9.876312103E0,1.244911353E1
1.263695221E1,3.601809998E0,6.914571075E0,9.544901276E0,1.232434456E1
1.264690421E1,3.707041168E0,8.602311401E0,7.834258575E0,1.221136860E1
1.265685621E1,3.261567535E0,8.932225342E0,6.752158813E0,1.166250921E1
1.266680821E1,2.981350250E0,8.524473267E0,7.186854858E0,1.154148936E1
1.267676021E1,2.920277252E0,8.390950928E0,6.067183228E0,1.075856817E1
1.268671221E1,2.692001953E0,7.943231964E0,3.711232452E0,9.171426000E0
1.269666421E1,1.880838776E0,7.117399292E0,2.356399841E0,7.729653769E0
1.270661621E1,7.069798279E-1,6.079607391E0,2.867287445E0,6.758904039E0
1.271656721E1,-1.525328064E-1,4.896018677E0,3.767964478E0,6.179953191E0
1.272651921E1,-5.192701721E-1,3.392994232E0,3.380121002E0,4.817392382E0
1.273647121E1,-6.813830566E-1,2.116598511E0,2.916834412E0,3.667723423E0
1.274642321E1,-6.325845337E-1,1.356479187E0,1.144519958E0,1.884177516E0
1.275637521E1,-6.135740662E-1,1.699865112E0,-4.020639038E-1,1.851396748E0
1.276632721E1,-5.863307190E-1,3.536396027E0,-6.795867920E-1,3.648522821E0
1.277627921E1,-3.641926575E-1,5.213807831E0,-4.412823486E-1,5.245108054E0
1.278623121E1,7.990383911E-1,5.693709869E0,4.864883423E-2,5.749709657E0
1.279618321E1,2.373314667E0,6.189179535E0,-2.396516418E-1,6.632947967E0
1.280613521E1,3.880231018E0,6.676566010E0,-1.385668488E0,7.845559482E0
1.281608721E1,4.701573029E0,7.018904114E0,-1.663939819E0,8.610371631E0
1.282603921E1,4.961432648E0,6.925498352E0,-7.361691284E-1,8.551040073E0
1.283599121E1,4.775968323E0,6.338868256E0,9.310638428E-2,7.937240892E0
1.284594221E1,3.975732422E0,5.509892120E0,1.058598633E0,6.876480970E0
1.285589421E1,2.755919037E0,4.970114594E0,1.462309113E0,5.868174908E0
1.286584621E1,1.282682648E0,4.532424774E0,1.652563477E0,4.991904962E0
1.287579821E1,4.849914551E-2,4.179009705E0,1.606758728E0,4.477515817E0
1.288575021E1,-4.912783813E-1,3.661086731E0,6.086343384E-1,3.743707555E0
1.289570221E1,-2.633024597E-1,2.736758881E0,-3.511697388E-1,2.771731867E0
1.290565421E1,3.987707520E-1,1.854194183E0,3.662882996E-1,1.931636948E0
1.291560621E1,1.872755585E0,1.304088135E0,1.659598846E0,2.821724238E0
1.292555821E1,3.943399658E0,9.071136475E-1,3.794908447E0,5.547484669E0
1.293551021E1,5.876030731E0,2.987786865E-1,5.724545746E0,8.208984703E0
1.294546221E1,6.991960144E0,4.788542175E-1,8.058192902E0,1.067947943E1
1.295541421E1,7.005731506E0,2.011666718E0,1.019544846E1,1.253292648E1
1.296536621E1,5.086572418E0,4.039200439E0,1.003138962E1,1.195061240E1
1.297531721E1,1.394799500E0,4.948858795E0,9.372759247E0,1.069042959E1
1.298526921E1,-1.927691345E0,7.118596802E0,8.618477783E0,1.134321708E1
1.299522121E1,-4.150868225E0,7.996371460E0,8.025411072E0,1.206560759E1
1.300517321E1,-5.314698029E0,7.866142273E0,8.075407104E0,1.246332256E1
1.301512521E1,-4.166585541E0,7.803722076E0,7.929610291E0,1.188011922E1
1.302507721E1,-1.260229340E0,7.902217255E0,9.718989258E0,1.258935931E1
1.303502921E1,1.873504028E0,8.787176971E0,1.387120468E1,1.652679085E1
1.304498121E1,3.922293549E0,9.030570831E0,1.615081421E1,1.891518955E1
1.305493321E1,4.718936920E0,9.043144684E0,1.731165024E1,2.009328409E1
1.306488521E1,4.316124573E0,8.723708954E0,1.614826950E1,1.885467149E1
1.307483721E1,2.747386780E0,8.155191193E0,1.489881775E1,1.720552376E1
1.308478821E1,1.257085876E0,7.506290588E0,1.382375336E1,1.578039354E1
1.309474021E1,2.264790344E-1,7.038962402E0,1.200638260E1,1.391946506E1
1.310469221E1,-7.708969116E-2,6.849157104E0,1.005908203E1,1.216971763E1
1.311464421E1,2.091151428E-1,5.991291046E0,7.464527435E0,9.573842874E0
1.312459621E1,9.437873840E-1,4.239184570E0,4.732857971E0,6.423500994E0
1.313454821E1,1.486109619E0,2.322570190E0,4.968767395E0,5.682561352E0
1.314450021E1,1.365011444E0,1.876797180E0,7.778574371E0,8.117379081E0
1.315445221E1,1.438658295E0,2.422412567E0,9.527836761E0,9.935667752E0
1.316440421E1,2.347568207E0,2.530637512E0,9.440717926E0,1.005198277E1
1.317435621E1,2.924618225E0,2.832409973E0,9.027277679E0,9.902912719E0
1.318430821E1,3.076851654E0,3.420237579E0,8.854836273E0,9.978635509E0
1.319426021E1,3.069217529E0,3.877386932E0,8.550369415E0,9.877400610E0
1.320421221E1,2.868335266E0,3.669469299E0,7.576195221E0,8.893316938E0
1.321416321E1,3.027604065E0,2.986589355E0,5.750591583E0,7.152300742E0
1.322411521E1,3.593277740E0,2.290985870E0,3.558400269E0,5.551799136E0
1.323406721E1,4.052522736E0,1.513053589E0,2.917133789E0,5.217465019E0
1.324401921E1,2.598596191E0,9.478289795E-1,5.331762543E0,6.006560892E0
1.325397121E1,7.065307617E-2,6.213578796E-1,6.647676086E0,6.677025896E0
1.326392321E1,-1.048868866E0,3.237767029E-1,6.010451202E0,6.109867503E0
1.327387521E1,-1.163979492E0,5.691165161E-1,4.905449066E0,5.073674448E0
1.328382721E1,-7.866142273E-1,1.148112488E0,2.587519226E0,2.938057177E0
1.329377921E1,1.083746338E-1,1.614692230E0,1.129551086E0,1.973540402E0
1.330373121E1,1.672771454E0,2.847229156E0,1.722019043E0,3.724275472E0
1.331368321E1,3.729793854E0,5.483097839E0,2.800675964E0,7.198576940E0
1.332363521E1,9.495803375E0,1.137409744E1,8.746910706E0,1.720606931E1
1.333358721E1,1.221280334E1,1.463401840E1,7.146139526E0,2.035618752E1
1.334353821E1,6.644532623E0,9.922416229E0,-2.099384308E0,1.212483287E1
1.335349021E1,4.769531708E0,4.962181091E0,2.041903839E0,7.179209231E0
1.336344221E1,2.571203156E0,-4.843927002E-1,7.618557129E0,8.055317168E0
1.337339421E1,2.582130432E-1,-3.332070923E0,7.974816284E0,8.646795093E0
1.338334621E1,-1.201551361E0,-2.044149170E0,4.596641235E0,5.172173832E0
1.339329821E1,-1.595681763E0,3.354524231E-1,2.483335876E0,2.970805563E0
1.340325021E1,-6.379733276E-1,2.974314880E0,2.427951050E-1,3.051640286E0
1.341320221E1,4.016148376E-1,3.723506927E0,2.145039368E-1,3.751241162E0
1.342315421E1,2.203717346E0,4.979544983E0,3.807182922E0,6.644311867E0
1.343310621E1,2.415676575E0,6.693929901E0,8.135132904E0,1.080854191E1
1.344305821E1,1.082249451E0,6.949298859E0,1.110660370E1,1.314612735E1
1.345301021E1,-8.554710388E-1,5.485792236E0,9.127569122E0,1.068355115E1
1.346296121E1,-1.966460724E0,4.039948883E0,6.292913818E0,7.732329473E0
1.347291321E1,-1.046324158E0,3.245550842E0,5.480553131E0,6.454832076E0
1.348286521E1,1.785786438E-1,3.517684937E0,5.440586243E0,6.481201764E0
1.349281721E1,1.199755096E0,5.259911957E0,5.076393585E0,7.407824101E0
1.350276921E1,1.252595215E0,8.145012360E0,5.395080872E0,9.849726835E0
1.351272121E1,8.409512329E-1,1.009635452E1,6.364465027E0,1.196453044E1
1.352267321E1,2.764750671E-1,1.076097244E1,7.235653381E0,1.297033717E1
1.353262521E1,-2.228865051E-1,1.029199768E1,8.233777771E0,1.318218461E1
1.354257721E1,-3.197351074E-1,1.001582199E1,9.396859131E0,1.373753552E1
1.355252921E1,-4.442761230E-1,1.033136581E1,9.735754395E0,1.420279601E1
1.356248121E1,-1.229543152E0,1.033645523E1,9.632169800E0,1.418212883E1
1.357243321E1,-1.989363098E0,1.028092072E1,8.816066895E0,1.368860591E1
1.358238421E1,-2.196382599E0,9.805359650E0,8.530161438E0,1.318077496E1
1.359233608E1,-1.953437805E0,8.972940674E0,9.428742828E0,1.316171626E1
1.360228808E1,2.321672058E-1,8.018226013E0,1.149519562E1,1.401732401E1
1.361224008E1,2.202370148E0,7.789801025E0,1.048300049E1,1.324480024E1
1.362219208E1,3.157084808E0,7.624245300E0,9.986483002E0,1.295477301E1
1.363214408E1,2.005080414E0,7.510481873E0,7.640261993E0,1.089960039E1
1.364209608E1,1.086291046E0,7.547155609E0,8.003706207E0,1.105436109E1
1.365204808E1,-5.134323120E-1,8.446485443E0,6.802005157E0,1.085697947E1
1.366200008E1,-1.153800659E0,8.391250305E0,5.676495667E0,1.019641803E1
1.367195208E1,-4.565505981E-1,7.082222443E0,6.520290985E0,9.637453383E0
1.368190408E1,5.381309509E-1,6.269562378E0,8.091723175E0,1.025051127E1
1.369185608E1,1.658101959E0,4.656816101E0,9.269174652E0,1.050489586E1
1.370180708E1,2.317181396E0,5.257816315E0,9.480086060E0,1.108539551E1
1.371175908E1,4.258494415E0,5.455255737E0,1.035456757E1,1.245438314E1
1.372171108E1,4.656816101E0,7.157665558E0,8.761280823E0,1.223430235E1
1.373166308E1,3.494333496E0,9.520502014E0,7.583230591E0,1.266316356E1
1.374161508E1,2.556084595E0,1.018317398E1,7.849227448E0,1.310881277E1
1.375156708E1,1.306183777E0,9.660460968E0,8.557404785E0,1.297149948E1
1.376151908E1,2.935395813E-1,8.515941010E0,8.871451721E0,1.230081592E1
1.377147108E1,-6.439608765E-1,7.411537628E0,8.603808289E0,1.137414140E1
1.378142308E1,-9.491761780E-1,8.422684937E0,8.087082825E0,1.171509563E1
1.379137508E1,-9.255253601E-1,9.258247375E0,7.627987518E0,1.203153919E1
1.380132708E1,-8.836125183E-1,9.386680298E0,7.646399231E0,1.213910867E1
1.381127908E1,-5.282514954E-1,9.585915985E0,7.727979584E0,1.232438653E1
1.382123008E1,-1.621128845E-1,8.907077637E0,7.153025208E0,1.142488872E1
1.383118208E1,5.715115356E-1,8.513845367E0,5.767656097E0,1.029941966E1
1.384113408E1,2.040107574E0,7.590415649E0,3.466042328E0,8.590104660E0
1.385108608E1,3.380719757E0,6.350993042E0,2.498005371E0,7.616062600E0
1.386103808E1,4.991520081E0,6.713688812E0,1.897903290E0,8.578515436E0
1.387099008E1,5.792953491E0,6.952741699E0,5.365592194E0,1.052086056E1
1.388094208E1,4.702620850E0,5.045857086E0,5.979765015E0,9.128685898E0
1.389089408E1,3.470233612E0,4.666096802E0,4.465064850E0,7.331560871E0
1.390084608E1,2.354154510E0,3.395239563E0,4.768334198E0,6.309255596E0
1.391079808E1,1.071322174E0,3.708088989E0,3.192860413E0,5.009192826E0
1.392075008E1,3.930825806E-1,4.881199493E0,2.931354218E0,5.707316353E0
1.393070208E1,3.769161987E-1,5.843548279E0,3.088377686E0,6.620211404E0
1.394065308E1,2.333647156E-1,6.948251038E0,3.037034454E0,7.586582224E0
1.395060508E1,1.914518738E-1,6.885531464E0,3.712130585E0,7.824775449E0
1.396055708E1,-1.354682922E-1,6.559060364E0,3.544179840E0,7.456596761E0
1.397050908E1,-9.693841553E-1,6.822811890E0,3.768563232E0,7.854459661E0
1.398046108E1,-1.537003784E0,6.698570251E0,3.650458832E0,7.781971070E0
1.399041308E1,-1.480720825E0,6.144123230E0,3.671115875E0,7.308890216E0
1.400036508E1,-6.623725891E-1,5.401966553E0,4.634961548E0,7.148625646E0
1.401031708E1,4.797523499E-1,4.887785797E0,5.537434845E0,7.401607729E0
1.402026908E1,1.560654602E0,4.968617706E0,6.396947479E0,8.248863058E0
1.403022108E1,2.303559723E0,5.657634888E0,7.128775635E0,9.388006283E0
1.404017308E1,2.273172913E0,6.903943176E0,7.306007080E0,1.030579866E1
1.405012508E1,1.368454285E0,8.436156921E0,7.221283264E0,1.118875966E1
1.406007708E1,1.451980591E-1,1.016760635E1,7.128326569E0,1.241830669E1
1.407002808E1,-3.353027344E-2,1.136721176E1,5.792803802E0,1.275818182E1
1.407998008E1,2.869532776E-1,1.145148651E1,5.068310394E0,1.252623869E1
1.408993208E1,8.460406494E-1,1.093805420E1,5.775888977E0,1.239829456E1
1.409988408E1,1.092128906E0,9.804311829E0,6.124064941E0,1.161126382E1
1.410983608E1,1.053060150E0,8.175548859E0,6.258784790E0,1.034992376E1
1.411978808E1,9.404942322E-1,7.117848358E0,6.900650024E0,9.958276227E0
1.412974008E1,1.331630859E0,6.888974304E0,7.301666107E0,1.012647696E1
1.413969208E1,2.093995514E0,7.305108948E0,7.761809235E0,1.086255571E1
1.414964408E1,2.339784393E0,8.086334381E0,8.119565277E0,1.169575714E1
1.415959608E1,2.592758331E0,8.553961945E0,8.070467377E0,1.204263694E1
1.416954808E1,2.630030823E0,9.206006012E0,7.664212189E0,1.226408404E1
1.417950008E1,1.679357758E0,1.000714005E1,6.275699615E0,1.193094716E1
1.418945108E1,6.953041077E-1,1.048434769E1,5.165608063E0,1.170847987E1
1.419940308E1,3.252735901E-1,1.048749115E1,5.034780121E0,1.163796737E1
1.420935508E1,7.430548096E-1,1.052655991E1,5.187462616E0,1.175884188E1
1.421930708E1,1.555714874E0,1.064196991E1,5.903124390E0,1.226860424E1
1.422925908E1,1.991608429E0,1.036803955E1,5.813460846E0,1.205234729E1
1.423921108E1,1.447190552E0,9.418414307E0,6.004164276E0,1.126280947E1
1.424916308E1,-5.661227417E-1,7.940537567E0,7.598199463E0,1.100478382E1
1.425911508E1,-2.377505951E0,6.021228790E0,8.300089874E0,1.052612097E1
1.426906708E1,-2.874322815E0,5.188510437E0,7.169940033E0,9.305396943E0
1.427901908E1,-2.130369873E0,6.522985382E0,7.788902893E0,1.038050203E1
1.428897108E1,-1.228046265E0,8.402476959E0,7.727231140E0,1.148128119E1
1.429892308E1,-1.211281128E0,9.494007111E0,7.374863892E0,1.208271453E1
1.430887408E1,-1.554217987E0,9.659712524E0,7.084168396E0,1.207936594E1
1.431882608E1,-1.827998657E0,9.490863647E0,6.324797516E0,1.155080670E1
1.432877808E1,-1.740730133E0,9.022337952E0,5.957311707E0,1.095090345E1
1.433873008E1,-9.963281250E-1,8.488398285E0,5.559439087E0,1.019573137E1
1.434868208E1,1.472937012E-1,8.227790222E0,5.175038452E0,9.721072490E0
1.435863408E1,1.216370544E0,8.337661743E0,4.644242249E0,9.621078251E0
1.436858608E1,2.188598785E0,8.580007782E0,4.237537994E0,9.816477293E0
1.437853808E1,2.745440826E0,8.476722565E0,4.337979126E0,9.910112697E0
1.438849008E1,2.678230591E0,8.245303802E0,4.988526306E0,1.000216720E1
1.439844208E1,1.960922241E0,8.129145355E0,5.991740112E0,1.028733055E1
1.440839408E1,7.240443420E-1,8.228688354E0,6.907236328E0,1.076779764E1
1.441834608E1,-7.300318909E-1,8.536897430E0,7.576793976E0,1.143762962E1
1.442829708E1,-2.087109833E0,8.895102539E0,8.268804932E0,1.232282482E1
1.443824908E1,-3.091820526E0,9.362879791E0,8.550968170E0,1.305151059E1
1.444820108E1,-3.681893463E0,9.978848877E0,8.419541473E0,1.356548720E1
1.445815308E1,-3.611839142E0,1.037058426E1,7.835156708E0,1.349014753E1
1.446810508E1,-2.806663513E0,1.014560211E1,6.533014526E0,1.238914368E1
1.447805708E1,-1.672322388E0,9.599387970E0,5.611530762E0,1.124429585E1
1.448800908E1,-7.943980408E-1,9.006021881E0,5.239254913E0,1.044936794E1
1.449796108E1,-2.269281006E-1,8.593779144E0,5.443280640E0,1.017515801E1
1.450791308E1,1.466949463E-1,8.794811096E0,5.214406586E0,1.022547102E1
1.451786508E1,3.074606323E-1,9.521250458E0,5.131928101E0,1.082060203E1
1.452781708E1,3.890409851E-1,1.060290115E1,5.504653015E0,1.195299421E1
1.453776808E1,3.457809448E-2,1.149938690E1,5.040168915E0,1.255549272E1
1.454772008E1,-2.763253784E-1,1.209350143E1,4.375550995E0,1.286369228E1
1.455767208E1,-2.742297363E-1,1.168095932E1,4.689448242E0,1.259011268E1
1.456762408E1,-3.409909058E-1,1.029678772E1,5.666765900E0,1.175807586E1
1.457757608E1,1.681004333E-1,9.164841614E0,6.472091217E0,1.122098678E1
1.458752808E1,9.142987061E-1,8.209378510E0,6.249803467E0,1.035808288E1
1.459748063E1,1.405427399E0,7.492369537E0,5.564079437E0,9.437680194E0
1.460743263E1,1.798659668E0,7.164401550E0,4.329297180E0,8.561929704E0
1.461738463E1,1.751956787E0,6.803801422E0,3.153043213E0,7.700827740E0
1.462733663E1,1.254541168E0,6.656358032E0,3.246898041E0,7.511545958E0
1.463728863E1,9.630972290E-1,7.234156494E0,1.842668152E0,7.527018159E0
1.464724062E1,3.918850708E-1,7.811206512E0,1.779499512E0,8.020918875E0
1.465719262E1,-2.055226135E-1,8.387807465E0,3.898642731E0,9.251862988E0
1.466714362E1,-2.615061951E-1,8.611442413E0,4.732857971E0,9.829815385E0
1.467709562E1,-1.920506287E-1,8.190517731E0,4.670737152E0,9.430654786E0
1.468704762E1,6.526428223E-2,7.888296204E0,4.567002869E0,9.115206614E0
1.469699962E1,5.278024292E-1,7.696994019E0,3.402723999E0,8.432130392E0
1.470695162E1,7.631130981E-1,7.769443359E0,2.760260010E0,8.280436404E0
1.471690363E1,8.000862122E-1,7.962841187E0,3.913312225E0,8.908478562E0
1.472685563E1,6.045927429E-1,8.136629791E0,5.469326477E0,9.822617210E0
1.473680763E1,3.489244080E-1,8.336913300E0,6.354735260E0,1.048849521E1
1.474675963E1,4.528083801E-1,8.629405060E0,6.023174744E0,1.053329488E1
1.475671163E1,1.041833496E0,8.584648132E0,5.044659576E0,1.001150293E1
1.476666363E1,1.177451477E0,8.845256195E0,4.419709167E0,9.957850082E0
1.477661563E1,1.311422882E0,9.082961884E0,2.786305847E0,9.590804285E0
1.478656662E1,1.469494171E0,9.029223633E0,1.254990234E0,9.233704187E0
1.479651862E1,1.816622314E0,8.608598328E0,1.370100861E0,8.904226983E0
1.480647062E1,2.224224701E0,7.669900360E0,1.564845886E0,8.137769332E0
1.481642262E1,2.239193573E0,6.910679169E0,1.840273132E0,7.493869470E0
1.482637462E1,2.176024933E0,6.445746002E0,2.129920807E0,7.128764877E0
1.483632662E1,2.046993256E0,6.261030121E0,2.483036499E0,7.039612903E0
1.484627862E1,1.802551575E0,6.469546509E0,3.177143097E0,7.429566775E0
1.485623062E1,1.156345367E0,6.838978271E0,3.910617828E0,7.962517831E0
1.486618262E1,3.959266663E-1,7.126979370E0,4.450095978E0,8.411536547E0
1.487613463E1,5.837860107E-3,7.321874084E0,4.589007111E0,8.641114538E0
1.488608663E1,3.135978699E-1,7.947722626E0,3.665577393E0,8.757916201E0
1.489603863E1,7.541317749E-1,8.970845032E0,3.083587646E0,9.515949143E0
1.490598963E1,8.551716614E-1,9.932744751E0,3.893403625E0,1.070277201E1
1.491594163E1,1.068927155E0,1.090976303E1,4.423301697E0,1.182079238E1
1.492589363E1,9.563612366E-1,1.110286148E1,4.648134155E0,1.207449009E1
1.493584563E1,6.560856628E-1,1.088850723E1,4.647834778E0,1.185716687E1
1.494579762E1,5.743556213E-1,1.064047302E1,4.320465546E0,1.149852047E1
1.495574962E1,8.096662903E-1,1.041294617E1,4.176464996E0,1.124846066E1
1.496570162E1,1.052162018E0,1.011311966E1,4.073329468E0,1.095327563E1
1.497565362E1,1.300196228E0,9.713899841E0,3.998485107E0,1.058481193E1
1.498560562E1,1.428629150E0,9.242380371E0,4.193828888E0,1.024942813E1
1.499555762E1,1.751956787E0,8.901389465E0,4.898563385E0,1.031018963E1
1.500550962E1,2.172582092E0,8.847501526E0,5.635930023E0,1.071270757E1
1.501546162E1,2.269430695E0,9.099128265E0,5.745951233E0,1.099820015E1
1.502541263E1,2.488574982E0,9.716145172E0,5.464985504E0,1.142202036E1
1.503536463E1,2.661166077E0,1.048090485E1,4.417463837E0,1.168097419E1
1.504531663E1,2.752625885E0,1.100586319E1,4.251908112E0,1.211547343E1
1.505526863E1,2.390229492E0,1.146046783E1,4.706961823E0,1.261788451E1
1.506522063E1,2.193388824E0,1.181627792E1,5.151537323E0,1.307569177E1
1.507517263E1,1.871558075E0,1.213346832E1,5.916147308E0,1.362808065E1
1.508512463E1,1.423090668E0,1.228195953E1,7.092251587E0,1.425383280E1
1.509507663E1,1.353335724E0,1.277308823E1,7.614964600E0,1.493221304E1
1.510502862E1,2.077230377E0,1.356314529E1,6.823859711E0,1.532445293E1
1.511498062E1,2.957549744E0,1.368918320E1,5.683381348E0,1.511428664E1
1.512493262E1,3.636388092E0,1.261441818E1,4.602778473E0,1.391159351E1
1.513488362E1,4.219874725E0,1.128428421E1,4.321064301E0,1.279898471E1
1.514483562E1,5.054838409E0,9.964029694E0,4.646786957E0,1.210065734E1
1.515478762E1,5.339246979E0,9.307944031E0,4.395459595E0,1.159592366E1
1.516473962E1,4.824766846E0,9.687105560E0,3.602259064E0,1.140590459E1
1.517469163E1,4.366719360E0,8.892707520E0,5.841452637E0,1.150091535E1
1.518464363E1,4.518803101E0,6.684050446E0,6.956783295E0,1.065330679E1
1.519459563E1,4.611909485E0,8.041577454E0,7.066654816E0,1.165651266E1
1.520454763E1,4.386927338E0,8.751700745E0,7.227121124E0,1.216834735E1
1.521449963E1,4.179309082E0,9.036109314E0,5.579497375E0,1.141265468E1
1.522445163E1,3.211122437E0,9.226213989E0,4.894671478E0,1.092667107E1
1.523440363E1,2.527344360E0,8.937314758E0,5.001549225E0,1.054886531E1
1.524435563E1,2.342179413E0,8.785081329E0,5.535339203E0,1.064440879E1
1.525430662E1,2.208208008E0,8.826395416E0,5.720953217E0,1.074759249E1
1.526425862E1,2.105072479E0,8.784781952E0,6.313121796E0,1.102085436E1
1.527421062E1,1.849104767E0,8.821605377E0,6.993906097E0,1.140853331E1
1.528416262E1,1.555565186E0,9.074729004E0,6.790329437E0,1.144023878E1
1.529411462E1,1.372046814E0,9.280700684E0,5.913452911E0,1.108976298E1
1.530406662E1,1.178948364E0,9.623038788E0,5.319787445E0,1.105861353E1
1.531401862E1,1.220861206E0,9.986483002E0,5.029541016E0,1.124796104E1
1.532397062E1,1.328786774E0,1.019080811E1,4.636009369E0,1.127434375E1
1.533392263E1,1.722617798E0,1.024304947E1,3.330873413E0,1.090789586E1
1.534387463E1,2.540067902E0,9.791139221E0,2.317929840E0,1.037743470E1
1.535382663E1,2.695744171E0,9.282047882E0,3.419938202E0,1.025277654E1
1.536377863E1,2.531086578E0,9.006920013E0,5.216202850E0,1.071166558E1
1.537372963E1,2.544109497E0,8.670569458E0,6.299350433E0,1.101512977E1
1.538368163E1,3.236868896E0,8.318651276E0,5.762716370E0,1.062479079E1
1.539363363E1,3.422632599E0,7.648943939E0,5.159470825E0,9.840777230E0
1.540358562E1,3.267106018E0,7.335046692E0,4.632117462E0,9.270027178E0
1.541353762E1,2.965483246E0,6.550079041E0,3.473975830E0,7.985370022E0
1.542348962E1,3.052452393E0,5.593268738E0,2.513123932E0,6.849665151E0
1.543344162E1,2.784060516E0,4.746779022E0,2.176024933E0,5.917599898E0
1.544339362E1,2.531835022E0,3.975433044E0,2.551593933E0,5.359560436E0
1.545334562E1,2.332299957E0,3.665876770E0,3.223995667E0,5.410399582E0
1.546329762E1,2.245031433E0,3.598217468E0,4.497397614E0,6.181740886E0
1.547324962E1,2.142195282E0,3.834276581E0,5.852679291E0,7.317412958E0
1.548320162E1,1.880539398E0,4.600682831E0,6.904541931E0,8.507373873E0
1.549315263E1,1.597028961E0,5.383854218E0,7.286397858E0,9.199346796E0
1.550310463E1,1.385518799E0,6.226751404E0,7.229067078E0,9.641136147E0
1.551305663E1,1.139879608E0,7.303462372E0,6.688541107E0,9.968774763E0
1.552300863E1,1.058598633E0,8.221054230E0,5.944288788E0,1.020004573E1
1.553296063E1,1.269060974E0,9.036408691E0,5.407654724E0,1.060706969E1
1.554291263E1,1.764530640E0,9.518256683E0,4.851561127E0,1.082813114E1
1.555286463E1,2.655477905E0,9.641749878E0,4.292324066E0,1.088296603E1
1.556281662E1,3.766467590E0,9.640702057E0,4.068838806E0,1.112136968E1
1.557276862E1,4.702920227E0,9.770182800E0,4.065395966E0,1.158021481E1
1.558272062E1,5.132377167E0,1.000534378E1,4.691693573E0,1.218442400E1
1.559267296E1,5.160967712E0,1.015667908E1,6.248755646E0,1.299387028E1
1.560262396E1,4.821773071E0,1.016805542E1,8.034093018E0,1.382698439E1
1.561257596E1,4.211791534E0,1.040216858E1,9.325008545E0,1.459109603E1
1.562252796E1,3.514242096E0,1.078207855E1,9.158255310E0,1.457658244E1
1.563247996E1,3.110381927E0,1.115270782E1,8.167765045E0,1.416932438E1
1.564243196E1,3.036435699E0,1.119492004E1,7.128476257E0,1.361474753E1
1.565238396E1,2.975063324E0,1.086006638E1,5.696104889E0,1.261894030E1
1.566233596E1,2.855312347E0,1.005713608E1,4.540807343E0,1.139814573E1
1.567228796E1,2.689307556E0,8.810079346E0,4.064048767E0,1.006808649E1
1.568223996E1,2.570454712E0,7.772137756E0,4.222569122E0,9.211050576E0
1.569219196E1,2.563868408E0,6.966363373E0,4.903054047E0,8.896267692E0
1.570214396E1,2.734513550E0,6.613397369E0,5.315895538E0,8.914781797E0
1.571209596E1,2.883902893E0,6.340365143E0,5.653443604E0,8.970983816E0
1.572204696E1,2.952310638E0,6.144272919E0,6.231990509E0,9.236121129E0
1.573199896E1,3.183729401E0,6.442602539E0,6.782845001E0,9.881813937E0
1.574195096E1,3.579506378E0,6.892117767E0,7.250322876E0,1.062456282E1
1.575190296E1,3.837270355E0,7.178472290E0,7.428602142E0,1.101994728E1
1.576185496E1,3.860322418E0,7.385940857E0,7.213050385E0,1.102190126E1
1.577180696E1,3.711382141E0,7.587272186E0,6.707102509E0,1.078546618E1
1.578175896E1,3.535647583E0,7.824828186E0,6.210435333E0,1.059708672E1
1.579171096E1,3.448079681E0,8.077353058E0,5.672304382E0,1.045504294E1
1.580166296E1,3.489992523E0,8.426277466E0,5.339246979E0,1.056833753E1
1.581161496E1,3.508104858E0,8.640482025E0,5.226980438E0,1.069046556E1
1.582156696E1,3.403622131E0,8.801397400E0,5.193599854E0,1.077138428E1
1.583151796E1,3.156036987E0,8.968150635E0,5.314847717E0,1.089201090E1
1.584146996E1,2.933599548E0,8.877439270E0,5.704337769E0,1.095236977E1
1.585142196E1,2.902015228E0,8.843908997E0,6.298901367E0,1.123888683E1
1.586137396E1,2.994672546E0,9.393266602E0,6.951544189E0,1.206339454E1
1.587132596E1,3.051554260E0,9.805958405E0,7.449558563E0,1.268718749E1
1.588127796E1,2.930156708E0,1.005563919E1,7.601342926E0,1.294148802E1
1.589122996E1,2.771636353E0,1.013991394E1,7.568860474E0,1.295328034E1
1.590118196E1,2.618055725E0,9.983788605E0,7.362140350E0,1.267798727E1
1.591113396E1,2.542462921E0,9.693841553E0,6.999743958E0,1.222420129E1
1.592108596E1,2.675985260E0,9.313033447E0,6.549480286E0,1.169569071E1
1.593103796E1,2.904110870E0,8.811276855E0,5.904770966E0,1.099721692E1
1.594098996E1,3.285068665E0,8.352929993E0,5.341791687E0,1.044499182E1
1.595094096E1,3.800297241E0,7.958949280E0,4.872667236E0,1.007621054E1
1.596089296E1,4.188589783E0,7.680228882E0,4.010460205E0,9.623616321E0
1.597084496E1,4.458029480E0,7.401358795E0,3.447181549E0,9.302537261E0
1.598079696E1,4.624483337E0,7.028484192E0,3.147205353E0,8.982780066E0
1.599074896E1,4.691394196E0,6.708898773E0,3.319796448E0,8.833999700E0
1.600070096E1,4.591102753E0,6.534212036E0,3.569776611E0,8.747425706E0
1.601065296E1,4.233646088E0,6.573430481E0,4.054019623E0,8.807316424E0
1.602060496E1,3.996090088E0,6.812782745E0,4.639601898E0,9.160166510E0
1.603055696E1,3.814966736E0,7.213349762E0,5.001249847E0,9.570730694E0
1.604050896E1,3.713477783E0,7.733967133E0,5.050198059E0,9.955333510E0
1.605046096E1,3.623814240E0,8.260572052E0,4.841681671E0,1.023772248E1
1.606041296E1,3.548520813E0,8.655001831E0,4.432133331E0,1.035108026E1
1.607036396E1,3.481011200E0,8.822503510E0,3.893253937E0,1.025238672E1
1.608031596E1,3.419938202E0,8.627010040E0,3.274291077E0,9.840846589E0
1.609026796E1,3.492537231E0,8.084987183E0,2.848276978E0,9.256214982E0
1.610021996E1,3.544479218E0,7.562573547E0,2.633323975E0,8.757296771E0
1.611017196E1,3.460803223E0,7.180567932E0,2.860102386E0,8.468642184E0
1.612012396E1,3.397035828E0,6.838080139E0,3.213517456E0,8.284074290E0
1.613007596E1,2.930456085E0,6.447841644E0,2.959944763E0,7.676164911E0
1.614002796E1,2.249671783E0,5.897585907E0,2.998564453E0,6.988127893E0
1.614997996E1,1.796114960E0,5.301824799E0,3.139271851E0,6.417974984E0
1.615993196E1,1.663640442E0,4.942272491E0,3.335513763E0,6.190267277E0
1.616988396E1,1.708547058E0,4.856051788E0,3.609294434E0,6.287080271E0
1.617983596E1,1.941462708E0,5.047204285E0,3.884571991E0,6.658336736E0
1.618978696E1,2.188000031E0,5.517975311E0,4.060306549E0,7.191765078E0
1.619973896E1,2.355052643E0,6.095474396E0,4.098028107E0,7.713294719E0
1.620969096E1,2.397414551E0,6.749314728E0,4.132606201E0,8.269176491E0
1.621964296E1,2.376158752E0,7.409142609E0,3.959715729E0,8.730456647E0
1.622959496E1,2.173480225E0,7.843539276E0,3.473826141E0,8.849440249E0
1.623954696E1,1.926344147E0,8.137527924E0,3.185525665E0,8.948616443E0
1.624949896E1,1.757644958E0,8.287066956E0,2.918930054E0,8.960186783E0
1.625945096E1,1.658551025E0,8.437803497E0,2.699785767E0,9.013110592E0
1.626940296E1,1.645079041E0,8.714428253E0,2.665357361E0,9.260220013E0
1.627935496E1,1.815724182E0,9.338031464E0,2.680924988E0,9.883473312E0
1.628930696E1,2.160008240E0,9.958191833E0,2.669249268E0,1.053357071E1
1.629925796E1,2.669249268E0,1.012105316E1,2.446063385E0,1.074913182E1
1.630920996E1,3.346590729E0,1.005548950E1,2.393223267E0,1.086462407E1
1.631916196E1,4.215234375E0,9.978399811E0,2.123783569E0,1.103843831E1
1.632911396E1,5.136269073E0,9.610614624E0,1.770667877E0,1.103994738E1
1.633906596E1,5.757028198E0,9.199569397E0,1.388512573E0,1.094090572E1
1.634901796E1,6.078858948E0,8.663983154E0,8.473878479E-1,1.061768319E1
1.635896996E1,6.150410156E0,7.847880249E0,8.318202209E-1,1.000543324E1
1.636892196E1,5.871390381E0,7.108867035E0,9.668394470E-1,9.270598365E0
1.637887396E1,5.163213043E0,6.671177216E0,1.044527893E0,8.500259578E0
1.638882596E1,4.337530060E0,6.424490204E0,1.058748322E0,7.823630194E0
1.639877796E1,3.621568909E0,6.371201019E0,1.324745178E0,7.447342719E0
1.640872896E1,3.076701965E0,6.506819000E0,1.894460449E0,7.442699032E0
1.641868096E1,2.759810944E0,6.749763794E0,2.557132416E0,7.727534789E0
1.642863296E1,2.657872925E0,7.097640381E0,2.998564453E0,8.150593613E0
1.643858496E1,2.811303864E0,7.628436584E0,3.190016327E0,8.733423058E0
1.644853696E1,3.292702789E0,8.499475250E0,3.120560760E0,9.634358860E0
1.645848896E1,4.068838806E0,9.808353424E0,2.666105804E0,1.094839560E1
1.646844096E1,5.031486969E0,1.111812973E1,1.926942902E0,1.235482816E1
1.647839296E1,5.740712128E0,1.201237015E1,1.079105988E0,1.335729321E1
1.648834496E1,6.078110504E0,1.184037781E1,2.083666992E-1,1.331095003E1
1.649829696E1,6.042334900E0,1.075169174E1,-4.986131287E-1,1.234330999E1
1.650824896E1,5.820047150E0,9.382489014E0,-7.589218140E-1,1.106706877E1
1.651820096E1,5.645061035E0,8.270451508E0,-1.474433899E-1,1.001443068E1
1.652815196E1,5.470074921E0,7.459587708E0,1.146914978E0,9.321082682E0
1.653810396E1,4.968318329E0,6.968009949E0,2.155517578E0,8.825168876E0
1.654805596E1,3.865561523E0,6.656956787E0,2.344125366E0,8.046897743E0
1.655800796E1,2.109413452E0,6.529421997E0,2.295626221E0,7.235528763E0
1.656795996E1,5.792953491E-1,6.632258148E0,2.139800262E0,6.992937609E0
1.657791196E1,-2.739303589E-1,6.320755920E0,1.616039429E0,6.529822102E0
1.658786396E1,-5.071453857E-1,5.955365753E0,1.209784241E0,6.098127221E0
1.659781596E1,-4.564009094E-1,5.497467957E0,9.324110413E-1,5.594626536E0
1.660776796E1,2.058219910E-1,4.772375793E0,1.485959930E0,5.002600356E0
1.661771996E1,1.378932495E0,4.653522949E0,2.234104156E0,5.343028359E0
1.662767196E1,2.858904877E0,5.375920715E0,2.488125916E0,6.577585515E0
1.663762296E1,4.459676056E0,6.581064606E0,2.332299957E0,8.284850328E0
1.664757496E1,5.888155518E0,8.137827301E0,2.070195007E0,1.025574551E1
1.665752696E1,6.786886597E0,1.004246658E1,1.733545074E0,1.224410647E1
1.666747896E1,7.275171204E0,1.261621445E1,6.798861694E-1,1.457941111E1
1.667743096E1,7.597151642E0,1.508877274E1,-1.073118439E0,1.692747349E1
1.668738296E1,8.035739594E0,1.596759521E1,-1.662592621E0,1.795275528E1
1.669733496E1,8.377928009E0,1.541225006E1,-1.395248566E0,1.759755234E1
1.670728696E1,8.082891541E0,1.416040329E1,-9.933343506E-1,1.633514218E1
1.671723896E1,7.194638672E0,1.243913269E1,-6.321354675E-1,1.438382574E1
1.672719096E1,6.164480896E0,1.091200836E1,-2.662962341E-1,1.253569563E1
1.673714296E1,5.234315186E0,9.525142365E0,7.619155884E-2,1.086886368E1
1.674709396E1,4.370461578E0,8.349038086E0,3.412902832E-1,9.429944349E0
1.675704596E1,3.814367981E0,7.353308716E0,6.164181519E-1,8.306655374E0
1.676699796E1,3.586392059E0,6.826254730E0,1.125060425E0,7.792671083E0
1.677694996E1,3.411106567E0,6.334078217E0,1.625020752E0,7.375424551E0
1.678690196E1,3.230132904E0,6.293362885E0,2.073188782E0,7.371450787E0
1.679685396E1,3.162772980E0,6.430178375E0,2.298769684E0,7.525600901E0
1.680680596E1,3.341800690E0,6.617289276E0,2.092348938E0,7.702861370E0
1.681675796E1,3.807182922E0,6.904392242E0,1.736538849E0,8.073465254E0
1.682670996E1,4.406087494E0,7.391179962E0,1.455273743E0,8.727025261E0
1.683666196E1,4.854554901E0,8.164920959E0,1.195414124E0,9.574009217E0
1.684661396E1,5.131628723E0,9.104966125E0,1.335971832E0,1.053654793E1
1.685656596E1,5.271437988E0,9.924511871E0,1.597777405E0,1.135063377E1
1.686651696E1,5.217550049E0,1.025233017E1,1.437610474E0,1.159309391E1
1.687646896E1,5.110971680E0,1.019065842E1,1.247056732E0,1.146850910E1
1.688642096E1,5.216801605E0,9.970466309E0,1.373693390E0,1.133632440E1
1.689637296E1,5.390739899E0,9.616302795E0,1.481020203E0,1.112325388E1
1.690632496E1,5.370232544E0,9.337283020E0,1.641935577E0,1.089588015E1
1.691627696E1,5.243745575E0,9.257199554E0,1.567390594E0,1.075403759E1
1.692622896E1,5.261109467E0,9.246272278E0,1.466799774E0,1.073891640E1
1.693618096E1,5.341791687E0,9.297016754E0,1.123862915E0,1.078110972E1
1.694613296E1,5.380710754E0,9.354048157E0,8.608598328E-1,1.082549513E1
1.695608496E1,5.438490601E0,9.473649445E0,8.354127502E-1,1.095559803E1
1.696603696E1,5.454207916E0,9.597891083E0,7.773335266E-1,1.106671336E1
1.697598796E1,5.446873169E0,9.550439758E0,6.960525513E-1,1.101652468E1
1.698593996E1,5.573659515E0,9.301806793E0,6.831793213E-1,1.086535890E1
1.699589196E1,5.696404266E0,9.031918030E0,7.322772217E-1,1.070330766E1
1.700584396E1,5.576503601E0,8.772956543E0,6.491999817E-1,1.041554701E1
1.701579596E1,5.278772736E0,8.468339996E0,4.567002869E-1,9.989334264E0
1.702574796E1,4.965623932E0,8.019124146E0,3.549119568E-1,9.438735911E0
1.703569996E1,4.619693298E0,7.679630127E0,3.486250305E-1,8.968825144E0
1.704565196E1,4.304299164E0,7.479945374E0,3.251239014E-1,8.636103267E0
1.705560396E1,4.058659973E0,7.395970001E0,2.387535095E-1,8.439792431E0
1.706555596E1,3.994293823E0,7.399861908E0,2.746788025E-1,8.413547875E0
1.707550796E1,3.951782227E0,7.454348602E0,6.819818115E-1,8.464572939E0
1.708545896E1,3.878584442E0,7.634573822E0,8.388555908E-1,8.604290408E0
1.709541096E1,3.649860077E0,7.890691223E0,7.075785828E-1,8.722680437E0
1.710536296E1,3.366499329E0,8.151598663E0,6.475534058E-1,8.843144458E0
1.711531496E1,3.104693756E0,8.361013184E0,6.236032104E-1,8.940612157E0
1.712526696E1,2.894830170E0,8.396489410E0,6.532415771E-1,8.905492726E0
1.713521896E1,2.993924103E0,8.325986023E0,8.023315430E-1,8.884219757E0
1.714517096E1,3.417842560E0,8.337362366E0,9.108558655E-1,9.056650451E0
1.715512296E1,3.944746857E0,8.481961670E0,1.092428284E0,9.417966930E0
1.716507496E1,4.182302856E0,8.665330353E0,9.800120544E-1,9.671609532E0
1.717502696E1,4.135001221E0,8.779542847E0,5.680686951E-1,9.721178413E0
1.718497896E1,3.962410126E0,8.905431061E0,2.427951050E-1,9.750197221E0
1.719493096E1,3.794459381E0,8.945847015E0,5.718109131E-2,9.717477579E0
1.720488196E1,3.732937317E0,8.915011139E0,-2.095642090E-3,9.665001242E0
1.721483396E1,3.843856659E0,8.809480591E0,4.384382629E-1,9.621559666E0
1.722478596E1,4.021387482E0,8.475225677E0,1.056203613E0,9.440157501E0
1.723473796E1,4.344266052E0,8.494535522E0,8.999285889E-1,9.583300723E0
1.724468996E1,4.417463837E0,8.003706207E0,7.132667542E-1,9.169626452E0
1.725464196E1,4.472249908E0,8.021369476E0,6.879693604E-1,9.209597676E0
1.726459396E1,4.486170959E0,8.278684387E0,8.164022827E-1,9.451394487E0
1.727454596E1,4.073628845E0,8.311765594E0,1.030606842E0,9.313541202E0
1.728449796E1,3.899989929E0,8.941805420E0,9.388476562E-1,9.800369408E0
1.729444996E1,3.822151794E0,8.978628845E0,9.382489014E-1,9.803312261E0
1.730440196E1,3.641776886E0,8.884774017E0,8.171507263E-1,9.636881422E0
1.731435296E1,3.539539490E0,9.040150909E0,8.304730225E-1,9.743836704E0
1.732430496E1,3.496429138E0,9.277856598E0,8.954379272E-1,9.955171965E0
1.733425696E1,3.440146179E0,9.539961548E0,9.653425598E-1,1.018711727E1
1.734420896E1,3.606150970E0,1.014500336E1,1.044228516E0,1.081738560E1
1.735416096E1,3.696113892E0,1.032028885E1,9.237290955E-1,1.100104064E1
1.736411296E1,3.774850159E0,1.032777328E1,9.307644653E-1,1.103533947E1
1.737406496E1,3.883524170E0,1.037013519E1,9.478289795E-1,1.111394816E1
1.738401696E1,3.927382965E0,1.033361115E1,8.467890930E-1,1.108715058E1
1.739396896E1,3.857777710E0,1.023481659E1,6.893165588E-1,1.095942867E1
1.740392096E1,3.722459106E0,1.010189301E1,6.134243774E-1,1.078337765E1
1.741387296E1,3.535497894E0,9.949060822E0,6.152206421E-1,1.057648585E1
1.742382396E1,3.355871429E0,9.792336731E0,7.589218140E-1,1.037919525E1
1.743377596E1,3.320245514E0,9.794881439E0,1.040037231E0,1.039448941E1
1.744372796E1,3.368145905E0,9.739496613E0,1.107247467E0,1.036475750E1
1.745367996E1,3.433709564E0,9.756112061E0,9.334588623E-1,1.038476910E1
1.746363196E1,3.502566376E0,9.774224396E0,7.445516968E-1,1.040950484E1
1.747358396E1,3.491190033E0,9.700876923E0,4.186793518E-1,1.031846468E1
1.748353596E1,3.411405945E0,9.461075592E0,8.816665649E-2,1.005770427E1
1.749348796E1,3.411555634E0,9.164242859E0,-1.347198486E-2,9.778662511E0
1.750343996E1,3.515738983E0,8.879085846E0,-1.948947144E-1,9.551783603E0
1.751339196E1,3.672014008E0,8.657097473E0,-1.457968140E-1,9.404800915E0
1.752334396E1,3.827989655E0,8.507708130E0,-7.499404907E-2,9.329535172E0
1.753329496E1,3.838916931E0,8.360863495E0,1.140628052E-1,9.200778875E0
1.754324696E1,3.721860352E0,8.319998474E0,1.561253357E-1,9.115864973E0
1.755319896E1,3.532803497E0,8.373587036E0,1.110690308E-1,9.089004166E0
1.756315096E1,3.438050537E0,8.564739532E0,-1.598675537E-1,9.230412363E0
1.757310296E1,3.544628906E0,8.910221100E0,-4.331991577E-1,9.599171612E0
1.758305496E1,3.629652100E0,9.323212280E0,-3.855981445E-1,1.001225986E1
1.759300696E1,3.517385559E0,9.653724976E0,-7.352709961E-1,1.030082669E1
1.760295871E1,3.339854736E0,9.883197784E0,-1.272952881E0,1.050964496E1
1.761291071E1,3.288062439E0,1.010533585E1,-1.019978943E0,1.067565100E1
1.762286271E1,3.347339172E0,1.041114990E1,-5.123844910E-1,1.094802538E1
1.763281471E1,3.251987457E0,1.040022263E1,2.595602417E-1,1.089988186E1
1.764276571E1,3.062930603E0,1.017119888E1,6.369255066E-1,1.064145219E1
1.765271771E1,3.009192352E0,9.666149139E0,8.168513489E-1,1.015661971E1
1.766266971E1,3.068618774E0,9.001381531E0,8.993298340E-1,9.552491026E0
1.767262171E1,3.095562744E0,8.394992523E0,6.667135620E-1,8.972341675E0
1.768257371E1,3.011287994E0,7.980654144E0,3.224295044E-1,8.535962555E0
1.769252571E1,2.915636902E0,7.657326508E0,5.987548828E-3,8.193633116E0
1.770247771E1,2.786305847E0,7.381899261E0,-3.670367432E-1,7.898775408E0
1.771242971E1,2.681673431E0,7.190297699E0,-4.689747620E-1,7.688412757E0
1.772238171E1,2.657573547E0,7.031028900E0,-7.650590515E-1,7.555354387E0
1.773233371E1,2.743195496E0,7.014712830E0,-1.073118439E0,7.608081282E0
1.774228571E1,2.897674255E0,7.182663574E0,-1.294208679E0,7.852524958E0
1.775223671E1,3.064128113E0,7.389683075E0,-1.537901917E0,8.146253086E0
1.776218871E1,3.236419830E0,7.579937439E0,-1.664089508E0,8.408273235E0
1.777214071E1,3.376229095E0,7.846383362E0,-1.679208069E0,8.705423281E0
1.778209271E1,3.503614197E0,8.208031311E0,-1.705104218E0,9.085949088E0
1.779204471E1,3.627855835E0,8.536448364E0,-1.684896240E0,9.427150363E0
1.780199671E1,3.661236420E0,8.752149811E0,-1.842518463E0,9.664349576E0
1.781194871E1,3.676504669E0,8.771459656E0,-1.993404694E0,9.717450970E0
1.782190071E1,3.649111633E0,8.828041992E0,-2.081421661E0,9.776638342E0
1.783185271E1,3.647614746E0,8.951385498E0,-2.164798279E0,9.905490763E0
1.784180471E1,3.719315643E0,8.973539429E0,-2.243684235E0,9.969545510E0
1.785175671E1,3.794010315E0,8.981023865E0,-2.280357971E0,1.001265881E1
1.786170871E1,3.903133392E0,9.015003204E0,-2.246228943E0,1.007721576E1
1.787165971E1,4.037254486E0,9.092541962E0,-2.036664734E0,1.015488781E1
1.788161171E1,4.104913788E0,9.229806519E0,-1.900447998E0,1.027868417E1
1.789156371E1,4.197122040E0,9.316176910E0,-1.910327454E0,1.039501499E1
1.790151571E1,4.161945190E0,9.471703491E0,-2.048490143E0,1.054662347E1
1.791146771E1,4.164340210E0,9.650132446E0,-2.155966644E0,1.072916482E1
1.792141971E1,4.259392548E0,9.820178833E0,-2.163151703E0,1.092051109E1
1.793137171E1,4.281995544E0,9.946516113E0,-2.271825714E0,1.106480279E1
1.794132371E1,4.274960175E0,9.878258057E0,-2.099533997E0,1.096646295E1
1.795127571E1,4.322561188E0,9.655371552E0,-1.277443542E0,1.065563687E1
1.796122771E1,4.462819519E0,9.123976593E0,-1.188528442E0,1.022625576E1
1.797117971E1,4.343667297E0,8.716823273E0,-1.375938721E0,9.835835548E0
1.798113071E1,4.116140442E0,8.786578217E0,-1.017434235E0,9.756113023E0
1.799108271E1,3.922742615E0,9.262738037E0,-5.689668274E-1,1.007521458E1
1.800103471E1,3.680995331E0,9.770931244E0,-9.610015869E-2,1.044174599E1
1.801098671E1,3.517235870E0,1.023930725E1,-1.166075134E-1,1.082718608E1
1.802093871E1,3.511697388E0,1.050725006E1,-5.487588501E-1,1.109213499E1
1.803089071E1,3.543880463E0,1.057251434E1,-9.842033386E-1,1.119400753E1
1.804084271E1,3.714375916E0,1.066352509E1,-1.278940430E0,1.136411212E1
1.805079471E1,3.958667908E0,1.059900925E1,-1.679657135E0,1.143815093E1
1.806074671E1,4.081412659E0,1.041773621E1,-1.914369049E0,1.135129798E1
1.807069871E1,4.158801727E0,1.018377274E1,-2.053280182E0,1.119021083E1
1.808065071E1,4.266727295E0,1.004605911E1,-2.066452789E0,1.110848741E1
1.809060171E1,4.495152283E0,9.878258057E0,-1.917362823E0,1.102100978E1
1.810055371E1,4.685855713E0,9.777218170E0,-1.558409271E0,1.095353269E1
1.811050571E1,4.844226379E0,9.859996033E0,-1.496737518E0,1.108721219E1
1.812045771E1,4.889282684E0,9.802066498E0,-1.641785889E0,1.107614796E1
1.813040971E1,4.730912018E0,9.723030853E0,-2.271975403E0,1.104901488E1
1.814036171E1,4.649631042E0,9.764494629E0,-2.459235992E0,1.109108948E1
1.815031371E1,4.289929047E0,9.855804749E0,-2.365081787E0,1.100608878E1
1.816026571E1,4.155059509E0,1.005833359E1,-2.243833923E0,1.111167786E1
1.817021771E1,4.107159119E0,1.054601944E1,-2.194436646E0,1.152834915E1
1.818016971E1,4.052971802E0,1.089778793E1,-2.273771667E0,1.184729504E1
1.819012071E1,4.042643280E0,1.108295288E1,-2.495011597E0,1.205818776E1
1.820007271E1,4.108206940E0,1.096739319E1,-2.469265137E0,1.196905794E1
1.821002471E1,4.178261261E0,1.055515045E1,-2.430944824E0,1.160941691E1
1.821997671E1,4.218976593E0,1.009246262E1,-2.519261169E0,1.122516111E1
1.822992871E1,4.272714844E0,9.542805634E0,-2.444267120E0,1.073758228E1
1.823988071E1,4.207001495E0,9.029373322E0,-2.265239410E0,1.021566218E1
1.824983271E1,4.189487915E0,8.717571716E0,-2.085014191E0,9.894197784E0
1.825978471E1,4.153712311E0,8.556955719E0,-1.914369049E0,9.702557704E0
1.826973671E1,4.107308807E0,8.643176422E0,-1.770967255E0,9.731947869E0
1.827968871E1,3.919000397E0,8.916657715E0,-1.624871063E0,9.874490108E0
1.828964071E1,3.726051636E0,9.428742828E0,-1.671723633E0,1.027517942E1
1.829959171E1,3.616928558E0,9.825567627E0,-1.960772552E0,1.065216318E1
1.830954371E1,3.602558441E0,9.965227203E0,-1.510957947E0,1.070360568E1
1.831949571E1,3.627556458E0,9.741292877E0,-1.431772614E0,1.049294647E1
1.832944771E1,3.598816223E0,9.342222748E0,-1.719773712E0,1.015806210E1
1.833939971E1,3.575464783E0,8.988059235E0,-2.062710571E0,9.890598168E0
1.834935171E1,3.455564117E0,8.801846466E0,-1.917063446E0,9.648241127E0
1.835930371E1,3.185825043E0,8.667276306E0,-1.701212311E0,9.389637006E0
1.836925571E1,2.807711334E0,8.562943268E0,-1.539698181E0,9.142095538E0
1.837920771E1,2.633174286E0,8.585396576E0,-1.700463867E0,9.139705605E0
1.838915971E1,2.587818604E0,8.530760193E0,-1.820364532E0,9.098593387E0
1.839911171E1,2.603086853E0,8.475824432E0,-1.968256989E0,9.082383858E0
1.840906271E1,2.647394714E0,8.306376801E0,-2.023791504E0,8.949878568E0
1.841901471E1,2.777923279E0,8.078101501E0,-1.873504028E0,8.745433034E0
1.842896671E1,2.937790833E0,8.041427765E0,-1.827848969E0,8.754210834E0
1.843891871E1,3.068169708E0,8.098309479E0,-1.634301453E0,8.812900942E0
1.844887071E1,3.062182159E0,8.233628082E0,-1.515448608E0,8.914380262E0
1.845882271E1,3.007396088E0,8.398884430E0,-1.540446625E0,9.053102601E0
1.846877471E1,2.850073242E0,8.563092957E0,-1.477727051E0,9.145116495E0
1.847872671E1,2.715503082E0,8.507708130E0,-1.050066376E0,8.992090636E0
1.848867871E1,2.667602692E0,8.244854736E0,-9.815089417E-1,8.721071812E0
1.849863071E1,2.834804993E0,7.970026245E0,-9.306147766E-1,8.510198679E0
1.850858271E1,3.255579987E0,7.553143158E0,-1.002315674E0,8.285735292E0
1.851853371E1,3.624562683E0,7.240593109E0,-1.064735870E0,8.166841843E0
1.852848571E1,3.854783936E0,7.241491241E0,-1.171014862E0,8.286726157E0
1.853843771E1,3.814966736E0,7.410040741E0,-1.682052155E0,8.502468726E0
1.854838971E1,3.744613037E0,7.545209656E0,-2.226919098E0,8.712719680E0
1.855834171E1,3.828139343E0,7.705825653E0,-2.903811493E0,9.081107918E0
1.856829371E1,3.919299774E0,8.033194885E0,-3.022215271E0,9.435407566E0
1.857824571E1,3.850592651E0,8.459059296E0,-2.602338409E0,9.651679291E0
1.858819771E1,3.791315918E0,9.143585815E0,-2.805316315E0,1.028829615E1
1.859815008E1,3.729793854E0,9.762997742E0,-3.032693481E0,1.088231211E1
1.860810208E1,3.612138519E0,1.005983047E1,-3.489094391E0,1.124373219E1
1.861805408E1,3.643273773E0,9.759255524E0,-3.270249481E0,1.091838101E1
1.862800508E1,3.806434479E0,9.164691925E0,-3.331921234E0,1.046815268E1
1.863795708E1,3.998335419E0,9.111552429E0,-3.344944153E0,1.049741517E1
1.864790908E1,4.303999786E0,9.032666473E0,-3.754043427E0,1.068673570E1
1.865786108E1,4.719984741E0,8.680897980E0,-4.219575348E0,1.074435023E1
1.866781308E1,5.253625031E0,8.172405396E0,-3.949985962E0,1.048766776E1
1.867776508E1,5.943839722E0,7.753576355E0,-2.593506775E0,1.010808856E1
1.868771708E1,6.492149506E0,7.399562531E0,-1.835632782E0,1.001354475E1
1.869766908E1,6.307283936E0,6.842570801E0,-1.582359467E0,9.439622201E0
1.870762108E1,5.283862152E0,5.984555054E0,-1.589993591E0,8.140158356E0
1.871757308E1,3.986510010E0,5.358257446E0,-1.529070282E0,6.851367808E0
1.872752508E1,2.986888733E0,5.300477600E0,-1.084045715E0,6.179945162E0
1.873747608E1,2.183209991E0,5.585484924E0,-5.867797852E-1,6.025641727E0
1.874742808E1,1.048868866E0,5.953569489E0,-5.260061646E-1,6.068096739E0
1.875738008E1,-1.407073975E-2,6.079757080E0,-1.531914368E0,6.269801095E0
1.876733208E1,-7.625143433E-1,5.800437927E0,-2.355651398E0,6.306790133E0
1.877728408E1,-1.003513184E0,5.353916473E0,-2.497107239E0,5.992245395E0
1.878723608E1,-7.601193237E-1,4.964127045E0,-2.278861084E0,5.514847826E0
1.879718808E1,-1.137634277E-1,4.915029144E0,-1.763183441E0,5.222956007E0
1.880714008E1,4.790039062E-1,5.291645966E0,-2.004182281E0,5.678706577E0
1.881709208E1,6.251000977E-1,6.095773773E0,-2.903961182E0,6.781017517E0
1.882704408E1,5.617817688E-1,7.032525787E0,-3.887116699E0,8.054917376E0
1.883699608E1,7.933502197E-1,7.940687256E0,-5.219795380E0,9.535731879E0
1.884694708E1,1.469943237E0,8.964258728E0,-5.647156677E0,1.069621644E1
1.885689908E1,2.405946808E0,9.935738525E0,-5.561983795E0,1.163800429E1
1.886685108E1,3.292104034E0,1.051473450E1,-5.630541229E0,1.237338212E1
1.887680308E1,4.026177521E0,1.065783691E1,-4.946463776E0,1.242043063E1
1.888675508E1,4.251459045E0,1.015533188E1,-4.309538269E0,1.182276574E1
1.889670708E1,4.397405548E0,9.119485931E0,-4.117337952E0,1.092953206E1
1.890665908E1,4.127367096E0,8.023914185E0,-5.116061096E0,1.037267753E1
1.891661108E1,3.103945312E0,7.327861633E0,-5.746250610E0,9.815876359E0
1.892656308E1,2.387684784E0,7.540569305E0,-4.778662720E0,9.241041146E0
1.893651508E1,2.458487549E0,8.095166016E0,-3.973636780E0,9.346960100E0
1.894646708E1,3.055745544E0,8.414601746E0,-3.784579926E0,9.719369763E0
1.895641808E1,3.850143585E0,8.581654358E0,-3.815715179E0,1.015027485E1
1.896637008E1,4.305197296E0,8.384214935E0,-3.232228546E0,9.963788698E0
1.897632208E1,4.015549622E0,7.320975952E0,-2.330803070E0,8.669138977E0
1.898627408E1,3.208727417E0,5.119953003E0,-2.426903229E0,6.511505945E0
1.899622608E1,2.450254669E0,2.086211700E0,-1.593436432E0,3.590970184E0
1.900617808E1,1.295256500E0,-9.116043091E-2,1.657203827E0,2.105308564E0
1.901613008E1,-8.819659424E-1,-7.933502197E-1,3.547922058E0,3.740991770E0
1.902608208E1,-2.760110321E0,5.769003296E-1,3.420986023E0,4.433302194E0
1.903603408E1,-3.005450134E0,3.226989441E0,1.683848419E0,4.720332283E0
1.904598608E1,-1.944157104E0,5.361251221E0,-7.497908020E-1,5.751951647E0
1.905593708E1,2.335144043E-2,6.404132538E0,-1.819316711E0,6.657580052E0
1.906588908E1,2.595602417E0,6.201304321E0,-2.298320618E0,7.104618558E0
1.907584108E1,4.660109253E0,4.715943146E0,-3.540886688E0,7.516290078E0
1.908579308E1,5.672154694E0,2.623145142E0,-4.680915985E0,7.808021757E0
1.909574508E1,6.080056458E0,5.818400574E-1,-5.320535889E0,8.100230029E0
1.910569708E1,5.846542053E0,-1.238973541E0,-5.491330719E0,8.116145790E0
1.911564908E1,5.083428955E0,-2.411934357E0,-4.406386871E0,7.146672131E0
1.912560108E1,4.179458771E0,-2.217488708E0,-2.103276215E0,5.177731417E0
1.913555308E1,3.866010590E0,3.775149536E-1,7.858657837E-1,3.963097330E0
1.914550508E1,4.421954498E0,4.484374695E0,1.120270386E0,6.396741649E0
1.915545708E1,5.586532745E0,8.502618713E0,2.671344910E0,1.051855298E1
1.916540808E1,7.185507660E0,1.288071442E1,4.167034607E0,1.532672508E1
1.917536008E1,8.529412994E0,1.852457794E1,-7.708969116E-2,2.039403876E1
1.918531208E1,9.663604431E0,2.683125412E1,-3.362457733E0,2.871598110E1
1.919526408E1,1.155117920E1,3.507551010E1,-3.472179565E0,3.709147046E1
1.920521608E1,1.581117050E1,3.940331039E1,-1.719025269E0,4.249198784E1
1.921516808E1,1.616099304E1,3.464784943E1,-6.515500946E0,3.878276574E1
1.922512008E1,1.789408905E1,3.295367249E1,-6.141728210E0,3.799820757E1
1.923507208E1,2.042098434E1,3.227049316E1,-6.694678345E0,3.877138183E1
1.924502408E1,2.075419144E1,2.651196808E1,-8.432714081E0,3.470924344E1
1.925497608E1,1.994048355E1,2.232502487E1,-1.044602737E1,3.170408661E1
1.926492808E1,1.728141312E1,2.035976166E1,-1.329969315E1,2.983368854E1
1.927487908E1,1.430694855E1,1.867800888E1,-1.060050613E1,2.580557155E1
1.928483108E1,1.290765839E1,1.618434448E1,-6.749763794E0,2.177383665E1
1.929478308E1,1.280497192E1,1.426832886E1,-4.193379822E0,1.962490634E1
1.930473508E1,1.291080185E1,1.341195969E1,-1.921254730E0,1.871525278E1
1.931468708E1,1.256651779E1,1.231399292E1,6.212081909E-2,1.759419365E1
1.932463908E1,1.162826889E1,1.054003189E1,1.322948914E0,1.574989217E1
1.933459108E1,9.726324005E0,8.534053345E0,1.460213470E0,1.302166151E1
1.934454308E1,7.112908630E0,6.303092651E0,1.744771729E0,9.662643248E0
1.935449508E1,3.845353546E0,4.599784698E0,2.050885162E0,6.336473240E0
1.936444708E1,7.759863281E-1,3.445984039E0,1.973645782E0,4.046262282E0
1.937439808E1,-1.352587280E0,2.801873474E0,2.139051819E0,3.775649613E0
1.938435008E1,-2.600093079E0,2.536175995E0,3.202141113E0,4.842146260E0
1.939430208E1,-3.186573486E0,2.882555695E0,3.909719696E0,5.809413569E0
1.940425408E1,-4.315974884E0,3.290756836E0,3.522025909E0,6.470037578E0
1.941420608E1,-5.949228516E0,3.489393768E0,4.073628845E0,8.010221019E0
1.942415808E1,-6.707252197E0,3.395389252E0,6.002966766E0,9.620369546E0
1.943411008E1,-5.903573456E0,3.371289368E0,6.995552673E0,9.754769539E0
1.944406208E1,-4.312232666E0,3.373534698E0,4.643493805E0,7.179005617E0
1.945401408E1,-2.923720093E0,3.360661469E0,1.514251099E0,4.704799791E0
1.946396608E1,-1.611099701E0,3.211122437E0,9.961784363E-1,3.728179318E0
1.947391808E1,2.740800476E-1,3.036435699E0,-4.980143738E-1,3.089187587E0
1.948386908E1,2.005230103E0,2.969524841E0,-2.680176544E0,4.474636505E0
1.949382108E1,3.218457184E0,2.691403198E0,-1.608704681E0,4.493333793E0
1.950377308E1,3.000660095E0,1.663490753E0,-6.818321228E-1,3.498007652E0
1.951372508E1,2.148931274E0,4.456233215E-1,-1.953437805E-1,2.203325886E0
1.952367708E1,1.031355286E0,-4.462220764E-1,3.011737061E-1,1.163405977E0
1.953362908E1,-4.246669006E-1,-1.343605957E0,1.348695374E-1,1.415559514E0
1.954358108E1,-1.430874481E0,-2.342329102E0,-5.628295898E-2,2.745373412E0
1.955353308E1,-1.819017334E0,-2.745889893E0,-4.490661621E-2,3.294047961E0
1.956348508E1,-1.909878387E0,-2.900967407E0,-1.450483704E-1,3.476246019E0
1.957343708E1,-2.006726990E0,-2.724035339E0,9.520202637E-2,3.384728226E0
1.958338908E1,-2.076032867E0,-2.137704620E0,3.824546814E-1,3.004324399E0
1.959334008E1,-1.981429596E0,-1.545685730E0,3.960763550E-1,2.544029107E0
1.960329133E1,-1.829495544E0,-4.137396240E-1,4.890330505E-1,1.938398243E0
1.961324333E1,-1.994751892E0,1.462907867E0,3.616479492E-1,2.499984756E0
1.962319533E1,-2.073039093E0,4.218677216E0,-3.936813354E-2,4.700667865E0
1.963314733E1,-7.237449646E-1,8.056396637E0,9.714797974E-2,8.089423420E0
1.964309933E1,2.867287445E0,1.329714844E1,5.849835205E-1,1.361534794E1
1.965305133E1,7.914342041E0,1.966760101E1,2.848576355E-1,2.120218110E1
1.966300333E1,1.229722778E1,2.606125534E1,5.209167480E-1,2.882155782E1
1.967295533E1,1.287906784E1,2.997905823E1,7.607180786E-1,3.263729481E1
1.968290733E1,1.196417038E1,3.763234314E1,-8.292755127E-1,3.949711788E1
1.969285933E1,8.130342865E0,4.199846375E1,-1.805545349E0,4.281627525E1
1.970281033E1,6.822961578E0,4.221446457E1,-4.418811035E0,4.298999552E1
1.971276233E1,2.358495483E0,3.482478149E1,-4.715943146E0,3.522169824E1
1.972271433E1,-8.900491333E-1,2.746488647E1,-4.520150299E0,2.784858947E1
1.973266633E1,-1.099313965E0,2.572789856E1,-4.509971466E0,2.614331842E1
1.974261833E1,-1.122515717E0,2.547252960E1,-3.169059906E0,2.569343781E1
1.975257033E1,-7.264393616E-1,2.541474976E1,-2.115700378E0,2.551300467E1
1.976252233E1,-1.844165039E-1,2.517569687E1,-1.208736420E0,2.520537177E1
1.977247433E1,2.839595032E-1,2.394016617E1,-2.142494659E0,2.403752218E1
1.978242633E1,7.159611511E-1,2.204510696E1,-2.501897278E0,2.219817180E1
1.979237833E1,1.381926270E0,1.953961716E1,-1.897603912E0,1.968012346E1
1.980232933E1,1.627864838E0,1.652518570E1,-2.556683350E-1,1.660713921E1
1.981228133E1,1.832189941E0,1.338771011E1,1.149609375E0,1.356131645E1
1.982223333E1,2.143093414E0,1.078836548E1,1.485211487E0,1.109898789E1
1.983218533E1,2.094743958E0,8.451425171E0,1.032702484E0,8.768181915E0
1.984213733E1,1.758393402E0,6.361920319E0,8.833131409E-1,6.659295729E0
1.985208933E1,1.464554443E0,4.201313324E0,6.602769470E-1,4.497990553E0
1.986204133E1,1.223555603E0,1.773661652E0,8.550219727E-1,2.318194673E0
1.987199333E1,9.674382019E-1,-5.821394348E-1,1.391356659E0,1.791841608E0
1.988194533E1,1.328786774E0,-2.402803345E0,2.158062286E0,3.492330316E0
1.989189733E1,1.604363708E0,-4.228107605E0,2.303559723E0,5.075161497E0
1.990184933E1,1.725611572E0,-5.119054871E0,1.819915466E0,5.700399141E0
1.991180033E1,1.924697571E0,-5.283413086E0,1.169517975E0,5.743403770E0
1.992175233E1,2.226020966E0,-4.678221588E0,2.161505127E-1,5.185330039E0
1.993170433E1,2.503992920E0,-3.659739532E0,-7.026388550E-1,4.489696577E0
1.994165633E1,2.511477356E0,-2.457140350E0,-2.005828857E0,4.045788751E0
1.995160833E1,1.963017883E0,-1.248703308E0,-2.895728302E0,3.714558057E0
1.996156033E1,1.348096619E0,-2.728825378E-1,-2.908751221E0,3.217555444E0
1.997151233E1,8.400531006E-1,2.923420715E-1,-2.245031433E0,2.414812464E0
1.998146433E1,6.233038330E-1,9.939331055E-2,-1.532213745E0,1.657125722E0
1.999141633E1,6.402186584E-1,-7.324269104E-1,-5.544470215E-1,1.119705590E0
2.000136833E1,7.674540710E-1,-1.751956787E0,5.298980713E-1,1.984724238E0
2.001131933E1,5.423222351E-1,-2.458188171E0,9.478289795E-1,2.689829412E0
2.002127133E1,-1.017883301E-1,-2.799777832E0,4.240681458E-1,2.833540288E0
2.003122333E1,-6.887178040E-1,-2.918331299E0,-5.740562439E-1,3.052954365E0
2.004117533E1,-1.137634277E0,-3.034789124E0,-5.617817688E-1,3.289339680E0
2.005112733E1,-7.574249268E-1,-3.164120178E0,3.891906738E-3,3.253515663E0
2.006107933E1,-2.335144043E-1,-3.532204742E0,1.019529877E0,3.683807879E0
2.007103133E1,4.146377563E-2,-3.799249420E0,2.239343262E0,4.410291787E0
2.008098333E1,3.492237854E-1,-3.491938477E0,3.905229034E0,5.250371929E0
2.009093533E1,5.069956970E-1,-2.372865601E0,5.152884521E0,5.695590811E0
2.010088733E1,6.411167908E-1,-7.604187012E-2,5.719456329E0,5.755779166E0
2.011083933E1,8.111631775E-1,3.146905975E0,5.169499969E0,6.106122571E0
2.012079033E1,9.852511597E-1,6.727460175E0,3.410507812E0,7.606642084E0
2.013074233E1,7.994874573E-1,1.079450272E1,1.723964996E0,1.096049836E1
2.014069433E1,-1.396595764E-1,1.519550079E1,1.496887207E-2,1.519614995E1
2.015064633E1,-3.541635132E-1,2.028521667E1,-1.604064331E0,2.035162081E1
2.016059833E1,1.011296997E0,2.436243805E1,-4.334536285E0,2.476568824E1
2.017055033E1,3.760779419E0,2.691238541E1,-6.430028687E0,2.792427652E1
2.018050233E1,9.516460419E0,2.922253143E1,-5.323379974E0,3.119066746E1
2.019045433E1,1.652758072E1,3.165003342E1,-5.500761108E0,3.612677556E1
2.020040633E1,2.260643967E1,3.443843491E1,-9.698182526E0,4.232152712E1
2.021035833E1,2.631482803E1,3.563265152E1,-1.288026535E1,4.613087105E1
2.022030933E1,2.629896103E1,3.149510559E1,-1.590637253E1,4.400670079E1
2.023026133E1,2.367401962E1,2.575229782E1,-1.727153366E1,3.901212534E1
2.024021333E1,2.058698914E1,2.318124435E1,-1.834210739E1,3.602259173E1
2.025016533E1,1.857172989E1,2.289788361E1,-1.597597778E1,3.353288074E1
2.026011733E1,1.626397888E1,2.144874710E1,-1.069391190E1,2.896421090E1
2.027006933E1,1.549427948E1,1.922856400E1,-7.165449371E0,2.571291572E1
2.028002133E1,1.508083923E1,1.694820602E1,-5.000950470E0,2.323107628E1
2.028997333E1,1.383632721E1,1.504221954E1,-3.501219177E0,2.073573860E1
2.029992533E1,1.135568573E1,1.373094635E1,-1.179696808E0,1.785727221E1
2.030987733E1,7.572303314E0,1.303564224E1,1.149309998E0,1.511914877E1
2.031982933E1,2.956651611E0,1.150791916E1,2.185904388E0,1.208106660E1
2.032978033E1,-8.499325562E-1,8.236472168E0,2.955304413E0,8.791796363E0
2.033973233E1,-3.674409027E0,4.418062592E0,4.770130463E0,7.468246340E0
2.034968433E1,-6.356830902E0,6.448590088E-1,5.672454071E0,8.544113614E0
2.035963633E1,-8.293802948E0,-2.672841797E0,4.870421906E0,9.982597866E0
2.036958833E1,-8.619824982E0,-4.845573578E0,4.540507965E0,1.088104676E1
2.037954033E1,-8.443192291E0,-4.421804810E0,6.085445251E0,1.130807224E1
2.038949233E1,-7.278015289E0,-1.946402435E0,7.218888245E0,1.043409490E1
2.039944433E1,-5.857768707E0,1.682501221E-1,6.969806213E0,9.106039808E0
2.040939633E1,-4.046984253E0,1.744472351E0,4.729714508E0,6.464631827E0
2.041934833E1,-1.922152863E0,2.793640594E0,9.527687073E-1,3.522338372E0
2.042929933E1,-2.031275940E-1,2.854114838E0,-1.737886047E0,3.347757494E0
2.043925133E1,1.029109955E0,2.886297913E0,-2.984942780E0,4.277810928E0
2.044920333E1,1.752106476E0,2.428998871E0,-2.921624451E0,4.183993553E0
2.045915533E1,1.807640991E0,1.493144989E0,-2.242486725E0,3.244348104E0
2.046910733E1,1.238225098E0,2.555186462E-1,-1.197659454E0,1.741516391E0
2.047905933E1,4.957690430E-1,-1.328038330E0,2.534230042E-1,1.440033322E0
2.048901133E1,-3.378474426E-1,-2.875220947E0,4.734654236E-1,2.933463124E0
2.049896333E1,-1.319805450E0,-3.783981171E0,5.435197449E-1,4.044232145E0
2.050891533E1,-1.853595428E0,-4.163891144E0,7.361691284E-1,4.616898359E0
2.051886733E1,-2.181563416E0,-4.183500366E0,9.951306152E-1,4.821947655E0
2.052881933E1,-2.686164093E0,-4.064497833E0,1.629062347E0,5.137067676E0
2.053877033E1,-3.103346558E0,-3.506907349E0,2.484683075E0,5.301208258E0
2.054872233E1,-3.433110809E0,-2.554138641E0,2.844684448E0,5.138297737E0
2.055867433E1,-3.869453430E0,-9.303153992E-1,3.063379669E0,5.022195893E0
2.056862633E1,-4.082310791E0,1.130149841E0,3.039429474E0,5.213504731E0
2.057857833E1,-3.413651276E0,3.571273499E0,3.685935059E0,6.163856479E0
2.058853033E1,-2.172582092E0,6.435267792E0,3.985013123E0,7.874840575E0
2.059848221E1,5.685177612E-1,1.000953506E1,5.834417267E0,1.159975989E1
2.060843421E1,4.381987610E0,1.511227386E1,5.654940491E0,1.672007741E1
2.061838621E1,7.672744446E0,2.132240982E1,3.418740692E0,2.291732872E1
2.062833821E1,1.044557831E1,2.934138428E1,-1.878443756E0,3.120185072E1
2.063828921E1,1.367077148E1,3.770374466E1,-8.456364899E0,4.098746713E1
2.064824121E1,1.937451050E1,4.832101593E1,-1.393257706E1,5.389256851E1
2.065819321E1,2.368943756E1,4.749353668E1,-8.107141113E0,5.368939575E1
2.066814521E1,2.041993652E1,3.974939072E1,-1.046997757E1,4.589780278E1
2.067809721E1,1.287023621E1,2.957250366E1,-9.368867340E0,3.358499111E1
2.068804921E1,7.535779266E0,2.338706635E1,-3.606450348E0,2.483443830E1
2.069800121E1,5.876180420E0,2.124232635E1,-1.481469269E0,2.208983197E1
2.070795321E1,5.047803040E0,1.941372894E1,-9.166937256E-1,2.008017715E1
2.071790521E1,5.436694336E0,1.819660995E1,-1.524429932E0,1.905251022E1
2.072785721E1,5.876928864E0,1.672576859E1,-2.578837280E0,1.791479917E1
2.073780821E1,5.537584534E0,1.471275467E1,-2.275118866E0,1.588414802E1
2.074776021E1,4.805307312E0,1.211311066E1,-2.042801971E0,1.319058255E1
2.075771221E1,5.051994324E0,9.449399872E0,-2.338437195E0,1.096731932E1
2.076766421E1,5.416037292E0,6.628366241E0,-2.412084045E0,8.893078681E0
2.077761621E1,5.381908264E0,4.185446320E0,-1.996099091E0,7.104034701E0
2.078756821E1,4.790338440E0,1.725910950E0,-1.723366241E0,5.375509481E0
2.079752021E1,3.959566040E0,-1.054257660E0,-1.226549377E0,4.277153939E0
2.080747221E1,2.988385620E0,-3.856879578E0,-5.957611084E-2,4.879499770E0
2.081742421E1,2.407144318E0,-5.501659241E0,1.580263824E0,6.209656345E0
2.082737621E1,2.531086578E0,-6.564748535E0,1.282383270E0,7.151701158E0
2.083732821E1,2.187401276E0,-5.136718140E0,8.177494812E-1,5.642633410E0
2.084727921E1,1.371298370E0,-3.198548584E0,-3.558100891E-1,3.498252862E0
2.085723121E1,2.291734314E-1,-1.765578461E0,-7.499404907E-1,1.931889878E0
2.086718321E1,-3.165916443E-1,-1.074315948E0,-9.355545044E-1,1.459331099E0
2.087713521E1,3.128494263E-2,-5.733078003E-1,-6.620732117E-1,8.763569587E-1
2.088708721E1,5.351371765E-1,-5.102888489E-1,-9.630972290E-1,1.214216941E0
2.089703921E1,6.385720825E-1,-6.137237549E-1,-1.712139587E0,1.927654824E0
2.090699121E1,5.029541016E-2,-8.111631775E-1,-2.246378632E0,2.388876783E0
2.091694321E1,-6.390211487E-1,-1.555864563E0,-2.330653381E0,2.874196888E0
2.092689521E1,-1.424138489E0,-2.750979309E0,-1.491348724E0,3.438048663E0
2.093684721E1,-1.937720490E0,-3.302282867E0,-6.191125488E-1,3.878547818E0
2.094679821E1,-1.903441772E0,-3.472478943E0,1.993853760E-1,3.964965967E0
2.095675021E1,-1.388063507E0,-3.062930603E0,1.411564636E0,3.647023293E0
2.096670221E1,-3.324586487E-1,-1.952090607E0,2.708467712E0,3.355142894E0
2.097665421E1,1.579365692E0,-1.167572021E-2,3.745511169E0,4.064896829E0
2.098660621E1,4.292922821E0,2.526146851E0,4.966222687E0,7.033773669E0
2.099655821E1,7.066205750E0,6.151308289E0,6.032156067E0,1.114256542E1
2.100651021E1,9.193881226E0,1.148845963E1,4.726271667E0,1.545476627E1
2.101646221E1,1.091455307E1,1.861409180E1,9.988728333E-1,2.160114879E1
2.102641421E1,1.296483948E1,2.671344910E1,-3.967050476E0,2.995718469E1
2.103636621E1,1.675899948E1,3.478002457E1,-1.079989151E1,4.008929819E1
2.104631821E1,2.081526443E1,3.722174698E1,-1.439646240E1,4.501101878E1
2.105626921E1,2.286061111E1,3.747277496E1,-1.139924515E1,4.535150707E1
2.106622121E1,2.167627396E1,3.079381393E1,-1.155073013E1,3.938958233E1
2.107617321E1,2.123005188E1,2.299188812E1,-1.386836060E1,3.422971586E1
2.108612521E1,2.312376389E1,1.922946213E1,-1.339175171E1,3.292141679E1
2.109607721E1,2.424702805E1,1.586326218E1,-1.046339127E1,3.080655795E1
2.110602921E1,2.309472427E1,1.434317322E1,-7.589667206E0,2.822580301E1
2.111598121E1,2.008987289E1,1.446516953E1,-4.437073059E0,2.515018369E1
2.112593321E1,1.696227676E1,1.403226974E1,-1.384021912E0,2.205762779E1
2.113588521E1,1.461381042E1,1.317619995E1,8.396040344E-1,1.969468546E1
2.114583721E1,1.202898560E1,1.134401001E1,2.565514984E0,1.673215242E1
2.115578821E1,9.508975983E0,1.033585648E1,4.102967834E0,1.463164032E1
2.116574021E1,6.376589813E0,9.185947723E0,4.229005737E0,1.195520902E1
2.117569221E1,3.573069763E0,7.759863281E0,2.733316040E0,8.969577596E0
2.118564421E1,1.283281403E0,6.186036072E0,2.186503143E0,6.685405705E0
2.119559621E1,-1.139280853E0,3.885470123E0,2.801723785E0,4.923869932E0
2.120554821E1,-3.435356140E0,1.602118378E0,2.618055725E0,4.606807016E0
2.121550021E1,-5.377417603E0,-2.100132751E-1,2.396217041E0,5.890889725E0
2.122545221E1,-6.928791504E0,-1.691931610E0,2.606380005E0,7.593681650E0
2.123540421E1,-7.703879700E0,-2.235750732E0,2.853665771E0,8.514208836E0
2.124535621E1,-7.652237091E0,-2.212848358E0,3.055446167E0,8.531657613E0
2.125530721E1,-6.634503479E0,-2.140249329E0,3.542832642E0,7.819780478E0
2.126525921E1,-5.209766235E0,-1.761237488E0,3.271297302E0,6.398828624E0
2.127521121E1,-4.043691101E0,-7.566764832E-1,1.608554993E0,4.417176268E0
2.128516321E1,-3.009641418E0,-5.987548828E-2,-2.041754150E-1,3.017153318E0
2.129511521E1,-2.413880310E0,1.529818726E-1,-1.862127686E0,3.052497522E0
2.130506721E1,-2.027982788E0,-4.954696655E-2,-2.710713043E0,3.385725076E0
2.131501921E1,-1.812431030E0,-5.177732849E-1,-2.151026917E0,2.860054582E0
2.132497121E1,-1.398691406E0,-1.134041748E0,-6.692582703E-1,1.921014047E0
2.133492321E1,-7.985893250E-1,-1.705104218E0,5.159770203E-1,1.952269855E0
2.134487521E1,-2.383044434E-1,-2.230811005E0,7.719447327E-1,2.372594659E0
2.135482721E1,2.041754150E-1,-2.613265686E0,5.896238708E-1,2.686726904E0
2.136477821E1,4.266128540E-1,-3.042872314E0,6.439608765E-1,3.139387848E0
2.137473021E1,4.773573303E-1,-3.490890656E0,1.310075684E0,3.759053855E0
2.138468221E1,3.462300110E-1,-3.747157745E0,1.991758118E0,4.257718496E0
2.139463421E1,5.912704468E-2,-2.899919586E0,2.706521759E0,3.967151326E0
2.140458621E1,-4.749623108E-1,-2.008822632E-1,3.061284027E0,3.104416656E0
2.141453821E1,-8.261320496E-1,4.652325439E0,2.642454987E0,5.413796682E0
2.142449021E1,2.950364685E-1,1.101349731E1,1.141975250E0,1.107647404E1
2.143444221E1,3.008443909E0,1.733799545E1,-1.068627777E0,1.762948628E1
2.144439421E1,6.637347565E0,2.429028809E1,-4.132157135E0,2.551758610E1
2.145434621E1,9.109007721E0,3.107178589E1,-4.329746246E0,3.266766907E1
2.146429721E1,1.238808884E1,3.530393509E1,-2.445913696E0,3.749420051E1
2.147424921E1,1.547661621E1,3.473631546E1,-2.733615417E0,3.812623656E1
2.148420121E1,1.468775665E1,3.176439560E1,-2.630629578E0,3.509454709E1
2.149415321E1,1.278730865E1,2.990361511E1,-3.220702515E0,3.268201928E1
2.150410521E1,1.054272629E1,2.843516876E1,-4.671036530E0,3.068430352E1
2.151405721E1,8.644523621E0,2.907119614E1,-6.057004395E0,3.092813502E1
2.152400921E1,6.779851227E0,3.000106247E1,-8.192313995E0,3.182992524E1
2.153396121E1,4.456981659E0,2.816213654E1,-8.093968506E0,2.963921298E1
2.154391321E1,3.684138794E0,2.400034103E1,-6.609954529E0,2.516506998E1
2.155386521E1,4.351301422E0,1.904369843E1,-3.604205017E0,1.986420317E1
2.156381621E1,5.277724915E0,1.444316528E1,-1.816023560E0,1.548409976E1
2.157376821E1,5.939947815E0,1.060544586E1,-1.225651245E0,1.221722894E1
2.158372021E1,5.969735870E0,8.004304962E0,-9.300160217E-1,1.002853798E1
2.159367221E1,5.357359314E0,6.835385742E0,-1.366208954E0,8.791491567E0
2.160362475E1,4.348457336E0,6.039939880E0,-1.915716248E0,7.685045459E0
2.161357675E1,3.407813416E0,4.671784973E0,-1.562450867E0,5.989993307E0
2.162352875E1,2.817141724E0,2.628683624E0,-6.818321228E-1,3.912947755E0
2.163348075E1,2.265688477E0,-1.960922241E-1,1.207688599E0,2.574938482E0
2.164343275E1,1.962269440E0,-3.551215210E0,2.687960358E0,4.866904736E0
2.165338475E1,1.083596649E0,-6.424789581E0,1.934427338E0,6.796625044E0
2.166333575E1,-9.551637268E-1,-7.787106628E0,9.238787842E-1,7.899678436E0
2.167328775E1,-1.996548157E0,-7.499704285E0,1.087039490E0,7.836671727E0
2.168323975E1,-6.851252747E-1,-5.896388397E0,1.988315277E0,6.260206899E0
2.169319175E1,1.229992218E0,-2.918930054E0,1.188678131E0,3.383192163E0
2.170314375E1,2.665357361E0,7.746391296E-1,-6.466552734E-1,2.849975208E0
2.171309575E1,3.419189758E0,3.735781403E0,-2.087109833E0,5.477494751E0
2.172304775E1,3.460952911E0,5.392087097E0,-2.453847198E0,6.861061462E0
2.173299975E1,3.030448151E0,5.453160095E0,-2.395618286E0,6.682780708E0
2.174295175E1,1.871408386E0,3.875291290E0,-2.004781036E0,4.747546623E0
2.175290375E1,5.477110291E-1,1.558858337E0,-1.522184601E0,2.246569083E0
2.176285475E1,-4.409829712E-1,-1.170565796E0,-7.894583130E-1,1.479166891E0
2.177280675E1,-1.198707275E0,-3.873794403E0,-7.571255493E-1,4.125096521E0
2.178275875E1,-2.078876953E0,-5.555247803E0,1.097218323E-1,5.932499171E0
2.179271075E1,-2.797233124E0,-6.080655212E0,9.675878906E-1,6.762773639E0
2.180266275E1,-3.087629242E0,-5.636977844E0,1.031654663E0,6.509476545E0
2.181261475E1,-3.002905426E0,-4.824916534E0,8.937913513E-1,5.752923043E0
2.182256675E1,-2.528841248E0,-3.251239014E0,1.397344208E0,4.349501582E0
2.183251875E1,-1.154698792E0,-1.185834045E0,1.848655701E0,2.481342294E0
2.184247075E1,9.833052063E-1,1.733844452E0,2.502795410E0,3.199545370E0
2.185242275E1,3.278332672E0,5.562732239E0,2.168690186E0,6.811363460E0
2.186237475E1,5.425767059E0,1.017568954E1,5.779481506E-1,1.154632539E1
2.187232575E1,7.088958435E0,1.580817673E1,-2.170486450E0,1.746032057E1
2.188227775E1,9.465266876E0,2.310819626E1,-4.227808228E0,2.532694956E1
2.189222975E1,1.441352692E1,3.308869171E1,-6.713838501E0,3.671085541E1
2.190218175E1,1.963182541E1,4.295392685E1,-9.653425598E0,4.820411836E1
2.191213375E1,2.057890594E1,4.226146683E1,-1.005938141E1,4.806988769E1
2.192208575E1,1.924592789E1,3.223741196E1,-1.097712296E1,3.911717907E1
2.193203775E1,2.143826889E1,2.533930664E1,-1.232926117E1,3.540749236E1
2.194198975E1,2.485431519E1,2.295641190E1,-1.232851273E1,3.601008271E1
2.195194175E1,2.731040771E1,2.046199905E1,-1.266710861E1,3.640065130E1
2.196189275E1,2.609149246E1,1.561492859E1,-1.238284973E1,3.283179772E1
2.197184475E1,2.269460632E1,1.215083221E1,-9.899513855E0,2.758057748E1
2.198179675E1,1.872411301E1,1.160865967E1,-6.049819336E0,2.284630607E1
2.199174875E1,1.425261154E1,1.169772446E1,-1.123264160E0,1.847255845E1
2.200170075E1,1.127470413E1,1.168036057E1,3.152893524E0,1.653754860E1
2.201165275E1,8.190368042E0,1.137888748E1,4.928950195E0,1.486121661E1
2.202160475E1,5.246889038E0,1.034543655E1,5.029241638E0,1.264322639E1
2.203155675E1,2.518961792E0,9.019194489E0,5.009931793E0,1.062028504E1
2.204150875E1,-3.174897766E-1,7.317982178E0,5.102439423E0,8.926844402E0
2.205146075E1,-3.059936829E0,4.736001434E0,4.689897308E0,7.334034343E0
2.206141175E1,-5.423072662E0,2.276316376E0,3.749403076E0,6.974909087E0
2.207136375E1,-7.557035065E0,1.381626892E-1,2.466870117E0,7.950680227E0
2.208131575E1,-8.482710114E0,-1.014739838E0,1.291813660E0,8.640303834E0
2.209126775E1,-7.913294220E0,-1.087039490E0,-1.001417542E-1,7.988235640E0
2.210121975E1,-6.403833160E0,-1.257834320E0,2.960842896E-1,6.532908405E0
2.211117175E1,-3.886967010E0,-1.235979767E0,-4.805007935E-2,4.079027744E0
2.212112375E1,-1.748214569E0,-1.235680389E0,-5.218148804E-1,2.203508787E0
2.213107575E1,-4.388873291E-1,-1.301094360E0,-6.613247681E-1,1.524079746E0
2.214102775E1,2.427951050E-1,-1.678759003E0,-4.574487305E-1,1.756826853E0
2.215097975E1,4.035607910E-1,-2.059417419E0,-1.477427673E-1,2.103779776E0
2.216093175E1,2.971321106E-1,-2.546205139E0,-2.942880249E-1,2.580320434E0
2.217088275E1,1.721420288E-1,-2.834655304E0,-6.267466736E-1,2.908215082E0
2.218083475E1,3.115022278E-1,-2.477048950E0,-7.876620483E-1,2.617864901E0
2.219078675E1,2.977308655E-1,-2.507286072E0,-3.442840576E-1,2.548265808E0
2.220073875E1,2.724334717E-2,-2.812950439E0,-2.055226135E-1,2.820580068E0
2.221069075E1,-4.240681458E-1,-2.938688965E0,4.230203247E-1,2.999112005E0
2.222064275E1,-9.460327148E-1,-2.173480225E0,2.055375824E0,3.137445452E0
2.223059475E1,-1.066083069E0,-5.679190063E-1,3.088527374E0,3.316333284E0
2.224054675E1,-1.020727386E0,1.735640717E0,3.729195099E0,4.238069039E0
2.225049875E1,-1.533560944E0,5.482798462E0,4.360133057E0,7.171028407E0
2.226045075E1,-1.839824066E0,1.033974838E1,3.377725983E0,1.103197090E1
2.227040175E1,-3.728746033E-1,1.590562408E1,1.090033264E0,1.594729085E1
2.228035375E1,1.985770569E0,2.171803711E1,-2.534828796E0,2.195544984E1
2.229030575E1,4.783901825E0,2.789643906E1,-7.125632172E0,2.918684057E1
2.230025775E1,9.764344940E0,3.312970642E1,-8.037535858E0,3.546155471E1
2.231020975E1,1.735670654E1,3.833722733E1,-9.196425934E0,4.307635675E1
2.232016175E1,2.223581039E1,3.849440048E1,-1.076052338E1,4.573881279E1
2.233011375E1,1.573827209E1,2.859922760E1,-1.005249573E1,3.415642982E1
2.234006575E1,9.576335907E0,2.347747833E1,-1.003333557E1,2.726840701E1
2.235001775E1,7.376809845E0,2.148257675E1,-7.117998047E0,2.380303181E1
2.235996975E1,5.833519135E0,2.034823563E1,-6.812483368E0,2.223714389E1
2.236992075E1,4.602628784E0,1.912243469E1,-7.552694092E0,2.106881317E1
2.237987275E1,4.127217407E0,1.700239334E1,-7.500602417E0,1.903613247E1
2.238982475E1,4.230951691E0,1.462698303E1,-6.960226135E0,1.674199309E1
2.239977675E1,4.588707733E0,1.227672043E1,-5.902076569E0,1.437388643E1
2.240972875E1,4.524940338E0,1.015248779E1,-4.421505432E0,1.196234942E1
2.241968075E1,3.884571991E0,7.799979858E0,-3.811374207E0,9.510844268E0
2.242963275E1,2.745291138E0,4.946912842E0,-3.184777222E0,6.492409110E0
2.243958475E1,1.583556976E0,2.049537964E0,-2.497705994E0,3.598165337E0
2.244953675E1,6.113287354E-1,-8.988807678E-1,-1.983076172E0,2.261481939E0
2.245948775E1,3.890409851E-1,-3.256627808E0,-1.461860046E0,3.590823354E0
2.246943975E1,3.079096985E-1,-5.251679077E0,-8.967851257E-1,5.336587400E0
2.247939175E1,4.074526978E-1,-6.235732727E0,3.926335144E-1,6.261353002E0
2.248934375E1,2.088157654E-1,-5.683381348E0,1.185684357E0,5.809498684E0
2.249929575E1,-3.571572876E-1,-3.878434753E0,9.577084351E-1,4.010863113E0
2.250924775E1,-7.412585449E-1,-1.595382385E0,6.848258972E-1,1.887775330E0
2.251919975E1,-4.302053833E-1,2.058219910E-1,-2.405497742E-1,5.341381447E-1
2.252915175E1,3.502716064E-2,1.225651245E0,-1.312620392E0,1.796223864E0
2.253910375E1,3.939807129E-1,1.348994751E0,-3.179388428E-1,1.440865278E0
2.254905575E1,-2.812651062E-1,1.221909027E0,8.786727905E-1,1.531090332E0
2.255900775E1,-8.593629456E-1,-1.252894592E-1,2.035766602E-1,8.919896733E-1
2.256895875E1,-5.650749207E-1,-9.696835327E-1,2.109114075E-1,1.141962977E0
2.257891075E1,-1.339714050E-1,-6.718029785E-1,3.876937866E-2,6.861272798E-1
2.258886275E1,2.897973633E-1,-6.750961304E-1,-1.065783691E-1,7.423585695E-1
2.259881446E1,4.436773682E-1,-9.810598755E-1,-3.950285339E-1,1.146898264E0
2.260876646E1,7.497908020E-1,-1.247655487E0,-3.228785706E-1,1.491000011E0
2.261871846E1,1.607956238E0,5.719606018E-1,2.069446564E0,2.682400282E0
2.262867046E1,4.189338226E0,3.827989655E0,2.466570740E0,6.187732281E0
2.263862246E1,6.519392853E0,6.798861694E0,2.537672882E0,9.755346594E0
2.264857446E1,9.597292328E0,1.118593872E1,1.410965881E0,1.480621727E1
2.265852646E1,1.300600388E1,1.843416595E1,-1.483864288E0,2.260921194E1
2.266847746E1,1.624751312E1,3.022754150E1,-6.603667603E0,3.494702239E1
2.267842946E1,2.004646317E1,4.198439301E1,-1.003827530E1,4.759534549E1
2.268838146E1,2.237756561E1,4.160193832E1,-7.616760864E0,4.784863385E1
2.269833346E1,1.837638611E1,2.917597824E1,-6.363866272E0,3.506320103E1
2.270828546E1,1.552062469E1,2.172507248E1,-6.105802917E0,2.738885530E1
2.271823746E1,1.449061661E1,1.897035095E1,-6.170767822E0,2.465624790E1
2.272818946E1,1.367496277E1,1.739203308E1,-6.991810455E0,2.320286264E1
2.273814146E1,1.364352814E1,1.680390610E1,-8.164771271E0,2.313397091E1
2.274809346E1,1.344444214E1,1.545161819E1,-7.919431458E0,2.195957477E1
2.275804446E1,1.258133698E1,1.390638153E1,-7.015610962E0,2.002239458E1
2.276799646E1,1.102173019E1,1.232896179E1,-5.106930084E0,1.730787596E1
2.277794846E1,8.383616180E0,1.082234482E1,-2.336940308E0,1.388774487E1
2.278790046E1,6.494544525E0,9.931996307E0,-3.751199341E-1,1.187284188E1
2.279785246E1,5.492827606E0,8.969946899E0,7.396119690E-1,1.054410396E1
2.280780446E1,4.579127655E0,7.793094177E0,2.067799988E0,9.272352653E0
2.281775646E1,3.627855835E0,6.384673004E0,3.196303253E0,8.008853964E0
2.282770846E1,2.365680542E0,4.776118011E0,3.758384399E0,6.521748307E0
2.283766046E1,1.102607117E0,3.476520538E0,3.844605103E0,5.299332590E0
2.284761246E1,-4.864883423E-1,2.690654755E0,3.982767792E0,4.831017822E0
2.285756346E1,-1.463656311E0,1.973047028E0,4.192332001E0,4.859099914E0
2.286751546E1,-3.036585388E0,9.621990967E-1,4.322411499E0,5.369349969E0
2.287746746E1,-5.084776154E0,4.745132446E-2,3.478316803E0,6.160835004E0
2.288741946E1,-5.730982361E0,-7.179071045E-1,2.273921356E0,6.207275390E0
2.289737146E1,-5.326673126E0,-6.953041077E-1,1.363664246E0,5.542244543E0
2.290732346E1,-3.882925415E0,-4.553530884E-1,1.252445526E0,4.105249811E0
2.291727546E1,-2.483784943E0,-4.775070190E-1,1.882934418E0,3.153195620E0
2.292722746E1,-1.948498077E0,-4.915777588E-1,2.370021515E0,3.107297126E0
2.293717946E1,-2.310146027E0,-7.360194397E-1,2.521805878E0,3.498285889E0
2.294713146E1,-1.933529205E0,-9.639953613E-1,2.723735962E0,3.476573001E0
2.295708346E1,-1.995200958E0,-1.706900482E0,2.844385071E0,3.871028617E0
2.296703446E1,-1.586101685E0,-1.385818176E0,2.834355927E0,3.531258145E0
2.297698646E1,-2.029180298E0,-1.398691406E0,3.344644775E0,4.154582892E0
2.298693846E1,-2.004331970E0,-1.146765289E0,2.790796509E0,3.622286906E0
2.299689046E1,-1.627715149E0,-1.418600006E0,2.530637512E0,3.326561107E0
2.300684246E1,-2.012564850E0,-2.420915680E0,1.853595428E0,3.653363658E0
2.301679446E1,-1.492995300E0,-2.133663025E0,1.924547882E0,3.238122515E0
2.302674646E1,-3.487747192E-2,-5.828878784E-1,2.021695862E0,2.104335732E0
2.303669846E1,8.490344238E-1,3.247646484E0,1.855840759E0,3.835650149E0
2.304665046E1,2.375410309E0,9.364825745E0,3.107537842E-1,9.666390395E0
2.305660246E1,2.962938538E0,1.626727203E1,-2.901715851E0,1.678758765E1
2.306655346E1,3.850293274E0,2.885699158E1,-9.439071350E0,3.060468574E1
2.307650546E1,5.393434296E0,4.568409943E1,-1.399993698E1,4.808455375E1
2.308645746E1,1.476604385E1,5.671421219E1,-1.859298569E1,6.148363223E1
2.309640946E1,1.929053513E1,3.997856415E1,-4.439617767E0,4.461076712E1
2.310636146E1,1.212778015E1,2.194900681E1,-6.736740875E0,2.596585506E1
2.311631346E1,7.688162384E0,1.709864319E1,-6.488107910E0,1.983852273E1
2.312626546E1,6.360722809E0,1.283550842E1,-3.569626923E0,1.476317403E1
2.313621746E1,5.110672302E0,1.037163208E1,-2.283202057E0,1.178570045E1
2.314616946E1,3.609743500E0,1.031624725E1,-2.396516418E0,1.118921340E1
2.315612046E1,2.520009613E0,1.074286011E1,-3.761078796E0,1.165783880E1
2.316607246E1,2.639161835E0,1.114627121E1,-4.364024963E0,1.225762012E1
2.317602446E1,2.868634644E0,1.110989685E1,-4.734504547E0,1.241267119E1
2.318597646E1,3.425776062E0,1.076561279E1,-4.412075043E0,1.212851049E1
2.319592846E1,3.723207550E0,9.756261749E0,-3.152594147E0,1.090805976E1
2.320588046E1,3.524121552E0,8.488098907E0,-2.539918213E0,9.535116166E0
2.321583246E1,3.131338348E0,6.817123718E0,-3.124153290E0,8.126425378E0
2.322578446E1,2.759810944E0,5.206772461E0,-4.311633911E0,7.301864343E0
2.323573646E1,2.615211639E0,3.795507202E0,-4.690945129E0,6.576486376E0
2.324568846E1,2.319875793E0,3.240910492E0,-4.435725861E0,5.963303482E0
2.325563946E1,2.498005371E0,3.581901398E0,-4.183350677E0,6.047352425E0
2.326559146E1,2.629432068E0,4.104015656E0,-3.520978088E0,6.012831629E0
2.327554346E1,2.518512726E0,5.041665802E0,-2.810106354E0,6.297459657E0
2.328549546E1,2.040706329E0,5.635331268E0,-2.086062012E0,6.346108693E0
2.329544746E1,1.411265259E0,5.804629211E0,-1.722468109E0,6.217096292E0
2.330539946E1,1.474733276E0,5.872438202E0,-1.396595764E0,6.213762821E0
2.331535146E1,1.832489319E0,6.064189453E0,-1.137035522E0,6.436245847E0
2.332530346E1,1.805245972E0,6.080954590E0,-8.156538391E-1,6.395483791E0
2.333525546E1,1.422641602E0,5.979166260E0,-1.203497314E0,6.262806406E0
2.334520746E1,8.901988220E-1,5.738616486E0,-1.793420563E0,6.077872196E0
2.335515846E1,8.156538391E-1,5.370531921E0,-1.253942413E0,5.574968689E0
2.336511046E1,1.207987976E-1,4.759352875E0,-5.921685791E-1,4.797571861E0
2.337506246E1,3.038681030E-2,4.131708069E0,-8.614585876E-1,4.220668883E0
2.338501446E1,1.478625183E0,3.885619812E0,-9.154962158E-1,4.257053802E0
2.339496646E1,2.356848907E0,4.304897919E0,-1.186881866E0,5.049313956E0
2.340491846E1,2.249073029E0,4.638254700E0,-1.401236115E0,5.341834778E0
2.341487046E1,2.795736237E0,5.280718689E0,9.382489014E-1,6.048342085E0
2.342482246E1,3.744014282E0,7.218139801E0,1.194216614E0,8.218597110E0
2.343477446E1,6.339467010E0,8.721613312E0,2.159708862E0,1.099635044E1
2.344472646E1,8.524173889E0,9.765243073E0,3.362607422E0,1.339136444E1
2.345467746E1,8.659492493E0,1.209874054E1,1.891915741E0,1.499818916E1
2.346462946E1,8.599766693E0,1.675959824E1,1.099613342E0,1.886926786E1
2.347458146E1,9.359287262E0,1.960787521E1,-2.107617188E-1,2.172807973E1
2.348453346E1,9.252858582E0,2.104773102E1,-2.100132751E0,2.308750594E1
2.349448546E1,9.646539917E0,2.178360077E1,-2.445464630E0,2.394913969E1
2.350443746E1,9.880802765E0,2.019839722E1,-1.808988190E0,2.255832333E1
2.351438946E1,9.078321533E0,1.651680313E1,-2.087858276E0,1.896259106E1
2.352434146E1,8.432863770E0,1.275796967E1,-1.598974915E0,1.537646585E1
2.353429346E1,8.069269867E0,1.099867813E1,-7.129673767E-1,1.365988138E1
2.354424546E1,6.839876404E0,1.016266663E1,-4.992118835E-1,1.226021675E1
2.355419646E1,6.152954865E0,1.052446426E1,-6.857240295E-1,1.221038161E1
2.356414846E1,5.916746063E0,1.054048096E1,-5.971083069E-1,1.210232048E1
2.357410046E1,6.104156342E0,1.070468948E1,-3.606001282E-1,1.232806287E1
2.358405246E1,6.130501556E0,1.021790176E1,-4.068539429E-1,1.192283926E1
2.359400446E1,6.299500122E0,9.996362457E0,-3.397933960E-1,1.182059320E1
2.360395621E1,5.931265869E0,9.521250458E0,-8.143066406E-2,1.121787663E1
2.361390821E1,5.392236786E0,8.026159515E0,7.424560547E-2,9.669589781E0
2.362386021E1,5.357509003E0,8.124355316E0,3.691323853E-1,9.738804379E0
2.363381221E1,4.900659027E0,7.730075226E0,6.845265198E-1,9.178186011E0
2.364376321E1,4.307292938E0,7.295678558E0,6.667135620E-1,8.498482515E0
2.365371521E1,3.583997040E0,7.272776184E0,7.622149658E-1,8.143665014E0
2.366366721E1,3.467389526E0,7.504344635E0,5.662724304E-1,8.286051110E0
2.367361921E1,3.804787903E0,8.294551392E0,1.178050232E-1,9.126328495E0
2.368357121E1,3.598516846E0,8.334967346E0,4.387376404E-1,9.089196602E0
2.369352321E1,3.448229370E0,7.897277527E0,7.442523193E-1,8.649346197E0
2.370347521E1,3.366948395E0,7.240144043E0,2.194436646E-1,7.987752048E0
2.371342721E1,3.627556458E0,7.111262054E0,1.580712891E-1,7.984622746E0
2.372337921E1,3.323987732E0,6.575526123E0,4.700225830E-1,7.382909959E0
2.373333121E1,2.762056274E0,5.818849640E0,7.361691284E-1,6.483047970E0
2.374328221E1,2.669398956E0,5.447022858E0,1.401834869E0,6.225824427E0
2.375323421E1,3.078348541E0,4.866829376E0,2.111359406E0,6.133522353E0
2.376318621E1,2.804717560E0,3.071462860E0,2.781515808E0,5.003714109E0
2.377313821E1,3.745660858E0,1.538350983E0,3.175047455E0,5.145621960E0
2.378309021E1,4.515210571E0,2.168390808E0,3.848497009E0,6.316642655E0
2.379304221E1,4.701872406E0,4.813989258E0,4.474195862E0,8.080874043E0
2.380299421E1,3.990102539E0,6.944957886E0,3.995191956E0,8.950693664E0
2.381294621E1,3.230132904E0,7.483088837E0,3.493135986E0,8.867489844E0
2.382289821E1,4.126019897E0,8.825796661E0,2.886148224E0,1.016113077E1
2.383285021E1,4.133055267E0,9.239087219E0,3.342249756E0,1.065896392E1
2.384280121E1,4.381239166E0,9.696236572E0,3.846251678E0,1.131396978E1
2.385275321E1,4.565056915E0,9.546847229E0,3.987707520E0,1.130857409E1
2.386270521E1,4.610861664E0,9.473200378E0,3.873195648E0,1.122511538E1
2.387265721E1,4.618645477E0,9.113648071E0,4.198618927E0,1.104621510E1
2.388260921E1,4.913083191E0,8.614585876E0,4.654421082E0,1.095504961E1
2.389256121E1,5.400319977E0,8.535999298E0,4.087849274E0,1.089666240E1
2.390251321E1,5.564678192E0,8.964558105E0,3.665577393E0,1.116984346E1
2.391246521E1,6.083948364E0,9.164392548E0,4.315376129E0,1.181621723E1
2.392241721E1,6.464906158E0,9.452842712E0,3.461252289E0,1.196375837E1
2.393236921E1,6.726412354E0,9.789492645E0,2.232457581E0,1.208563843E1
2.394232021E1,6.734794922E0,1.005878265E1,1.106948090E0,1.215573549E1
2.395227221E1,6.672973480E0,9.735604706E0,2.935395813E-1,1.180663964E1
2.396222421E1,6.027815094E0,9.030271454E0,-6.804849243E-1,1.087857606E1
2.397217621E1,4.444258118E0,8.345744934E0,-2.493814087E0,9.778650082E0
2.398212821E1,2.712658997E0,7.313940582E0,-3.782184906E0,8.669323407E0
2.399208021E1,1.761836243E0,5.109774170E0,-3.733985138E0,6.569361006E0
2.400203221E1,1.575174408E0,3.052602081E0,-2.737956390E0,4.392716594E0
2.401198421E1,1.882185974E0,1.832489319E0,-1.603615265E0,3.077697689E0
2.402193621E1,2.330204315E0,2.053579559E0,-1.018631744E0,3.268738562E0
2.403188821E1,2.700384521E0,2.875071259E0,-5.487588501E-1,3.982367083E0
2.404183921E1,3.352727966E0,3.966451721E0,5.987548828E-2,5.193949282E0
2.405179121E1,4.041745148E0,5.962251434E0,4.731660461E-1,7.218589344E0
2.406174321E1,4.549489288E0,8.436755676E0,4.415817261E-2,9.585335105E0
2.407169521E1,5.141807556E0,1.043480072E1,-2.664459229E-1,1.163590325E1
2.408164721E1,4.959486694E0,9.501491547E0,1.313368835E0,1.079813815E1
2.409159921E1,5.189408569E0,6.844217377E0,4.321363678E0,9.614960054E0
2.410155121E1,5.084776154E0,6.510112152E0,3.093766479E0,8.820878629E0
2.411150321E1,4.870122528E0,9.273964691E0,2.907404022E0,1.087094810E1
2.412145521E1,4.809199219E0,1.265303787E1,4.520449677E0,1.427102764E1
2.413140621E1,5.549110565E0,1.479822693E1,8.919950867E-1,1.582958633E1
2.414135821E1,5.832770691E0,1.580114136E1,1.492396545E-1,1.684397680E1
2.415131021E1,4.621489563E0,1.427446609E1,-6.906637573E-1,1.501983903E1
2.416126221E1,4.555626526E0,1.255065079E1,-2.727777557E0,1.362766813E1
2.417121421E1,4.583169250E0,1.162946640E1,-3.890110474E0,1.309132876E1
2.418116621E1,3.307521973E0,1.004635849E1,-4.437971191E0,1.147016167E1
2.419111821E1,2.498753815E0,7.524702301E0,-3.660188599E0,8.732805730E0
2.420107021E1,2.184257813E0,5.710924072E0,-1.976040802E0,6.425758570E0
2.421102221E1,2.028282166E0,3.895199890E0,-2.609822845E0,5.108589435E0
2.422097421E1,2.142195282E0,1.795965271E0,-3.005599823E0,4.104646413E0
2.423092521E1,2.303559723E0,2.968327332E-1,-1.957479401E0,3.037469781E0
2.424087721E1,2.327509918E0,-3.978726196E-1,-9.668394470E-1,2.551545327E0
2.425082921E1,2.216889954E0,-6.057902527E-1,-2.947370911E-1,2.316992199E0
2.426078121E1,2.184108124E0,-5.563929749E-1,-2.182461548E-1,2.264405622E0
2.427073321E1,2.188748474E0,-7.009922791E-1,-3.360511780E-1,2.322701111E0
2.428068521E1,2.228266296E0,-1.147813110E0,-4.352947998E-1,2.544037576E0
2.429063721E1,2.112107849E0,-8.393046570E-1,-3.429368591E-1,2.298485928E0
2.430058921E1,2.145039368E0,-6.381230164E-1,-3.981719971E-2,2.238298524E0
2.431054121E1,2.123184814E0,-9.515711975E-1,-3.197351074E-1,2.348538277E0
2.432049321E1,2.093097382E0,-9.559121704E-1,-3.956272888E-1,2.334811701E0
2.433044521E1,2.053729248E0,-4.890330505E-1,-1.293310547E-1,2.115108430E0
2.434039621E1,2.027084656E0,-6.206094360E-1,-3.820056152E-1,2.154102264E0
2.435034821E1,1.879790955E0,-6.361770630E-1,-7.789801025E-1,2.131934635E0
2.436030021E1,1.711690521E0,-3.499722290E-1,-1.062191162E0,2.044655244E0
2.437025221E1,1.485959930E0,-2.389031982E-1,-1.716031494E0,2.282523985E0
2.438020421E1,1.721420288E0,-7.837701416E-1,-1.397194519E0,2.351539063E0
2.439015621E1,1.654808807E0,-5.758525085E-1,-8.759783936E-1,1.958912057E0
2.440010821E1,8.686436462E-1,9.475296021E-2,-1.635798340E0,1.854550112E0
2.441006021E1,5.869294739E-1,-2.120340729E0,-3.938908997E0,4.511688719E0
2.442001221E1,2.877017212E0,-3.766018524E0,-3.799548798E0,6.074264945E0
2.442996421E1,1.632505188E0,1.061742096E0,4.672084351E0,5.061693555E0
2.443991521E1,8.592132568E-2,-1.269135818E1,1.839524689E0,1.282426630E1
2.444986721E1,-7.045848083E-1,-3.907115112E1,-3.641627197E0,3.924681820E1
2.445981921E1,4.794679413E0,-8.796023575E1,5.804329834E0,8.828183431E1
2.446977121E1,1.688653427E1,-1.423925931E2,4.837789764E0,1.434719827E2
2.447972321E1,1.375399841E1,-6.745991638E1,-3.362906799E0,6.892983340E1
2.448967521E1,4.296066284E0,-1.871962234E1,-1.408570862E-1,1.920677711E1
2.449962721E1,2.778522034E0,-1.256861343E1,-1.117126923E0,1.292045668E1
2.450957921E1,1.422491913E0,-5.250032501E0,1.185534668E-1,5.440623074E0
2.451953121E1,7.167095947E-1,-2.565514984E0,1.248403931E-1,2.666669252E0
2.452948321E1,7.652087402E-1,-2.613115997E0,-5.418731689E-2,2.723390515E0
2.453943521E1,8.144563293E-1,-2.721041565E0,-1.616638184E-2,2.840364002E0
2.454938621E1,9.355545044E-1,-3.140319672E0,-2.874023438E-2,3.276842363E0
2.455933821E1,1.180145874E0,-3.931873627E0,-2.125579834E-2,4.105219398E0
2.456929021E1,1.551822968E0,-5.108426971E0,-3.517684937E-2,5.339046549E0
2.457924221E1,1.984872437E0,-6.622378693E0,-4.194277954E-1,6.926148844E0
2.458919421E1,2.634820862E0,-8.879983978E0,-7.400610352E-1,9.292151891E0
2.459914621E1,3.540587311E0,-1.174801987E1,-7.223977661E-1,1.229119961E1
2.460909933E1,4.065246277E0,-1.259630585E1,-2.005828857E-1,1.323757462E1
2.461905133E1,4.613556061E0,-1.518816605E1,-1.598675537E-1,1.587421951E1
2.462900333E1,6.496939545E0,-2.458023514E1,-3.918850708E-1,2.542738203E1
2.463895533E1,7.318281555E0,-3.793172058E1,-3.236270142E-1,3.863259512E1
2.464890733E1,5.191653900E0,-4.720822998E1,1.740430756E0,4.752472354E1
2.465885833E1,1.422940979E0,-3.650458832E1,3.052302704E0,3.665960012E1
2.466881033E1,-8.592132568E-1,-1.503847733E1,1.570084991E0,1.514461008E1
2.467876233E1,-9.062155151E-1,-6.065536652E0,1.131946106E0,6.236446377E0
2.468871433E1,-8.083190918E-1,-4.279899902E0,2.652484131E-1,4.363631475E0
2.469866633E1,-1.569037170E0,-2.801274719E0,3.124003601E-1,3.225928034E0
2.470861833E1,-2.026485901E0,-2.142644348E0,2.424957275E-2,2.949263968E0
2.471857033E1,-2.427951050E0,-2.059118042E0,-5.173242188E-1,3.225296538E0
2.472852233E1,-2.921923828E0,-1.744921417E0,-8.566685486E-1,3.509454461E0
2.473847433E1,-2.828218689E0,-1.904489594E0,-1.161584473E0,3.602107723E0
2.474842633E1,-2.567910004E0,-1.886526947E0,-7.673043823E-1,3.277484054E0
2.475837733E1,-1.866768036E0,-1.487157440E0,-9.033714294E-1,2.551967886E0
2.476832933E1,-1.574725342E0,-1.528022461E0,-7.903564453E-1,2.332225515E0
2.477828133E1,-1.550176392E0,-1.984273682E0,-4.125421143E-1,2.551583799E0
2.478823333E1,-1.317709808E0,-2.406695251E0,-4.251159668E-1,2.776556277E0
2.479818533E1,-1.010099487E0,-3.265309753E0,-3.742218018E-1,3.438399441E0
2.480813733E1,-3.617976379E-1,-4.727020111E0,-3.585044861E-1,4.754381361E0
2.481808933E1,-1.520837402E-1,-6.564748535E0,-1.289568329E0,6.691938379E0
2.482804133E1,2.279759216E-1,-8.833131409E0,-2.186802521E0,9.102652842E0
2.483799333E1,7.848179626E-1,-1.274973679E1,-2.114951935E0,1.294777004E1
2.484794533E1,1.316811676E0,-1.705792786E1,-2.112856293E0,1.723865011E1
2.485789733E1,2.389181671E0,-2.102408020E1,-9.532177734E-1,2.118085837E1
2.486784833E1,3.725752258E0,-2.502076904E1,-2.844085693E-2,2.529665832E1
2.487780033E1,4.097279663E0,-2.475731689E1,7.741900635E-1,2.510601145E1
2.488775233E1,3.698808289E0,-1.999541931E1,1.466799774E0,2.038748336E1
2.489770433E1,2.705923004E0,-1.350626358E1,1.430575104E0,1.384874436E1
2.490765633E1,1.825903015E0,-8.531059570E0,1.163829803E0,8.801556625E0
2.491760833E1,-5.948629761E-1,-6.569837952E0,1.953587494E0,6.879908195E0
2.492756033E1,-7.434440002E0,-7.267088013E0,4.355792084E0,1.127184062E1
2.493751233E1,-5.480403442E0,-5.071004791E0,9.297166443E-1,7.524246442E0
2.494746433E1,-6.082002411E0,-5.079387360E0,9.291178894E-1,7.978357558E0
2.495741633E1,6.730004883E-1,-4.913681946E0,3.942800903E-1,4.975204188E0
2.496736733E1,2.716850281E0,-8.681945801E0,9.954299927E-1,9.151411870E0
2.497731933E1,2.304607544E0,-1.418839508E1,1.122366028E0,1.441809545E1
2.498727133E1,1.410217438E0,-2.162044006E1,1.025367737E0,2.169063210E1
2.499722333E1,-6.436614990E-1,-2.463517090E1,-2.041754150E-1,2.464442397E1
2.500717533E1,-1.528172150E0,-1.952210358E1,-1.083896027E0,1.961179922E1
2.501712733E1,-1.906884613E0,-1.345731537E1,-3.448678436E0,1.402244375E1
2.502707933E1,-4.116589508E0,-8.075856171E0,-3.826043701E0,9.838921306E0
2.503703133E1,-1.609453125E0,-6.635251923E0,-1.323098602E0,6.954674496E0
2.504698333E1,-3.835923157E0,-5.638025665E0,-4.982838135E0,8.445727662E0
2.505693533E1,-6.114634552E0,-6.359375610E0,-9.905202026E0,1.326436734E1
2.506688733E1,-6.499334564E0,-6.976841583E0,-8.470435638E0,1.275405615E1
2.507683933E1,-9.447004852E0,-9.815089417E0,1.886826324E0,1.375289041E1
2.508679033E1,-1.153381531E1,-1.061831909E1,-5.638923798E0,1.666058395E1
2.509674233E1,-8.265212402E0,-8.529113617E0,-1.485585709E1,1.901988446E1
2.510669433E1,-5.061424713E0,-1.030921188E1,-1.532273621E1,1.914899774E1
2.511664633E1,-1.750459900E0,-1.055320450E1,-1.285002823E1,1.671997191E1
2.512659833E1,5.867797852E-2,-9.089548187E0,-8.817414093E0,1.266373249E1
2.513655033E1,7.649093628E-2,-8.367300110E0,-4.541855164E0,9.520819834E0
2.514650233E1,-1.207987976E0,-5.898184662E0,-2.486928406E0,6.514033324E0
2.515645433E1,-3.229234772E0,-1.052027298E1,-7.976462860E0,1.359147014E1
2.516640633E1,-2.288141785E0,-1.050934570E1,-8.881780243E0,1.394876196E1
2.517635833E1,-5.667813721E0,-1.127934448E1,-1.192854446E1,1.736772574E1
2.518631033E1,-7.242688751E0,-1.145043869E1,-1.477068420E1,2.004350764E1
2.519626133E1,-9.163045349E0,-1.132245483E1,-1.743005402E1,2.271488865E1
2.520621333E1,-8.686586151E0,-9.973011017E0,-1.676738205E1,2.135562756E1
2.521616533E1,-7.333849182E0,-8.076604614E0,-1.429602127E1,1.798313405E1
2.522611733E1,-6.742878113E0,-7.114704895E0,-1.208721451E1,1.556233227E1
2.523606933E1,-5.680387573E0,-9.299411774E0,-1.185504730E1,1.610242245E1
2.524602133E1,-6.507417755E0,-1.124716141E1,-1.664658325E1,2.111761965E1
2.525597333E1,-4.762196960E0,-5.195396118E0,-1.162991547E1,1.359873503E1
2.526592533E1,-4.363426208E-1,-3.041674805E-1,-9.606872406E0,9.621585637E0
2.527587733E1,6.870412903E0,2.103126526E-1,-6.138285370E0,9.215495220E0
2.528582933E1,5.219346313E0,2.889141998E0,-4.227508850E0,7.311672073E0
2.529578133E1,8.849896545E0,4.505480804E0,-1.472637634E0,1.003935694E1
2.530573233E1,1.294268555E1,6.189179535E0,2.590213623E0,1.457834898E1
2.531568433E1,1.370340363E1,8.131390686E0,3.859723663E0,1.639512892E1
2.532563633E1,1.531779648E1,1.001701950E1,9.562564545E0,2.064989611E1
2.533558833E1,1.135224289E1,7.485184479E0,2.968970993E1,3.265547858E1
2.534554033E1,6.358926544E0,-1.004111938E0,5.224780014E1,5.264291792E1
2.535549233E1,1.122665405E0,-5.267246704E0,4.027300186E1,4.063150187E1
2.536544433E1,-6.932084656E-1,-5.182073822E0,2.936189163E1,2.982373396E1
2.537539633E1,1.328038330E0,-8.103997650E0,2.313783463E1,2.455194198E1
2.538534833E1,2.161205750E0,-1.158560760E1,1.431952240E1,1.854577676E1
2.539530033E1,2.250719604E0,-1.084419937E1,7.406897278E0,1.332383301E1
2.540525233E1,1.579964447E0,-9.220675507E0,3.279679871E0,9.913296349E0
2.541520333E1,3.628454590E-1,-7.718549194E0,1.178349609E0,7.816403668E0
2.542515533E1,-3.757186890E-2,-5.782624969E0,4.346960449E-1,5.799062324E0
2.543510733E1,-1.696272583E0,-6.379134521E0,7.738906860E-1,6.646021721E0
2.544505933E1,-2.282303925E0,-5.992638245E0,-3.754193115E-1,6.423516482E0
2.545501133E1,-3.147654419E0,-4.771327972E0,-1.232536926E0,5.847430738E0
2.546496333E1,-5.015619965E0,-3.361559601E0,-6.090834045E-1,6.068567308E0
2.547491533E1,-6.855743408E0,-1.811832275E0,1.413660278E0,7.230656212E0
2.548486733E1,-8.159831543E0,-8.458909607E-1,3.856580200E0,9.064854834E0
2.549481933E1,-7.691156158E0,-3.698808289E-1,6.569388885E0,1.012163846E1
2.550477133E1,-5.989794159E0,-6.450086975E-1,7.627538452E0,9.719722893E0
2.551472333E1,-4.329596558E0,-2.596650238E0,6.950496368E0,8.590541227E0
2.552467433E1,-1.427880707E0,-4.586462402E0,5.382806396E0,7.214505207E0
2.553462633E1,1.376537476E0,-6.438261566E0,3.071612549E0,7.265044464E0
2.554457833E1,2.971770172E0,-7.845185852E0,-3.156935120E-1,8.395118903E0
2.555453033E1,3.815116425E0,-6.994205475E0,-5.379213867E0,9.613010215E0
2.556448233E1,4.470753021E0,-3.905528412E0,-1.069765411E1,1.223440184E1
2.557443433E1,3.112477570E0,-3.185974731E0,-1.497216522E1,1.562061724E1
2.558438633E1,-2.972817993E-1,-5.353317719E0,-1.794692917E1,1.873068748E1
2.559433833E1,-3.823349304E0,-9.433233490E0,-1.795710800E1,2.064126018E1
2.560428962E1,-4.563410339E0,-1.082773361E1,-1.522948013E1,1.923542550E1
2.561424162E1,-4.927303619E0,-1.004950195E1,-1.303654037E1,1.718203118E1
2.562419362E1,-3.917353821E0,-8.074059906E0,-1.216954330E1,1.512064445E1
2.563414463E1,-2.273172913E0,-6.331084442E0,-1.172526718E1,1.351783399E1
2.564409663E1,-1.563798065E0,-4.828808441E0,-1.305599991E1,1.400792593E1
2.565404863E1,-2.207010498E0,-2.641107788E0,-1.534144730E1,1.572279717E1
2.566400063E1,-4.241878967E0,1.044677582E0,-1.656964325E1,1.713586782E1
2.567395263E1,-6.120023346E0,5.556445312E0,-1.689656342E1,1.881017346E1
2.568390463E1,-6.598278809E0,9.805958405E0,-1.332558929E1,1.781194637E1
2.569385663E1,-4.893174591E0,1.546269516E1,-8.938362579E0,1.851843473E1
2.570380862E1,-1.573078766E0,1.292966263E1,-6.101761322E0,1.438340167E1
2.571376062E1,1.146465912E0,6.406527557E0,-2.992127838E0,7.163156318E0
2.572371262E1,2.594554596E0,4.528083801E0,-1.175804901E0,5.349558265E0
2.573366462E1,2.210153961E0,3.239263916E0,-1.082099762E0,4.067991045E0
2.574361562E1,6.548881531E-1,1.997446289E0,-3.062032471E0,3.714123453E0
2.575356762E1,-3.076851654E0,3.282523956E0,-5.819448395E0,7.355811257E0
2.576351962E1,-5.429958344E0,2.373164978E0,-7.065307617E0,9.221438681E0
2.577347163E1,-7.063062286E0,-1.589694214E-1,-7.967930603E0,1.064894540E1
2.578342363E1,-7.355554047E0,-1.168919220E0,-6.591692505E0,9.945901546E0
2.579337563E1,-6.968159637E0,-1.771416321E0,-3.252735901E0,7.891353202E0
2.580332763E1,-6.803502045E0,-1.481169891E0,6.018983459E-1,6.988832945E0
2.581327963E1,-7.197782135E0,-1.317111053E0,2.034120026E0,7.594767506E0
2.582323163E1,-6.597829742E0,-1.448837128E0,3.696712646E0,7.700400686E0
2.583318363E1,-5.528303833E0,-2.998265076E-1,5.238356781E0,7.621838425E0
2.584313563E1,-4.198618927E0,5.438191223E-1,5.606291656E0,7.025286206E0
2.585308763E1,-3.317551117E0,-4.686753845E-1,6.343508606E0,7.173974036E0
2.586303862E1,-3.441792755E0,-3.519331512E0,9.820328522E0,1.098501179E1
2.587299062E1,-9.964778137E-1,-5.273982697E0,1.328247894E1,1.432592435E1
2.588294262E1,2.342628479E-1,-5.234614563E0,1.796399368E1,1.871259303E1
2.589289462E1,-4.953499146E0,-6.398594055E0,2.660492477E1,2.780829340E1
2.590284662E1,-3.281625824E0,-6.069727936E0,2.888333679E1,2.969609081E1
2.591279862E1,-9.710307312E-1,-4.054768066E0,2.384840698E1,2.421013342E1
2.592275062E1,5.718109131E-2,-1.843566284E0,1.803629333E1,1.813035807E1
2.593270263E1,-6.017486572E-1,-3.505709839E-1,1.093745544E1,1.095960460E1
2.594265463E1,-1.837429047E0,9.349557495E-1,3.952530670E0,4.457890359E0
2.595260663E1,-2.914888458E0,2.959795074E0,4.546046448E-1,4.178950465E0
2.596255863E1,-4.120780792E0,3.206482086E0,9.729766846E-3,5.221346222E0
2.597250963E1,-3.323688354E0,7.297325134E-1,1.574575653E0,3.749493607E0
2.598246163E1,-4.143982544E0,1.207987976E-1,1.555864563E0,4.428080647E0
2.599241363E1,-5.360802155E0,2.608026581E0,1.122665405E0,6.066331676E0
2.600236562E1,-5.021457825E0,4.436773682E0,1.746268616E0,6.924554388E0
2.601231762E1,-4.447700958E0,4.618196411E0,2.429298248E0,6.856476638E0
2.602226962E1,-3.611539764E0,3.691473541E0,2.613864441E0,5.788133006E0
2.603222162E1,-2.733016663E0,3.390599213E0,5.426216125E0,6.957683849E0
2.604217362E1,-3.232976990E0,2.473157043E0,8.052205353E0,9.022563772E0
2.605212562E1,-2.458038483E0,2.894530792E0,9.674531708E0,1.039311433E1
2.606207762E1,-6.807843018E-1,4.041146393E0,1.074824890E1,1.150300769E1
2.607202962E1,1.734892273E-1,4.137396240E0,1.258268417E1,1.324658776E1
2.608198162E1,2.454895020E-2,4.064048767E0,1.269584885E1,1.333047910E1
2.609193263E1,-6.623725891E-1,3.602259064E0,1.128144012E1,1.186110868E1
2.610188463E1,-2.251018982E0,2.861299896E0,1.047761169E1,1.109209044E1
2.611183663E1,-4.071982269E0,1.196162567E0,1.043270508E1,1.126291169E1
2.612178863E1,-4.115092621E0,6.069877625E-1,9.273665314E0,1.016382260E1
2.613174063E1,-1.309776306E0,1.456321564E0,8.099806366E0,8.333261644E0
2.614169263E1,1.321302338E0,2.610870667E0,8.042924652E0,8.558686959E0
2.615164463E1,1.702260132E0,2.699636078E0,8.638835449E0,9.209516949E0
2.616159662E1,1.088985443E0,2.564467163E0,8.176896057E0,8.638518985E0
2.617154862E1,5.613327026E-1,3.147654419E0,9.026229858E0,9.575784469E0
2.618150062E1,5.463638306E-1,3.558549957E0,1.033301239E1,1.094225463E1
2.619145262E1,2.746788025E-1,3.203188934E0,1.071202423E1,1.118406594E1
2.620140462E1,-9.550140381E-2,2.749332733E0,1.017224670E1,1.053767308E1
2.621135562E1,-2.165995789E-1,3.133134613E0,9.522298279E0,1.002684459E1
2.622130762E1,-4.555027771E-1,3.298390961E0,9.554032288E0,1.011762811E1
2.623125963E1,-1.063987427E0,2.993475037E0,9.147477722E0,9.683455515E0
2.624121163E1,-1.748813324E0,3.050057373E0,8.409212952E0,9.114606985E0
2.625116363E1,-2.445913696E0,2.976111145E0,8.216264191E0,9.074509827E0
2.626111563E1,-2.993175659E0,2.540816345E0,8.592581635E0,9.447079304E0
2.627106763E1,-3.091072083E0,2.067799988E0,8.738528137E0,9.496967801E0
2.628101963E1,-2.541265411E0,1.812730408E0,9.159452820E0,9.676755519E0
2.629097163E1,-1.860481110E0,1.770817566E0,9.834848328E0,1.016471477E1
2.630092363E1,-1.310075684E0,2.117047577E0,1.043599823E1,1.072885119E1
2.631087563E1,-1.156794434E0,2.247127075E0,1.067370392E1,1.096885175E1
2.632082762E1,-1.351838837E0,2.166893921E0,1.034513718E1,1.065573839E1
2.633077862E1,-4.314028931E-1,3.409160614E0,9.503437500E0,1.010563253E1
2.634073062E1,-3.650907898E-1,3.651057587E0,8.963809662E0,9.685731590E0
2.635068262E1,-2.048190765E0,2.799029388E0,8.152047729E0,8.859206122E0
2.636063462E1,-2.985691223E0,2.319277039E0,8.249495087E0,9.074556036E0
2.637058662E1,-2.667003937E0,2.133213959E0,8.950637054E0,9.580052999E0
2.638053862E1,-2.181713104E0,1.725162506E0,9.473499756E0,9.873360895E0
2.639049063E1,-1.936223602E0,1.266965332E0,9.578581238E0,9.854104806E0
2.640044263E1,-2.205962677E0,9.948312378E-1,8.297096100E0,8.642786831E0
2.641039463E1,-1.892514496E0,1.860780487E0,7.713459778E0,8.157302059E0
2.642034663E1,-1.110091553E0,3.121608582E0,7.428751831E0,8.134070147E0
2.643029863E1,-4.656816101E-1,3.388204193E0,7.619305573E0,8.351682730E0
2.644024963E1,-4.839436340E-1,2.689008179E0,8.402476959E0,8.835529722E0
2.645020163E1,-8.231382751E-1,1.879042511E0,9.661957855E0,9.877337039E0
2.646015362E1,-9.057664490E-1,1.266366577E0,1.088985443E1,1.100059211E1
2.647010562E1,-9.375004578E-1,1.005908203E0,1.159698395E1,1.167821883E1
2.648005762E1,-1.392703857E0,1.028361511E0,1.160611496E1,1.173452410E1
2.649000962E1,-2.451302490E0,1.457070007E0,1.141211838E1,1.176300909E1
2.649996162E1,-2.971919861E0,1.992506561E0,1.084045715E1,1.141568664E1
2.650991362E1,-2.402204590E0,2.553988953E0,1.003767654E1,1.063242197E1
2.651986562E1,-1.891466675E0,2.927612000E0,9.535321198E0,1.015238438E1
2.652981762E1,-1.811532898E0,2.911744995E0,9.799222412E0,1.038193962E1
2.653976962E1,-1.527274017E0,2.686164093E0,1.005369324E1,1.051783206E1
2.654972163E1,-1.150357819E0,2.289039917E0,1.020428009E1,1.052094858E1
2.655967263E1,-8.795709229E-1,1.724713440E0,1.045396088E1,1.063172514E1
2.656962463E1,-1.058748322E0,1.361867981E0,1.079345490E1,1.093043005E1
2.657957663E1,-1.469793549E0,1.616039429E0,1.132275421E1,1.153154974E1
2.658952863E1,-1.605261841E0,2.273023224E0,1.105286545E1,1.139777762E1
2.659948063E1,-9.602531433E-1,2.594704285E0,1.082054855E1,1.116865468E1
2.660943258E1,-4.589456177E-1,2.714754639E0,1.038690033E1,1.074561410E1
2.661938458E1,-7.723937988E-1,2.257605286E0,9.544302521E0,9.838042713E0
2.662933658E1,-1.406475220E0,1.257534943E0,9.646689606E0,9.829455073E0
2.663928858E1,-2.597099304E0,4.598437500E-1,9.920320587E0,1.026494723E1
2.664924058E1,-3.560944977E0,3.969744873E-1,9.599238281E0,1.024613554E1
2.665919258E1,-3.486699371E0,1.145717468E0,9.593699799E0,1.027174848E1
2.666914458E1,-2.852617950E0,1.893412628E0,8.819509735E0,9.460771243E0
2.667909558E1,-2.225721588E0,2.194885712E0,8.111033020E0,8.692537980E0
2.668904758E1,-1.417103119E0,2.448757782E0,8.301736450E0,8.770599980E0
2.669899958E1,-6.012995911E-1,2.799777832E0,8.515941010E0,8.984518261E0
2.670895158E1,-3.098556519E-1,3.256328430E0,8.922345886E0,9.503049062E0
2.671890358E1,-6.806346130E-1,3.507206726E0,8.768465881E0,9.468355528E0
2.672885558E1,-1.520538025E0,3.122656403E0,8.136929169E0,8.847182331E0
2.673880758E1,-2.819087677E0,2.562221832E0,7.641160126E0,8.538124157E0
2.674875958E1,-2.988984375E0,2.477498016E0,7.323221283E0,8.288642469E0
2.675871158E1,-2.221230927E0,2.641556854E0,7.981402588E0,8.695658498E0
2.676866358E1,-1.096469879E0,2.590812378E0,8.865913239E0,9.301557532E0
2.677861558E1,-4.291575623E-1,2.346670074E0,9.534123688E0,9.828049203E0
2.678856758E1,-3.363505554E-1,1.962119751E0,9.716145172E0,9.917989848E0
2.679851858E1,-1.258433075E0,1.340612183E0,9.384135590E0,9.562577874E0
2.680847058E1,-2.132315826E0,1.844015350E0,8.642427979E0,9.090584401E0
2.681842258E1,-3.029550018E0,2.622097321E0,7.309000854E0,8.335170134E0
2.682837458E1,-3.518433380E0,2.715652771E0,7.163503418E0,8.430298016E0
2.683832658E1,-3.566782837E0,2.856509857E0,7.680228882E0,8.936862092E0
2.684827858E1,-3.424728241E0,2.863994293E0,7.725584564E0,8.922773319E0
2.685823058E1,-3.324287109E0,1.795366516E0,7.938441925E0,8.791648646E0
2.686818258E1,-2.989283752E0,1.140777740E0,9.119336243E0,9.664340884E0
2.687813458E1,-1.736239471E0,2.434836731E0,1.025128235E1,1.067856485E1
2.688808658E1,-1.885479126E0,3.116369476E0,9.548942871E0,1.022003426E1
2.689803858E1,-2.367327118E0,3.972289581E0,9.407936096E0,1.048296636E1
2.690799058E1,-2.076332245E0,4.929848328E0,9.787097626E0,1.115355728E1
2.691794158E1,-1.200353851E0,5.643414459E0,1.002285736E1,1.156488849E1
2.692789358E1,-5.183720398E-1,5.797743530E0,9.577832794E0,1.120791777E1
2.693784558E1,-5.168751526E-1,4.960534515E0,9.256750488E0,1.051482250E1
2.694779758E1,-1.008602600E0,2.872376862E0,8.565937042E0,9.090825345E0
2.695774958E1,-1.957329712E0,1.087787933E0,7.513176270E0,7.839785702E0
2.696770158E1,-2.875220947E0,2.772235107E-1,6.788982239E0,7.377942004E0
2.697765358E1,-3.453767853E0,4.352947998E-1,6.654561768E0,7.510072321E0
2.698760558E1,-4.326004028E0,6.810836792E-1,6.583160248E0,7.906717693E0
2.699755758E1,-3.625909882E0,2.197430420E0,8.011190643E0,9.063944971E0
2.700750958E1,-2.737357635E0,3.475173340E0,8.587791595E0,9.660234006E0
2.701746158E1,-2.394720154E0,3.836222534E0,7.583080902E0,8.829179119E0
2.702741358E1,-1.723066864E0,3.834126892E0,6.480174408E0,7.724127705E0
2.703736458E1,-1.202000427E0,3.129542084E0,5.274581451E0,6.249803850E0
2.704731658E1,-4.638853455E-1,2.551893311E0,6.398294678E0,6.904022296E0
2.705726858E1,5.218148804E-1,2.379152527E0,1.300660263E1,1.323270076E1
2.706722058E1,9.734257507E-1,9.207353210E-1,1.760459106E1,1.765550729E1
2.707717258E1,4.348457336E-1,6.376739502E-1,1.687979828E1,1.689743498E1
2.708712458E1,1.309776306E-1,1.007554779E0,1.189905579E1,1.194235531E1
2.709707658E1,1.989363098E-1,1.148860931E0,9.273515625E0,9.346526047E0
2.710702858E1,1.172062683E-1,1.472787323E0,9.584119720E0,9.697329046E0
2.711698058E1,5.498066711E-1,1.828298035E0,9.657018127E0,9.843930119E0
2.712693258E1,8.006849670E-1,2.525697784E0,9.336085510E0,9.704779151E0
2.713688458E1,8.089178467E-1,2.968626709E0,9.298813019E0,9.794642218E0
2.714683658E1,4.758604431E-1,2.639161835E0,9.380842438E0,9.756629705E0
2.715678758E1,-1.140628052E-1,2.167043610E0,9.750872955E0,9.989424994E0
2.716673958E1,-4.221221924E-2,2.129322052E0,9.949210510E0,1.017460486E1
2.717669158E1,3.619473267E-1,2.438129883E0,9.405541077E0,9.723152068E0
2.718664358E1,9.972262573E-1,2.612966309E0,9.160500641E0,9.577934283E0
2.719659558E1,8.478369141E-1,2.226170654E0,1.053613998E1,1.080207892E1
2.720654758E1,4.989125061E-1,1.616937561E0,1.037477554E1,1.051186798E1
2.721649958E1,6.650669861E-1,9.750723267E-1,8.819060669E0,8.897691342E0
2.722645158E1,7.679031372E-1,6.632707214E-1,9.525142365E0,9.579036504E0
2.723640358E1,1.345402222E0,6.704557800E-1,1.029274612E1,1.040193448E1
2.724635558E1,1.989063721E0,6.866221619E-1,1.005174728E1,1.026963719E1
2.725630758E1,1.819017334E0,5.072950745E-1,9.646240540E0,9.829350380E0
2.726625858E1,1.857936401E0,5.478607178E-1,1.075079361E1,1.092390234E1
2.727621058E1,2.559826813E0,3.233276367E-1,1.049003586E1,1.080268978E1
2.728616258E1,2.298619995E0,-2.712359619E-1,8.412955170E0,8.725539383E0
2.729611458E1,1.403780823E0,-3.028202820E-1,8.922345886E0,9.037176375E0
2.730606658E1,9.119036865E-1,5.783972168E-1,8.824000397E0,8.889830970E0
2.731601858E1,5.315446472E-1,1.830693054E0,9.158854065E0,9.355136800E0
2.732597058E1,-7.110214233E-2,1.050365753E0,9.300309906E0,9.359705555E0
2.733592258E1,-1.428030396E-1,2.386038208E-1,9.606573029E0,9.610596748E0
2.734587458E1,6.944059753E-1,1.862277374E0,9.157656555E0,9.370856432E0
2.735582658E1,1.889670410E0,1.945204926E0,1.028990204E1,1.064127626E1
2.736577858E1,2.302511902E0,7.982899475E-1,9.799521790E0,1.009799263E1
2.737573058E1,2.279459839E0,9.618997192E-1,9.305099945E0,9.628399307E0
2.738568158E1,1.954485626E0,1.724563751E0,9.657018127E0,1.000260633E1
2.739563358E1,1.335223389E0,2.089355164E0,9.607770538E0,9.922574324E0
2.740558558E1,8.143066406E-1,2.130220184E0,9.432335358E0,9.704116840E0
2.741553758E1,9.392967224E-1,1.798360291E0,9.413025513E0,9.629196611E0
2.742548958E1,1.302142181E0,1.662742310E0,1.014290771E1,1.036044705E1
2.743544158E1,1.889221344E0,1.706002350E0,1.086485641E1,1.115906386E1
2.744539358E1,2.053130493E0,1.514550476E0,1.071441925E1,1.101399055E1
2.745534558E1,1.790426788E0,1.544338531E0,1.077758789E1,1.103390277E1
2.746529758E1,1.240470428E0,1.554966431E0,1.030142807E1,1.049171615E1
2.747524958E1,8.888516235E-1,1.897903290E0,1.007285339E1,1.028856013E1
2.748520158E1,1.046773224E0,2.068847809E0,1.011925690E1,1.038148475E1
2.749515258E1,1.440903625E0,1.917512512E0,1.013617172E1,1.041609498E1
2.750510458E1,1.914069672E0,1.277144165E0,1.010383896E1,1.036254417E1
2.751505658E1,2.224973145E0,4.216731262E-1,1.032597702E1,1.057138189E1
2.752500858E1,2.391876068E0,5.439688110E-1,1.029244675E1,1.058071043E1
2.753496058E1,2.210303650E0,1.143322449E0,9.641001434E0,9.956984338E0
2.754491258E1,1.864522705E0,1.692979431E0,8.988657990E0,9.334805661E0
2.755486458E1,1.571881256E0,2.076931000E0,8.897048492E0,9.270486769E0
2.756481658E1,1.293011169E0,2.328857117E0,8.969048767E0,9.356243324E0
2.757476858E1,1.228645020E0,2.398162994E0,9.132209473E0,9.521449689E0
2.758472058E1,1.112336884E0,2.258054352E0,9.422455902E0,9.752885626E0
2.759467258E1,1.202898560E0,2.166893921E0,9.377848663E0,9.699816481E0
2.760462500E1,1.418749695E0,2.176923065E0,9.123677216E0,9.486481469E0
2.761457600E1,1.331630859E0,2.117496643E0,9.190139008E0,9.524478346E0
2.762452800E1,1.209784241E0,1.988914032E0,9.336235199E0,9.622091489E0
2.763448000E1,1.259480896E0,1.727258148E0,9.754914551E0,9.986394281E0
2.764443200E1,1.285826111E0,1.468146973E0,9.863289185E0,1.005451530E1
2.765438400E1,1.435514832E0,9.910890198E-1,9.928553467E0,1.008063164E1
2.766433600E1,1.575324097E0,6.318360901E-1,9.445957031E0,9.597237472E0
2.767428800E1,1.561103668E0,7.131170654E-1,8.526419220E0,8.697436710E0
2.768424000E1,1.812431030E0,1.406624908E0,7.719746704E0,8.053445787E0
2.769419200E1,2.005978546E0,2.365979919E0,7.529342651E0,8.143267874E0
2.770414400E1,1.823507996E0,3.205284576E0,8.017028503E0,8.824498663E0
2.771409600E1,1.526974640E0,3.526666260E0,8.905580750E0,9.699401783E0
2.772404700E1,1.428778839E0,3.045566711E0,9.499096527E0,1.007718812E1
2.773399900E1,1.449136505E0,2.168989563E0,9.948761444E0,1.028505550E1
2.774395100E1,1.353934479E0,1.481020203E0,9.836195526E0,1.003878986E1
2.775390300E1,1.355131989E0,1.466650085E0,9.463171234E0,9.671559077E0
2.776385500E1,1.578317871E0,1.777553558E0,8.996591492E0,9.305344831E0
2.777380700E1,1.920506287E0,2.370021515E0,8.742270355E0,9.259192046E0
2.778375900E1,1.928739166E0,2.699486389E0,9.047485657E0,9.636610309E0
2.779371100E1,1.652862854E0,2.587818604E0,9.779613190E0,1.025034609E1
2.780366300E1,1.162632294E0,1.880988464E0,1.028002258E1,1.051516504E1
2.781361500E1,8.315208435E-1,1.580263824E0,9.870474243E0,1.003069900E1
2.782356600E1,9.595046997E-1,1.873653717E0,9.375902710E0,9.609306903E0
2.783351800E1,1.470691681E0,2.382146301E0,8.914113007E0,9.343391553E0
2.784347000E1,2.046544189E0,2.964884491E0,8.863667908E0,9.567836325E0
2.785342200E1,2.264041901E0,3.062930603E0,9.207652588E0,9.964351248E0
2.786337400E1,1.968556366E0,2.681972809E0,9.451645203E0,1.002006933E1
2.787332600E1,1.580712891E0,2.399210815E0,9.709259491E0,1.012544249E1
2.788327800E1,1.191222839E0,2.044448547E0,9.736353149E0,1.001974822E1
2.789323000E1,9.337582397E-1,1.656455383E0,9.717492371E0,9.901788064E0
2.790318200E1,7.117698669E-1,1.458566895E0,9.525591431E0,9.662863232E0
2.791313400E1,7.521858215E-1,1.682351532E0,9.398206329E0,9.577179773E0
2.792308600E1,8.102650452E-1,1.807191925E0,9.154363403E0,9.366154036E0
2.793303800E1,1.135388947E0,2.123334503E0,8.906029816E0,9.225780430E0
2.794298900E1,1.466650085E0,2.409689026E0,8.969497833E0,9.402635538E0
2.795294100E1,1.445993042E0,2.458038483E0,9.220076752E0,9.651044729E0
2.796289300E1,1.275198212E0,2.280807037E0,9.587562561E0,9.937281675E0
2.797284500E1,8.716374207E-1,1.779798889E0,1.009216324E1,1.028490130E1
2.798279700E1,8.116122437E-1,1.681154022E0,1.010997620E1,1.028088576E1
2.799274900E1,1.031205597E0,1.703757019E0,1.005219635E1,1.024757651E1
2.800270100E1,1.290765839E0,2.006427612E0,9.652078400E0,9.942557299E0
2.801265300E1,1.629212036E0,2.591560822E0,9.298363953E0,9.789284527E0
2.802260500E1,1.912872162E0,2.989283752E0,8.909622345E0,9.590425829E0
2.803255700E1,1.865869904E0,2.763702850E0,8.732540588E0,9.347555246E0
2.804250800E1,1.539398804E0,2.124082947E0,8.883576508E0,9.262797019E0
2.805246000E1,1.544338531E0,1.675166473E0,9.243577881E0,9.520236145E0
2.806241200E1,1.755699005E0,1.636247406E0,9.656868439E0,9.950622725E0
2.807236400E1,1.954036560E0,2.262095947E0,9.776469727E0,1.022324299E1
2.808231600E1,2.013462982E0,2.949765930E0,9.685159607E0,1.032266772E1
2.809226800E1,1.866618347E0,3.410956879E0,9.419162750E0,1.019016770E1
2.810222000E1,1.612746277E0,3.613635406E0,9.036857758E0,9.865298249E0
2.811217200E1,1.427431641E0,3.005599823E0,8.755742340E0,9.366654435E0
2.812212400E1,1.229692841E0,2.244133301E0,8.745862885E0,9.112540609E0
2.813207600E1,9.877958679E-1,1.612895966E0,8.947792969E0,9.145500155E0
2.814202800E1,8.050259399E-1,1.269060974E0,9.199569397E0,9.321515950E0
2.815197900E1,7.328759766E-1,1.486109619E0,9.238638153E0,9.386056889E0
2.816193100E1,7.940986633E-1,1.760039978E0,9.426347809E0,9.622077033E0
2.817188300E1,7.758366394E-1,1.840572510E0,9.614506531E0,9.819794574E0
2.818183500E1,6.954537964E-1,1.825304260E0,9.574240265E0,9.771461931E0
2.819178700E1,5.716612244E-1,1.931283875E0,9.509275360E0,9.720235174E0
2.820173900E1,4.415817261E-1,2.271226959E0,9.598789215E0,9.873713623E0
2.821169100E1,2.157014465E-1,2.715952148E0,9.890532532E0,1.025892572E1
2.822164300E1,1.158590698E-1,2.526146851E0,9.827812958E0,1.014794308E1
2.823159500E1,1.041833496E-1,2.130519562E0,9.369316406E0,9.609061229E0
2.824154700E1,-2.680924988E-1,1.550775146E0,9.172475739E0,9.306507848E0
2.825149900E1,-5.740562439E-1,1.581611023E0,9.713600464E0,9.858248727E0
2.826145000E1,-5.099894714E-1,2.176473999E0,9.597292328E0,9.854194455E0
2.827140200E1,1.113684082E-1,2.370919647E0,9.765991516E0,1.005028622E1
2.828135400E1,2.951861572E-1,2.167193298E0,1.000309845E1,1.023942578E1
2.829130600E1,4.969665527E-1,1.847458191E0,1.012524445E1,1.030439967E1
2.830125800E1,6.243516541E-1,1.469045105E0,1.012674133E1,1.025177051E1
2.831121000E1,5.315446472E-1,1.164578247E0,9.883197784E0,9.965760415E0
2.832116200E1,6.671626282E-1,1.195414124E0,9.689051514E0,9.785286921E0
2.833111400E1,7.153623962E-1,1.151405640E0,9.705367584E0,9.799573371E0
2.834106600E1,8.511300659E-1,9.657916260E-1,9.638007660E0,9.723598485E0
2.835101800E1,1.011895752E0,9.683363342E-1,9.424850922E0,9.528348396E0
2.836096900E1,1.119372253E0,1.158590698E0,9.077273712E0,9.219122772E0
2.837092100E1,1.194815369E0,8.002359009E-1,9.180409241E0,9.292355734E0
2.838087300E1,1.094523926E0,3.320095825E-1,9.310189362E0,9.380183310E0
2.839082500E1,1.053808594E0,6.137237549E-1,8.963061218E0,9.045641813E0
2.840077700E1,1.313817902E0,1.436862030E0,8.919052734E0,9.129084930E0
2.841072900E1,1.582359467E0,2.079026642E0,9.276808777E0,9.637706903E0
2.842068100E1,1.524729309E0,2.281555481E0,9.533225555E0,9.920316747E0
2.843063300E1,1.144519958E0,2.451601868E0,9.614955597E0,9.988375683E0
2.844058500E1,6.192622375E-1,2.409539337E0,9.821825409E0,1.013200967E1
2.845053700E1,1.393601990E-1,1.977088623E0,9.994266815E0,1.018889934E1
2.846048900E1,-2.231858826E-1,1.663640442E0,1.014066238E1,1.027864510E1
2.847044000E1,-3.703298950E-1,1.447340240E0,1.006881180E1,1.017904264E1
2.848039200E1,-5.306465149E-1,1.107397156E0,1.014440460E1,1.021845678E1
2.849034400E1,-5.858816528E-1,8.202941895E-1,1.053808594E1,1.058618888E1
2.850029600E1,-5.150788879E-1,6.066883850E-1,1.076456497E1,1.079394442E1
2.851024800E1,-3.736230469E-1,6.297404480E-1,1.061861847E1,1.064383509E1
2.852020000E1,-1.067280579E-1,7.747888184E-1,1.011416748E1,1.014436161E1
2.853015200E1,2.418969727E-1,8.845106506E-1,9.911039886E0,9.953370528E0
2.854010400E1,5.393284607E-1,1.004261627E0,9.767488403E0,9.833780876E0
2.855005600E1,7.384144592E-1,1.067430267E0,9.487271118E0,9.575644968E0
2.856000800E1,8.764274597E-1,1.119671631E0,9.212592316E0,9.321676181E0
2.856996000E1,8.687933350E-1,1.130149841E0,9.090596008E0,9.201683341E0
2.857991100E1,7.472460938E-1,1.156195679E0,8.922944641E0,9.028516281E0
2.858986300E1,7.164102173E-1,1.289867706E0,8.598569183E0,8.724241761E0
2.859981500E1,7.378157043E-1,1.412911835E0,8.541388092E0,8.688843560E0
2.860976608E1,7.863148499E-1,1.490300903E0,8.757239227E0,8.917876805E0
2.861971808E1,7.659571838E-1,1.451531525E0,8.968599701E0,9.117533371E0
2.862967008E1,7.393125916E-1,1.470242615E0,9.192084961E0,9.338234436E0
2.863962208E1,6.759942627E-1,1.530866547E0,9.420659637E0,9.568142381E0
2.864957408E1,6.063890076E-1,1.539997559E0,9.656119995E0,9.796935922E0
2.865952608E1,5.161267090E-1,1.618883514E0,9.890532532E0,1.003542746E1
2.866947808E1,5.367837524E-1,1.788630524E0,9.960586853E0,1.013413175E1
2.867942908E1,6.179150391E-1,1.762584686E0,9.953401794E0,1.012712847E1
2.868938108E1,6.330335999E-1,1.487007751E0,1.012554382E1,1.025370964E1
2.869933308E1,6.453080750E-1,1.246757355E0,1.022778122E1,1.032367837E1
2.870928508E1,6.691085815E-1,1.028810577E0,1.029888336E1,1.037174797E1
2.871923708E1,7.382647705E-1,9.267228699E-1,1.027568161E1,1.034376540E1
2.872918908E1,8.405021667E-1,1.160536652E0,1.004650818E1,1.014818288E1
2.873914108E1,8.674461365E-1,1.436113586E0,9.995614014E0,1.013544200E1
2.874909308E1,7.891589355E-1,1.568139038E0,9.939480743E0,1.009332003E1
2.875904508E1,6.722520447E-1,1.667382660E0,9.924212494E0,1.008573653E1
2.876899708E1,6.313870239E-1,1.734742584E0,9.863738251E0,1.003500442E1
2.877894808E1,6.387217712E-1,1.564845886E0,9.707762604E0,9.853799415E0
2.878890008E1,5.562432861E-1,1.428778839E0,9.620194702E0,9.741609809E0
2.879885208E1,4.535568237E-1,1.497186584E0,9.651180267E0,9.777144880E0
2.880880408E1,4.584965515E-1,1.456171875E0,9.702373810E0,9.821746951E0
2.881875608E1,5.798941040E-1,1.390608215E0,9.625733185E0,9.742936299E0
2.882870808E1,7.156617737E-1,1.340911560E0,9.632020111E0,9.751206439E0
2.883866008E1,8.524772644E-1,1.338067474E0,9.685009918E0,9.814100018E0
2.884861208E1,9.991722107E-1,1.379082184E0,9.649084625E0,9.798216515E0
2.885856408E1,1.064735870E0,1.398841095E0,9.591903534E0,9.751668180E0
2.886851608E1,1.152752838E0,1.376088409E0,9.541907501E0,9.709297461E0
2.887846808E1,1.254541168E0,1.432221680E0,9.461824036E0,9.651489344E0
2.888841908E1,1.321152649E0,1.438957672E0,9.411378937E0,9.611976748E0
2.889837108E1,1.336869965E0,1.454225922E0,9.462871857E0,9.666847372E0
2.890832308E1,1.364712067E0,1.394350433E0,9.526639252E0,9.724376977E0
2.891827508E1,1.351090393E0,1.174457703E0,9.634265442E0,9.799176840E0
2.892822708E1,1.350491638E0,1.002315674E0,9.674980774E0,9.820067075E0
2.893817908E1,1.377435608E0,9.645941162E-1,9.667795715E0,9.812952902E0
2.894813108E1,1.405427399E0,9.340576172E-1,9.668993225E0,9.815147467E0
2.895808308E1,1.458417206E0,1.072220306E0,9.678124237E0,9.845949720E0
2.896803508E1,1.497186584E0,1.246308289E0,9.564510498E0,9.760876656E0
2.897798708E1,1.480870514E0,1.333876190E0,9.447004852E0,9.654952297E0
2.898793808E1,1.481020203E0,1.341210938E0,9.377848663E0,9.588342566E0
2.899789008E1,1.548380127E0,1.357077942E0,9.324260101E0,9.548872603E0
2.900784208E1,1.593286743E0,1.314416656E0,9.219028931E0,9.447578961E0
2.901779408E1,1.570833435E0,1.275946655E0,9.131760406E0,9.353320569E0
2.902774608E1,1.594184875E0,1.452279968E0,8.939260712E0,9.195701419E0
2.903769808E1,1.640738068E0,1.800904999E0,8.754095764E0,9.086774613E0
2.904765008E1,1.588945770E0,1.882485352E0,8.948990479E0,9.281860285E0
2.905760208E1,1.468296661E0,1.783241730E0,9.056466980E0,9.346413232E0
2.906755408E1,1.337169342E0,1.652413788E0,9.016200714E0,9.263388607E0
2.907750608E1,1.248254242E0,1.550625458E0,9.155710602E0,9.369611229E0
2.908745808E1,1.310524750E0,1.334774323E0,9.553283844E0,9.734697212E0
2.909740908E1,1.466051331E0,1.056053925E0,9.742640076E0,9.908763396E0
2.910736108E1,1.629661102E0,1.211580505E0,9.444460144E0,9.660307968E0
2.911731308E1,1.674418030E0,1.584455109E0,9.223220215E0,9.506942982E0
2.912726508E1,1.643282776E0,1.905836792E0,9.133107605E0,9.473449566E0
2.913721708E1,1.581012268E0,1.857637024E0,9.006470947E0,9.330966404E0
2.914716908E1,1.640887756E0,1.702110443E0,8.950337677E0,9.257334234E0
2.915712108E1,1.844314728E0,1.589095459E0,8.936865692E0,9.262520693E0
2.916707308E1,2.014361115E0,1.347946930E0,9.078022156E0,9.396015000E0
2.917702508E1,2.159708862E0,1.111139374E0,9.256451111E0,9.569788934E0
2.918697708E1,2.304158478E0,9.924362183E-1,9.373956757E0,9.703872485E0
2.919692808E1,2.430346069E0,9.699829102E-1,9.475745087E0,9.830421853E0
2.920688008E1,2.460732880E0,9.800120544E-1,9.450597382E0,9.814755259E0
2.921683208E1,2.416724396E0,1.114582214E0,9.397757263E0,9.767327777E0
2.922678408E1,2.361788635E0,1.394051056E0,9.319170685E0,9.714338174E0
2.923673608E1,2.236948242E0,1.643432465E0,9.345366211E0,9.748880824E0
2.924668808E1,2.128573608E0,1.795516205E0,9.554481354E0,9.952025823E0
2.925664008E1,2.120041351E0,1.915416870E0,9.689650269E0,1.010211460E1
2.926659208E1,2.190993805E0,1.948647766E0,9.859397278E0,1.028617503E1
2.927654408E1,2.230811005E0,1.827250214E0,1.011731094E1,1.052023487E1
2.928649608E1,2.237546997E0,1.570683746E0,1.030337402E1,1.065988650E1
2.929644708E1,2.251617737E0,1.380579071E0,1.038061340E1,1.071134518E1
2.930639908E1,2.199975128E0,1.235231323E0,1.047701294E1,1.077652482E1
2.931635108E1,2.158361664E0,1.174457703E0,1.057131683E1,1.085313851E1
2.932630308E1,2.223176880E0,1.162033539E0,1.068433182E1,1.097487056E1
2.933625508E1,2.269580383E0,1.092128906E0,1.071112610E1,1.100327056E1
2.934620708E1,2.348915405E0,1.030157776E0,1.069750443E1,1.100069223E1
2.935615908E1,2.416874084E0,1.019679565E0,1.060005707E1,1.091980937E1
2.936611108E1,2.461780701E0,9.839039612E-1,1.048389862E1,1.081390593E1
2.937606308E1,2.423759766E0,8.427474976E-1,1.038914566E1,1.070136357E1
2.938601508E1,2.425106964E0,8.472381592E-1,1.012524445E1,1.044602945E1
2.939596608E1,2.435136108E0,9.798623657E-1,9.892029419E0,1.023436682E1
2.940591808E1,2.419418793E0,9.131011963E-1,9.792187042E0,1.012789554E1
2.941587008E1,2.405797119E0,9.633966064E-1,9.601333923E0,9.944928653E0
2.942582208E1,2.345472565E0,8.997789001E-1,9.486822052E0,9.813798259E0
2.943577408E1,2.312690735E0,7.637118530E-1,9.261091461E0,9.575991295E0
2.944572608E1,2.456840973E0,9.587562561E-1,8.981921997E0,9.361100570E0
2.945567808E1,2.523602142E0,1.112486572E0,8.940458221E0,9.356173756E0
2.946563008E1,2.356998596E0,9.991722107E-1,8.899742889E0,9.260626922E0
2.947558208E1,2.129920807E0,6.929090881E-1,8.900790710E0,9.178276577E0
2.948553408E1,2.082768860E0,5.066963196E-1,8.974736938E0,9.227164808E0
2.949548508E1,2.165995789E0,4.984634399E-1,9.090146942E0,9.357925784E0
2.950543708E1,2.295326843E0,7.162605286E-1,9.195827179E0,9.504987742E0
2.951538908E1,2.370919647E0,9.002279663E-1,9.164691925E0,9.509113967E0
2.952534108E1,2.310445404E0,1.064137115E0,9.244026947E0,9.587626399E0
2.953529308E1,2.137854309E0,1.300495605E0,9.271719360E0,9.603462384E0
2.954524508E1,1.900897064E0,1.461560669E0,9.369615784E0,9.671570150E0
2.955519708E1,1.705253906E0,1.635199585E0,9.641151123E0,9.926407384E0
2.956514908E1,1.459165649E0,1.784139862E0,9.652527466E0,9.923890664E0
2.957510108E1,1.195264435E0,1.937570801E0,9.623338165E0,9.888957231E0
2.958505308E1,1.045575714E0,2.121388550E0,9.734706573E0,1.001788551E1
2.959500408E1,9.117539978E-1,2.047592010E0,9.984686737E0,1.023317632E1
2.960495608E1,8.449928284E-1,1.868713989E0,1.019559814E1,1.039982338E1
2.961490800E1,1.049467621E0,1.652413788E0,1.036923706E1,1.055238982E1
2.962486000E1,1.516346741E0,1.345402222E0,1.067984116E1,1.087052996E1
2.963481200E1,1.774559784E0,8.770262146E-1,1.103430405E1,1.121044616E1
2.964476400E1,1.656156006E0,3.888912964E-1,1.110780121E1,1.123731893E1
2.965471600E1,1.372944946E0,5.328918457E-2,1.093116852E1,1.101718034E1
2.966466800E1,1.045725403E0,-2.297721863E-1,1.072714279E1,1.078044198E1
2.967462000E1,8.985813904E-1,-3.573069763E-1,1.060993652E1,1.065391336E1
2.968457200E1,8.881031799E-1,-2.152523804E-1,1.047551605E1,1.051529826E1
2.969452400E1,8.170010376E-1,1.231938171E-1,1.038989410E1,1.042269480E1
2.970447500E1,6.870712280E-1,4.528083801E-1,1.034498749E1,1.037766199E1
2.971442700E1,4.462220764E-1,7.387138367E-1,1.027628036E1,1.031245608E1
2.972437900E1,6.526428223E-2,8.869056702E-1,1.020652542E1,1.024519508E1
2.973433100E1,-4.716691589E-1,7.806266785E-1,1.009261230E1,1.013373934E1
2.974428300E1,-1.026714935E0,3.680845642E-1,9.881251831E0,9.941265893E0
2.975423500E1,-1.572629700E0,2.031275940E-1,9.588161316E0,9.718398140E0
2.976418700E1,-2.040706329E0,-7.604187012E-2,9.357341309E0,9.577583257E0
2.977413900E1,-2.109263763E0,-4.445755005E-1,9.344767456E0,9.590167872E0
2.978409100E1,-1.900897064E0,-6.265969849E-1,9.111103363E0,9.328356657E0
2.979404200E1,-1.602567444E0,-3.784130859E-1,8.668773193E0,8.823777397E0
2.980399400E1,-1.357377319E0,-3.011737061E-1,8.933422852E0,9.040974651E0
2.981394600E1,-1.261875916E0,-5.143304443E-1,9.216035156E0,9.316231568E0
2.982389800E1,-1.277892609E0,-4.002676392E-1,9.012458496E0,9.111401201E0
2.983385000E1,-1.459914093E0,-3.592529297E-3,9.314230957E0,9.427951017E0
2.984380200E1,-1.625469818E0,2.520758057E-1,9.378297729E0,9.521458010E0
2.985375400E1,-1.738484802E0,4.249662781E-1,9.604776764E0,9.770090196E0
2.986370600E1,-1.878443756E0,5.933660889E-1,9.652377777E0,9.851346660E0
2.987365800E1,-1.897903290E0,8.556207275E-1,9.314230957E0,9.544056897E0
2.988361000E1,-1.704206085E0,1.211730194E0,9.311386871E0,9.543297853E0
2.989356100E1,-1.571282501E0,1.555565186E0,9.269773407E0,9.529816932E0
2.990351300E1,-1.624721375E0,1.902244263E0,9.185049591E0,9.519631756E0
2.991346500E1,-1.737137604E0,2.193837891E0,9.317224731E0,9.728373371E0
2.992341700E1,-1.921554108E0,2.359692993E0,9.675280151E0,1.014256216E1
2.993336900E1,-1.968406677E0,2.255958710E0,1.015039215E1,1.058274234E1
2.994332100E1,-1.742676086E0,1.992805939E0,1.037462585E1,1.070705641E1
2.995327300E1,-1.223405914E0,1.688937836E0,1.037447617E1,1.058201251E1
2.996322500E1,-7.279362488E-1,1.526824951E0,1.039513321E1,1.053185074E1
2.997317700E1,-3.541635132E-1,1.475930786E0,1.038600220E1,1.049632532E1
2.998312900E1,-5.583389282E-2,1.455722809E0,1.020802231E1,1.031144829E1
2.999308000E1,2.269281006E-1,1.488804016E0,9.912836151E0,1.002658238E1
3.000303200E1,5.114863586E-1,1.515298920E0,9.671388245E0,9.802729196E0
3.001298400E1,7.324269104E-1,1.393901367E0,9.428443451E0,9.559024851E0
3.002293600E1,8.324189758E-1,1.199605408E0,9.182953949E0,9.298312627E0
3.003288800E1,9.795629883E-1,1.155297546E0,9.012308807E0,9.138707026E0
3.004284000E1,1.157542877E0,1.051862640E0,8.881181488E0,9.017854798E0
3.005279200E1,1.203347626E0,9.930349731E-1,8.848699036E0,8.985189958E0
3.006274400E1,1.209634552E0,1.111438751E0,8.758736115E0,8.911451631E0
3.007269600E1,1.196911011E0,1.172062683E0,8.770411835E0,8.928966942E0
3.008264800E1,1.198856964E0,1.304836578E0,8.822952576E0,8.999130440E0
3.009259900E1,1.137783966E0,1.378333740E0,8.900940399E0,9.078606514E0
3.010255100E1,1.016835480E0,1.487007751E0,8.964408417E0,9.143618797E0
3.011250300E1,8.586145020E-1,1.665137329E0,9.101373596E0,9.292195786E0
3.012245500E1,6.912625122E-1,1.745370483E0,9.374256134E0,9.560378656E0
3.013240700E1,6.117778015E-1,1.891017609E0,9.414372711E0,9.621883039E0
3.014235900E1,5.183720398E-1,2.000739441E0,9.606423340E0,9.826242276E0
3.015231100E1,3.722758484E-1,1.710792389E0,9.783654785E0,9.939079478E0
3.016226300E1,3.728746033E-1,1.653461609E0,9.760752411E0,9.906828877E0
3.017221500E1,4.649331665E-1,1.742676086E0,9.752968597E0,9.918340549E0
3.018216700E1,4.849914551E-1,1.825304260E0,9.839488678E0,1.001910624E1
3.019211800E1,4.281097412E-1,1.721120911E0,9.840237122E0,9.998790014E0
3.020207000E1,6.170169067E-1,1.902693329E0,9.518556061E0,9.726451627E0
3.021202200E1,8.972341919E-1,1.919009399E0,9.379794617E0,9.616037298E0
3.022197400E1,1.125060425E0,1.862427063E0,9.147477722E0,9.402698772E0
3.023192600E1,1.262624359E0,1.892065430E0,8.932674408E0,9.217743972E0
3.024187800E1,1.263223114E0,1.813478851E0,8.885223083E0,9.155961305E0
3.025183000E1,1.168320465E0,1.663790131E0,8.877588959E0,9.107401168E0
3.026178200E1,1.094523926E0,1.680704956E0,8.941655731E0,9.163839751E0
3.027173400E1,1.034798126E0,1.808090057E0,9.100325775E0,9.335733824E0
3.028168600E1,1.009051666E0,1.809137878E0,9.241631927E0,9.470951685E0
3.029163700E1,1.007854156E0,1.819466400E0,9.267378387E0,9.497922413E0
3.030158900E1,1.131347351E0,2.038460999E0,9.130712585E0,9.423650163E0
3.031154100E1,1.340612183E0,2.255659332E0,9.032816162E0,9.406221764E0
3.032149300E1,1.602567444E0,2.281555481E0,9.033115540E0,9.453618047E0
3.033144500E1,1.870360565E0,2.230511627E0,8.854387207E0,9.320601031E0
3.034139700E1,1.962868195E0,2.095342712E0,8.772208099E0,9.230110919E0
3.035134900E1,1.956431580E0,1.989512787E0,8.811875610E0,9.243102154E0
3.036130100E1,1.880389709E0,2.184856567E0,8.843160553E0,9.301126397E0
3.037125300E1,1.659299469E0,2.524649963E0,8.835526428E0,9.337754518E0
3.038120500E1,1.272354126E0,2.959046631E0,8.927734680E0,9.491010932E0
3.039115600E1,7.412585449E-1,3.546874237E0,9.114845581E0,9.808679373E0
3.040110800E1,1.966909790E-1,3.892355804E0,9.627529449E0,1.038645485E1
3.041106000E1,-2.056723022E-1,4.082161102E0,9.863139496E0,1.067650978E1
3.042101200E1,-3.312611389E-1,4.391867065E0,1.018452118E1,1.109606696E1
3.043096400E1,-2.661465454E-1,4.148024139E0,1.053763687E1,1.132778571E1
3.044091600E1,-3.772155762E-2,3.608545990E0,1.049886749E1,1.110176768E1
3.045086800E1,5.882766724E-1,3.030448151E0,1.051892578E1,1.096254920E1
3.046082000E1,1.400637360E0,2.649041290E0,1.050335815E1,1.092244191E1
3.047077200E1,2.268981628E0,2.167941742E0,1.050201096E1,1.096086142E1
3.048072300E1,3.059936829E0,1.641636200E0,1.078761703E1,1.133273418E1
3.049067500E1,3.159928894E0,8.237370300E-1,1.119656662E1,1.166305266E1
3.050062700E1,2.908152466E0,2.712359619E-1,1.148202301E1,1.184769058E1
3.051057900E1,2.784060516E0,-1.832189941E-1,1.176777878E1,1.209401420E1
3.052053100E1,2.960693207E0,-6.779402161E-1,1.207359283E1,1.244977715E1
3.053048300E1,3.578159180E0,-1.001567230E0,1.203991287E1,1.260023262E1
3.054043500E1,4.386029205E0,-1.210532684E0,1.172421936E1,1.257616639E1
3.055038700E1,4.700076141E0,-1.221759338E0,1.144340332E1,1.243120634E1
3.056033900E1,4.571343842E0,-1.029708710E0,1.087593338E1,1.184244111E1
3.057029100E1,4.195924530E0,-6.286926270E-1,9.908944244E0,1.077906365E1
3.058024200E1,3.816912689E0,-3.216810608E-1,9.042994995E0,9.820797303E0
3.059019400E1,3.195105743E0,-1.781295776E-1,8.210426331E0,8.812010633E0
3.060014600E1,2.251318359E0,-2.893482971E-1,7.827821960E0,8.150273212E0
3.061009908E1,1.462608490E0,-2.883004761E-1,8.031697998E0,8.168874677E0
3.062005108E1,1.088536377E0,-2.409988403E-1,8.357270966E0,8.431308907E0
3.063000308E1,1.163530426E0,-2.200424194E-1,9.025182037E0,9.102534401E0
3.063995508E1,1.654659119E0,-2.026785278E-1,9.636510773E0,9.779637788E0
3.064990708E1,2.108066254E0,-7.694000244E-2,9.921967163E0,1.014373183E1
3.065985908E1,2.400258636E0,2.941383362E-1,1.040650955E1,1.068378210E1
3.066981108E1,2.647993469E0,7.102729797E-1,1.084165466E1,1.118292596E1
3.067976208E1,2.800376587E0,1.013242950E0,1.103744751E1,1.143214843E1
3.068971408E1,2.858605499E0,1.197060699E0,1.085901855E1,1.129260217E1
3.069966608E1,2.827619934E0,1.294508057E0,1.049482590E1,1.094589221E1
3.070961808E1,2.739004211E0,1.457968140E0,9.998158722E0,1.046857168E1
3.071957008E1,2.686313782E0,1.553768921E0,9.420210571E0,9.918207842E0
3.072952208E1,2.681523743E0,1.426982574E0,8.979077911E0,9.478960333E0
3.073947408E1,2.621947632E0,1.230590973E0,8.567583618E0,9.043917988E0
3.074942608E1,2.468965759E0,9.183403015E-1,8.238567810E0,8.649458965E0
3.075937808E1,2.511627045E0,9.692344666E-1,8.118218079E0,8.552961513E0
3.076933008E1,2.782413940E0,1.089434509E0,8.065377960E0,8.601105541E0
3.077928108E1,2.898871765E0,9.650431824E-1,7.955506439E0,8.522021389E0
3.078923308E1,2.887645111E0,6.900650024E-1,7.928113403E0,8.465793887E0
3.079918508E1,2.913241882E0,6.421646118E-1,7.909252625E0,8.453143246E0
3.080913708E1,2.990481262E0,6.057902527E-1,7.918683014E0,8.486194712E0
3.081908908E1,3.136128387E0,4.806504822E-1,7.983947296E0,8.591259545E0
3.082904108E1,2.946173401E0,3.249742126E-1,8.011789398E0,8.542500530E0
3.083899308E1,2.573149109E0,3.388952637E-1,8.121960297E0,8.526557652E0
3.084894508E1,2.578986969E0,4.707710266E-1,8.454269257E0,8.851410498E0
3.085889708E1,2.693648529E0,7.976911926E-1,8.740773468E0,9.181131437E0
3.086884808E1,2.450703735E0,8.686436462E-1,8.231382751E0,8.632273894E0
3.087880008E1,2.220781860E0,1.490300903E0,8.171507263E0,8.598046278E0
3.088875208E1,1.833836517E0,1.799258423E0,8.446635132E0,8.828699355E0
3.089870408E1,1.253044281E0,1.606609039E0,8.547974396E0,8.787444386E0
3.090865608E1,7.872129822E-1,1.662442932E0,8.672066345E0,8.864996079E0
3.091860808E1,5.897735596E-1,1.957180023E0,8.737180939E0,8.973110790E0
3.092856008E1,4.836442566E-1,2.207160187E0,8.842112732E0,9.126249253E0
3.093851208E1,3.540138245E-1,2.242636414E0,8.884324951E0,9.169840441E0
3.094846408E1,3.951782227E-1,2.396815796E0,8.978030090E0,9.300855664E0
3.095841608E1,5.498066711E-1,2.401755524E0,9.129515076E0,9.456149454E0
3.096836708E1,6.301895142E-1,2.014510803E0,9.166338501E0,9.406229538E0
3.097831908E1,5.396278381E-1,1.551972656E0,9.147178345E0,9.293583216E0
3.098827108E1,4.068539429E-1,1.288969574E0,9.099727020E0,9.199565454E0
3.099822308E1,3.257226562E-1,3.023712158E-1,9.867031403E0,9.877035603E0
3.100817508E1,4.281097412E-1,-5.188211060E-1,1.042387344E1,1.044555364E1
3.101812708E1,8.659492493E-1,-6.945556641E-2,1.058972855E1,1.062530201E1
3.102807908E1,1.136287079E0,2.219883728E-1,1.142663818E1,1.148514203E1
3.103803108E1,7.786807251E-1,3.477268982E-1,1.285736298E1,1.288561370E1
3.104798308E1,-7.289840698E-2,8.671467590E-1,1.361912888E1,1.364690181E1
3.105793508E1,-7.041357422E-1,1.463057556E0,1.318533096E1,1.328492744E1
3.106788608E1,-8.189469910E-1,1.978884888E0,1.237386841E1,1.255783735E1
3.107783808E1,-7.692503357E-1,2.675685883E0,1.180310532E1,1.212700854E1
3.108779008E1,-1.127156067E0,2.986739044E0,1.122216339E1,1.166739226E1
3.109774208E1,-1.999841309E0,2.607278137E0,1.027717850E1,1.078970168E1
3.110769408E1,-2.846630402E0,1.976340179E0,9.570498047E0,1.017858821E1
3.111764608E1,-3.093766479E0,1.852098541E0,1.008632538E1,1.071147141E1
3.112759808E1,-2.859653320E0,2.038460999E0,1.081141754E1,1.136748387E1
3.113755008E1,-2.266436920E0,1.806144104E0,1.134056717E1,1.170501416E1
3.114750208E1,-1.394649811E0,1.523082733E0,1.110256210E1,1.129299404E1
3.115745308E1,-7.475454712E-1,1.318458252E0,1.036070480E1,1.047097705E1
3.116740508E1,-6.596781921E-1,1.341061249E0,1.034648438E1,1.045386816E1
3.117735708E1,-6.397695923E-1,1.648072815E0,1.051862640E1,1.066615913E1
3.118730908E1,-3.588038635E-1,1.959575043E0,1.025412643E1,1.044585006E1
3.119726108E1,-2.639012146E-1,2.145338745E0,9.747430115E0,9.984213340E0
3.120721308E1,-1.434017944E-1,1.799258423E0,9.306596832E0,9.480012634E0
3.121716508E1,7.379653931E-2,1.221160583E0,8.802594910E0,8.887201823E0
3.122711708E1,1.466949463E-1,8.822653198E-1,8.209378510E0,8.257954166E0
3.123706908E1,1.672023010E-1,1.250050507E0,7.547155609E0,7.651806366E0
3.124702108E1,1.725910950E-1,1.616338806E0,7.349267120E0,7.526889532E0
3.125697208E1,-1.782792664E-1,1.357976074E0,7.601941681E0,7.724338149E0
3.126692408E1,-6.896159363E-1,1.297501831E0,7.576344910E0,7.717517951E0
3.127687608E1,-9.207353210E-1,1.626517639E0,7.626041565E0,7.851740133E0
3.128682808E1,-1.054257660E0,1.936223602E0,8.027207336E0,8.324450653E0
3.129678008E1,-1.178349609E0,2.088307343E0,8.470884705E0,8.803716433E0
3.130673208E1,-1.252595215E0,2.184557190E0,8.743617554E0,9.099018234E0
3.131668408E1,-1.323098602E0,2.007774811E0,8.564440155E0,8.895582318E0
3.132663608E1,-1.417103119E0,1.792223053E0,8.468789062E0,8.771580981E0
3.133658808E1,-1.138532410E0,2.057172089E0,8.595725098E0,8.911492748E0
3.134653908E1,-5.063969421E-1,2.434836731E0,8.591384125E0,8.944090169E0
3.135649108E1,2.082170105E-1,2.595901794E0,8.835077362E0,9.210898569E0
3.136644308E1,6.828799438E-1,2.584974518E0,9.019044800E0,9.406996725E0
3.137639508E1,9.171427917E-1,2.411634979E0,9.234746246E0,9.588413446E0
3.138634708E1,6.581813049E-1,2.245031433E0,9.625433807E0,9.905672352E0
3.139629908E1,5.718109131E-1,2.783461761E0,9.959389343E0,1.035683654E1
3.140625108E1,1.566941528E0,4.294120331E0,1.048359924E1,1.143681023E1
3.141620308E1,2.665806427E0,5.318440247E0,1.081710571E1,1.234512481E1
3.142615508E1,2.273472290E0,4.444707184E0,1.045680496E1,1.158744442E1
3.143610708E1,6.824308777E-1,1.610800323E0,8.488248596E0,8.666646053E0
3.144605808E1,-5.038522339E-1,-7.171586609E-1,6.632707214E0,6.690365357E0
3.145601008E1,-6.920109558E-1,-6.562353516E-1,6.994654541E0,7.059370804E0
3.146596208E1,-1.320254517E-1,1.189276886E0,8.976233826E0,9.055638240E0
3.147591408E1,4.191284180E-1,2.708318024E0,9.303453369E0,9.698706086E0
3.148586608E1,7.927514648E-1,3.740122375E0,9.247320099E0,1.000649286E1
3.149581808E1,5.263055420E-1,5.024002533E0,9.673633575E0,1.091314737E1
3.150577008E1,8.457412720E-2,6.230792999E0,1.027837601E1,1.201977319E1
3.151572208E1,-6.301895142E-2,6.162385254E0,1.021191422E1,1.192737001E1
3.152567408E1,-1.157093811E-1,5.319338379E0,1.001103195E1,1.133708561E1
3.153562508E1,-1.945953369E-3,4.321812744E0,9.984537048E0,1.087975410E1
3.154557708E1,2.736309814E-1,3.680546265E0,9.904154205E0,1.056946381E1
3.155552908E1,4.748126221E-1,3.443289642E0,9.779912567E0,1.037922831E1
3.156548108E1,5.962101746E-1,3.341201935E0,9.826166382E0,1.039579928E1
3.157543308E1,6.592291260E-1,3.522924042E0,1.005608826E1,1.067569613E1
3.158538508E1,5.792953491E-1,4.061204681E0,1.020966888E1,1.100301346E1
3.159533708E1,4.655319214E-1,4.273762665E0,1.023002655E1,1.109663059E1
3.160528908E1,7.274871826E-1,4.603077850E0,9.854008484E0,1.090041497E1
3.161524096E1,1.675316162E0,5.027295685E0,9.062454529E0,1.049802211E1
3.162519296E1,2.055076447E0,5.265600128E0,8.297844543E0,1.004012490E1
3.163514396E1,1.580263824E0,5.505102081E0,8.191266174E0,9.995009966E0
3.164509596E1,1.054407349E0,5.416785736E0,8.771309967E0,1.036287707E1
3.165504796E1,7.297325134E-1,5.089715881E0,9.313033447E0,1.063815347E1
3.166499996E1,7.852670288E-1,4.576433258E0,9.515562286E0,1.058802679E1
3.167495196E1,1.039139099E0,3.810027008E0,9.635013885E0,1.041295388E1
3.168490396E1,1.406475220E0,2.985691223E0,1.005010071E1,1.057814014E1
3.169485596E1,1.383722534E0,2.154469757E0,1.011461655E1,1.043369042E1
3.170480796E1,1.257684631E0,1.502126312E0,1.044991928E1,1.063197851E1
3.171475996E1,1.371448059E0,1.346749420E0,1.094793365E1,1.111538821E1
3.172471096E1,1.424138489E0,1.292262726E0,1.106753494E1,1.123336295E1
3.173466296E1,1.829345856E0,1.473386078E0,1.093296478E1,1.118244570E1
3.174461496E1,2.730921021E0,1.371448059E0,1.030442184E1,1.074801884E1
3.175456696E1,3.459006958E0,1.071920929E0,9.518556061E0,1.018413733E1
3.176451896E1,3.601959686E0,9.897418213E-1,8.917555847E0,9.668324816E0
3.177447096E1,3.425177307E0,9.228309631E-1,8.627908173E0,9.328679221E0
3.178442296E1,2.893782349E0,7.667056274E-1,8.706494751E0,9.206783621E0
3.179437496E1,2.614612885E0,8.303233337E-1,8.948391724E0,9.359452538E0
3.180432696E1,2.378254395E0,9.274713135E-1,9.254804535E0,9.600401241E0
3.181427896E1,2.075434113E0,1.159039764E0,9.390123138E0,9.686341543E0
3.182422996E1,1.954635315E0,1.469344482E0,9.362730103E0,9.676791172E0
3.183418196E1,2.046693878E0,1.819915466E0,9.483678589E0,9.871231317E0
3.184413396E1,1.960473175E0,2.337239685E0,9.572144623E0,1.004649676E1
3.185408596E1,1.750010834E0,2.724334717E0,9.663604431E0,1.019165287E1
3.186403796E1,1.450932770E0,2.765499115E0,9.612710266E0,1.010729390E1
3.187398996E1,1.191222839E0,2.843187561E0,9.389075317E0,9.882179045E0
3.188394196E1,1.056502991E0,2.913690948E0,9.191336517E0,9.699817549E0
3.189389396E1,9.183403015E-1,2.909799042E0,9.028624878E0,9.530285754E0
3.190384596E1,8.581654358E-1,2.811154175E0,8.805738373E0,9.283321819E0
3.191379696E1,1.061442719E0,2.760409698E0,8.575517120E0,9.071163995E0
3.192374896E1,1.444047089E0,2.617606659E0,8.365653534E0,8.883765849E0
3.193370096E1,1.725611572E0,2.228565674E0,8.409811707E0,8.869564431E0
3.194365296E1,1.612446899E0,1.497485962E0,8.714577942E0,8.988120933E0
3.195360496E1,1.724863129E0,1.132694550E0,8.638087006E0,8.881142768E0
3.196355696E1,1.699565735E0,1.162332916E0,8.485404510E0,8.731645389E0
3.197350896E1,1.318458252E0,1.328637085E0,8.760233002E0,8.957973594E0
3.198346096E1,1.381177826E0,1.729054413E0,9.159901886E0,9.423432703E0
3.199341296E1,1.501677246E0,2.408192139E0,8.615184631E0,9.070602525E0
3.200336396E1,1.538949738E0,2.795885925E0,8.490493927E0,9.070492353E0
3.201331596E1,1.645677795E0,2.800376587E0,8.669072571E0,9.257601400E0
3.202326796E1,1.629810791E0,2.618355103E0,8.555309143E0,9.094249897E0
3.203321996E1,1.438508606E0,2.702779541E0,8.466992798E0,9.003571030E0
3.204317196E1,1.241218872E0,2.780767365E0,8.549471283E0,9.075612962E0
3.205312396E1,1.251248016E0,2.304158478E0,8.807834015E0,9.189815446E0
3.206307596E1,1.479822693E0,2.054328003E0,9.114845581E0,9.459944435E0
3.207302796E1,1.688039703E0,2.147584076E0,9.327253876E0,9.719015396E0
3.208297996E1,1.897753601E0,2.245181122E0,9.464668121E0,9.910713882E0
3.209293196E1,2.137405243E0,2.209255829E0,9.366622009E0,9.858139802E0
3.210288296E1,2.301164703E0,2.256407776E0,9.308393097E0,9.850528772E0
3.211283496E1,2.201771393E0,2.482886810E0,9.268426208E0,9.844605049E0
3.212278696E1,1.928739166E0,2.852917328E0,9.343569946E0,9.957985308E0