"Time (s)","Linear Acceleration x (m/s^2)","Linear Acceleration y (m/s^2)","Linear Acceleration z (m/s^2)","Absolute acceleration (m/s^2)"
3.012041678E-3,-8.765682314E-1,8.382451415E-2,-5.472993851E-3,8.805841057E-1
1.296404167E-2,-3.134867728E-2,8.447969466E-1,6.894685864E-2,8.481852922E-1
2.291704167E-2,4.488542005E-1,4.687303483E-1,2.551736605E-1,6.973462768E-1
3.286904166E-2,8.916068316E-2,3.050907558E-1,1.726758796E-1,3.617277375E-1
4.282104166E-2,-2.213293916E-1,9.642760277E-1,-1.621234095E-1,1.002546237E0
5.277304165E-2,-9.654514642E-1,1.107512931E0,-2.043905926E-1,1.483393722E0
6.272604165E-2,-1.502472906E0,1.046973199E-1,-2.318134493E-1,1.523851645E0
7.267804164E-2,-1.111210564E0,-2.943587762E-1,2.736362439E-1,1.181656803E0
8.263004175E-2,-3.680640990E-1,-4.574803054E-2,7.140245533E-1,8.046086788E-1
9.258204175E-2,2.094285536E-1,7.403627515E-2,1.069622388E0,1.092443931E0
1.025350417E-1,4.986207300E-1,-2.388610983E-1,1.132972877E0,1.260676325E0
1.124870417E-1,6.485309140E-1,-5.253349042E-1,9.856516939E-1,1.291541083E0
1.224390417E-1,7.946394577E-1,-5.029435766E-1,7.539622056E-1,1.205347716E0
1.323920417E-1,8.598250218E-1,-3.711847579E-1,3.772044665E-1,1.009633796E0
1.423440417E-1,9.094501948E-1,-3.017824012E-1,-7.413684726E-2,9.610767642E-1
1.522960417E-1,9.511450817E-1,-3.226604694E-1,-4.002378184E-1,1.081192423E0
1.622480417E-1,1.069812423E0,-3.520719641E-1,-6.399151880E-1,1.295355062E0
1.722010417E-1,1.300444881E0,-3.506481671E-1,-7.432805121E-1,1.538368274E0
1.821530417E-1,1.500146737E0,-3.917365515E-1,-7.153682435E-1,1.707527301E0
1.921050417E-1,1.699409029E0,-4.116106528E-1,-7.259996510E-1,1.893274907E0
2.020570417E-1,1.762306359E0,-4.667879033E-1,-6.624825168E-1,1.939715890E0
2.120100417E-1,1.516809840E0,-8.401261908E-1,-1.035545985E0,2.019623627E0
2.219620417E-1,1.090432629E-3,-2.142088863E0,-6.780899048E-2,2.143162137E0
2.319140417E-1,3.707977600E0,6.667404592E-2,-1.768426055E-1,3.712790947E0
2.418660417E-1,3.229424514E0,2.111815488E-1,2.676288146E-1,3.247369015E0
2.518190417E-1,2.823630964E0,-9.806254274E-1,1.254080992E0,3.241486878E0
2.617710417E-1,2.701737275E0,-6.174431688E-1,1.224995188E0,3.030055045E0
2.717230417E-1,1.435852801E0,-5.128855973E-1,1.571845003E0,2.189845112E0
2.816760417E-1,-1.582481673E-1,-2.242261022E-1,1.871275070E0,1.891293265E0
2.916280417E-1,-1.202626956E0,4.267970413E-1,1.665457757E0,2.098146051E0
3.015800416E-1,-1.074899866E0,3.155028927E-1,1.584257473E0,1.940315319E0
3.115320418E-1,6.106589368E-1,-2.682743472E-1,1.716647791E0,1.841671822E0
3.214850418E-1,1.515441153E0,-4.931816500E-1,1.881147509E0,2.465462630E0
3.314370418E-1,6.771277454E-1,4.924121565E-1,1.598103679E0,1.804136105E0
3.413890417E-1,-8.506446008E-1,1.800487508E0,1.711830270E0,2.625969226E0
3.513410417E-1,-1.277706375E0,1.199507174E0,2.378245039E0,2.954217410E0
3.612940417E-1,1.703312923E-1,1.425455866E0,1.865513223E-1,1.447666596E0
3.712460417E-1,2.564208716E0,2.052637573E0,-2.441102023E0,4.092366849E0
3.811980417E-1,3.419568073E0,3.034913669E0,-1.192060161E0,4.724950181E0
3.911500417E-1,2.555716805E0,4.290350631E0,-1.842112666E-1,4.997272327E0
4.011030417E-1,2.305411098E0,4.805107922E0,4.566850841E-1,5.349069427E0
4.110550417E-1,2.475087794E0,4.290821916E0,1.589163287E0,5.202177646E0
4.210070417E-1,2.886497887E0,3.459193484E0,3.179982505E0,5.514542442E0
4.309600417E-1,3.390542495E0,2.518446068E0,4.857040552E0,6.436551245E0
4.409120417E-1,3.693786407E0,1.760243461E0,5.877136440E0,7.161232282E0
4.508640417E-1,3.444691512E0,1.057301136E0,5.668659228E0,6.716954872E0
4.608160417E-1,2.346454020E0,4.846593332E-1,4.384883736E0,4.996793623E0
4.707690417E-1,1.128035780E0,-3.909816760E-1,2.703148500E0,2.955053842E0
4.807210417E-1,4.431224674E-2,-1.533269168E0,1.401488714E0,2.077750835E0
4.906730417E-1,-8.207186973E-1,-2.814829735E0,4.676065135E-1,2.969091017E0
5.006250417E-1,-1.391250532E0,-3.969691079E0,-1.526655382E-1,4.209196131E0
5.105780417E-1,-1.842529865E0,-4.752049702E0,-3.851420617E-1,5.111284289E0
5.205300417E-1,-2.757548948E0,-4.737253323E0,-6.952807188E-2,5.481831756E0
5.304820416E-1,-4.242702840E0,-4.242023978E0,2.248973626E-1,6.003821587E0
5.404340416E-1,-5.368856109E0,-3.850742340E0,-1.294690490E-2,6.607041707E0
5.503870416E-1,-5.559817986E0,-3.694971346E0,-4.572054863E-1,6.691294803E0
5.603390418E-1,-5.405881264E0,-3.525419633E0,-3.041701117E-1,6.461010392E0
5.702910417E-1,-5.113000664E0,-3.407560816E0,2.087514460E-1,6.147993467E0
5.802440417E-1,-4.508665198E0,-3.567869834E0,7.669804466E-1,5.800518600E0
5.901960417E-1,-4.076217992E0,-3.619869708E0,1.034483546E0,5.548798611E0
6.001480417E-1,-3.882775142E0,-3.632209672E0,1.028667905E0,5.415445278E0
6.101000417E-1,-3.577296131E0,-3.551294147E0,7.263265103E-1,5.092768199E0
6.200530417E-1,-3.010975753E0,-3.112863486E0,4.315420568E-1,4.352254888E0
6.300052917E-1,-2.396379009E0,-2.646633407E0,5.175224394E-1,3.607648849E0
6.399572917E-1,-1.837910565E0,-2.416988105E0,9.644368261E-1,3.185888438E0
6.499092916E-1,-1.697146449E0,-2.164583686E0,1.407228341E0,3.089663446E0
6.598622916E-1,-1.656710614E0,-2.061960958E0,1.520427513E0,3.050913449E0
6.698142916E-1,-1.379999612E0,-2.207103469E0,1.484939591E0,2.996789989E0
6.797662918E-1,-7.945450982E-1,-2.375581048E0,1.467456416E0,2.903121692E0
6.897182917E-1,-7.688211501E-2,-2.119013411E0,1.398783208E0,2.540221084E0
6.996712917E-1,5.598337689E-1,-1.418484231E0,1.365373387E0,2.046889310E0
7.096232917E-1,1.265105333E0,-5.840315938E-1,1.164322431E0,1.815827946E0
7.195752917E-1,1.780540608E0,2.543568045E-1,6.803333353E-1,1.922986139E0
7.295272917E-1,1.741795203E0,9.785338783E-1,1.400026618E-1,2.002743076E0
7.394802917E-1,1.421711017E0,1.397865195E0,-5.419841199E-1,2.066164588E0
7.494322917E-1,1.035446290E0,1.550486294E0,-1.283366772E0,2.263445833E0
7.593842917E-1,8.915024588E-1,1.688176528E0,-1.760465217E0,2.596912475E0
7.693372917E-1,9.298645788E-1,1.759618979E0,-1.913408936E0,2.760804383E0
7.792892917E-1,8.886273828E-1,1.785465426E0,-1.778105536E0,2.671929024E0
7.892412917E-1,9.855920523E-1,1.681070992E0,-1.337521929E0,2.363547394E0
7.991932917E-1,1.370477421E0,1.475986919E0,-5.595529564E-1,2.090417484E0
8.091462917E-1,2.007153252E0,1.117792336E0,3.222189315E-1,2.319902783E0
8.190982917E-1,2.610712792E0,6.315127391E-1,1.059875519E0,2.887553590E0
8.290502917E-1,2.734931918E0,3.808917207E-1,1.686538723E0,3.235636562E0
8.390022917E-1,2.515369263E0,2.545064932E-1,2.008029749E0,3.228628123E0
8.489552917E-1,2.322834777E0,3.879861474E-2,2.105304029E0,3.135182895E0
8.589072917E-1,2.462544055E0,-2.123211712E-1,1.672849222E0,2.984564963E0
8.688592917E-1,2.307674116E0,-4.733736223E-1,1.009510673E0,2.562919080E0
8.788112917E-1,1.748190596E0,-7.494066399E-1,4.012376557E-1,1.943906460E0
8.887642917E-1,1.186281942E0,-9.485066718E-1,-1.091107982E-1,1.522772117E0
8.987162916E-1,6.823346910E-1,-1.105303268E0,-1.206748549E-1,1.304545271E0
9.086682918E-1,2.912720311E-1,-9.879490650E-1,3.461323625E-1,1.086595768E0
9.186212918E-1,6.351742655E-2,-8.399490201E-1,7.243367028E-1,1.110951160E0
9.285732917E-1,-1.578485101E-1,-8.092347658E-1,7.664226222E-1,1.125691207E0
9.385252917E-1,-3.250186515E-1,-8.487151659E-1,2.760388831E-1,9.498168358E-1
9.484772917E-1,-3.534367043E-1,-1.109213886E0,-4.259088492E-1,1.239625466E0
9.584302917E-1,-3.140501520E-1,-1.552774310E0,-1.030192859E0,1.889717672E0
9.683822917E-1,-8.909852725E-1,-2.119998082E0,-1.463806000E0,2.725981406E0
9.783342917E-1,-1.434950575E0,-2.944410465E0,-1.604736761E0,3.647439679E0
9.882862917E-1,-1.451542342E0,-3.845687422E0,-1.243802757E0,4.294570085E0
9.982392917E-1,-1.258779522E0,-4.615773325E0,-4.642098294E-1,4.806805596E0
1.008191292E0,-5.648609126E-1,-5.218978524E0,-3.633631568E-2,5.249583318E0
1.018143292E0,3.671031091E-1,-5.149751583E0,-1.543431044E-2,5.162842655E0
1.028095292E0,8.354346773E-1,-4.575073196E0,1.220922017E-1,4.652327627E0
1.038048292E0,7.698142996E-1,-3.613471100E0,-4.413671333E-1,3.720832218E0
1.048000292E0,1.030903588E0,-1.750830613E0,-9.860300088E-1,2.258412102E0
1.057952292E0,1.473094009E0,-4.273086727E-2,-1.089293007E0,1.832591373E0
1.067904292E0,1.453031628E0,3.957570970E-1,-6.830815997E-1,1.653639944E0
1.077857292E0,2.009773097E0,4.851692689E0,3.962816653E-1,5.266417094E0
1.087809292E0,4.703080441E0,5.776047437E0,-6.812883317E-2,7.448914764E0
1.097761292E0,4.411863958E0,4.071720314E0,1.578105032E0,6.207565174E0
1.107714292E0,3.503873813E0,7.564022487E0,1.815514267E0,8.531568434E0
1.117666292E0,5.216785233E0,4.544249014E0,8.106650678E-1,6.965789626E0
1.127618292E0,4.682466082E0,2.183293022E0,-7.163897520E-1,5.215886435E0
1.137570292E0,3.446706755E0,8.484695828E-1,-2.888531549E0,4.576385320E0
1.147523292E0,3.557049562E0,3.947104454E-2,-4.041300175E0,5.383889547E0
1.157475292E0,4.256492329E0,-1.217148809E0,-3.541043394E0,5.669053403E0
1.167427292E0,3.991618137E0,3.702100271E-1,-3.670379126E0,5.435232631E0
1.177379292E0,3.370782999E0,1.062888150E0,-3.712021827E0,5.125525855E0
1.187332292E0,1.710613903E0,7.318369263E-1,-2.707133378E0,3.284867781E0
1.197284292E0,-8.417060354E-1,1.985778755E0,-1.981642435E0,2.928940602E0
1.207236292E0,-1.286643552E0,1.534332191E0,-1.009591949E-1,2.004948793E0
1.217188292E0,-8.905023656E-1,-9.571190357E-2,2.041562946E0,2.229379846E0
1.227141292E0,-8.960360974E-2,-1.455006525E0,2.865273664E0,3.214788634E0
1.237093292E0,-1.200648990E-1,-1.875625398E0,1.235780377E0,2.249341982E0
1.247045292E0,-9.785393601E-1,-1.468269179E0,-2.393126203E0,2.973282140E0
1.256997292E0,-7.880826824E-1,-1.546292671E0,-3.943846385E0,4.308830427E0
1.266950292E0,-1.239407989E-1,-1.287508940E0,-2.983118448E0,3.251466787E0
1.276902292E0,-3.294145882E-1,-7.222012997E-1,-7.631234770E-1,1.101111316E0
1.286854292E0,-3.089737456E-1,-5.608772045E-1,1.573441878E0,1.698754649E0
1.296807292E0,6.685703453E-1,-1.222613032E0,3.374403595E0,3.650803823E0
1.306759292E0,1.293350893E0,-8.686389685E-1,3.013605831E0,3.392507965E0
1.316711292E0,1.294919701E0,1.015552016E0,1.510531685E0,2.233801446E0
1.326663292E0,1.459101915E0,1.774862670E0,7.930087423E-1,2.430633407E0
1.336616292E0,1.690736439E0,1.598822302E0,2.608961843E-1,2.341557020E0
1.346568292E0,1.826569305E0,9.727416265E-1,-8.912516132E-2,2.071358248E0
1.356520292E0,2.018008900E0,-1.406284600E-1,-3.031655601E-1,2.045493985E0
1.366472292E0,1.878589936E0,8.025069594E-1,2.651764923E-1,2.059960228E0
1.376425292E0,2.739167641E0,1.618637931E0,-3.089219977E-1,3.196632747E0
1.386377292E0,2.819675615E0,1.135956711E0,-5.607678616E-1,3.091185665E0
1.396329292E0,1.924918011E0,6.954912186E-1,3.997951841E-1,2.085390508E0
1.406281292E0,1.765701691E0,1.108807504E-2,8.849344276E-1,1.975078314E0
1.416234292E0,1.697335461E0,8.222799039E-1,9.403117990E-1,2.107434029E0
1.426186292E0,1.462643719E0,1.183622628E0,-1.144350535E0,2.202232350E0
1.436138292E0,9.433480389E-1,1.015397065E0,1.015229688E0,1.718030279E0
1.446090292E0,3.567256900E-1,7.817961216E-1,4.421630563E0,4.504361800E0
1.456043292E0,-2.970409671E-1,-1.687957258E0,-1.514808923E-1,1.720575340E0
1.465995292E0,-2.313034844E0,-2.675708687E0,-4.305956849E0,5.572325507E0
1.475947292E0,-3.380294372E0,-2.077094137E0,8.427114787E0,9.314342367E0
1.485899292E0,-2.802415803E0,-2.040322752E0,1.049369095E-1,3.468063296E0
1.495852292E0,-1.348196752E0,-1.335013474E0,-7.415560513E0,7.654438789E0
1.505804292E0,-7.022068188E-1,-1.733091331E-1,-8.497916383E-1,1.115919487E0
1.515756292E0,6.133543570E-1,2.866881064E0,3.783257285E0,4.786255978E0
1.525709292E0,9.657597587E-2,1.319224237E0,-3.254372537E0,3.512921877E0
1.535661292E0,1.868382744E-1,5.715752703E-1,-1.383568168E0,1.508597927E0
1.545613292E0,1.505439929E0,9.261176831E-1,-5.284372906E-1,1.844800616E0
1.555565292E0,1.488517941E0,1.517849475E-1,-9.575903213E-1,1.776430003E0
1.565518292E0,2.802862823E-1,-6.764339733E-1,-1.832425146E0,1.973298060E0
1.575470292E0,-1.393174997E0,-1.388207933E0,-1.424302211E0,2.428311064E0
1.585422292E0,-2.395299321E0,-1.693976966E0,-5.884485805E-1,2.992204627E0
1.595374292E0,-2.889538440E0,-1.449711871E0,4.325507015E-1,3.261624904E0
1.605327292E0,-3.102288796E0,-1.287443451E0,1.182102425E0,3.560768535E0
1.615279292E0,-3.148298782E0,-1.387378213E0,1.710632175E0,3.842247515E0
1.625231292E0,-2.744888265E0,-9.627844030E-1,2.559829152E0,3.874802018E0
1.635185417E0,-1.161981426E0,2.118721050E-1,2.828571276E0,3.065274227E0
1.645138417E0,-1.332262505E-1,1.542591968E0,2.958001149E0,3.338728801E0
1.655090417E0,4.491670266E-2,2.163934645E0,2.908540136E0,3.625498087E0
1.665042417E0,1.220660720E-1,2.780068038E0,2.777660154E0,3.931802939E0
1.674994417E0,2.477846072E-1,3.360308297E0,2.788081062E0,4.373381423E0
1.684947417E0,-6.938366027E-1,3.478460644E0,2.936799145E0,4.604985006E0
1.694899417E0,-2.310446281E0,1.992290799E0,2.677086875E0,4.058839586E0
1.704851417E0,-2.544888346E0,-2.130574526E0,2.967665427E0,4.452285097E0
1.714804417E0,-2.598255591E0,-5.373090663E0,1.957582312E0,6.281175359E0
1.724756417E0,-2.119050394E0,-6.038739447E0,-1.356604317E0,6.541951082E0
1.734708417E0,-3.717325324E-1,-4.763528956E0,-4.620100265E0,6.646406521E0
1.744660417E0,7.595978983E-1,-2.151128073E0,-6.249372527E0,6.652743640E0
1.754613417E0,2.358686687E0,-1.339825147E-1,-2.833456040E0,3.689149947E0
1.764565417E0,4.760286675E0,1.284295895E0,1.338798376E0,5.109024003E0
1.774517417E0,6.934850973E0,3.154310305E0,9.525640547E-1,7.677838876E0
1.784469417E0,6.329407461E0,2.330780851E0,-1.988117056E0,7.031823918E0
1.794422417E0,5.737017857E0,4.905229211E-1,-3.050176072E0,6.515946646E0
1.804374417E0,4.931129453E0,1.701207048E0,-1.801160522E0,5.518543497E0
1.814326417E0,3.622915522E0,1.349739686E0,-1.161774507E0,4.036958522E0
1.824278417E0,2.836510625E0,-9.209364653E-1,-4.069673789E-1,3.009906801E0
1.834231417E0,2.151305244E0,-3.434655644E0,1.146084089E0,4.211707775E0
1.844183417E0,1.124666688E0,-3.904100522E0,2.631061687E0,4.840388584E0
1.854135417E0,1.571007244E0,-9.282823223E-1,4.216492111E0,4.594407204E0
1.864087417E0,1.479661456E0,1.870210643E1,-3.502820145E0,1.908475653E1
1.874040417E0,6.300756104E0,1.692038497E1,-9.287477607E-1,1.807931214E1
1.883992417E0,4.664119858E0,3.346798305E0,-1.818191122E0,6.021701745E0
1.893944417E0,3.143339978E-1,-1.179433683E0,-8.996984425E0,9.079405179E0
1.903896417E0,-2.635227828E0,-5.716936764E0,-6.222461302E0,8.851373697E0
1.913849417E0,-4.778436725E0,2.103460402E0,-3.797547880E0,6.455956405E0
1.923801417E0,-8.880939706E-1,-7.487903434E-1,2.609593342E-1,1.190587104E0
1.933753417E0,-1.274454007E0,-5.421563496E0,3.168057693E0,6.407353065E0
1.943705417E0,-5.605191211E0,-5.142330882E0,2.804731008E0,8.107296185E0
1.953658417E0,-8.846157251E0,-2.614884195E0,1.415430815E0,9.332500300E0
1.963610417E0,-9.853303310E0,-1.791661720E0,1.713177907E0,1.016034529E1
1.973562417E0,-7.346140614E0,-5.096601562E0,3.022687141E0,9.438101873E0
1.983515417E0,-6.602696965E0,-4.187473549E0,2.046261623E0,8.081938416E0
1.993467417E0,-5.438720981E0,-3.544525411E0,2.869922200E0,7.097872902E0
2.003419417E0,-3.299015443E0,-2.264633639E0,5.564202229E0,6.853642452E0
2.013371417E0,-1.930567591E0,-3.572742319E-1,8.551938808E0,8.774416988E0
2.023324417E0,-1.053325248E0,8.529491347E-1,9.359342226E0,9.456971143E0
2.033276417E0,-1.000340192E-1,1.783879076E0,5.821722962E0,6.089719994E0
2.043228417E0,1.045145067E0,3.104778541E0,-7.550959808E-1,3.361866734E0
2.053180417E0,1.309382204E0,3.147036368E0,-4.100088081E0,5.331889152E0
2.063133417E0,9.875413679E-1,2.776659696E0,-5.599643372E0,6.327802376E0
2.073085417E0,1.766140524E0,2.520660993E0,-5.670698737E0,6.452116580E0
2.083037417E0,2.267619958E0,8.349753785E-1,-4.772606758E0,5.349491511E0
2.092989417E0,1.127056810E0,2.055787468E-1,-2.078379355E0,2.373221528E0
2.102942417E0,6.463689061E-1,1.563698078E0,-6.766519283E-1,1.822306855E0
2.112894417E0,1.241705945E0,3.974566487E0,6.785547584E-3,4.164019507E0
2.122846417E0,1.486229779E0,5.254346577E0,1.902652983E0,5.782484352E0
2.132798417E0,4.250371756E-1,5.991311511E0,1.237247443E0,6.132475150E0
2.142751417E0,1.454085588E0,6.500840222E0,1.440427224E0,6.815432421E0
2.152703417E0,3.299774412E0,8.302297198E0,2.302254040E0,9.225888770E0
2.162655417E0,2.633973600E0,7.309109028E0,2.048882052E0,8.034849680E0
2.172607417E0,5.467065359E0,-8.036029031E0,6.247508727E-1,9.739449670E0
2.182560417E0,6.475438163E0,-1.204378841E1,-3.423630134E0,1.409628965E1
2.192512417E0,3.596632873E0,-7.809611392E0,-4.088307695E0,9.520507231E0
2.202464417E0,3.338772124E0,-2.053580729E0,-7.187239605E-1,3.985116967E0
2.212417417E0,5.227559313E0,2.238659722E0,-1.197131889E0,5.811376642E0
2.222369417E0,5.579013811E0,2.902937919E0,-1.136352568E0,6.390910797E0
2.232321417E0,5.436368646E0,2.077947831E0,-1.608600455E0,6.038175773E0
2.242273417E0,4.057000241E0,2.753693587E-1,-5.390742238E0,6.752420389E0
2.252226417E0,9.539228746E-1,-1.412214847E0,-1.264798354E1,1.276228064E1
2.262178417E0,-3.219600022E0,-1.673441545E0,-1.376775340E1,1.423788133E1
2.272130417E0,-3.521802546E0,-2.443060840E0,-7.217766164E0,8.394509386E0
2.282082417E0,-1.826972325E0,-2.396705868E0,-5.795602280E-1,3.068862485E0
2.292035417E0,-1.631826326E-2,-1.299522629E0,3.965819052E0,4.173337526E0
2.301987417E0,1.341132877E0,7.422975951E-1,6.634319876E0,6.809100039E0
2.311939417E0,2.050170925E0,2.471865978E0,1.120478196E1,1.165591957E1
2.321891417E0,1.769277409E0,4.400850728E0,9.194648380E0,1.034598417E1
2.331844417E0,-2.378351312E-1,4.752896379E0,1.058348957E0,4.875109440E0
2.341796417E0,-3.973767757E-1,5.077737860E0,5.220095927E-1,5.119943759E0
2.351748417E0,2.641631699E-1,3.358828951E0,-1.666846470E0,3.758974762E0
2.361700417E0,-8.473605122E-1,-1.855847776E-2,-1.499738309E0,1.722666320E0
2.371653417E0,-2.025524765E0,-2.485229790E0,-1.118775253E0,3.395699596E0
2.381605417E0,-1.837996373E0,-5.969741718E0,-7.720143145E-1,6.293810685E0
2.391557417E0,-2.502687821E0,-9.173572091E0,1.119003294E0,9.574447223E0
2.401509417E0,-2.800888511E0,-1.143103997E1,3.412287705E0,1.225387117E1
2.411462417E0,-1.323374152E0,-7.529381828E0,7.642216718E0,1.080955069E1
2.421414417E0,2.219580111E0,-4.011432012E0,9.278960552E0,1.034974548E1
2.431366417E0,3.484873871E0,-2.903381723E0,8.324518372E0,9.480062101E0
2.441318417E0,3.013367849E0,-3.495452068E0,6.450413250E0,7.931355625E0
2.451271417E0,1.148613740E0,-4.303384075E0,3.944192541E0,5.949376675E0
2.461223417E0,1.529239851E0,-6.110474843E0,2.012116953E0,6.612495139E0
2.471175417E0,2.231667768E0,-7.823783289E0,-1.393449670E0,8.254309660E0
2.481128417E0,1.253104215E0,-6.111557747E0,-4.896033295E0,7.930482349E0
2.491080417E0,-1.401058286E-1,-1.770127010E0,-9.287057192E0,9.455284795E0
2.501032417E0,-2.124740905E0,1.787390680E1,-1.480124409E1,2.330381717E1
2.510984417E0,2.861539924E0,1.792748367E1,-8.539413487E0,2.006251889E1
2.520937417E0,3.926589206E0,1.246616437E0,2.359615518E0,4.747624745E0
2.530889417E0,-6.211457719E-1,2.694165423E0,2.464511350E0,3.703804205E0
2.540841417E0,-1.858168828E0,2.941896163E0,1.271834309E0,3.704741143E0
2.550793417E0,-2.753659673E0,-1.281581032E-1,-7.618468836E-2,2.757692912E0
2.560746417E0,-4.216979184E0,-3.858427336E0,-1.443977214E0,5.895374894E0
2.570698417E0,-6.358925959E0,-5.399836412E0,-9.047700834E-1,8.391232421E0
2.580650417E0,-6.149934193E0,-5.130249365E0,1.036147664E0,8.075565064E0
2.590602417E0,-4.574634947E0,-3.537291235E0,3.459709209E0,6.738642444E0
2.600555417E0,-2.316975574E0,-2.169293033E0,5.267638468E0,6.149977488E0
2.610507417E0,8.011331561E-1,4.979389447E-1,5.589232405E0,5.668269260E0
2.620459417E0,2.851647313E0,3.311525561E0,4.207196208E0,6.066184457E0
2.630409667E0,3.268193600E0,4.966352495E0,-1.081572928E0,6.042809488E0
2.640362667E0,3.596763266E0,5.558112938E0,-5.676027305E0,8.720470824E0
2.650314667E0,2.642434229E0,4.468779001E0,-8.532498570E0,9.987791361E0
2.660266667E0,1.277550547E0,5.271709884E0,-9.595132951E0,1.102223375E1
2.670218667E0,1.294379126E0,6.894803978E0,-4.003362270E0,8.077168358E0
2.680171667E0,4.176488970E0,-1.635210695E0,-2.187017991E-1,4.490523868E0
2.690123667E0,3.277323443E0,-1.599826269E0,-2.965580894E0,4.700527958E0
2.700075667E0,6.289950742E-1,8.825584992E0,2.658666100E-1,8.851964206E0
2.710027667E0,6.234260398E-1,9.226775322E0,4.482846817E0,1.027705982E1
2.719980667E0,1.280575019E0,-6.967559713E0,7.368061826E-2,7.084644632E0
2.729932667E0,1.441611869E0,-1.372273452E1,-4.465646063E0,1.450288531E1
2.739884667E0,5.130743162E-1,-3.669192726E0,-1.894516729E0,4.161179418E0
2.749836667E0,2.575900809E0,3.159724241E0,2.721041565E0,4.901345678E0
2.759789667E0,3.357189392E0,3.618545313E0,1.783971024E0,5.248537264E0
2.769741667E0,2.731287641E0,7.309852209E0,2.032841240E0,8.063889570E0
2.779693667E0,2.328994234E0,6.283304504E0,9.608764565E-1,6.769594759E0
2.789645667E0,-1.508078193E0,7.278132234E0,-1.009212611E0,7.500934524E0
2.799598667E0,-5.299667761E0,-1.150719177E0,-3.988699792E0,6.732039738E0
2.809550667E0,-4.979959550E0,-9.682044210E0,1.938977641E-1,1.088942485E1
2.819502667E0,-5.882165922E-1,-2.398800107E1,4.850152532E0,2.448048557E1
2.829454667E0,1.338673246E0,-2.878414930E1,5.943891177E0,2.942191597E1
2.839407667E0,5.700805758E-1,-1.518745502E1,6.396433509E0,1.648933424E1
2.849359667E0,6.542075372E-1,-1.488226896E0,3.358609096E0,3.731361930E0
2.859311667E0,2.184683490E0,-1.966956568E-1,-3.434431111E0,4.075150081E0
2.869263667E0,3.893579334E0,1.647747710E0,-7.886870652E0,8.948617839E0
2.879216667E0,3.082776345E0,6.670287269E-1,9.177228355E-1,3.284912863E0
2.889168667E0,2.424252832E0,5.986575267E0,-3.660777998E0,7.424108079E0
2.899120667E0,4.349176252E0,5.854025320E0,-9.486037356E-1,7.354236572E0
2.909073667E0,6.064287102E0,6.324691681E0,-2.990528625E0,9.258540078E0
2.919025667E0,3.972221754E0,6.320892161E0,2.037120817E0,7.738351542E0
2.928977667E0,1.601624580E0,3.284779812E0,1.955703017E0,4.144846680E0
2.938929667E0,-1.424537415E0,1.521778219E0,2.091275974E0,2.952719254E0
2.948882667E0,-1.759071825E0,-1.598301315E-1,1.586190562E0,2.374000812E0
2.958834667E0,-1.658153415E-1,-4.218263233E-1,8.857923603E-1,9.950177285E-1
2.968786667E0,1.316113080E0,1.533144037E0,7.081030780E-1,2.141049800E0
2.978738667E0,1.864041041E0,3.370584778E0,-7.524004143E-1,3.924486862E0
2.988691667E0,1.725092778E0,4.077856967E0,-2.079402618E0,4.891704997E0
2.998643667E0,9.620406371E-1,3.065886371E0,-1.220050782E0,3.437107117E0
3.008595667E0,-3.013423982E-1,9.381635320E-1,9.486481744E-1,1.367805327E0
3.018547667E0,-2.440976600E0,7.894542199E-1,1.012150691E0,2.757907494E0
3.028500667E0,-2.957217037E0,1.310500191E0,2.404164577E-1,3.243507890E0
3.038452667E0,-2.745835513E0,1.747814035E0,8.628794611E-1,3.367347254E0
3.048404667E0,-2.675734999E0,1.896555507E0,9.338588119E-1,3.410069333E0
3.058356667E0,-4.311540356E0,-6.738682151E-2,9.427001674E-2,4.313097270E0
3.068309667E0,-6.719723139E0,-4.931556299E0,2.108305990E0,8.597667169E0
3.078261667E0,-6.251275796E0,-9.987329679E0,2.280231671E0,1.200102744E1
3.088213667E0,-7.691198843E0,-1.119715953E1,2.104049217E0,1.374619745E1
3.098165667E0,-2.961221795E0,-1.152388440E1,1.573750026E0,1.200189299E1
3.108118667E0,-7.022141279E-1,-9.889218078E0,1.951537460E0,1.010436724E1
3.118070667E0,5.607009841E-1,-6.005512059E0,-5.441711247E-1,6.056127715E0
3.128022667E0,2.606588166E0,-1.826356759E0,-1.017789818E0,3.341523154E0
3.137974667E0,1.653511164E0,-1.611883813E0,-1.306631674E0,2.653215959E0
3.147927667E0,6.385815842E-1,1.478462631E-1,-4.138076856E0,4.189668844E0
3.157879667E0,4.413511265E-1,4.495181519E-1,-4.816417022E0,4.857440716E0
3.167831667E0,9.054287723E-1,1.750973870E0,-3.098551841E0,3.672428933E0
3.177783667E0,4.362903248E-1,5.177550416E0,-1.874683996E0,5.523750324E0
3.187736667E0,9.115194514E-1,9.159043515E0,2.677553483E0,9.585835304E0
3.197688667E0,8.214592472E-2,1.016035230E1,7.104389237E0,1.239805845E1
3.207640667E0,-1.906642392E0,6.746516835E0,8.220362504E0,1.080394068E1
3.217592667E0,-1.606696748E0,4.550983837E0,7.011498030E0,8.511993477E0
3.227545667E0,8.204606889E-1,5.731678764E0,1.595822096E0,6.005992454E0
3.237497667E0,2.778922568E0,5.922026684E0,-2.892369077E0,7.152524698E0
3.247449667E0,4.269231657E0,3.537302345E0,-2.238663815E0,5.979169048E0
3.257401667E0,4.362995561E0,8.760766268E-1,-1.644487302E0,4.744215321E0
3.267354667E0,5.378856018E0,-6.652938581E-1,-6.078145587E-1,5.453819443E0
3.277306667E0,5.302872620E0,-3.786253399E-1,1.222775584E0,5.455180593E0
3.287258667E0,4.144931547E0,2.790460879E-1,1.250699548E0,4.338499004E0
3.297210667E0,4.186310830E0,1.327715564E0,6.350041115E-1,4.437483207E0
3.307163667E0,4.696524835E0,3.192901343E0,-1.512463824E-1,5.681094963E0
3.317115667E0,8.342427224E-1,3.296909276E0,-6.000845397E-1,3.453356795E0
3.327067667E0,9.059550217E-1,1.916353594E0,-1.051369135E0,2.366123973E0
3.337019667E0,7.287579288E-1,-5.719313657E-1,-9.911218373E-1,1.356656221E0
3.346972667E0,-3.691444890E0,-3.834132155E0,-9.450152993E-1,5.405588652E0
3.356924667E0,-5.349390144E0,-5.718033117E0,-5.980345058E-1,7.852994519E0
3.366876667E0,-5.932704869E0,-4.712623681E0,2.078415023E0,7.856565282E0
3.376828667E0,-5.097380996E0,1.699768049E-1,2.767133996E0,5.802518047E0
3.386781667E0,-1.541504386E-1,4.684046584E-1,2.671976409E0,2.717098307E0
3.396733667E0,-3.015444195E-1,-4.497853696E-2,6.728047527E-2,3.122158998E-1
3.406685667E0,1.935282201E-3,3.226218778E-1,-2.583486255E-1,4.133190458E-1
3.416637667E0,1.086894625E0,2.718627834E-1,-9.198535609E-1,1.449613698E0
3.426590667E0,1.377558838E0,-9.624049187E-2,-1.419508663E0,1.980387697E0
3.436542667E0,2.050914837E0,5.974509537E-2,-1.522810253E0,2.555146221E0
3.446494667E0,2.353392326E0,-6.342591763E-2,-1.967060648E0,3.067866666E0
3.456446667E0,2.356133062E0,-3.257834673E-2,-1.774004298E0,2.949494127E0
3.466399667E0,2.319520575E0,1.859128064E-1,-9.796681651E-1,2.524775036E0
3.476351667E0,2.098929687E0,3.832493180E-1,-1.764958656E-1,2.140919583E0
3.486303667E0,1.703285733E0,4.172122854E-1,7.075668152E-1,1.891004807E0
3.496255667E0,1.429636479E0,3.018297637E-1,1.167718129E0,1.870435056E0
3.506208667E0,8.276052555E-1,1.363781190E-1,1.322195792E0,1.565800486E0
3.516160667E0,-1.158093685E-1,4.098898172E-3,1.268965080E0,1.274245261E0
3.526112667E0,-1.085902791E0,-2.195062298E-1,1.094045697E0,1.557017612E0
3.536065667E0,-2.006646298E0,-5.065729433E-1,8.220647264E-1,2.226889294E0
3.546017667E0,-2.755922253E0,-7.084854859E-1,4.781899738E-1,2.885433208E0
3.555969667E0,-3.235293072E0,-9.438365006E-1,1.360179305E-1,3.372899269E0
3.565921667E0,-3.183180347E0,-1.069698987E0,-5.800017659E-1,3.407828501E0
3.575874667E0,-3.400749979E0,-3.525169373E-1,-1.581437945E0,3.767003396E0
3.585826667E0,-1.930674741E0,-1.162040555E-1,2.259603864E0,2.974360092E0
3.595778667E0,-1.821067075E-1,-4.159984034E-1,9.360573649E-2,4.636588816E-1
3.605730667E0,1.036816877E0,-1.632343805E-1,3.574776419E-1,1.108794374E0
3.615683667E0,1.665277224E0,1.016187608E-2,8.284276664E-1,1.859984918E0
3.625635667E0,1.835262215E0,3.394454867E-1,8.846673560E-1,2.065441107E0
3.635588417E0,1.546269721E0,6.104417127E-1,5.756865207E-1,1.759262375E0
3.645540417E0,2.066119498E-1,1.004746946E0,1.746586704E-1,1.040533793E0
3.655493417E0,-2.875312749E-1,3.070934272E-1,-1.837627121E-1,4.590744399E-1
3.665445417E0,-5.291766711E-1,-3.288152486E-1,-1.213208297E0,1.363826158E0
3.675397417E0,-1.173540567E-1,-8.174775857E-1,-1.574940519E0,1.778336081E0
3.685349417E0,2.189191693E-1,-4.300211960E-1,-1.330369030E0,1.415176875E0
3.695302417E0,1.342071940E-1,-6.991457283E-2,-7.651245403E-1,7.799456267E-1
3.705254417E0,9.200973898E-2,8.799416363E-2,-3.542711750E-1,3.764529590E-1
3.715206417E0,2.354868163E-1,1.026022625E-1,2.561700992E-1,3.627731862E-1
3.725158417E0,7.245773157E-1,-3.380515105E-1,4.097471452E-1,8.984341006E-1
3.735111417E0,1.344295928E0,-1.060660946E0,4.068843484E-1,1.760025016E0
3.745063417E0,1.416393705E0,-1.291979721E0,1.474865862E-1,1.922793546E0
3.755015417E0,9.190552698E-1,-1.010926868E0,-2.358393303E-1,1.386454439E0
3.764967417E0,5.997369227E-1,-7.836929584E-1,-6.369524769E-1,1.174549908E0
3.774920417E0,5.415331534E-1,-5.087820214E-1,-9.583737751E-1,1.212681984E0
3.784872417E0,3.648506154E-1,-2.914217198E-1,-8.751328131E-1,9.919173508E-1
3.794824417E0,1.726146300E-1,-4.009780759E-1,-8.241030657E-1,9.325905268E-1
3.804776417E0,-1.218630786E0,3.802689922E-1,-4.077030317E-1,1.340107182E0
3.814729417E0,-2.922392190E0,-7.540259403E-1,-4.705418158E-1,3.054560661E0
3.824681417E0,-6.070348325E-1,-2.224003091E0,-2.292726002E0,3.251349498E0
3.834633417E0,6.267456503E-1,-8.524743408E-1,-6.089126658E-1,1.220777312E0
3.844585417E0,9.742801751E-1,2.157780451E-1,-1.162297468E-1,1.004634948E0
3.854538417E0,1.403938405E0,2.948148590E-1,3.891041350E-1,1.486391898E0
3.864490417E0,1.569213903E0,1.874874616E-1,7.715705109E-1,1.758665651E0
3.874442417E0,1.108488539E0,4.164819682E-1,2.449222855E-1,1.209210898E0
3.884394417E0,2.310243675E-1,5.526911026E-1,-3.279995986E-1,6.829520115E-1
3.894347417E0,-2.339374503E-1,3.032950759E-3,-1.342658708E0,1.362889701E0
3.904299417E0,-3.817066763E-1,-2.834712607E-1,-1.770135781E0,1.832876598E0
3.914251417E0,-4.305803360E-1,-5.392249650E-1,-1.958570491E0,2.076574429E0
3.924203417E0,-3.493035999E-1,-1.185417724E-1,-2.070673310E0,2.103272001E0
3.934156417E0,5.924384281E-2,-1.124203223E-1,-1.355875754E0,1.361817617E0
3.944108417E0,1.342681805E0,-7.088088369E-1,-4.780005240E-1,1.591756544E0
3.954060417E0,1.761654687E0,5.009765732E-1,-1.380855060E-1,1.836701491E0
3.964012417E0,2.277968360E0,8.854333413E-1,3.407441533E-1,2.467638270E0
3.973965417E0,2.121541454E0,-1.095224422E-1,4.347837166E-1,2.168402681E0
3.983917417E0,1.855603070E0,-1.661374646E0,8.720022869E-1,2.638904404E0
3.993869417E0,2.622695491E0,-3.731895343E0,1.987026551E0,4.975324010E0
4.003821417E0,2.014030308E0,-1.970694108E0,2.335655674E0,3.659950926E0
4.013774417E0,1.934475577E0,-7.215943587E-1,1.949776863E0,2.839810556E0
4.023726417E0,2.190427794E0,-3.323130530E-1,9.692274499E-1,2.418224088E0
4.033678417E0,2.966431080E0,-1.025668868E0,1.033657334E0,3.304566153E0
4.043630417E0,3.426390312E0,-1.213452784E0,1.630364522E0,3.983805556E0
4.053583417E0,3.204364517E0,-6.699330389E-1,2.174766612E0,3.930187279E0
4.063535417E0,1.965795311E0,-1.060006642E-1,2.580078059E0,3.245364407E0
4.073487417E0,5.854526134E-1,1.545290458E-1,1.867286684E0,1.963006253E0
4.083439417E0,-4.631877726E-1,5.630903757E-1,1.249103258E0,1.446330748E0
4.093392417E0,-1.415469992E0,1.324539356E0,1.022162878E0,2.191523842E0
4.103344417E0,-1.659574288E0,1.122680023E0,9.375899202E-1,2.212164576E0
4.113296417E0,-1.081743667E0,7.047268957E-1,6.031560820E-1,1.424993550E0
4.123248417E0,-1.083689474E0,8.358594775E-1,5.708618734E-1,1.482878019E0
4.133201417E0,-1.233436228E0,3.198567295E-1,6.375552517E-1,1.424833308E0
4.143153417E0,-1.341871819E0,5.773774624E-2,1.106318929E0,1.740084825E0
4.153105417E0,-1.500959500E0,-5.975146884E-1,1.700266816E0,2.345380666E0
4.163057417E0,-1.780110838E0,-2.369350255E-2,1.545614394E0,2.357600440E0
4.173010417E0,-1.344093761E0,8.148176873E-1,9.422472274E-1,1.832578986E0
4.182962417E0,-9.017950201E-1,1.197705647E0,5.048994702E-1,1.581978682E0
4.192914417E0,-1.446138638E0,1.817738548E0,3.183434701E-1,2.344532566E0
4.202866417E0,-1.445984564E0,1.000943332E0,5.237801296E-1,1.834967176E0
4.212819417E0,-2.764551574E0,1.465049118E0,3.857414013E-1,3.152445202E0
4.222771417E0,-2.287895909E0,-1.036148248E0,8.596640772E-1,2.654636173E0
4.232723417E0,-1.496769093E0,-1.403362747E0,9.793612593E-1,2.273520001E0
4.242675417E0,-8.379456179E-1,-6.802451885E-1,1.237972498E0,1.642395288E0
4.252628417E0,-9.294631675E-1,2.062827516E-1,1.355018553E0,1.656058462E0
4.262580417E0,-4.015520386E0,1.024647360E0,1.053093479E0,4.275898976E0
4.272532417E0,-2.722196682E0,2.417209715E0,9.866977608E-1,3.771847035E0
4.282484417E0,-1.731045390E0,2.251878523E0,8.700820613E-1,2.970608997E0
4.292437417E0,-3.430662288E-1,2.417233688E0,1.386677717E0,2.807772824E0
4.302389417E0,2.526181349E-1,5.936558184E0,-6.958198321E-1,5.982533262E0
4.312341417E0,5.981456029E-1,1.574541155E0,3.836229551E-1,1.727461890E0
4.322293417E0,5.937340249E-1,-3.669909595E0,2.451290796E0,4.453042004E0
4.332246417E0,1.432871744E0,-3.696546586E0,2.003561307E0,4.442053130E0
4.342198417E0,2.255228246E0,-1.820644029E0,2.166592205E0,3.618690496E0
4.352150417E0,1.640729735E0,-7.442581666E-1,1.272982117E0,2.205991331E0
4.362102417E0,9.798242126E-1,-2.599537593E-1,1.269002502E0,1.624191736E0
4.372055417E0,7.145205434E-1,-9.748594880E-2,1.057210504E0,1.279741054E0
4.382007417E0,3.058511862E-1,-4.437586445E-1,7.267773306E-1,9.048049353E-1
4.391959417E0,-4.068668067E-2,-4.825034648E-1,7.934695029E-1,9.295476597E-1
4.401911417E0,-1.198468709E-1,-4.540924287E-1,8.711111712E-1,9.896453299E-1
4.411864417E0,-1.066925360E-1,-6.124730355E-1,7.738848388E-1,9.926753045E-1
4.421816417E0,-2.019581509E-1,-5.702842051E-1,9.526997101E-1,1.128560103E0
4.431768417E0,-1.275021918E-1,-2.806008625E-1,1.119661106E0,1.161307300E0
4.441720417E0,2.736467689E-2,7.759606004E-2,9.689456141E-1,9.724328137E-1
4.451673417E0,1.621770577E-1,4.674772900E-1,9.113259816E-1,1.036991543E0
4.461625417E0,1.792652531E-1,6.885646069E-1,1.006881180E0,1.232909956E0
4.471577417E0,1.001620732E-1,6.103738850E-1,8.761678433E-1,1.072501194E0
4.481529417E0,-2.173585474E-2,2.905253416E-1,6.899644303E-1,7.489514915E-1
4.491482417E0,-1.892708623E-1,-2.803067476E-1,7.697122657E-1,8.407450886E-1
4.501434417E0,-3.897259864E-1,-8.103445673E-1,1.163191288E0,1.470224008E0
4.511386417E0,-4.864653920E-1,-1.052253234E0,1.646026289E0,2.013277922E0
4.521338417E0,-5.372671710E-1,-9.150670302E-1,1.977852269E0,2.244527407E0
4.531291417E0,-4.882885538E-1,-3.981766748E-1,1.945607214E0,2.045081369E0
4.541243417E0,-4.083921991E-1,2.211528057E-1,1.085136806E0,1.180345136E0
4.551195417E0,-2.980182561E-1,6.622410268E-1,1.369897377E-1,7.390157284E-1
4.561147417E0,-1.022561073E-1,9.531394207E-1,1.206139890E-1,9.661670669E-1
4.571100417E0,7.472712368E-2,9.802634847E-1,2.280776815E-1,1.009217554E0
4.581052417E0,1.366602471E-1,5.548259211E-1,2.417695399E-1,6.204517195E-1
4.591004417E0,2.007387140E-1,-1.755632347E-1,3.662567246E-1,4.530590127E-1
4.600956417E0,2.385509035E-1,-8.648663449E-1,5.340425412E-1,1.044079386E0
4.610909417E0,1.705200112E-1,-1.334761459E0,7.622114575E-1,1.546490068E0
4.620861417E0,9.908720881E-2,-1.502029248E0,7.475653517E-1,1.680703452E0
4.630812542E0,-2.502520591E-2,-1.348598310E0,4.212486184E-1,1.413079637E0
4.640764542E0,-2.776526964E-1,-9.660044646E-1,5.332309842E-1,1.137800918E0
4.650717542E0,-4.613260192E-1,-5.282544190E-1,8.807321799E-1,1.125861270E0
4.660669542E0,-3.027451453E-1,1.515212381E-1,1.330485975E0,1.372882456E0
4.670621542E0,-2.624616301E-1,9.599999589E-1,1.667103163E0,1.941576417E0
4.680573542E0,-1.360261166E-1,1.429318537E0,9.476652575E-1,1.720326720E0
4.690526542E0,1.235224307E-2,1.528359845E0,1.555616641E-1,1.536305902E0
4.700478542E0,2.267813355E-2,1.088053982E0,1.334346306E-1,1.096439951E0
4.710430542E0,1.540621457E-1,4.303410387E-1,3.717735726E-1,5.891893953E-1
4.720382542E0,3.042891026E-1,-7.386729062E-2,5.818833268E-1,6.607847157E-1
4.730335542E0,2.738008431E-1,-4.341709650E-1,5.938321120E-1,7.849254141E-1
4.740287542E0,4.197941235E-1,-3.958711177E-1,1.780091067E-1,6.038445909E-1
4.750239542E0,7.706905049E-1,-1.318137825E-2,-7.045380306E-1,1.044275557E0
4.760191542E0,1.226583876E0,4.364782763E-1,-1.248105138E0,1.803548648E0
4.770144542E0,1.737263904E0,7.127697408E-1,-1.195728119E0,2.226183350E0
4.780096542E0,2.052775421E0,7.204132211E-1,-9.719294482E-1,2.382756595E0
4.790048542E0,2.043703027E0,5.333315563E-1,-9.323315191E-1,2.308767350E0
4.800000542E0,1.984379224E0,1.442560726E-1,-1.290957627E0,2.371738247E0
4.809952542E0,1.947542058E0,-2.761113703E-1,-1.990403903E0,2.798368319E0
4.819905542E0,1.568745541E0,-4.431107730E-1,-2.007533906E0,2.586020516E0
4.829857542E0,1.206041584E0,-2.430453658E-1,-1.955956201E0,2.310708119E0
4.839809542E0,1.053325321E0,2.923806632E-1,-2.314306905E0,2.559491578E0
4.849761542E0,1.101180835E0,8.864612818E-1,-2.427209038E0,2.808871045E0
4.859714542E0,1.357007629E0,1.232076166E0,-3.078014081E0,3.582408696E0
4.869666542E0,1.338780835E0,1.052113486E0,-3.287726809E0,3.702488957E0
4.879618542E0,9.868604596E-1,2.978536570E-1,-2.627679657E0,2.822642512E0
4.889570542E0,6.528527373E-1,-5.143719596E-1,-2.398376418E0,2.538307438E0
4.899523542E0,4.061992009E-1,-1.295198028E0,-2.411832615E0,2.767575164E0
4.909475542E0,3.775854126E-2,-1.554450122E0,-2.515773305E0,2.957508447E0
4.919427542E0,-2.201758821E-1,-1.314973311E0,-2.643559526E0,2.960749769E0
4.929379542E0,9.257443383E-2,-1.232014770E0,-2.661916859E0,2.934660421E0
4.939332542E0,3.166080165E-1,-1.137682809E0,-2.561166995E0,2.820308349E0
4.949284542E0,4.228025890E-1,-1.323519017E0,-2.530529923E0,2.886874835E0
4.959236542E0,5.294056626E-1,-1.755853956E0,-2.477139582E0,3.082128158E0
4.969188542E0,4.858124042E-1,-2.105989323E0,-2.393445022E0,3.224869578E0
4.979141542E0,3.654941015E-1,-2.186230663E0,-2.447865205E0,3.302307452E0
4.989093542E0,1.648650227E-1,-1.945174520E0,-2.479059223E0,3.155411070E0
4.999045542E0,-9.879967198E-3,-1.385444539E0,-2.706690159E0,3.040678510E0
5.008997542E0,5.787376709E-2,-7.514660293E-1,-3.057361422E0,3.148890191E0
5.018950542E0,-2.452523974E-1,-3.208653742E-1,-3.021242587E0,3.048115827E0
5.028902542E0,-9.099226499E-1,-2.144074577E-1,-2.248674833E0,2.435255283E0
5.038854542E0,-1.131242832E0,-2.032439536E-1,-1.797182661E0,2.133280096E0
5.048806542E0,-7.608455479E-1,-2.255317855E-1,-1.862394026E0,2.024416470E0
5.058759542E0,-4.338157832E-1,-2.293529409E-1,-1.602438513E0,1.675890239E0
5.068711542E0,-5.374791326E-1,8.309478164E-2,-1.467532723E0,1.565068961E0
5.078663542E0,-8.599306371E-1,4.553700453E-1,-2.006684013E0,2.230162170E0
5.088615542E0,-1.013477716E0,7.093783557E-1,-2.669979585E0,2.942642642E0
5.098568542E0,-1.214485914E0,1.113043812E0,-2.212006359E0,2.758045448E0
5.108520542E0,-1.651246099E0,1.450680170E0,-1.207316716E0,2.507728113E0
5.118472542E0,-2.100381258E0,1.658255741E0,-6.610581350E-1,2.756521611E0
5.128424542E0,-1.846168149E0,1.992691333E0,-1.292660336E0,3.008342788E0
5.138377542E0,-1.248907961E0,2.066469162E0,-2.936671383E0,3.801855429E0
5.148329542E0,-5.502077536E-1,1.635452185E0,-4.038199981E0,4.391411106E0
5.158281542E0,-2.400391661E-1,7.147390831E-1,-3.341441086E0,3.425448772E0
5.168233542E0,-3.827166367E-1,1.990409750E-1,-1.482657715E0,1.544138347E0
5.178186542E0,-4.039315410E-1,5.506200188E-1,-4.851130772E-1,8.376620993E-1
5.188138542E0,-4.509576633E-1,1.048879976E0,-9.383480117E-1,1.477839304E0
5.198090542E0,-5.400375452E-1,1.691707662E0,-1.071536767E0,2.074055546E0
5.208042542E0,-4.686264141E-1,2.020383162E0,-1.310795476E0,2.453516582E0
5.217995542E0,-1.962365773E-1,2.194236086E0,-1.489661218E0,2.659374238E0
5.227947542E0,4.733124458E-1,2.640035409E0,-1.271321508E0,2.968176209E0
5.237899542E0,1.265988116E0,3.097305214E0,-1.659030497E-1,3.350156612E0
5.247851542E0,1.774513883E0,3.548310898E0,-2.350989997E-2,3.967362155E0
5.257804542E0,1.801429786E0,3.711573930E0,-7.783339852E-1,4.198420430E0
5.267756542E0,1.336801260E0,3.335110306E0,-1.214974814E0,3.792909458E0
5.277708542E0,7.663906087E-1,2.942358093E0,-2.008234402E0,3.643875838E0
5.287660542E0,6.416079569E-1,2.422420753E0,-2.654282734E0,3.650342437E0
5.297613542E0,7.302891684E-1,2.099619951E0,-2.480951967E0,3.331193310E0
5.307565542E0,1.053642387E0,1.738776578E0,-2.426274068E0,3.165487660E0
5.317517542E0,1.115467483E0,1.430535927E0,-2.029188484E0,2.721820466E0
5.327469542E0,9.920586343E-1,5.617794299E-1,-2.631348785E0,2.867712135E0
5.337422542E0,5.238251531E-1,-2.827163851E-1,-2.574604481E0,2.642519551E0
5.347374542E0,4.008856533E-2,-4.580773062E-1,-1.742038740E0,1.801704993E0
5.357326542E0,-4.328731754E-1,-9.193869531E-1,-9.634989327E-1,1.400350581E0
5.367278542E0,-1.314853590E0,-9.698525172E-1,-5.302722931E-2,1.634706626E0
5.377230542E0,-2.349840435E0,-7.637095141E-1,-4.990154171E-1,2.520717889E0
5.387183542E0,-2.799498627E0,7.359130204E-2,-1.878232087E0,3.371997037E0
5.397135542E0,-2.170118660E0,1.175326599E0,-2.442114176E0,3.471992117E0
5.407087542E0,-2.270242434E0,2.119560125E0,-3.148683529E0,4.422752966E0
5.417039542E0,-2.614993831E0,2.701104898E0,-2.807356408E0,4.692058227E0
5.426992542E0,-2.443833842E0,2.564810979E0,-1.386349103E0,3.804279569E0
5.436944542E0,-1.860722746E0,1.725024512E0,-4.481844020E-1,2.576600078E0
5.446896542E0,-1.055060848E0,6.812140721E-1,-6.837769067E-1,1.429949951E0
5.456848542E0,-7.615507221E-1,-7.007712543E-2,-9.710014951E-1,1.236007366E0
5.466801542E0,-7.376213575E-1,-1.092414250E0,-1.020594655E0,1.667053572E0
5.476753542E0,-3.397627712E-1,-1.716074179E0,-9.597754258E-1,1.995374199E0
5.486705542E0,4.029142717E-1,-1.808140343E0,-1.431027094E0,2.340843855E0
5.496657542E0,1.136595958E0,-1.977003838E0,-1.566000127E0,2.766360596E0
5.506610542E0,1.643032661E0,-2.181072249E0,-1.643789145E0,3.187267676E0
5.516562542E0,1.855745742E0,-2.382941523E0,-1.439904336E0,3.345971766E0
5.526514542E0,1.427684240E0,-2.277319173E0,-4.647355306E-1,2.727717731E0
5.536466542E0,2.405063586E-1,-2.124520903E0,1.144499493E0,2.425141535E0
5.546419542E0,-9.958501882E-1,-1.914802912E0,1.729058506E0,2.765471227E0
5.556371542E0,-1.687472085E0,-1.642195778E0,1.727727095E0,2.920515353E0
5.566323542E0,-1.962247805E0,-1.753492851E0,1.457010366E0,3.007994819E0
5.576275542E0,-2.052777468E0,-1.438537257E0,1.024283663E0,2.707848185E0
5.586228542E0,-2.048172785E0,-1.482097260E0,4.527405524E-1,2.568384327E0
5.596180542E0,-2.980634259E0,-1.677442210E0,-2.192705870E-3,3.420233583E0
5.606132542E0,-1.721842019E0,-1.786837767E0,-2.417320812E-1,2.493183415E0
5.616084542E0,-1.316150356E0,-1.686593687E0,-3.143100607E-1,2.162323019E0
5.626037542E0,-1.197536663E0,-1.050415455E0,-2.372121835E-1,1.610508089E0
5.635988792E0,-1.059077154E0,6.198335105E-1,-2.984676147E-1,1.262901784E0
5.645940792E0,1.886436936E-2,1.695103725E0,-7.051917493E-1,1.836035921E0
5.655892792E0,1.738885190E0,4.250042850E-1,-5.224025255E-1,1.864739860E0
5.665845792E0,1.565339684E0,-6.279319042E-1,6.659733045E-1,1.813313884E0
5.675797792E0,-2.780047280E0,6.321930626E0,-1.429168264E0,7.052516689E0
5.685749792E0,-2.098305789E0,5.527176490E0,1.004678534E1,1.165720647E1
5.695701792E0,1.523940374E0,-6.303361039E0,8.266868919E0,1.050694420E1
5.705654792E0,-1.524514570E-1,-9.463876408E-1,4.506252637E0,4.607081923E0
5.715606792E0,1.117863599E0,1.213673224E0,2.098714802E0,2.669686412E0
5.725558792E0,1.421251718E0,2.129830175E0,9.310445470E-1,2.724514080E0
5.735510792E0,4.927501986E-1,3.203766639E0,1.553599352E0,3.594522831E0
5.745463792E0,-7.226168905E-1,3.329776475E0,2.144066391E0,4.025743066E0
5.755415792E0,-1.439794701E0,2.719147652E0,2.015048162E0,3.677933092E0
5.765367792E0,-1.636216416E0,1.252083583E0,7.643187940E-1,2.197521485E0
5.775319792E0,-1.929138239E0,1.882887055E0,4.462571597E-1,2.732395187E0
5.785271792E0,-2.055762763E0,3.816929061E0,1.150609249E-1,4.336859119E0
5.795224792E0,-1.034608896E0,3.594167102E0,-4.365203762E-1,3.765501662E0
5.805176792E0,1.570704285E-1,3.435947878E0,-6.265385127E-1,3.496134930E0
5.815128792E0,1.025899541E0,2.833063692E0,-8.233592999E-1,3.123562115E0
5.825080792E0,1.496698050E0,1.642589296E0,-1.160218563E0,2.506852960E0
5.835033792E0,1.277369283E0,4.810299665E-1,-6.518926245E-1,1.512622262E0
5.844985792E0,4.639885488E-1,-1.043773018E0,3.656047601E-1,1.199339121E0
5.854937792E0,-4.939013327E-1,-2.222412064E0,1.202486331E0,2.574689745E0
5.864889792E0,-1.017908590E0,-2.661413999E0,1.685427167E0,3.310578062E0
5.874842792E0,-9.123814771E-1,-2.449566452E0,1.820770329E0,3.185595761E0
5.884794792E0,-4.533249816E-1,-1.277238305E0,1.632392921E0,2.121685150E0
5.894746792E0,-2.560564439E-1,-5.994284821E-1,1.358794684E0,1.507050896E0
5.904698792E0,9.969830132E-1,-1.542738149E0,8.328142476E-1,2.016828127E0
5.914651792E0,1.755068383E0,-4.893599099E-1,1.432876568E0,2.317945946E0
5.924603792E0,1.504718675E0,4.509244072E-1,1.674070120E0,2.295652822E0
5.934555792E0,7.191622093E-1,6.010592705E-1,1.104610373E0,1.448665112E0
5.944507792E0,4.754444137E-2,1.015014657E0,8.723928809E-1,1.339247761E0
5.954460792E0,-2.211318288E-1,1.227035281E0,-1.176506567E-1,1.252340426E0
5.964412792E0,-1.867798023E-1,1.389054610E0,-4.639496648E-1,1.476349788E0
5.974364792E0,3.898689508E-2,1.814596254E0,-3.568503088E-1,1.849762603E0
5.984316792E0,3.098897119E-1,2.136564998E0,-1.815355808E-1,2.166540282E0
5.994269792E0,5.159322891E-1,1.665957693E0,1.594757903E-1,1.751294861E0
6.004221792E0,4.469287855E-1,1.419603973E0,1.172928071E-1,1.492909368E0
6.014173792E0,3.005047846E-1,8.404559737E-1,3.300425792E-1,9.516288528E-1
6.024125792E0,2.876974089E-1,3.296940851E-1,3.349992639E-1,5.510830206E-1
6.034077792E0,3.955095040E-1,-1.015754914E-1,2.463928968E-1,4.769222240E-1
6.044030792E0,3.960430624E-1,-3.387058139E-1,5.390127110E-1,7.497375796E-1
6.053982792E0,6.644512743E-1,-3.961956382E-1,8.532917815E-1,1.151769658E0
6.063934792E0,9.154910995E-1,-2.807131290E-2,1.141396961E0,1.463454466E0
6.073886792E0,9.821483347E-1,3.787493008E-1,-1.890381432E-1,1.069486701E0
6.083839792E0,2.356993992E-1,3.519117504E-1,-1.478693596E0,1.538158261E0
6.093791792E0,-1.344753254E-1,2.651338077E-1,-2.645648151E0,2.662298572E0
6.103743792E0,-2.731712441E-1,4.198932338E-1,-2.003403432E0,2.065080669E0
6.113695792E0,-7.784917139E-2,4.736238831E-1,-7.970345503E-1,9.303999949E-1
6.123648792E0,4.653861064E-1,4.346024895E-1,-2.735327482E-3,6.367660747E-1
6.133600792E0,7.585511736E-1,1.036499666E0,9.813194919E-1,1.616390852E0
6.143552792E0,8.915506983E-1,1.468358057E0,1.331799259E0,2.173620781E0
6.153504792E0,8.770300884E-1,1.215366578E0,1.113616254E0,1.867200808E0
6.163457792E0,5.913479224E-1,4.323811322E-1,1.135152719E0,1.351006108E0
6.173409792E0,-3.691060728E-1,-3.363295054E-1,1.890896571E0,1.955721522E0
6.183361792E0,-1.044243134E0,-2.785484898E-1,2.016131067E0,2.287535237E0
6.193313792E0,-1.136941748E0,2.725960243E-1,1.101026030E0,1.605989865E0
6.203266792E0,-8.672414839E-2,1.079639838E0,-7.883099198E-2,1.085982313E0
6.213218792E0,8.372856865E-1,1.049367633E0,-2.733912456E-1,1.370022819E0
6.223170792E0,1.262490896E0,6.154861057E-1,1.310384417E-1,1.410630172E0
6.233122792E0,8.075612196E-1,2.865860724E-1,5.358604771E-1,1.010659760E0
6.243074792E0,-3.961378969E-2,1.868705803E-1,5.976316327E-1,6.274180700E-1
6.253027792E0,-6.488689562E-1,3.657217044E-1,2.571166903E-1,7.879671819E-1
6.262979792E0,-9.898591311E-1,7.881929755E-1,3.342268467E-1,1.308731008E0
6.272931792E0,-8.442754481E-1,1.282766848E0,4.178923166E-1,1.591516825E0
6.282883792E0,-6.049595826E-1,1.595682347E0,9.717838526E-2,1.709275253E0
6.292836792E0,7.111822218E-3,1.321459043E0,-4.149406421E-1,1.385092169E0
6.302788792E0,9.317328373E-1,7.460737270E-1,-1.009778475E0,1.563459195E0
6.312740792E0,1.528040441E0,3.362593389E-1,-8.791774052E-1,1.794695195E0
6.322692792E0,1.862681271E0,1.433409834E-1,-2.678048158E-1,1.887285769E0
6.332645792E0,1.990732516E0,-6.292481124E-2,-1.670800942E-1,1.998722402E0
6.342597792E0,1.714296333E0,-1.205678326E-1,-2.353510147E-1,1.734571595E0
6.352549792E0,6.277971990E-1,2.282220894E-1,-1.308296961E0,1.468964119E0
6.362501792E0,-6.551118822E-1,8.860350198E-1,-1.617300088E0,1.957010273E0
6.372454792E0,-1.476379706E0,1.235361716E0,-1.089994673E0,2.212216986E0
6.382406792E0,-1.598629344E0,8.377440351E-1,-6.383183134E-1,1.914387922E0
6.392358792E0,-8.806609169E-1,-1.464160341E-1,-3.312313181E-1,9.522160951E-1
6.402310792E0,-2.815454071E-1,-4.485048294E-2,1.707574081E-1,3.323213423E-1
6.412263792E0,-5.082045358E-2,4.934020901E-1,7.649760211E-1,9.117108389E-1
6.422215792E0,1.544422512E-1,9.876602125E-1,9.884402311E-1,1.405823316E0
6.432167792E0,-1.896129975E-1,1.326982908E0,8.213724160E-1,1.572097125E0
6.442119792E0,-6.921683921E-1,1.427356212E0,9.160505319E-1,1.831827343E0
6.452072792E0,-1.076711260E0,1.460002386E0,2.765838253E-1,1.835051149E0
6.462024792E0,-1.179754549E0,1.623629699E0,-3.007562149E-1,2.029396092E0
6.471976792E0,-9.748011620E-1,1.772943029E0,-8.450325894E-1,2.192634116E0
6.481928792E0,-4.442419899E-1,1.361860380E0,-1.035776365E0,1.767723768E0
6.491880792E0,-3.206830873E-1,9.947189713E-1,-1.898776279E0,2.167407399E0
6.501833792E0,-5.892052102E-1,8.325540465E-1,-1.748590545E0,2.024321594E0
6.511785792E0,-5.266207069E-1,4.827636659E-1,-1.575794213E0,1.730178467E0
6.521737792E0,-3.941615380E-1,1.268202603E-2,-1.350267690E0,1.406679418E0
6.531689792E0,-3.729194807E-1,-4.076725531E-1,-1.296911262E0,1.409696659E0
6.541642792E0,-4.679852669E-1,-4.686204207E-1,-1.414362529E0,1.561741551E0
6.551594792E0,-4.075651105E-1,-6.428633541E-1,-1.452227928E0,1.639618421E0
6.561546792E0,-1.147478065E-1,-4.020294052E-1,-1.235662848E0,1.304475901E0
6.571498792E0,6.508797406E-1,-2.335769695E-1,-8.790511054E-1,1.118451377E0
6.581451792E0,1.724276653E0,5.525618792E-4,-8.654668540E-1,1.929290843E0
6.591403792E0,2.544343970E0,9.023540139E-2,-9.259364194E-1,2.709093376E0
6.601355792E0,2.929179638E0,1.350923163E-1,-7.794063646E-1,3.034109024E0
6.611307792E0,2.690338420E0,3.233744144E-2,-4.050196713E-1,2.720846828E0
6.621260792E0,2.013751250E0,1.755889624E-1,3.448839819E-1,2.050602483E0
6.631212792E0,1.213261288E0,5.708490461E-1,7.807038617E-1,1.551570206E0
6.641165792E0,6.976196051E-1,2.868205458E-1,6.229073918E-1,9.782396218E-1
6.651117792E0,2.945517343E-1,3.175915182E-2,4.010464883E-1,4.986057096E-1
6.661070792E0,-1.913273281E-1,-2.110061324E-1,7.352733350E-1,7.885154479E-1
6.671022792E0,-7.246676552E-1,-3.870669651E-1,1.177384819E0,1.435687660E0
6.680974792E0,-9.866463053E-1,-4.559565210E-1,1.665591073E-1,1.099595024E0
6.690926792E0,-6.149396834E-1,7.877836704E-2,-6.394246066E-1,8.906293689E-1
6.700878792E0,-9.946172297E-2,1.150577674E0,-5.774020207E-1,1.291167964E0
6.710831792E0,3.993607360E-1,1.736878572E0,-3.847923982E-1,1.823266673E0
6.720783792E0,1.103351760E0,1.665453663E0,-4.936236995E-1,2.057859414E0
6.730735792E0,1.718591405E0,1.378852973E0,-8.246334082E-1,2.352618158E0
6.740687792E0,2.094818510E0,1.024878910E0,-8.457740164E-1,2.480720672E0
6.750640792E0,2.250035188E0,7.403025252E-1,-6.760205752E-1,2.463272213E0
6.760592792E0,2.173202482E0,5.707145602E-1,-7.031276822E-1,2.354339116E0
6.770544792E0,1.911986309E0,3.730669767E-1,-6.039717686E-1,2.039522618E0
6.780496792E0,1.666847055E0,3.589494592E-1,-4.686976039E-1,1.768304630E0
6.790449792E0,1.341592761E0,1.837025589E-1,-3.610263902E-1,1.401412794E0
6.800401792E0,8.669388905E-1,-2.538440037E-1,-2.416502202E-1,9.351014100E-1
6.810353792E0,3.527484870E-1,-5.588119680E-1,-2.177310151E-1,6.957794949E-1
6.820305792E0,-1.000309494E-1,-4.346194464E-1,-1.726904976E-1,4.782491631E-1
6.830258792E0,-3.697346485E-1,-2.406772435E-1,-7.618103385E-1,8.803318906E-1
6.840210792E0,-5.909927040E-1,-1.761193049E-1,-1.749954700E0,1.855433060E0
6.850162792E0,-8.336901605E-1,-4.270215744E-1,-2.417640070E0,2.592753404E0
6.860114792E0,-1.030662391E0,-8.544319886E-1,-1.851861144E0,2.285105837E0
6.870066792E0,-1.066049447E0,-1.168202351E0,-9.978197497E-1,1.869973906E0
6.880019792E0,-1.006604314E0,-1.484708626E0,-4.788542175E-1,1.856586468E0
6.889971792E0,-9.129038528E-1,-1.688253127E0,-1.685056454E-1,1.926651556E0
6.899923792E0,-8.441400120E-1,-1.842008586E0,-9.814013529E-1,2.251381044E0
6.909875792E0,-7.595439577E-1,-1.641773610E0,-1.045665761E0,2.089436406E0
6.919828792E0,-4.481300229E-1,-1.129172187E0,-1.237720483E0,1.734301686E0
6.929780792E0,2.563843265E-2,-5.438495278E-1,-1.495698468E0,1.591710886E0
6.939732792E0,5.915442427E-1,-1.291100299E-1,-1.627726259E0,1.736688448E0
6.949684792E0,1.041909656E0,1.512230301E-1,-1.883563578E0,2.157835927E0
6.959637792E0,1.381983280E0,2.597847748E-1,-1.940911900E0,2.396769684E0
6.969589792E0,1.617601951E0,3.432683963E-1,-1.892886963E0,2.513461820E0
6.979541792E0,1.738099325E0,6.237768728E-1,-1.746364510E0,2.541628582E0
6.989493792E0,1.977910157E0,6.250311005E-1,-1.672467399E0,2.664571197E0
6.999446792E0,2.152770995E0,5.321334618E-1,-1.578278695E0,2.721865650E0
7.009398792E0,2.190823797E0,4.359444255E-1,-1.225486354E0,2.547856600E0
7.019350792E0,2.026234178E0,2.150167376E-1,-9.054735035E-1,2.229739762E0
7.029302792E0,1.873057593E0,1.420236057E-1,-4.478674829E-1,1.931087967E0
7.039255792E0,1.645018960E0,9.142414033E-2,-1.598827565E-1,1.655297028E0
7.049207792E0,1.260671097E0,1.168449104E-1,6.694535673E-2,1.267843061E0
7.059159792E0,6.164740659E-1,1.324254012E-1,8.958074713E-1,1.095466926E0
7.069111792E0,-1.325244384E-1,3.908208776E-1,1.713977952E0,1.762958906E0
7.079063792E0,-1.216537556E0,3.447904265E-1,2.188422199E0,2.527456386E0
7.089016792E0,-2.346985532E0,-2.373607028E-1,2.150983062E0,3.192398679E0
7.098968792E0,-3.380068085E0,-5.254951179E-2,2.420657233E0,4.157788252E0
7.108920792E0,-3.389342061E0,-1.121661438E0,-5.926153064E-3,3.570125924E0
7.118872792E0,-1.224177966E0,-3.643189573E-1,-1.345210433E0,1.854974691E0
7.128825792E0,3.905404305E-1,1.013149395E0,-1.853381420E0,2.148026120E0
7.138777792E0,9.756085163E-1,5.544569618E-1,-1.243896897E0,1.675265349E0
7.148729792E0,6.244789041E-1,-9.338324994E-1,-7.582879758E-1,1.355366258E0
7.158681792E0,3.874081136E-1,-1.220879917E0,1.603856170E-1,1.290874264E0
7.168634792E0,1.229859852E-1,-1.053234397E0,7.133100235E-1,1.277982565E0
7.178586792E0,-3.101055472E-1,-8.680244261E-1,6.415804750E-1,1.123057149E0
7.188538792E0,-5.391322135E-1,-5.384952325E-1,3.165577304E-1,8.251360226E-1
7.198490792E0,-8.840678702E-1,-3.146474451E-1,-8.083424807E-2,9.418668640E-1
7.208442792E0,-1.280316280E0,4.126029253E-2,-5.318498719E-1,1.387002694E0
7.218395792E0,-1.721545419E0,-4.963525951E-1,-3.440174246E-1,1.824399220E0
7.228347792E0,-1.670109655E0,-7.287338090E-1,2.041438401E-1,1.833574087E0
7.238299792E0,-1.105762859E0,-5.504855329E-1,5.059221482E-1,1.334804496E0
7.248251792E0,-5.650078239E-1,-2.458327335E-1,6.899492276E-1,9.250391940E-1
7.258204792E0,-4.717797444E-1,6.667696953E-2,4.580849075E-1,6.609566763E-1
7.268156792E0,-9.135934588E-1,2.386558610E-1,-3.804660434E-1,1.018019665E0
7.278108792E0,-7.356483608E-1,7.544679898E-1,-1.485427834E0,1.821234830E0
7.288060792E0,1.894392622E-1,1.044495733E0,-2.828328617E0,3.020976884E0
7.298013792E0,-5.001060690E-1,5.223306048E-1,-9.287992162E-1,1.177116530E0
7.307965792E0,-1.359413320E0,-5.373585337E-1,3.421122848E0,3.720327984E0
7.317917792E0,-1.677828272E0,-1.432037492E0,5.664979575E0,6.079295410E0
7.327869792E0,-1.640829869E0,-1.150692864E0,4.521743665E0,4.945966286E0
7.337822792E0,-1.682434562E0,-8.021473557E-1,2.228812426E0,2.905448549E0
7.347774792E0,-1.299677434E0,-4.965666032E-1,1.159867145E0,1.811361813E0
7.357726792E0,-9.006708929E-1,-3.300168514E-1,1.146554790E0,1.494893663E0
7.367678792E0,-1.225710156E0,-1.003654101E0,1.028955004E0,1.889030265E0
7.377630792E0,-1.763145727E0,-1.603999427E0,1.149851450E0,2.646442021E0
7.387583792E0,-1.635285685E0,-1.429778713E0,1.657233648E0,2.732187732E0
7.397535792E0,-1.163031074E0,-1.081707414E0,1.540839558E0,2.212898269E0
7.407487792E0,-9.158319922E-1,-7.219907999E-1,9.748513019E-1,1.519984873E0
7.417439792E0,-8.489800447E-1,-3.952133060E-1,6.068790042E-1,1.115913437E0
7.427392792E0,-7.837439753E-1,-4.852393770E-1,6.040647393E-1,1.102091685E0
7.437344792E0,-9.445099537E-1,-5.478460997E-1,6.960361791E-1,1.294874806E0
7.447296792E0,-8.197050825E-1,-7.458129412E-1,6.628655094E-1,1.291334213E0
7.457248792E0,-4.791354686E-1,-5.576162124E-1,3.082605314E-1,7.972021029E-1
7.467201792E0,3.690492086E-1,-1.753901571E-1,3.982737386E-1,5.705970526E-1
7.477153792E0,1.390522700E0,-2.388879955E-1,4.584222919E-1,1.483499865E0
7.487105792E0,8.235059188E-1,-3.049024755E-1,-3.839281797E-3,8.781470594E-1
7.497057792E0,9.786802049E-1,-9.496983343E-1,5.826750398E-2,1.364967755E0
7.507010792E0,1.441167773E0,-1.279299449E0,3.659216791E-1,1.961496955E0
7.516962792E0,1.415769954E0,-7.187952965E-1,-2.983717203E-2,1.588068480E0
7.526914792E0,1.383362930E0,-1.629624850E-1,1.402315511E0,1.976547131E0
7.536866792E0,1.451907062E0,2.276239192E-1,1.065101906E0,1.815017586E0
7.546818792E0,1.428282995E0,1.005949134E0,1.115362818E0,2.072669821E0
7.556771792E0,2.004429180E0,1.001657862E0,6.569808716E-1,2.335097145E0
7.566723792E0,2.596876818E0,6.767947465E-1,-3.002229488E-1,2.700361856E0
7.576675792E0,2.069584266E0,5.948822719E-1,-1.611951056E0,2.689879208E0
7.586627792E0,1.115960695E0,4.037660283E-1,-1.956449121E0,2.288250083E0
7.596580792E0,5.983834384E-1,6.684887767E-2,-1.373982242E0,1.500119567E0
7.606532792E0,1.962541920E-1,-1.124168140E-1,-6.211906493E-1,6.610832555E-1
7.616484792E0,1.758424392E-1,-4.330284190E-1,-4.260222852E-1,6.323995277E-1
7.626436792E0,3.986274952E-1,-6.506717259E-1,-2.111441267E-1,7.917445402E-1
7.636388792E0,6.993834177E-1,-4.452479303E-1,2.089397264E-1,8.550080079E-1
7.646340792E0,7.907083015E-1,-4.740454674E-2,4.037654436E-1,8.890969253E-1
7.656292792E0,5.604369092E-1,2.360941958E-1,4.057944274E-1,7.310944644E-1
7.666244792E0,1.215105499E-1,1.932142246E-1,5.074342382E-1,5.564045798E-1
7.676196792E0,-5.889102182E-1,5.185310841E-3,7.781480438E-1,9.758875501E-1
7.686149792E0,-9.330425406E-1,-2.071574950E-1,1.057155540E0,1.425152780E0
7.696101792E0,-8.327809185E-1,-2.185279906E-2,1.449881440E0,1.672171580E0
7.706053792E0,-5.318478984E-1,3.230288440E-1,9.709564716E-1,1.153241645E0
7.716005792E0,-2.023735955E-1,5.102514267E-1,1.040339532E0,1.176272899E0
7.725958792E0,-7.291931078E-2,4.994440180E-1,1.163210583E0,1.267998586E0
7.735910792E0,3.348576151E-2,6.821408558E-1,1.102679037E0,1.297049923E0
7.745862792E0,-1.888539559E-1,7.977753925E-1,3.771968651E-1,9.024349664E-1
7.755814792E0,-3.917176943E-1,8.627584237E-1,-1.858549190E-1,9.655759424E-1
7.765767792E0,-7.273286500E-1,7.130030447E-1,-9.113400149E-1,1.366719038E0
7.775719792E0,-8.112484737E-1,5.627997690E-1,-1.292696005E0,1.626631681E0
7.785671792E0,-5.366867252E-1,3.087236309E-1,-1.342710748E0,1.478585498E0
7.795623792E0,-2.191289747E-1,4.019545609E-1,-8.683863688E-1,9.816719727E-1
7.805575792E0,1.563608688E-1,7.618027371E-1,-5.775049317E-1,9.686609715E-1
7.815528792E0,3.306992215E-1,6.731244493E-1,-3.772196692E-1,8.394957880E-1
7.825480792E0,9.928853575E-2,6.825103998E-1,-2.781070250E-1,7.436546084E-1
7.835432792E0,6.808327971E-2,5.790100050E-1,-4.487223458E-1,7.356899228E-1
7.845384792E0,-2.792600960E-2,2.033187979E-1,-5.044919193E-1,5.446379460E-1
7.855337792E0,1.567815760E-2,2.262989402E-2,-1.706375402E-1,1.728441114E-1
7.865289792E0,3.056912649E-1,-1.067333204E-1,1.398086804E-1,3.526834533E-1
7.875241792E0,2.859362823E-1,-2.728363448E-1,8.757959604E-2,4.048078733E-1
7.885193792E0,-9.142984137E-2,-3.713391244E-1,5.366106749E-1,6.589409515E-1
7.895146792E0,-1.456728164E-1,-3.383181435E-1,1.780085403E0,1.817796407E0
7.905098792E0,-2.997660802E-1,-3.733564138E-1,2.488504815E0,2.534148956E0
7.915050792E0,-3.445465245E-1,-1.992584914E-1,2.701903628E0,2.731061967E0
7.925002792E0,2.215891907E-1,7.006408614E-1,1.399105974E0,1.580347086E0
7.934954792E0,7.107930896E-1,1.197638404E0,-3.225943959E-1,1.429556472E0
7.944907792E0,8.513192964E-1,1.002304564E0,-6.152235657E-1,1.451846762E0
7.954859792E0,6.969986308E-1,9.452702379E-1,2.727141380E-3,1.174457471E0
7.964811792E0,6.165712027E-1,8.856906188E-1,4.728690076E-1,1.178224520E0
7.974763792E0,9.136375321E-1,6.386171061E-1,2.022095811E-1,1.132896316E0
7.984716792E0,7.443694098E-1,3.857033944E-1,8.783804297E-2,8.429522220E-1
7.994668792E0,3.891917336E-1,2.614652646E-1,2.618745697E-1,5.370405761E-1
8.004620792E0,1.340620369E-3,2.316935813E-1,3.847432816E-1,4.491225953E-1
8.014572792E0,-4.573530919E-1,1.427048063E-1,2.373893541E-1,5.346870280E-1
8.024525792E0,-8.180035427E-1,6.290434599E-2,1.829318959E-1,8.405657804E-1
8.034477792E0,-1.064284173E0,-1.012094557E-2,-3.052117932E-1,1.107229639E0
8.044429792E0,-1.038174162E0,-2.568512267E-1,-9.262550926E-1,1.414823890E0
8.054381792E0,-8.483005983E-1,-7.607648563E-1,-1.499409111E0,1.883243148E0
8.064333792E0,-5.532805385E-1,-9.742051846E-1,-1.504825387E0,1.876084897E0
8.074286792E0,-1.421049551E-1,-9.741993374E-1,-1.215350205E0,1.564076177E0
8.084238792E0,1.578303472E-1,-9.527915114E-1,-1.316622226E0,1.632855220E0
8.094190792E0,2.073098150E-1,-8.506342220E-1,-1.652259421E0,1.869897627E0
8.104142792E0,3.317982057E-1,-6.029385656E-1,-1.321892322E0,1.490310127E0
8.114095792E0,5.483705950E-1,-5.891291964E-1,-1.800618485E0,1.972310941E0
8.124047792E0,9.926655753E-1,-3.650919592E-1,-1.877656721E0,2.155057272E0
8.133999792E0,1.623623706E0,-1.238171303E-1,-1.703682759E0,2.356696749E0
8.143951792E0,1.982981155E0,1.618257862E-1,-1.270718075E0,2.360746973E0
8.153904792E0,1.821836130E0,2.209370434E-2,-8.913770360E-1,2.028331343E0
8.163856792E0,1.597048111E0,1.238329178E-1,-9.200009108E-1,1.847240898E0
8.173808792E0,1.312342503E0,3.041709888E-1,-1.060545171E0,1.714502521E0
8.183760792E0,8.833478587E-1,2.614062077E-1,-7.572167659E-1,1.192482233E0
8.193712792E0,3.345012638E-1,1.804006362E-1,1.139037609E-2,3.802173401E-1
8.203665792E0,1.238597419E-2,1.631285459E-1,8.739394695E-1,8.891200881E-1
8.213617792E0,-2.823709974E-1,2.194243687E-1,1.329293727E0,1.376554484E0
8.223569792E0,-6.176554227E-1,1.705773139E-1,1.017982119E0,1.202864263E0
8.233521792E0,-6.860098853E-1,-2.365736675E-1,8.360927814E-1,1.107080757E0
8.243474792E0,-7.539254413E-1,-2.275537527E-1,1.098529269E0,1.351647452E0
8.253426792E0,-7.081326795E-1,-3.028156042E-2,4.880916488E-1,8.605825483E-1
8.263378792E0,-4.881827192E-1,4.033000052E-2,-1.390438646E-1,5.091974789E-1
8.273330792E0,-1.347764204E-1,5.990507519E-1,1.089827442E-1,6.236214600E-1
8.283283792E0,7.386911787E-2,1.018612449E0,7.573114908E-1,1.271435669E0
8.293235792E0,1.004805272E-1,9.809411770E-1,9.443873084E-1,1.365360508E0
8.303187792E0,-2.244060503E-1,3.177862304E-1,6.521306062E-1,7.593553129E-1
8.313139792E0,-7.300268476E-1,-5.158723551E-1,3.376194012E-1,9.555366791E-1
8.323091792E0,-1.460098573E0,-8.580660331E-1,1.828658223E-1,1.703409836E0
8.333044792E0,-1.947945662E0,-5.450347584E-1,2.274344695E-1,2.035505251E0
8.342996792E0,-2.192011513E0,-1.671865135E-1,3.442934132E-1,2.225174995E0
8.352948792E0,-1.820176837E0,-4.316414595E-2,2.152512109E-1,1.833368469E0
8.362900792E0,-1.338643279E0,-6.904924339E-1,-3.531402504E-1,1.547079076E0
8.372853792E0,-9.004777886E-1,-7.232602304E-1,-7.469244969E-1,1.375449677E0
8.382805792E0,-5.261591423E-1,-4.819538265E-1,-7.139976561E-1,1.009413487E0
8.392757792E0,-5.373067128E-1,-4.630842769E-1,-4.557694101E-1,8.431318440E-1
8.402709792E0,-5.501723414E-1,-1.537390870E-1,-2.300107527E-1,6.158167410E-1
8.412661792E0,-5.881914492E-1,-3.819822264E-1,6.314291239E-2,7.041779814E-1
8.422614792E0,-4.882436033E-1,-8.254087490E-1,1.413283718E-1,9.693581009E-1
8.432566792E0,-4.231061326E-1,-8.391549683E-1,5.101461768E-2,9.411707345E-1
8.442518792E0,-4.724267388E-1,-7.720254242E-1,-1.992526442E-1,9.267749972E-1
8.452470792E0,-3.952428344E-1,-6.589923137E-1,-5.718050659E-1,9.578354770E-1
8.462423792E0,-1.975109048E-1,-6.137488979E-1,-9.166533798E-1,1.120692503E0
8.472375792E0,2.120144847E-1,-8.288258618E-1,-9.678018987E-1,1.291720932E0
8.482327792E0,9.922545160E-1,-1.026208566E0,-6.857532656E-1,1.583644716E0
8.492279792E0,1.408155710E0,-1.102356271E0,-7.573962754E-1,1.942097054E0
8.502232792E0,1.423022255E0,-7.517531276E-1,-3.762484467E-1,1.652781897E0
8.512184792E0,9.744715983E-1,-3.861360884E-1,-2.031006968E-1,1.067682475E0
8.522136792E0,2.913222440E-1,-1.262700373E-1,-6.494438106E-1,7.229038908E-1
8.532088792E0,-4.287716460E-1,-2.209604323E-2,-1.084154474E0,1.166072160E0
8.542040792E0,-1.102202051E0,-4.084040397E-1,-6.858532530E-1,1.360895994E0
8.551993792E0,-1.597939957E0,-1.128060046E0,4.251568973E-1,2.001671792E0
8.561945792E0,-1.770500939E0,-1.171211913E0,1.715893500E0,2.729597301E0
8.571897792E0,-1.810132636E0,-7.400165963E-1,1.730164214E0,2.611067393E0
8.581849792E0,-1.850339845E0,-3.092282456E-1,9.266667366E-1,2.092388800E0
8.591802792E0,-1.964781257E0,1.702492851E-1,1.323911365E0,2.375308719E0
8.601754792E0,-1.361752645E0,1.760670308E0,3.615248069E0,4.245509250E0
8.611706792E0,1.896513991E0,4.761530963E0,4.329776652E0,6.709389561E0
8.621658792E0,6.057462524E-1,-1.488753730E-1,4.311935627E-1,7.583009215E-1
8.631611792E0,-1.874559158E0,-1.244232527E0,8.978458107E-1,2.422439621E0
8.641564042E0,-2.878795350E0,-4.091554070E-1,1.496963806E0,3.270439030E0
8.651516042E0,-2.531788244E0,2.355100590E-1,3.332429357E0,4.191718278E0
8.661468042E0,-1.407700358E0,5.983292055E-1,3.912702361E0,4.201054379E0
8.671420042E0,-1.075916770E0,4.557512838E-1,3.377445316E0,3.573855480E0
8.681373042E0,-2.131903890E0,-6.321284509E-1,2.991395767E0,3.727338086E0
8.691325042E0,-2.424288500E0,-7.648620003E-1,2.514010370E0,3.575253383E0
8.701277042E0,-2.501622751E0,-1.276195747E0,2.028665743E0,3.464430208E0
8.711229042E0,-1.815689830E0,-2.339596113E0,1.379656380E0,3.267092172E0
8.721182042E0,1.283577856E-1,-4.505648035E-1,5.999944925E-1,7.612343623E-1
8.731134042E0,1.424000494E0,1.123785147E0,1.807035220E-1,1.822998691E0
8.741086042E0,1.708944961E0,2.041286373E0,-9.281226933E-2,2.663823766E0
8.751038042E0,1.467779475E0,2.461961380E0,9.452842712E-2,2.867850423E0
8.760990042E0,1.036518669E0,1.897046673E0,-4.832805598E-1,2.215111087E0
8.770943042E0,4.354938244E-1,8.129033089E-1,-9.759880006E-1,1.342765519E0
8.780895042E0,6.987656593E-2,2.159435213E-2,-6.017276073E-1,6.061560557E-1
8.790847042E0,2.561723650E-1,-6.869998920E-1,9.463893950E-2,7.392899709E-1
8.800799042E0,7.941584511E-1,-8.868887132E-1,1.188848870E0,1.682444909E0
8.810752042E0,1.228942935E0,-6.116111559E-1,2.123231592E0,2.528335685E0
8.820704042E0,1.328285960E0,-2.794039375E-1,1.815393814E0,2.266729991E0
8.830656042E0,1.133929189E0,-6.998473942E-2,3.931188333E-1,1.202179557E0
8.840608042E0,1.100087113E0,4.691723979E-1,-8.849222946E-1,1.487750605E0
8.850560042E0,1.080394787E0,7.285852897E-1,-8.420049012E-1,1.551470810E0
8.860513042E0,1.263522784E0,8.054954714E-1,-4.756312323E-1,1.572112543E0
8.870465042E0,1.496382885E0,8.413307172E-1,1.206467700E-1,1.720916836E0
8.880417042E0,1.616121874E0,8.249251842E-1,2.636199635E-1,1.833534008E0
8.890369042E0,1.857013126E0,8.136880052E-1,2.496585667E-1,2.042771480E0
8.900322042E0,2.030097580E0,7.126457798E-1,3.573022985E-1,2.181014700E0
8.910274042E0,1.664069043E0,5.478560400E-1,3.879317683E-1,1.794369827E0
8.920226042E0,9.789572167E-1,3.988830185E-1,-2.901657379E-1,1.096203015E0
8.930178042E0,5.497125310E-1,6.007914680E-1,-5.931058878E-1,1.007426845E0
8.940131042E0,-1.050799470E0,-1.716473544E-1,-4.812849051E-1,1.168450898E0
8.950083042E0,-1.851289140E0,-2.531014073E-1,-2.358299017E-2,1.868659402E0
8.960035042E0,-1.530938321E0,-1.620093888E-1,2.478196174E-1,1.559305534E0
8.969987042E0,-9.995169771E-1,8.508809745E-2,1.670853567E-1,1.016952156E0
8.979939042E0,-1.100301267E-1,2.902113461E-1,-8.062550247E-2,3.206707437E-1
8.989892042E0,5.936439778E-1,2.736303967E-1,3.182949382E-1,7.270477523E-1
8.999844042E0,1.286119495E0,8.976610386E-1,1.105854660E0,1.919065717E0
9.009796042E0,1.674699427E0,1.157126555E0,6.956619573E-1,2.151163777E0
9.019748042E0,1.847623959E0,1.179757619E0,-4.013979059E-1,2.228601044E0
9.029701042E0,1.558558375E0,8.720689452E-1,-1.594703524E0,2.394303193E0
9.039653042E0,1.100183007E0,6.518820995E-1,-2.119054341E0,2.475024085E0
9.049605042E0,5.653373145E-1,-1.007767618E-2,-1.805309122E0,1.891784571E0
9.059557042E0,6.511013500E-1,-4.694957489E-1,-1.212717204E0,1.454318481E0
9.069509042E0,1.186859355E0,-5.784837556E-1,-7.876655567E-1,1.537431498E0
9.079462042E0,1.774164074E0,-5.937502509E-1,3.983006358E-2,1.871305415E0
9.089414042E0,2.622566267E0,1.221150059E-1,4.001033324E-1,2.655719973E0
9.099366042E0,2.847696057E0,3.707380307E-1,1.197410363E-1,2.874222927E0
9.109318042E0,2.554796453E0,3.519129199E-1,-4.451385874E-1,2.617054830E0
9.119271042E0,1.936321689E0,3.882241291E-1,-1.308118621E0,2.368804336E0
9.129223042E0,1.005726062E0,2.154798371E-1,-1.286767513E0,1.647327261E0
9.139175042E0,2.496509653E-1,1.282019573E-1,-5.447663713E-1,6.128064504E-1
9.149127042E0,-7.923409903E-1,-5.053011739E-1,-1.014211249E-1,9.452088478E-1
9.159079042E0,-1.587488936E0,-5.605240327E-1,1.054007399E-1,1.686836575E0
9.169032042E0,-1.954501998E0,-2.832970136E-1,7.788491249E-3,1.974942004E0
9.178984042E0,-1.743637661E0,-2.280297160E-2,-5.866926616E-1,1.839837098E0
9.188936042E0,-7.473791179E-1,1.343239921E-1,-9.084298557E-1,1.184003076E0
9.198888042E0,6.356063747E-1,1.545939499E-1,-9.749378407E-1,1.174052191E0
9.208841042E0,1.560523332E0,-8.090382993E-2,-1.118937513E0,1.921926028E0
9.218793042E0,1.938865667E0,-5.637592971E-1,-1.032141151E0,2.267672810E0
9.228745042E0,1.955125896E0,-7.358685815E-1,-4.605366451E-1,2.139185322E0
9.238697042E0,1.841984612E0,-6.612674654E-1,1.992830497E-1,1.967205049E0
9.248649042E0,1.548109693E0,-5.304155499E-1,6.004342031E-1,1.743130950E0
9.258602042E0,1.198504669E0,-1.768367583E-1,6.615022311E-1,1.380315139E0
9.268554042E0,9.352732533E-1,2.572084916E-1,6.327622890E-1,1.158136599E0
9.278506042E0,6.331163380E-1,6.716065121E-1,4.531960505E-1,1.028240373E0
9.288458042E0,4.648936978E-1,8.655457914E-1,3.051243773E-1,1.028784017E0
9.298411042E0,3.639374265E-1,1.032162786E0,3.949647993E-1,1.163532406E0
9.308363042E0,5.613552144E-1,1.300321943E0,5.450113696E-1,1.517561935E0
9.318315042E0,9.541316932E-1,1.288122897E0,3.310518086E-2,1.603347698E0
9.328267042E0,1.049367633E0,1.022790284E0,-4.217058706E-1,1.524830560E0
9.338219042E0,1.016937514E0,6.332476079E-1,-7.404989916E-1,1.408368984E0
9.348172042E0,9.873333532E-1,3.298648238E-1,-9.451375061E-1,1.406030888E0
9.358124042E0,6.937920177E-1,1.704083294E-1,-8.764800847E-1,1.130753599E0
9.368076042E0,3.154534838E-1,-1.097522378E-3,-1.307586524E0,1.345100228E0
9.378028042E0,2.461201242E-1,-2.357918948E-1,-2.044269623E0,2.072489137E0
9.387981042E0,5.439448375E-1,-4.901568854E-1,-2.391204223E0,2.500797352E0
9.397933042E0,6.132223561E-1,-6.495309341E-1,-2.562097287E0,2.713351175E0
9.407885042E0,5.192862520E-1,-4.421453977E-1,-2.200784090E0,2.304040229E0
9.417837042E0,4.925454730E-1,-4.597314835E-2,-1.887369823E0,1.951122606E0
9.427789042E0,4.960792378E-1,-1.013930583E-1,-2.504127991E0,2.554805698E0
9.437742042E0,5.560924280E-1,-2.858902538E-1,-2.984548677E0,3.049344656E0
9.447694042E0,6.243776742E-1,-4.284892255E-1,-3.171305822E0,3.260464861E0
9.457646042E0,5.302199605E-1,-5.278720111E-1,-3.113563690E0,3.202196265E0
9.467598042E0,7.080025059E-1,-5.570560491E-1,-2.602020906E0,2.753559838E0
9.477551042E0,1.037844818E0,-5.003643698E-1,-1.763990357E0,2.106928653E0
9.487503042E0,1.169377934E0,-3.027840292E-1,-1.641750805E0,2.038251365E0
9.497455042E0,1.280788735E0,-2.076100695E-1,-1.878244951E0,2.282832849E0
9.507407042E0,1.494213860E0,-3.939462143E-1,-2.039995308E0,2.559189234E0
9.517359042E0,1.875766901E0,-5.617835230E-1,-1.953996214E0,2.766261629E0
9.527312042E0,2.410002144E0,-7.667681926E-1,-1.880185057E0,3.151371074E0
9.537264042E0,2.830690892E0,-1.022814842E0,-1.757860136E0,3.485546354E0
9.547216042E0,2.932972727E0,-1.044893344E0,-1.539385940E0,3.473303930E0
9.557168042E0,2.874585355E0,-9.014985663E-1,-5.315352917E-1,3.059161714E0
9.567121042E0,2.614478399E0,-7.514075571E-1,7.251518047E-1,2.815307399E0
9.577073042E0,2.030653796E0,-5.596223921E-1,1.764051168E0,2.747473127E0
9.587025042E0,1.128302121E0,-2.272222155E-1,2.505340703E0,2.757068670E0
9.596977042E0,4.267758451E-2,1.602382672E-1,2.972222747E0,2.976844929E0
9.606929042E0,-8.655371667E-1,8.185949886E-1,3.172958245E0,3.389235366E0
9.616882042E0,-1.353415831E0,1.302305903E0,3.205265281E0,3.715031709E0
9.626834042E0,-1.615141443E0,1.067689299E0,3.044361600E0,3.607877475E0
9.636786417E0,-1.579365838E0,1.070262074E0,2.601224515E0,3.225868307E0
9.646738417E0,-1.505009574E0,7.326719087E-1,1.724363776E0,2.403183800E0
9.656691417E0,-1.415389592E0,-4.418974757E-2,1.048122761E0,1.761772333E0
9.666643417E0,-1.075968079E0,-4.403245747E-1,1.051314172E0,1.567435653E0
9.676595417E0,-5.167236366E-1,-2.933267426E-1,1.463058726E0,1.579108840E0
9.686547417E0,-8.293398321E-1,-3.710233748E-2,1.791668152E0,1.974653364E0
9.696499417E0,-1.396150645E0,2.873053384E0,4.439275705E0,5.469080467E0
9.706452417E0,-2.404730587E0,5.197642618E-1,1.597528898E0,2.933425074E0
9.716404417E0,-2.707554670E0,-1.330345057E0,7.764862651E-1,3.115060381E0
9.726356417E0,-2.479990100E0,-5.146116954E-1,6.221659648E-1,2.608115523E0
9.736308417E0,-2.188812647E0,-8.371259844E-1,1.351051801E-1,2.347324888E0
9.746261417E0,-1.910799324E0,-5.547148240E-1,2.865930891E-1,2.010223418E0
9.756213417E0,-1.362579002E0,-7.317848861E-1,1.146381712E-1,1.550894119E0
9.766165417E0,-7.652575645E-1,-6.991194159E-1,-1.195094866E-1,1.043393318E0
9.776117417E0,-4.158739674E-1,-7.563385141E-1,-4.988388312E-1,9.969148831E-1
9.786069417E0,-2.029472805E-1,-7.938969344E-1,-1.666388633E0,1.856962848E0
9.796022417E0,2.777522452E-2,-4.170731217E-1,-2.951204930E0,2.980659657E0
9.805974417E0,1.778999282E-1,-4.443357646E-2,-4.167238090E0,4.171270313E0
9.815926417E0,1.862018050E-1,-7.610671574E-1,-3.450911488E0,3.538740514E0
9.825878417E0,-9.336119863E-1,-1.675278155E0,2.275013031E0,2.975545753E0
9.835831417E0,-1.685900061E0,-1.630085025E0,5.722360057E0,6.184241330E0
9.845783417E0,-1.376379747E0,-1.010376645E0,4.278455640E0,4.606567577E0
9.855735417E0,-1.490231614E0,-9.288138342E-1,2.541735528E0,3.089321106E0
9.865687417E0,-2.042984989E0,-1.359676445E0,2.188321627E0,3.288047938E0
9.875639417E0,-1.992896571E0,-1.085029217E0,2.035037454E0,3.047999767E0
9.885592417E0,-1.240026625E0,-9.772439826E-1,1.800988614E0,2.395043177E0
9.895544417E0,-5.966404565E-1,-7.608239132E-1,1.882813965E0,2.116558832E0
9.905496417E0,-2.036401024E-1,-2.698443246E-1,1.588031266E0,1.623615888E0
9.915448417E0,-2.270768391E-1,6.655300856E-3,1.269803571E0,1.289964841E0
9.925400417E0,-4.640012665E-1,2.075738168E-1,8.831406480E-1,1.018980603E0
9.935353417E0,-6.843359005E-1,-1.192703354E-1,5.526238596E-1,8.876565597E-1
9.945305417E0,-9.168504310E-1,-5.607204992E-1,5.539412373E-1,1.209079437E0
9.955257417E0,-1.101218549E0,-8.536531395E-1,3.060970616E-1,1.426569797E0
9.965209417E0,-1.173940809E0,-8.947678363E-1,1.433982861E-1,1.483006936E0
9.975162417E0,-1.182636203E0,-7.849284750E-1,-1.163899970E-1,1.424179670E0
9.985114417E0,-9.776405700E-1,-3.304115385E-1,6.674947500E-2,1.034122024E0
9.995066417E0,-1.092369665E0,-2.838501602E-1,3.169880855E-1,1.172315591E0
1.000501842E1,-6.027612488E-1,-3.956383985E-1,7.293232083E-1,1.025555073E0
1.001497042E1,-2.588224693E-1,-5.705245256E-1,2.762435174E-1,6.846880939E-1
1.002492342E1,-4.309017867E-2,-5.248402297E-1,-2.828192961E-1,5.977464216E-1
1.003487542E1,5.775242275E-1,-2.467215103E-1,-1.862718254E-1,6.550594858E-1
1.004482742E1,7.606248155E-1,-1.217986715E-1,2.171568185E-1,8.003387472E-1
1.005477942E1,6.655110821E-1,1.101059943E-1,4.899183190E-1,8.336955618E-1
1.006473242E1,9.319122738E-1,6.140810198E-1,7.625307155E-1,1.351668997E0
1.007468442E1,1.130540143E0,1.339878357E0,2.482610822E-1,1.770601195E0
1.008463642E1,1.158341388E0,1.540175899E0,-6.472487658E-1,2.032935693E0
1.009458842E1,1.016787386E0,9.696654063E-1,-1.208320098E0,1.853144638E0
1.010454042E1,5.615809169E-1,3.911489064E-1,-1.282525942E0,1.453699895E0
1.011449342E1,-1.222569470E-1,2.014564598E-1,-1.120235302E0,1.144752637E0
1.012444542E1,-8.919975717E-1,-2.196664435E-1,-9.063248581E-1,1.290479664E0
1.013439742E1,-1.369134901E0,-4.306410009E-1,-4.217877316E-1,1.495956864E0
1.014434942E1,-1.384787458E0,-3.238152945E-1,2.583171237E-1,1.445413569E0
1.015430242E1,-1.206909603E0,-4.932711124E-2,2.256803048E-1,1.228818764E0
1.016425442E1,-9.038569676E-1,3.668923169E-1,-1.877780682E-1,9.933921648E-1
1.017420642E1,-7.734227626E-1,7.598380727E-1,8.870284617E-2,1.087844135E0
1.018415842E1,-6.906013383E-1,1.339803513E0,4.430511314E-1,1.571081782E0
1.019411042E1,-4.236897578E-1,1.719222320E0,9.890916109E-2,1.773420824E0
1.020406342E1,-1.995861182E-1,1.613114067E0,-2.455093825E-1,1.643851109E0
1.021401542E1,-6.123048915E-2,8.899602556E-1,-1.171972051E0,1.472853325E0
1.022396742E1,1.042291041E-1,2.942997193E-1,-1.831501139E0,1.857921542E0
1.023391942E1,3.309124256E-1,-1.644728208E-1,-1.653348173E0,1.694141235E0
1.024387142E1,5.432606401E-1,-3.252121943E-1,-1.312501693E0,1.457242529E0
1.025382442E1,3.854898249E-1,-4.027269781E-2,-9.111102194E-1,9.901242988E-1
1.026377642E1,-1.970817740E-1,2.664488465E-1,-6.340252876E-1,7.154189533E-1
1.027372842E1,-6.546855471E-1,5.111887354E-1,-4.591134328E-1,9.490586035E-1
1.028368042E1,-7.908448340E-1,6.624456793E-1,5.513573527E-2,1.033106857E0
1.029363342E1,-6.721665291E-1,7.346669787E-1,1.197017430E0,1.557046608E0
1.030358542E1,-3.570895695E-1,6.117883265E-1,2.474270353E0,2.573676689E0
1.031353742E1,-4.338049293E-3,5.441588455E-1,2.034526992E0,2.106045524E0
1.032348942E1,1.883004438E-1,7.149770647E-1,1.041925882E0,1.277598843E0
1.033344142E1,2.299859751E-1,1.250146986E0,9.520003831E-1,1.588101308E0
1.034339442E1,3.681044447E-1,1.597210810E0,8.984100670E-1,1.869150583E0
1.035334642E1,6.349256857E-1,1.612758556E0,1.063904396E0,2.033719093E0
1.036329842E1,1.086724398E0,2.148438939E0,1.139409492E0,2.663646707E0
1.037325042E1,1.244969715E0,2.459288617E0,4.994943041E-1,2.801346936E0
1.038320342E1,1.440478241E0,2.774282802E0,-5.158413649E-3,3.125963729E0
1.039315542E1,1.598874196E0,2.585351663E0,-4.274156767E-1,3.069711074E0
1.040310742E1,1.210297553E0,1.730290514E0,-1.042048674E0,2.354695494E0
1.041305942E1,3.769725513E-1,5.208068204E-1,-9.060015070E-1,1.110939593E0
1.042301142E1,-4.276625023E-1,-6.804135883E-1,-8.517165416E-1,1.171016197E0
1.043296442E1,-7.737143925E-1,-1.408618809E0,-1.469294196E0,2.177536761E0
1.044291642E1,-4.814783017E-1,-1.581456072E0,-1.886864331E0,2.508601536E0
1.045286842E1,1.734220574E-1,-1.609133282E0,-2.404658082E0,2.898579931E0
1.046282042E1,7.390523174E-1,-1.306464443E0,-2.692565625E0,3.082686704E0
1.047277242E1,1.060970410E0,-9.933489686E-1,-2.978098029E0,3.313829847E0
1.048272542E1,1.223662022E0,-7.620565063E-1,-3.046301122E0,3.370167561E0
1.049267742E1,1.320810294E0,-5.840175605E-1,-2.726977074E0,3.085777099E0
1.050262942E1,1.153442810E0,-3.328147441E-1,-1.743379506E0,2.116735239E0
1.051258142E1,8.866264656E-1,-2.348551708E-1,-8.991713744E-1,1.284434740E0
1.052253442E1,5.931967389E-1,9.310404539E-2,-1.133530701E0,1.282748060E0
1.053248642E1,5.195341008E-1,8.622479618E-2,-4.033877134E-1,6.633792616E-1
1.054243842E1,8.747531095E-1,1.798971909E-1,5.288315392E-1,1.037891516E0
1.055239042E1,1.156972189E0,4.186547935E-1,1.210395275E0,1.725952839E0
1.056234242E1,1.203507547E0,4.695840418E-1,1.174312107E0,1.745837482E0
1.057229542E1,8.013026523E-1,3.603352493E-1,6.115427434E-1,1.070472774E0
1.058224742E1,2.468813951E-1,2.594099683E-1,-2.340277898E-1,4.278001418E-1
1.059219942E1,-1.726021316E-2,1.500898397E-1,-7.392547041E-1,7.545345535E-1
1.060215142E1,3.219157169E-1,-9.770288050E-2,-2.605425739E-1,4.255091238E-1
1.061210442E1,7.526166151E-1,-4.311871308E-1,8.016836715E-1,1.181122695E0
1.062205642E1,9.534076618E-1,-5.300249559E-1,2.069724306E0,2.339587854E0
1.063200842E1,4.608159958E-1,-5.640528274E-1,2.706929895E0,2.803208239E0
1.064195967E1,-4.675447523E-1,-6.495028675E-1,1.845658418E0,2.011692587E0
1.065191167E1,-1.385876356E0,-3.017467332E-1,6.011311913E-1,1.540474951E0
1.066186467E1,-1.784111211E0,9.792039692E-2,-1.787376881E-2,1.786885751E0
1.067181667E1,-1.700353355E0,2.336868972E-1,-1.755129486E-1,1.725287191E0
1.068176867E1,-1.369093093E0,6.887072790E-1,1.395262599E-1,1.538896095E0
1.069172067E1,-1.043060534E0,6.024052995E-1,7.688930708E-1,1.429008040E0
1.070167267E1,-8.763243295E-1,9.401445687E-2,1.096656990E0,1.406925585E0
1.071162567E1,-1.073715513E0,-1.509049416E-1,1.610122631E0,1.941167739E0
1.072157767E1,-1.329252504E0,-3.864202631E-1,1.672075635E0,2.170730239E0
1.073152967E1,-1.383047912E0,-3.826517326E-1,1.443001022E0,2.035066540E0
1.074148167E1,-1.542399010E0,-2.062950307E-1,7.435097229E-1,1.724633020E0
1.075143467E1,-1.486685570E0,-1.206046700E-2,1.182225144E-1,1.491427505E0
1.076138667E1,-1.295225071E0,-7.272415996E-2,-3.973270744E-1,1.356748169E0
1.077133867E1,-1.100417773E0,-4.331646591E-1,-8.112725204E-1,1.434124820E0
1.078129067E1,-9.659519859E-1,-7.802027553E-1,-8.529169750E-1,1.506401986E0
1.079124267E1,-8.224505695E-1,-1.129634117E0,-5.716366661E-1,1.509724033E0
1.080119567E1,-5.417616333E-1,-1.353933309E0,-4.924870008E-1,1.539215553E0
1.081114767E1,-5.260191746E-2,-1.270409927E0,-1.017219642E0,1.628325564E0
1.082109967E1,5.077013829E-1,-8.083471584E-1,-2.309725612E0,2.499203518E0
1.083105167E1,1.404037369E0,5.394787341E-1,-2.930429773E0,3.293899952E0
1.084100367E1,2.920236614E0,2.433029941E0,-2.293388491E0,4.439262028E0
1.085095667E1,1.283016524E0,3.233276367E-2,-1.328146504E0,1.846929869E0
1.086090867E1,-4.495558664E-1,-9.174889469E-1,3.650851180E0,3.791121309E0
1.087086067E1,-1.064187402E0,-4.813369453E-2,4.104208029E0,4.240204620E0
1.088081267E1,-1.450550216E0,4.330699342E-1,2.312872583E0,2.764240417E0
1.089076567E1,-2.019844633E0,4.805276906E-1,2.027913791E0,2.902260076E0
1.090071767E1,-2.203444281E0,7.524144477E-1,3.175343324E0,3.937524530E0
1.091066967E1,-1.852184057E0,7.201436645E-1,3.576311460E0,4.091356295E0
1.092062167E1,-1.728124706E0,3.806502306E-1,2.769958202E0,3.286940528E0
1.093057367E1,-1.825761805E0,-1.818641943E-1,1.241354527E0,2.215274659E0
1.094052667E1,-1.644371235E0,-6.706007910E-1,3.824646217E-1,1.816574074E0
1.095047867E1,-1.540645430E0,-9.762365073E-1,6.127876157E-1,1.924093221E0
1.096043067E1,-1.481934122E0,-1.082092745E0,1.004256949E0,2.091790017E0
1.097038267E1,-6.142347284E-1,-1.436111248E-1,1.176714728E0,1.335127712E0
1.098033567E1,-7.251829411E-1,-4.264374375E-1,1.312247924E0,1.558760341E0
1.099028767E1,-4.404934862E-1,-5.599287862E-1,7.536406088E-1,1.037077106E0
1.100023967E1,7.812351543E-1,-3.507861614E-2,3.687815523E-1,8.646147749E-1
1.101019167E1,1.535014269E0,-2.727053672E-1,7.025593328E-1,1.710037029E0
1.102014367E1,1.629840027E0,-1.042973703E-1,7.140689921E-1,1.782456446E0
1.103009667E1,1.313274111E0,2.502491355E-1,2.681556487E-1,1.363532534E0
1.104004867E1,9.434616210E-1,7.437441963E-1,-2.343833005E-1,1.224014212E0
1.105000067E1,4.576451238E-1,8.296947581E-1,1.035389864E-1,9.531803463E-1
1.105995267E1,3.661310825E-2,8.813584167E-1,9.238659203E-2,8.869433244E-1
1.106990467E1,-1.504156027E-2,8.374803257E-1,3.184767866E-1,8.961177423E-1
1.107985767E1,-7.264533218E-2,7.170610124E-1,1.426277400E0,1.598036627E0
1.108980967E1,-2.109200138E-1,7.106904709E-1,1.487718773E0,1.662189924E0
1.109976167E1,-2.834247022E-1,9.572073287E-1,1.193799707E0,1.556191882E0
1.110971367E1,-6.393767690E-2,1.138517792E0,5.764652967E-1,1.277741377E0
1.111966567E1,3.440177900E-1,1.302805256E0,-7.640498221E-2,1.349624946E0
1.112961867E1,7.506785555E-1,1.309188076E0,-3.587354511E-1,1.551187557E0
1.113957067E1,1.244726032E0,1.011325064E0,-5.789795995E-1,1.705091979E0
1.114952267E1,1.743403042E0,4.740910757E-1,-5.389577472E-1,1.885389076E0
1.115947467E1,2.360246578E0,3.905121446E-1,-3.528543216E-1,2.418216247E0
1.116942767E1,2.786570141E0,4.308029687E-1,-3.987520409E-1,2.847730244E0
1.117937967E1,2.851879447E0,9.140917146E-1,-8.276102257E-1,3.107043406E0
1.118933167E1,2.615990196E0,1.368571229E0,-1.217613662E0,3.193583402E0
1.119928367E1,2.182724380E0,1.365706093E0,-1.369359434E0,2.916262010E0
1.120923567E1,1.920137327E0,1.538903545E0,-1.397789181E0,2.830011673E0
1.121918867E1,1.345484083E0,1.541979765E0,-1.671340055E0,2.642235151E0
1.122914067E1,7.693696189E-1,1.412909496E0,-1.679591061E0,2.325783521E0
1.123909267E1,5.492511857E-1,1.280788150E0,-1.641054987E0,2.152941388E0
1.124904467E1,4.420224600E-1,1.247720391E0,-2.202749047E0,2.569881981E0
1.125899667E1,7.585956855E-1,1.316250343E0,-2.911179569E0,3.283740073E0
1.126894967E1,1.087485778E0,1.116332871E0,-3.240960778E0,3.596199544E0
1.127890167E1,1.232780901E0,5.815465271E-1,-2.950298027E0,3.249954394E0
1.128885367E1,1.289584409E0,2.814235657E-1,-1.980077720E0,2.379692196E0
1.129880567E1,9.983727501E-1,2.785841578E-1,-2.166820246E-1,1.058918496E0
1.130875867E1,2.006385805E-1,2.821427733E-1,1.239963475E0,1.287388754E0
1.131871067E1,-5.531881160E-1,3.379100078E-1,1.272468731E0,1.428067554E0
1.132866267E1,-5.855758435E-1,9.484669107E-1,5.614818066E-1,1.248098701E0
1.133861467E1,-1.839816172E-1,1.307749076E0,-2.264918983E-1,1.339908752E0
1.134856667E1,1.899431460E-1,1.440444619E0,-1.113584679E-1,1.457175284E0
1.135851967E1,6.067888109E-1,1.794527441E0,3.922429204E-2,1.894745350E0
1.136847167E1,9.892307746E-1,1.965834487E0,1.538332272E-1,2.206070583E0
1.137842367E1,1.115801359E0,2.077463681E0,-1.289217496E-1,2.361670772E0
1.138837567E1,1.380464027E0,1.762589949E0,-7.461982727E-1,2.359918668E0
1.139832767E1,1.792545965E0,1.948854173E0,-6.496426159E-1,2.726405904E0
1.140828067E1,2.105977482E0,2.178215300E0,-4.703014952E-1,3.066096304E0
1.141823267E1,2.959895647E0,2.417559963E0,-6.454250193E-1,3.875842085E0
1.142818467E1,3.538786661E0,2.353344086E0,-1.479160788E0,4.499906227E0
1.143813667E1,3.295728139E0,1.669547299E0,-1.567601679E0,4.013301281E0
1.144808867E1,2.516522334E0,9.310796303E-1,-1.578654086E0,3.113188503E0
1.145804167E1,1.606014377E0,4.178209805E-1,-1.981160039E0,2.584347433E0
1.146799367E1,1.001885757E0,-1.349420428E-2,-2.491995603E0,2.685888912E0
1.147794567E1,9.541239457E-1,-2.803073323E-1,-2.673651636E0,2.852601931E0
1.148789767E1,9.388808392E-1,-6.263812226E-1,-2.546438443E0,2.785354450E0
1.149785067E1,1.424504963E0,-8.940480441E-1,-3.012158645E0,3.449874780E0
1.150780267E1,2.050567805E0,-9.613880879E-1,-3.462183166E0,4.137125530E0
1.151775467E1,2.494318117E0,-9.555771250E-1,-3.763914696E0,4.615387779E0
1.152770667E1,2.690030857E0,-8.308992845E-1,-3.974672906E0,4.870799148E0
1.153765867E1,2.524735625E0,-5.654462188E-1,-4.258618961E0,4.982956437E0
1.154761167E1,2.044231616E0,-4.008301413E-1,-4.103708677E0,4.602170423E0
1.155756367E1,1.929879373E0,-3.103865790E-1,-3.970457649E0,4.425529139E0
1.156751567E1,2.075379441E0,-1.678320462E-1,-3.984363497E0,4.495611182E0
1.157746767E1,2.419269689E0,1.707100457E-1,-3.657980690E0,4.388944118E0
1.158741967E1,3.033515600E0,4.553431481E-1,-2.810271830E0,4.160190144E0
1.159737267E1,3.456309345E0,8.774513072E-1,-1.315674977E0,3.800920379E0
1.160732467E1,3.598634082E0,1.334694800E0,7.022125930E-1,3.901881597E0
1.161727667E1,3.393331617E0,1.978781977E0,2.624931466E0,4.724462167E0
1.162722867E1,2.471481816E0,2.346688201E0,3.343503984E0,4.774325792E0
1.163718108E1,1.183356288E0,2.143431968E0,3.272694202E0,4.087194643E0
1.164713408E1,-2.632895228E-2,1.644780248E0,2.541785814E0,3.027650971E0
1.165708608E1,-1.016677897E0,9.948955572E-1,1.605425563E0,2.144957425E0
1.166703808E1,-1.374702619E0,5.221095800E-2,1.347490847E0,1.925685556E0
1.167699008E1,-1.611981753E0,8.650546253E-1,3.979882191E0,4.380213115E0
1.168694308E1,-3.083590278E0,1.480253633E0,4.245407177E0,5.451895259E0
1.169689508E1,-2.597824067E0,-1.384684986E-1,7.780626744E-1,2.715371969E0
1.170684708E1,-1.706127919E0,1.558625033E0,3.097119858E0,3.864238073E0
1.171679908E1,-1.447450168E0,1.331320957E0,2.473675107E0,3.160157593E0
1.172675108E1,-7.936500357E-1,1.145465453E0,1.778461046E0,2.259401509E0
1.173670408E1,-2.013589574E-1,1.030557725E0,9.196576792E-1,1.395838423E0
1.174665608E1,-2.791173508E-1,7.118757015E-1,2.469758642E-1,8.035363013E-1
1.175660808E1,-6.492324337E-1,4.478680676E-1,-2.392247951E-1,8.242069289E-1
1.176656008E1,-1.133550290E0,5.239765960E-1,-6.035115927E-1,1.386980164E0
1.177651208E1,-1.368367454E0,7.455287665E-1,-3.169173342E-1,1.590182136E0
1.178646508E1,-1.268835272E0,6.914338356E-1,1.083354574E-1,1.449054956E0
1.179641708E1,-9.303825691E-1,5.462287599E-1,6.132577318E-1,1.240992598E0
1.180636908E1,-5.244045391E-1,6.674275070E-1,1.186405903E0,1.458772965E0
1.181632108E1,-5.742513947E-1,8.792230135E-1,1.094042115E0,1.516484725E0
1.182627308E1,-8.281411529E-1,1.327428465E0,3.328322858E-1,1.599581642E0
1.183622608E1,-8.253328083E-1,1.111842794E0,-4.515097135E-1,1.456444185E0
1.184617808E1,-7.533896171E-1,7.689837027E-1,-7.315743864E-1,1.301588619E0
1.185613008E1,-6.002171984E-1,6.039676756E-1,-9.356223321E-1,1.265079755E0
1.186608208E1,-1.209791842E-1,5.601837248E-1,-9.228976214E-1,1.086361721E0
1.187603408E1,6.229364817E-1,9.193787670E-1,-1.048485289E0,1.527294529E0
1.188598708E1,1.036172441E0,1.190336986E0,-1.323786235E0,2.059845981E0
1.189593908E1,1.145640431E0,1.416158794E0,-1.304636604E0,2.240552252E0
1.190589108E1,1.171832668E0,1.786872266E0,-7.915516162E-1,2.278740498E0
1.191584308E1,1.206743250E0,2.109983556E0,-2.039871347E-1,2.439235665E0
1.192579608E1,6.453704940E-1,2.037209110E0,2.530581379E-1,2.151920643E0
1.193574808E1,-1.492737511E-2,1.931932915E0,6.240996391E-1,2.030292584E0
1.194570008E1,-5.677188123E-1,1.873584135E0,8.255695474E-1,2.124661676E0
1.195565208E1,-1.242366827E0,1.882187728E0,9.937758154E-1,2.464487035E0
1.196560408E1,-1.834336162E0,2.030037500E0,5.936666358E-1,2.799693104E0
1.197555708E1,-2.915681048E0,2.987384577E0,1.077768145E0,4.311292934E0
1.198550908E1,-3.978974995E0,3.614684397E0,3.601415895E0,6.470578162E0
1.199546108E1,-4.194528800E0,4.261103443E0,6.651718267E0,8.944072356E0
1.200541308E1,-4.072771059E0,5.761366832E0,8.314697388E0,1.090481566E1
1.201536508E1,-3.580310370E0,7.187222648E0,5.376194365E0,9.663242602E0
1.202531808E1,-2.035891293E0,7.699146963E0,2.425906863E0,8.325067053E0
1.203527008E1,-6.599518418E-2,7.343322256E0,2.126071585E0,7.645189174E0
1.204522208E1,1.161928874E0,6.069712733E0,2.313711659E0,6.598844824E0
1.205517408E1,2.073181473E0,4.395125134E0,3.834896386E-1,4.874655954E0
1.206512608E1,4.222558013E0,2.523488706E0,-1.407321897E0,5.116497468E0
1.207507908E1,7.251701649E0,9.640672821E-1,-3.162677085E-1,7.322337591E0
1.208503108E1,7.968688402E0,-5.412054169E-1,3.626879350E0,8.771952575E0
1.209498308E1,4.630248692E0,-1.323455282E0,7.429600262E0,8.853795620E0
1.210493508E1,-2.257214545E-1,1.538779584E0,9.620687038E-1,1.828761595E0
1.211488708E1,1.983924457E-1,5.207593410E0,-6.647915822E-1,5.253602244E0
1.212484008E1,5.647915500E-1,7.310502419E0,-2.862730710E0,7.871318964E0
1.213479208E1,-7.628393023E-1,6.789692091E0,-3.170679585E0,7.532267356E0
1.214474408E1,-2.790397144E0,5.102169281E0,-1.167604766E0,5.931420444E0
1.215469608E1,-2.719644080E0,2.660372609E0,9.811814976E-1,3.928964683E0
1.216464808E1,-1.043597674E0,7.509427035E-1,1.773630661E0,2.190611050E0
1.217460108E1,5.879945442E-1,-1.939400979E0,1.383637165E0,2.453867467E0
1.218455308E1,1.910126748E0,-3.456052360E0,4.316285956E-1,3.972302274E0
1.219450508E1,2.261490176E0,-2.653512656E0,1.728310062E0,3.891339474E0
1.220445708E1,2.041050292E0,3.405476868E-2,1.470170109E0,2.515640310E0
1.221441008E1,1.957554684E0,2.390252881E0,-4.748851275E-1,3.125835098E0
1.222436208E1,1.649779325E0,3.061796828E0,-1.195553872E0,3.677733092E0
1.223431408E1,1.067641937E0,2.426105084E0,-1.271436698E0,2.939795309E0
1.224426608E1,-1.521053932E-1,1.106182689E0,-2.214169829E0,2.479783100E0
1.225421808E1,-1.337034125E0,-7.998546624E-1,-2.627659192E0,3.054835603E0
1.226417108E1,-1.416288456E0,-2.575652302E0,-1.773086870E0,3.432738676E0
1.227412308E1,-4.861819482E-1,-3.952585634E0,-1.064810715E0,4.122272182E0
1.228407508E1,9.244172397E-1,-4.836087640E0,-1.924336213E0,5.286337177E0
1.229402708E1,2.136344412E0,-4.620074537E0,-2.188322797E0,5.540560697E0
1.230397908E1,3.492521444E0,-2.436086281E0,-1.254444689E0,4.439127604E0
1.231393208E1,4.591207125E0,2.791343808E-2,-1.928471364E0,4.979855804E0
1.232388408E1,4.637945967E0,1.423445594E0,-3.560023163E0,6.017516520E0
1.233383608E1,3.047215042E0,1.498448998E0,-4.436481613E0,5.586880884E0
1.234378808E1,8.328415103E-1,5.081230402E-1,-4.128181028E0,4.241897289E0
1.235374008E1,-6.388514332E-1,-4.274098295E-1,-3.621519500E0,3.702190406E0
1.236369308E1,-9.437286195E-1,-1.322593403E0,-3.562016771E0,3.915078607E0
1.237364508E1,-4.365455558E-1,-2.222504450E0,-3.198667867E0,3.919384413E0
1.238359708E1,4.250088166E-1,-3.295018871E0,-1.942835634E0,3.848687069E0
1.239354908E1,1.315353527E0,-4.020350186E0,-1.078525359E0,4.365385145E0
1.240350108E1,1.784827202E0,-4.081285774E0,-5.880498004E-1,4.493139691E0
1.241345408E1,1.894989915E0,-3.332281423E0,-9.923309684E-2,3.834701222E0
1.242340608E1,1.950954785E0,-2.084663942E0,-6.165982461E-1,2.921000124E0
1.243335808E1,1.629482177E0,-8.230072975E-1,-8.455114764E-1,2.011825747E0
1.244331008E1,9.370212784E-1,6.138214034E-1,-1.317798686E0,1.729560340E0
1.245326208E1,7.960006164E-1,1.905908713E0,-2.605177233E0,3.324613273E0
1.246321508E1,7.886373639E-1,2.737926570E0,-2.940137905E0,4.094215638E0
1.247316708E1,6.751094328E-1,3.112410327E0,-3.108137181E0,4.450099721E0
1.248311908E1,2.994711430E-1,2.436090374E0,-4.462274559E0,5.092751075E0
1.249307108E1,-1.482046974E-1,7.260341495E-1,-3.599847672E0,3.675322228E0
1.250302408E1,-3.494054876E-1,-7.517800248E-1,-1.322980489E0,1.561260636E0
1.251297608E1,-2.448761290E-1,-1.788300741E0,5.477852887E-1,1.886280091E0
1.252292808E1,-2.124685210E-1,-2.259373484E0,1.333078630E0,2.631921360E0
1.253288008E1,-2.929881889E-1,-2.194610308E0,1.972075220E0,2.965002050E0
1.254283208E1,-5.589373907E-1,-1.432255594E0,3.057262312E0,3.422078307E0
1.255278508E1,-1.430106449E0,-2.112885529E-1,3.608128499E0,3.886957496E0
1.256273708E1,-2.358020105E0,1.192144361E0,3.423326663E0,4.324422786E0
1.257268908E1,-3.841321014E0,1.395936198E0,2.009661123E0,4.554461859E0
1.258264108E1,-5.318794588E0,9.245260710E-1,3.503908896E-1,5.409907402E0
1.259259308E1,-5.899179858E0,8.497752661E-1,-5.541786343E-1,5.985779394E0
1.260254608E1,-5.450027157E0,7.871246892E-1,-1.890467386E0,5.822046739E0
1.261249808E1,-4.319970579E0,9.161885262E-1,-3.338919182E0,5.536237759E0
1.262245008E1,-2.700377212E0,3.420375574E-1,-4.279951943E0,5.072180538E0
1.263240208E1,-9.822467141E-1,-3.342440960E-1,-2.857076452E0,3.039640370E0
1.264235458E1,-7.930432409E-2,-8.331218112E-1,7.016892672E-1,1.092130466E0
1.265230758E1,-7.384529047E-1,-6.264864725E-1,3.724469964E0,3.848308005E0
1.266225958E1,-2.424744291E0,-1.154120794E0,3.550238725E0,4.451468823E0
1.267221158E1,-4.225931271E0,-1.714550394E0,2.054518037E0,5.001921884E0
1.268216358E1,-4.998753086E0,-1.535325341E0,7.982127643E-1,5.289792051E0
1.269211558E1,-4.879649104E0,-6.103054726E-1,2.614266729E-1,4.924610853E0
1.270206858E1,-4.098409638E0,1.463955104E0,1.027665693E-1,4.353238688E0
1.271202058E1,-2.246641902E0,3.525473135E0,4.033409357E-1,4.199886258E0
1.272197258E1,-2.713078827E-2,3.997498390E0,4.873215705E-1,4.027184099E0
1.273192458E1,8.657004502E-1,4.185253361E0,1.307783575E0,4.469460913E0
1.274187658E1,7.188024594E-1,4.354929619E0,1.758361827E0,4.751202509E0
1.275182958E1,1.319392052E-1,4.060515295E0,1.199187332E0,4.235946490E0
1.276178158E1,1.140184394E-1,2.692840444E0,-4.668229866E-1,2.735381794E0
1.277173358E1,1.457581054E0,9.595291118E-1,-2.637272015E0,3.162347597E0
1.278168558E1,3.570388230E0,-3.322304611E-1,-4.128872754E0,5.468604887E0
1.279163758E1,4.965594111E0,-3.614030971E-1,-3.709670661E0,6.208815788E0
1.280159058E1,5.489001773E0,-1.185981615E-1,-2.689419823E0,6.113606544E0
1.281154258E1,4.745985263E0,1.409541865E-1,-1.769972059E0,5.067252242E0
1.282149458E1,3.650328731E0,1.272039253E0,-1.022710177E0,3.998614737E0
1.283144658E1,2.497180329E0,2.430069788E0,-1.381160869E0,3.748166768E0
1.284139958E1,1.676214148E0,3.241970300E0,-2.553785470E0,4.454423141E0
1.285135158E1,1.777236493E0,3.411316775E0,-6.210175717E0,7.304925333E0
1.286130358E1,3.778090393E0,2.174300150E0,-1.254476615E1,1.328053862E1
1.287125558E1,3.780573121E0,2.093743791E0,-1.039730837E1,1.125968550E1
1.288120758E1,-2.702963436E0,5.630105612E0,3.541801777E0,7.179725647E0
1.289116058E1,-5.325297276E0,6.980322431E0,6.151415293E0,1.072024265E1
1.290111258E1,-7.226702464E-1,1.226627262E1,8.045023803E0,1.468693652E1
1.291106458E1,3.022125809E0,1.081738521E1,-3.664754105E-1,1.123758744E1
1.292101658E1,5.315469496E-1,1.175724063E0,-9.630501004E0,9.716553856E0
1.293096858E1,8.064370193E-1,-1.891418728E0,-5.540605205E0,5.909831767E0
1.294092158E1,1.069480374E0,-1.985396055E0,-1.810152955E0,2.891753704E0
1.295087358E1,-4.666449754E-1,-8.533129046E-1,-1.820451071E0,2.063962826E0
1.296082558E1,-2.781007977E0,9.829874832E-2,-2.439733774E0,3.700806521E0
1.297077758E1,-2.917473220E0,-1.840387738E-1,-5.902608665E0,6.586828472E0
1.298072958E1,-1.171166013E0,-6.882418406E-1,-7.008626463E0,7.139058170E0
1.299068258E1,7.594824158E-2,4.082599059E-1,-4.004314781E0,4.025789507E0
1.300063458E1,7.010852498E-1,1.116719810E0,-3.225953899E0,3.485019687E0
1.301058658E1,5.579425601E-1,9.562977943E-1,-1.827567717E0,2.136775405E0
1.302053858E1,-2.317105383E-2,2.646730471E-1,-7.713524097E-1,8.158267338E-1
1.303049058E1,-3.621568032E-1,-3.873034850E-1,-8.337310910E-1,9.880632934E-1
1.304044358E1,5.856823359E-1,5.443056107E-1,-3.492050743E-1,8.724887279E-1
1.305039558E1,4.080293794E-1,1.336332605E0,-8.162496704E-1,1.618189214E0
1.306034758E1,-7.142832195E-1,1.717987680E0,-1.722686210E0,2.535612345E0
1.307029958E1,-7.214535139E-1,1.924209328E0,-1.960611169E0,2.840259296E0
1.308025158E1,8.762849338E-2,2.582601133E-1,-3.562971622E-1,4.486922183E-1
1.309020458E1,9.312458374E-1,-1.751288158E0,1.442497576E0,2.452555459E0
1.310015658E1,2.056495127E0,-1.332358838E0,1.717607903E0,2.992411935E0
1.311010858E1,2.803267450E0,-1.291906923E0,-1.263899052E-1,3.089224224E0
1.312006058E1,2.676080277E0,-1.188810278E0,-2.538296780E0,3.875258194E0
1.313001258E1,1.278228239E0,8.326382464E-1,-3.423641828E0,3.748129833E0
1.313996558E1,-1.019785108E-1,2.574941280E0,-4.180208969E0,4.910689283E0
1.314991758E1,-2.459714587E-1,2.224389592E0,-5.422217215E0,5.865905773E0
1.315986958E1,9.182460152E-1,1.663604774E0,-5.844168668E0,6.145328633E0
1.316982158E1,2.562792521E0,1.780057336E0,-5.101651218E0,5.980247049E0
1.317977358E1,3.239306016E0,2.483785527E0,-3.930275583E0,5.666512169E0
1.318972658E1,2.248259096E0,2.916067257E0,-2.022648373E0,4.201097910E0
1.319967858E1,7.024634385E-1,2.677744102E0,-2.266146898E-1,2.777610948E0
1.320963058E1,-5.180659381E-1,2.245113879E0,1.206315672E-1,2.307266916E0
1.321958258E1,-9.283117045E-1,1.370420703E0,-7.145443708E-1,1.802883574E0
1.322953458E1,-5.024717794E-1,1.057032164E0,-1.069768569E0,1.585622804E0
1.323948758E1,2.991591210E-1,1.488654327E0,-4.612599456E-1,1.586930567E0
1.324943958E1,8.035274448E-1,2.026758381E0,4.618166006E-1,2.228605049E0
1.325939158E1,1.237220546E0,2.065228967E0,2.439970002E0,3.427730878E0
1.326934358E1,7.596208486E-1,2.536007010E0,3.447182134E0,4.346426124E0
1.327929558E1,-1.035660298E0,3.016145276E0,1.516763062E0,3.531330453E0
1.328924858E1,-3.084661488E0,3.270459396E0,-2.529856324E-1,4.502781683E0
1.329920058E1,-4.603770745E0,3.564076746E0,-1.528604844E0,6.019466828E0
1.330915258E1,-5.288922917E0,4.260844411E0,-2.098492607E0,7.108528114E0
1.331910458E1,-4.882266610E0,4.925851756E0,-1.793601242E0,7.163626748E0
1.332905658E1,-3.512079796E0,3.765782881E0,-1.579928779E0,5.386278878E0
1.333900958E1,-1.564296833E0,1.503164778E0,-1.002358943E0,2.389822667E0
1.334896158E1,8.345879274E-1,-5.734615821E-1,9.794320107E-2,1.017343632E0
1.335891358E1,3.348353664E0,-3.255651323E0,1.126451477E0,4.804126427E0
1.336886558E1,4.625104312E0,-2.913992665E0,1.252608079E0,5.608205608E0
1.337881758E1,4.322308588E0,-6.725128305E-1,8.056229407E-1,4.447881896E0
1.338877058E1,3.213267780E0,-4.843424141E-1,5.078254169E-1,3.289006545E0
1.339872258E1,8.838715500E-1,-1.821793592E-1,1.511411691E-1,9.150201576E-1
1.340867458E1,-1.317652944E0,-4.630176187E-1,-8.581361997E-1,1.639204787E0
1.341862658E1,-2.409985187E0,-7.492622137E-2,-1.446819254E0,2.811926118E0
1.342857858E1,-2.702165583E0,1.679328521E0,-1.469295951E0,3.504379219E0
1.343853158E1,-2.749174566E0,3.672120427E0,-1.566998831E0,4.847464756E0
1.344848358E1,-2.835247042E0,5.340314680E0,-2.395537010E0,6.503551664E0
1.345843558E1,-2.751223138E0,5.799687729E0,-3.509878904E0,7.316068373E0
1.346838758E1,-1.538831039E0,5.197232144E0,-4.096416029E0,6.794103856E0
1.347833958E1,1.050621496E-1,4.135309954E0,-3.928347756E0,5.704712312E0
1.348829258E1,1.323620612E0,3.821216825E0,-3.588365495E0,5.406480969E0
1.349824458E1,1.745817503E0,1.834204307E0,-1.730919090E0,3.067289535E0
1.350819658E1,1.946044293E0,4.087770921E-1,-7.485810131E-1,2.124749547E0
1.351814858E1,2.663404976E0,-1.258636558E-1,-8.400525159E-1,2.795577928E0
1.352810058E1,3.394562163E0,-2.854084432E-1,-1.583101478E0,3.756423904E0
1.353805358E1,3.367766128E0,-3.672525054E-1,-1.363333293E0,3.651766800E0
1.354800558E1,2.414633139E0,-3.259746712E-1,-6.147704065E-1,2.512897796E0
1.355795758E1,1.055066768E0,-9.422846496E-2,-2.699910897E-1,1.093133147E0
1.356790958E1,-1.958043036E-1,2.889647198E-1,-2.865539128E-1,4.516116468E-1
1.357786158E1,-1.144576311E0,6.146137011E-1,-4.507285255E-1,1.375122226E0
1.358781458E1,-1.759563576E0,7.315521669E-1,-7.409106356E-1,2.044549124E0
1.359776658E1,-1.925859413E0,7.988354927E-1,-9.635486341E-1,2.296845356E0
1.360771858E1,-1.733393193E0,9.576172185E-1,-1.166797850E0,2.298499494E0
1.361767058E1,-1.238025854E0,1.232783679E0,-1.155415660E0,2.094623823E0
1.362762258E1,-5.598793772E-1,1.663493677E0,-9.937886792E-1,2.017000761E0
1.363757483E1,-1.495246424E-1,1.904619402E0,-1.107901770E0,2.208478892E0
1.364752683E1,-2.963951559E-2,2.007594132E0,-1.369851769E0,2.430597986E0
1.365747883E1,-1.460110231E-1,2.073446059E0,-1.597961007E0,2.621827065E0
1.366743083E1,-3.447845062E-1,2.085830462E0,-1.666986219E0,2.692286784E0
1.367738283E1,-6.025658056E-1,2.045073615E0,-1.349898731E0,2.523417964E0
1.368733583E1,-7.615101571E-1,2.083771073E0,-8.953268301E-1,2.392406683E0
1.369728783E1,-8.751917238E-1,2.122089631E0,-6.563634056E-1,2.387475209E0
1.370723983E1,-1.160563768E0,1.920088795E0,-4.455537397E-1,2.287393140E0
1.371719183E1,-1.316560100E0,1.728886598E0,-7.068418336E-1,2.285170615E0
1.372714383E1,-1.458155104E0,1.539322205E0,-1.109905027E0,2.393244310E0
1.373709683E1,-1.683247910E0,1.401063037E0,-1.254175717E0,2.523738871E0
1.374704883E1,-1.918510778E0,1.479208735E0,-1.218290770E0,2.711636865E0
1.375700083E1,-1.881292373E0,1.562726271E0,-1.022379810E0,2.650780049E0
1.376695283E1,-1.750091818E0,1.591992170E0,-8.974002528E-1,2.530333506E0
1.377690483E1,-1.528570199E0,1.572618590E0,-8.479374862E-1,2.351309011E0
1.378685783E1,-1.165582726E0,1.506486581E0,-8.025736177E-1,2.066932345E0
1.379680983E1,-6.608140138E-1,1.306897137E0,-4.763176954E-1,1.539978518E0
1.380676183E1,-2.047852065E-1,8.890264553E-1,-3.674004400E-1,9.835080591E-1
1.381671383E1,3.116608426E-2,3.678430742E-1,-2.408976835E-1,4.408078334E-1
1.382666583E1,-7.982090732E-2,-2.280858493E-1,-3.760870636E-1,4.470302129E-1
1.383661883E1,-4.731440094E-1,-6.576135403E-1,-8.283750415E-1,1.158674256E0
1.384657083E1,-8.031881601E-1,-8.795124507E-1,-9.432412541E-1,1.519327955E0
1.385652283E1,-1.174964802E0,-1.094582983E0,-1.820976151E0,2.427881450E0
1.386647483E1,-1.539273819E0,-1.242784756E0,-3.019417378E0,3.609814281E0
1.387642683E1,-1.737854180E0,-1.360697953E0,-3.788579421E0,4.384628844E0
1.388637983E1,-1.759489024E0,-1.575494251E0,-3.975596766E0,4.624213815E0
1.389633183E1,-1.785217212E0,-1.923122916E0,-3.801076090E0,4.618829038E0
1.390628383E1,-1.970891013E0,-2.296693338E0,-3.402255052E0,4.553520738E0
1.391623583E1,-2.010512185E0,-2.646948572E0,-3.111936117E0,4.553311145E0
1.392618783E1,-1.836111084E0,-3.032452576E0,-2.739064438E0,4.479904746E0
1.393614083E1,-1.495107315E0,-3.487763565E0,-2.221363074E0,4.397077947E0
1.394609283E1,-1.092682711E0,-3.715943554E0,-1.787939383E0,4.266019133E0
1.395604483E1,-7.835019737E-1,-3.761867586E0,-1.741194402E0,4.218682380E0
1.396599683E1,-4.774697796E-1,-3.378228258E0,-1.511756676E0,3.731730404E0
1.397594883E1,-1.424398361E-1,-2.965910677E0,-1.517320887E0,3.334543136E0
1.398590183E1,8.561319569E-2,-2.635946451E0,-1.904148116E0,3.252894612E0
1.399585383E1,1.612191742E-1,-2.209277464E0,-2.196542813E0,3.119567095E0
1.400580583E1,1.097713509E-1,-1.664768370E0,-2.592681733E0,3.083099421E0
1.401575783E1,-3.132897947E-2,-1.318842999E0,-2.729328239E0,3.031428870E0
1.402570983E1,-2.331861928E-1,-1.244324913E0,-3.008693000E0,3.264192681E0
1.403566283E1,-1.356144726E-1,-1.135060918E0,-3.858583456E0,4.024353471E0
1.404561483E1,1.705147852E-1,-1.218587224E0,-4.061009384E0,4.243327389E0
1.405556683E1,-2.271828565E-1,-1.802982515E0,-2.968120925E0,3.480244219E0
1.406551883E1,-9.718980195E-1,-2.311278632E0,-4.149745560E-1,2.541416644E0
1.407547083E1,-1.058437834E0,-2.042913069E0,1.331494035E0,2.658319172E0
1.408542383E1,-3.712360673E-1,-1.448821340E0,1.283987746E0,1.971173261E0
1.409537583E1,5.469444591E-1,-9.888033432E-1,1.091343040E0,1.570958282E0
1.410532783E1,1.316868248E0,-5.443260759E-1,9.253657311E-1,1.699039315E0
1.411527983E1,1.278720574E0,-2.159435213E-2,1.879955846E-1,1.292646496E0
1.412523183E1,1.184529824E0,8.287013161E-1,-1.713927666E0,2.242187508E0
1.413518483E1,1.052202510E0,1.671618383E0,-2.850964943E0,3.468348201E0
1.414513683E1,4.872221678E-1,2.079750527E0,-2.265056393E0,3.113394957E0
1.415508883E1,8.132380620E-2,2.240658301E0,-1.550122012E0,2.725810235E0
1.416504083E1,1.983899606E-1,2.083828960E0,-5.755262339E-1,2.170928870E0
1.417499283E1,1.314202356E0,1.960163273E0,-2.590614742E-1,2.374127363E0
1.418494583E1,2.368249516E0,1.823495132E0,4.152154613E-1,3.017638836E0
1.419489783E1,2.601628265E0,1.467003842E0,1.460457299E0,3.324681252E0
1.420484983E1,2.473849939E0,1.055949844E0,2.031454865E0,3.370722839E0
1.421480183E1,1.849002733E0,1.097416543E0,2.530348660E0,3.320511785E0
1.422475383E1,9.870847003E-1,1.823805034E0,2.211871873E0,3.031992446E0
1.423470683E1,5.704914158E-1,2.767921616E0,1.651682886E0,3.273363238E0
1.424465883E1,7.616208156E-1,3.344586888E0,1.419111053E0,3.712169702E0
1.425461083E1,1.037552384E0,3.209247819E0,1.555047122E0,3.714021818E0
1.426456283E1,1.216050263E0,2.967754889E0,1.858552698E0,3.706826872E0
1.427451483E1,1.206862679E0,2.784374512E0,1.971253102E0,3.618714929E0
1.428446783E1,1.121283854E0,2.528926032E0,1.871188531E0,3.339774076E0
1.429441983E1,1.189675081E0,2.192938004E0,1.748192934E0,3.046388423E0
1.430437183E1,1.436344405E0,1.824162299E0,1.776998658E0,2.923760861E0
1.431432383E1,1.678776252E0,1.397912557E0,2.119064866E0,3.043498830E0
1.432427583E1,1.744887796E0,1.344131037E0,2.538520144E0,3.360863904E0
1.433422883E1,1.851638073E0,1.446410533E0,2.825364078E0,3.674690349E0
1.434418083E1,2.007770718E0,1.643186297E0,2.653685149E0,3.711232859E0
1.435413283E1,2.135777963E0,1.854805802E0,2.572591869E0,3.823621450E0
1.436408483E1,2.171264130E0,2.239311102E0,2.613774394E0,4.069486296E0
1.437403683E1,2.171350961E0,2.692487857E0,2.311978544E0,4.160468801E0
1.438398983E1,1.864116762E0,2.840966204E0,1.841819136E0,3.865012032E0
1.439394183E1,1.833817952E0,2.859779035E0,2.341392378E0,4.125935370E0
1.440389383E1,2.103789746E0,2.880992149E0,1.904304821E0,4.043813041E0
1.441384583E1,1.910823151E0,2.663240669E0,1.198763409E0,3.490147516E0
1.442379783E1,1.677251590E0,2.514341907E0,9.846734548E-1,3.178784349E0
1.443375083E1,1.419134442E0,2.668053512E0,5.214891905E-1,3.066659923E0
1.444370283E1,8.650900009E-1,2.974842884E0,1.760409522E-1,3.103072882E0
1.445365483E1,3.853813590E-1,3.189188946E0,2.333939517E-1,3.220856666E0
1.446360683E1,3.448056293E-1,3.295377306E0,1.889726543E-1,3.318751749E0
1.447355883E1,9.703455837E-1,3.428339481E0,8.363149756E-1,3.659850392E0
1.448351183E1,2.970504250E0,3.364905378E0,2.667709111E0,5.221413180E0
1.449346383E1,1.235830078E0,3.393101821E0,-1.239263563E0,3.817877699E0
1.450341583E1,9.042423722E-1,2.315100957E0,1.014743346E0,2.684595085E0
1.451336783E1,1.403801288E0,1.759162896E0,-7.743339050E-1,2.380106121E0
1.452331983E1,1.918820827E0,1.902144275E0,-1.022316660E0,2.888798636E0
1.453327283E1,2.030497968E0,2.176298583E0,2.405784255E-1,2.986147266E0
1.454322483E1,1.620418409E0,1.711124511E0,4.698097444E-1,2.403003143E0
1.455317683E1,1.266346404E0,1.090032095E0,3.418539548E-1,1.705481548E0
1.456312883E1,9.587182492E-1,1.059851106E0,6.162965298E-1,1.556356791E0
1.457308083E1,2.989888939E-1,1.447362460E0,7.282169151E-1,1.647589853E0
1.458303283E1,-3.289704922E-1,2.028092131E0,7.954727590E-1,2.203214966E0
1.459298583E1,-5.356473461E-1,2.312185535E0,7.872205836E-1,2.500567191E0
1.460293783E1,-4.838927633E-1,2.370641320E0,4.340622067E-1,2.458150214E0
1.461288983E1,1.593427661E-1,2.430338468E0,2.474108970E-1,2.448090549E0
1.462284183E1,1.066290645E0,2.614208257E0,-1.762625617E-1,2.828803465E0
1.463279383E1,1.898384516E0,2.988423042E0,-2.681661737E-1,3.550556174E0
1.464274871E1,1.954715422E0,3.009062544E0,3.184954977E-1,3.602333849E0
1.465270071E1,1.718127721E0,2.802535964E0,1.027962146E0,3.444252730E0
1.466265271E1,1.661605903E0,2.430791627E0,1.133029595E0,3.154906999E0
1.467260471E1,1.859462525E0,2.119453121E0,9.867597413E-1,2.987202236E0
1.468255671E1,1.897952699E0,1.854411115E0,8.903333080E-1,2.798885212E0
1.469250971E1,1.592271667E0,1.846850080E0,1.154952561E0,2.698165988E0
1.470246171E1,1.213030322E0,2.100102931E0,1.305417207E0,2.754267410E0
1.471241371E1,9.200944662E-1,2.096824982E0,1.340480036E0,2.653325377E0
1.472236571E1,7.688515556E-1,1.687275472E0,2.200599611E0,2.877615311E0
1.473231771E1,7.238393971E-1,1.318013279E0,3.016583233E0,3.370589989E0
1.474227071E1,7.630876628E-1,1.416992022E0,3.094662273E0,3.488137577E0
1.475222271E1,9.453444976E-1,1.825849221E0,2.933798354E0,3.582537421E0
1.476217471E1,1.374086030E0,2.402292883E0,1.987002577E0,3.406949186E0
1.477212671E1,2.007743821E0,2.919770883E0,8.746902519E-1,3.649819214E0
1.478207871E1,2.810944844E0,3.347848465E0,7.330595791E-2,4.372056041E0
1.479203171E1,3.209744248E0,3.514994048E0,-9.160008305E-1,4.847339354E0
1.480198371E1,3.445665366E0,3.290211291E0,-1.405341445E0,4.967200895E0
1.481193571E1,3.535852820E0,3.017590123E0,-1.448860517E0,4.869014491E0
1.482188771E1,3.352253465E0,2.695741248E0,-1.151848274E0,4.453243606E0
1.483183971E1,2.894867592E0,2.244351402E0,-6.943246990E-1,3.728197739E0
1.484179271E1,2.327085849E0,1.793139896E0,-2.600397134E-1,2.949288031E0
1.485174471E1,1.695273732E0,1.329641052E0,3.811261940E-1,2.187956931E0
1.486169671E1,1.369984501E0,1.152472172E0,9.026340955E-1,2.004943378E0
1.487164871E1,1.234639000E0,9.411929744E-1,1.344652024E0,2.053841947E0
1.488160071E1,1.243354568E0,6.507185036E-1,1.733652079E0,2.230451676E0
1.489155371E1,1.332522414E0,4.004722917E-1,2.022618552E0,2.454990804E0
1.490150571E1,1.462716225E0,2.151950777E-2,2.052548110E0,2.520507010E0
1.491145771E1,1.602066922E0,-3.678822505E-1,1.905574252E0,2.516578829E0
1.492140971E1,1.639256822E0,-6.844335490E-1,1.643440651E0,2.420022600E0
1.493136171E1,1.572208408E0,-7.024891663E-1,1.462487453E0,2.259247630E0
1.494131371E1,1.272647071E0,-7.442453027E-2,9.111996818E-1,1.566988972E0
1.495126671E1,1.077073642E0,6.694541520E-1,1.011819446E0,1.622354795E0
1.496121871E1,9.701986724E-1,1.508795062E0,2.022843378E0,2.703635207E0
1.497117071E1,1.049768095E0,2.377878419E0,2.402886083E0,3.539799479E0
1.498112271E1,8.907831050E-1,2.779191540E0,2.273865223E0,3.699711233E0
1.499107471E1,1.003051911E0,2.720231141E0,1.899453971E0,3.466077897E0
1.500102771E1,9.820725401E-1,2.201904709E0,1.837496874E0,3.031376847E0
1.501097971E1,1.090478895E0,1.991311390E0,1.585255008E0,2.769024867E0
1.502093171E1,6.108030707E-1,1.389738150E0,9.501813143E-1,1.790892807E0
1.503088371E1,5.544041906E-1,7.792870814E-1,4.017554632E-1,1.037333029E0
1.504083571E1,1.001624825E0,2.808060998E-1,7.237361938E-2,1.042757065E0
1.505078871E1,1.434565244E0,-3.437244791E-1,-6.051049590E-2,1.476409657E0
1.506074071E1,2.129607104E0,-1.060190830E0,-3.157414591E-1,2.399775756E0
1.507069271E1,2.711129073E0,-1.364713236E0,-4.126958960E-1,3.063165188E0
1.508064471E1,2.812805429E0,-1.577437280E0,-6.270729482E-1,3.285331526E0
1.509059671E1,2.513182696E0,-1.613262001E0,-1.007267096E0,3.151712004E0
1.510054971E1,2.142820934E0,-1.712218525E0,-7.790338969E-1,2.851362419E0
1.511050171E1,1.884114678E0,-1.980097016E0,-8.073619026E-1,2.850000974E0
1.512045371E1,1.593869418E0,-2.303279057E0,-7.098455483E-1,2.889531941E0
1.513040571E1,1.274617583E0,-2.505170549E0,-3.884498316E-1,2.837502905E0
1.514035771E1,9.767218262E-1,-2.888633291E0,2.672034296E-1,3.060977864E0
1.515031071E1,6.874779750E-1,-3.377476307E0,1.180159907E0,3.643178499E0
1.516026271E1,4.503105958E-1,-3.379274910E0,2.150645093E0,4.030825333E0
1.517021471E1,2.219633029E-1,-3.216070935E0,2.167710777E0,3.884758677E0
1.518016671E1,3.655262612E-2,-2.888972429E0,1.682084314E0,3.343187914E0
1.519011871E1,-2.428549659E-1,-2.436557567E0,1.116703584E0,2.691248447E0
1.520007171E1,-3.955931557E-1,-1.903094448E0,7.876380748E-1,2.097292578E0
1.521002371E1,-3.513199391E-1,-1.461927874E0,5.958552486E-1,1.617313292E0
1.521997571E1,-4.021505888E-1,-1.103600559E0,5.961432239E-1,1.317211461E0
1.522992771E1,-5.180771209E-1,-7.351254004E-1,6.376265877E-1,1.102443161E0
1.523987971E1,-3.853746347E-1,-2.879589987E-1,8.521176606E-1,9.785389627E-1
1.524983171E1,7.299773656E-2,2.988786739E-1,9.042759937E-1,9.551817649E-1
1.525978471E1,6.571383078E-1,6.580544204E-1,8.443174750E-1,1.256080560E0
1.526973671E1,1.295374906E0,6.239376712E-1,6.183462712E-1,1.565134651E0
1.527968871E1,1.927033533E0,2.768750167E-1,6.063942701E-2,1.947766709E0
1.528964071E1,2.261400567E0,-5.139942294E-1,-7.529953685E-1,2.438262623E0
1.529959271E1,2.034929426E0,-1.609691107E0,-3.347691759E-1,2.616125691E0
1.530954571E1,1.700636360E0,-2.075091466E0,1.424667662E0,3.037737080E0
1.531949771E1,1.583041398E0,-1.636394171E0,1.971064237E0,3.011461469E0
1.532944971E1,1.692089777E0,-1.104090555E0,1.244631161E0,2.373034027E0
1.533940171E1,1.644148310E0,-9.929262149E-1,4.423956585E-1,1.970999760E0
1.534935371E1,1.549451044E0,-1.191853169E0,-3.930206001E-2,1.955212819E0
1.535930671E1,1.491066158E0,-1.578185139E0,-2.451581110E-1,2.184959752E0
1.536925871E1,1.389768701E0,-1.979316412E0,-8.691008985E-2,2.420062782E0
1.537921071E1,1.238072632E0,-2.294103606E0,2.743044345E-1,2.621255065E0
1.538916271E1,1.038346874E0,-2.544538098E0,5.673027098E-1,2.806184372E0
1.539911471E1,7.581044463E-1,-2.671688726E0,9.523531164E-1,2.935918844E0
1.540906771E1,4.090538847E-1,-2.654370443E0,1.573835542E0,3.112870996E0
1.541901971E1,1.279039686E-1,-2.564340279E0,1.838414302E0,3.157842244E0
1.542897171E1,1.317187652E-2,-2.268433160E0,1.546086703E0,2.745240716E0
1.543892371E1,-1.262253061E-2,-1.962827849E0,1.211921837E0,2.306860861E0
1.544887571E1,9.898181275E-2,-1.625797262E0,1.313366497E0,2.092354103E0
1.545882871E1,2.363285230E-1,-1.303955988E0,1.647134191E0,2.114049061E0
1.546878071E1,3.755010264E-1,-1.102777271E0,1.720377145E0,2.077694937E0
1.547873271E1,5.894371985E-1,-9.141343993E-1,1.842006832E0,2.139174392E0
1.548868471E1,6.924000149E-1,-7.473642075E-1,1.929519185E0,2.181975097E0
1.549863671E1,4.582427824E-1,-6.205375153E-1,1.356208461E0,1.560241855E0
1.550858871E1,1.421354337E-1,-7.108138472E-1,7.841969153E-1,1.067906180E0
1.551854171E1,1.496119760E-2,-8.903514344E-1,5.828954798E-1,1.064291621E0
1.552849371E1,1.925141667E-1,-8.012404525E-1,6.544379175E-1,1.052300791E0
1.553844571E1,5.437974145E-1,-6.306017429E-1,1.001117579E0,1.302156133E0
1.554839771E1,8.105211532E-1,-6.997971082E-1,9.076942760E-1,1.403769722E0
1.555834971E1,9.322454189E-1,-9.622289175E-1,6.580824870E-1,1.492661573E0
1.556830271E1,8.838534236E-1,-1.183471770E0,5.250255499E-1,1.567626911E0
1.557825471E1,7.988773003E-1,-1.409649673E0,4.577469385E-1,1.683701102E0
1.558820671E1,6.967087550E-1,-1.621967336E0,5.223253423E-1,1.840925010E0
1.559815871E1,5.409447773E-1,-1.978710056E0,4.513933539E-1,2.100397747E0
1.560811071E1,3.637621562E-1,-2.682042391E0,4.051067948E-1,2.736747304E0
1.561806371E1,4.289998336E-1,-3.439326400E0,9.980951536E-1,3.606826982E0
1.562801571E1,7.579114151E-1,-3.659942431E0,1.623939017E0,4.075142481E0
1.563796771E1,1.098783038E0,-3.382474506E0,1.812761983E0,3.991812114E0
1.564791817E1,1.245852352E0,-2.745099934E0,1.481161705E0,3.358803615E0
1.565787017E1,1.201162960E0,-2.064627289E0,1.246992413E0,2.694525631E0
1.566782317E1,1.120437178E0,-1.459760896E0,1.022522482E0,2.105192050E0
1.567777517E1,9.707908492E-1,-1.021653001E0,8.681057024E-1,1.655239329E0
1.568772717E1,8.153164548E-1,-7.667190760E-1,9.617278111E-1,1.475642045E0
1.569767917E1,6.523228334E-1,-5.401903403E-1,1.363558996E0,1.605186537E0
1.570763117E1,5.199484491E-1,-1.701118755E-1,1.945673872E0,2.021121287E0
1.571758317E1,6.551455767E-1,3.410236502E-1,2.039939175E0,2.169530985E0
1.572753617E1,1.074397517E0,8.532075816E-1,1.588196157E0,2.098728243E0
1.573748817E1,1.548884449E0,1.172945028E0,1.058244292E0,2.212402327E0
1.574744017E1,1.932392360E0,1.455396534E0,8.493431568E-1,2.563923381E0
1.575739217E1,2.167961476E0,1.566993569E0,7.774715209E-1,2.785675461E0
1.576734417E1,2.142023812E0,1.538307713E0,7.721365213E-1,2.747881264E0
1.577729717E1,1.772484607E0,1.373240231E0,6.489227506E-1,2.334221744E0
1.578724917E1,1.274761571E0,1.229253715E0,7.530103520E-1,1.924345693E0
1.579720117E1,8.010372618E-1,1.203765117E0,8.315102454E-1,1.667968956E0
1.580715317E1,4.869388703E-1,1.142982726E0,9.106663426E-1,1.540400001E0
1.581710517E1,3.675719096E-1,1.017452361E0,1.109814322E0,1.549840716E0
1.582705817E1,3.655829792E-1,8.760824740E-1,1.257488165E0,1.575578592E0
1.583701017E1,3.063998012E-1,8.118186504E-1,1.296051722E0,1.559705236E0
1.584696217E1,3.994132148E-1,8.903134274E-1,1.124800662E0,1.489082081E0
1.585691417E1,4.223462869E-1,8.093429393E-1,6.100001018E-1,1.097958334E0
1.586686617E1,3.475700466E-1,5.038908255E-1,5.390533492E-2,6.145052371E-1
1.587681917E1,2.082360139E-1,4.564336538E-3,-1.389052125E-1,2.503552051E-1
1.588677117E1,1.387313309E-1,-5.430016816E-1,-7.793402910E-2,5.658364793E-1
1.589672317E1,1.109064782E-1,-1.075053282E0,4.479785800E-2,1.081686949E0
1.590667517E1,1.756538665E-1,-1.446221668E0,4.565716481E-1,1.526718397E0
1.591662717E1,1.712648003E-1,-1.620869229E0,4.912140620E-1,1.702304304E0
1.592657917E1,2.206470215E-1,-1.249075776E0,7.220711991E-2,1.270468130E0
1.593653217E1,3.860520346E-1,-4.639502496E-1,-8.997593120E-2,6.102308381E-1
1.594648417E1,2.962149748E-1,3.930855042E-1,-2.727177925E-1,5.627028694E-1
1.595643617E1,2.645388535E-1,1.311921650E0,-4.050119238E-1,1.398268171E0
1.596638817E1,5.588410579E-1,2.037509072E0,-6.834342599E-1,2.220546990E0
1.597634017E1,1.103692798E0,2.627925240E0,-1.253544949E0,3.113760396E0
1.598629317E1,1.582991258E0,2.712318689E0,-1.390199056E0,3.434412236E0
1.599624517E1,1.752521921E0,2.274290316E0,-1.121735698E0,3.082534752E0
1.600619717E1,9.456298417E-1,1.435852801E0,-1.640798879E-1,1.727081721E0
1.601614917E1,-3.281904736E-1,2.194805020E-1,5.937123171E-1,7.130042028E-1
1.602610117E1,-1.098962109E0,-6.940054411E-1,4.433967749E-1,1.373303305E0
1.603605417E1,-1.088620431E0,-9.933688492E-1,-9.434847906E-2,1.476745661E0
1.604600617E1,-9.272846411E-1,-6.959332681E-1,-1.718050830E-2,1.159515023E0
1.605595817E1,-1.142619760E0,1.860525548E-2,5.373918629E-1,1.262820686E0
1.606591017E1,-1.739403985E0,5.099883020E-2,1.189005721E0,2.107572468E0
1.607586217E1,-1.858673004E0,-3.303489733E-1,1.121196658E0,2.195649728E0
1.608581417E1,-1.235966464E0,-3.230528176E-2,-6.090342148E-1,1.378252302E0
1.609576717E1,-2.489352661E-1,6.893264991E-1,-3.173954026E0,3.257472018E0
1.610571917E1,-4.082211681E-1,-3.333053255E-1,-2.720169160E0,2.770750300E0
1.611567117E1,-1.143929755E0,-2.064092853E0,-5.666445326E-1,2.426961190E0
1.612562317E1,-9.799149176E-1,-3.013953740E0,2.184495648E-1,3.176770468E0
1.613557517E1,1.847279412E-1,-2.852879321E0,3.857572619E-1,2.884762295E0
1.614552817E1,7.906021746E-1,-3.062944052E0,5.840784446E-1,3.216803645E0
1.615548017E1,6.197300879E-1,-3.677412742E0,6.627433757E-1,3.787698330E0
1.616543217E1,3.156251726E-1,-3.739930587E0,3.556195430E-1,3.770035186E0
1.617538417E1,-2.022696613E-1,-3.295492496E0,3.195000494E-1,3.317116834E0
1.618533617E1,-6.989834681E-1,-2.707002400E0,7.787743536E-1,2.902228347E0
1.619528917E1,-1.221581364E0,-2.171614378E0,8.798434031E-1,2.642403158E0
1.620524117E1,-1.208573355E0,-1.744799210E0,8.597628220E-1,2.290014400E0
1.621519317E1,-6.721691604E-1,-1.346352979E0,9.575598427E-1,1.783647548E0
1.622514517E1,7.144274265E-2,-8.666339582E-1,8.904058135E-1,1.244580651E0
1.623509717E1,6.827832455E-1,-1.574117231E-1,4.868263844E-1,8.532123648E-1
1.624504917E1,8.281698773E-1,5.029605335E-1,2.342467681E-3,9.689376301E-1
1.625500217E1,6.390504579E-1,8.985164863E-1,3.110835671E-2,1.103034493E0
1.626495417E1,3.020757852E-1,8.604452652E-1,4.412508102E-1,1.013073596E0
1.627490617E1,1.309338496E-1,6.728086996E-1,1.194015470E0,1.376767286E0
1.628485817E1,2.941167015E-1,5.433449131E-1,1.311062694E0,1.449349411E0
1.629481017E1,6.356891128E-1,5.809349084E-1,7.297535634E-1,1.128772023E0
1.630476317E1,6.079370579E-1,5.681061172E-1,6.865929258E-1,1.078768684E0
1.631471517E1,4.431223212E-1,7.706735480E-1,8.129255283E-1,1.204633979E0
1.632466717E1,6.780896124E-1,9.561092216E-1,3.418516159E-1,1.220988490E0
1.633461917E1,1.108451263E0,1.172184305E0,-1.310033949E-1,1.618592641E0
1.634457117E1,1.318569057E0,1.550790934E0,-1.043335061E0,2.287383861E0
1.635452417E1,1.236972624E0,1.587054781E0,-1.841073031E0,2.727341940E0
1.636447617E1,9.558092594E-1,1.307459639E0,-2.053359704E0,2.615207090E0
1.637442817E1,5.523028475E-1,1.102660911E0,-1.474577740E0,1.922310857E0
1.638438017E1,3.021520914E-1,5.538225389E-1,-2.180181134E-1,6.674932124E-1
1.639433217E1,2.215942705E-1,2.423320055E-2,9.650817740E-1,9.904918471E-1
1.640428417E1,8.875240132E-2,-7.580008775E-1,1.894283863E0,2.042242315E0
1.641423717E1,6.824431568E-3,-1.228536846E0,2.124470032E0,2.454123525E0
1.642418917E1,2.857499206E-1,-1.323722500E0,1.678105284E0,2.156370010E0
1.643414117E1,7.301280776E-1,-9.508847344E-1,9.335875010E-1,1.519491497E0
1.644409317E1,1.226415476E0,6.183898330E-2,3.033582624E-1,1.264889408E0
1.645404517E1,1.322107938E0,9.003776550E-1,-6.570746463E-2,1.600926854E0
1.646399817E1,7.629620938E-1,1.878895161E0,-1.344216406E-1,2.032345286E0
1.647395017E1,-9.543255284E-2,2.742911906E0,1.376949485E-1,2.748023470E0
1.648390217E1,-8.157080720E-1,3.119733379E0,2.560741317E-1,3.234762739E0
1.649385417E1,-7.948349740E-1,2.859976087E0,6.804989576E-2,2.969150828E0
1.650380617E1,8.862230077E-2,2.010037099E0,1.544729125E-1,2.017911031E0
1.651375917E1,7.634469742E-1,9.551689893E-1,2.377817023E-1,1.245688251E0
1.652371117E1,7.888461095E-1,2.861627340E-3,2.861101456E-1,8.391337133E-1
1.653366317E1,5.786075704E-1,-6.644495201E-1,4.864696312E-1,1.006445521E0
1.654361517E1,2.726138583E-1,-9.143425602E-1,8.939328539E-1,1.307461885E0
1.655356717E1,-1.322552472E-1,-8.909028268E-1,1.291413710E0,1.574467741E0
1.656351917E1,-3.025432701E-1,-7.608759534E-1,1.459429944E0,1.673439693E0
1.657347217E1,-1.402214938E-1,-5.478501928E-1,1.510045781E0,1.612464003E0
1.658342417E1,1.752321361E-1,-3.273207003E-1,1.429658260E0,1.477080866E0
1.659337617E1,3.321092775E-1,-2.316187370E-1,1.259974401E0,1.323434661E0
1.660332817E1,3.264665683E-1,-3.166974789E-1,1.029453771E0,1.125456698E0
1.661328017E1,3.438386460E-1,-2.579054797E-1,4.256878245E-1,6.049383232E-1
1.662323317E1,5.777092919E-2,-2.272070128E-1,-7.631785870E-2,2.465459845E-1
1.663318517E1,-8.131243336E-1,-3.867716807E-1,1.185031077E-1,9.081885825E-1
1.664313842E1,-1.230623717E0,-4.343832189E-1,4.571913799E-1,1.382804206E0
1.665309042E1,-9.109136067E-1,-4.721006835E-1,7.619927716E-1,1.277996729E0
1.666304242E1,-5.263733697E-1,-9.032281727E-1,6.665603650E-1,1.239835786E0
1.667299542E1,-1.210908660E-1,-1.229855393E0,1.721127196E-1,1.247729968E0
1.668294742E1,2.065878300E-1,-1.468252807E0,-4.459671378E-2,1.483385892E0
1.669289942E1,2.043405989E-1,-1.456340275E0,1.444274326E-1,1.477681075E0
1.670285142E1,-8.027364627E-2,-9.921058506E-1,4.478475293E-1,1.091460163E0
1.671280342E1,-3.553559066E-1,-2.467238492E-1,4.093996744E-1,5.956161277E-1
1.672275542E1,-4.431639826E-1,4.322162408E-1,-2.844693804E-1,6.812694200E-1
1.673270842E1,-4.302352041E-1,9.017704618E-1,-7.097386173E-1,1.225569746E0
1.674266042E1,-4.752096480E-1,1.199356316E0,-7.592189256E-1,1.496894505E0
1.675261242E1,-3.369570579E-1,2.031532633E0,-5.802004250E-1,2.139461949E0
1.676256442E1,1.179903799E-1,2.537553014E0,-2.944587636E-1,2.557303852E0
1.677251642E1,5.273663731E-1,2.532788703E0,-3.363282629E-1,2.608879186E0
1.678246942E1,6.763699463E-1,2.324104500E0,-5.808450074E-1,2.489240638E0
1.679242142E1,9.416217215E-1,1.486561609E0,-3.215816581E-1,1.788835276E0
1.680237342E1,1.072175868E0,3.085066992E-1,1.838668656E-1,1.130727420E0
1.681232542E1,1.060204278E0,-3.850946993E-1,-2.253224552E-1,1.150261382E0
1.682227742E1,8.665975593E-1,-8.921979851E-1,-2.787729498E-1,1.274646199E0
1.683222942E1,7.690507995E-1,-1.271498678E0,-7.173356853E-2,1.487714262E0
1.684218242E1,6.867445149E-1,-1.526954759E0,1.354964320E-1,1.679752407E0
1.685213442E1,4.535907376E-1,-1.653737013E0,-8.811417773E-2,1.717077393E0
1.686208642E1,1.495742615E-1,-1.614540787E0,-2.357351768E-1,1.638500988E0
1.687203842E1,3.902665615E-2,-1.706761903E0,-2.248371363E-1,1.721949770E0
1.688199042E1,-4.692112818E-2,-1.691148083E0,-2.601284449E-1,1.711680531E0
1.689194342E1,-8.527798578E-2,-1.759115533E0,-3.865453935E-1,1.803102087E0
1.690189542E1,-1.473909111E-1,-1.599064962E0,-3.345601380E-1,1.640324150E0
1.691184742E1,-1.073611651E-1,-9.963129222E-1,-1.439185421E-1,1.012362784E0
1.692179942E1,-6.931114018E-2,-2.154991329E-1,-1.089185710E-1,2.512113961E-1
1.693175142E1,-2.186988755E-1,9.642122930E-1,-5.165327981E-2,9.900518196E-1
1.694170342E1,-2.676795392E-1,1.993322833E0,3.293327272E-1,2.038001054E0
1.695165642E1,-4.976414676E-1,2.474624695E0,3.245065816E-1,2.544939868E0
1.696160842E1,-9.366232292E-1,2.967224547E0,1.891726291E-1,3.117285817E0
1.697156042E1,-1.252388077E0,2.843301582E0,-7.035735324E-2,3.107698495E0
1.698151242E1,-1.096075631E0,2.160587114E0,-2.198960929E-1,2.432667827E0
1.699146442E1,-9.726159114E-1,1.485561735E0,1.835324049E-2,1.775728645E0
1.700141742E1,-8.499654467E-1,6.007312417E-1,-2.374788165E-2,1.041097136E0
1.701136942E1,-5.188946347E-1,-3.049831671E-1,-7.754358128E-2,6.068602649E-1
1.702132142E1,-1.605291662E-1,-8.733652729E-1,2.332783230E-1,9.181259658E-1
1.703127342E1,2.111381333E-1,-1.481097971E0,3.423452671E-1,1.534741278E0
1.704122542E1,5.760934138E-1,-1.950511858E0,1.700474100E-1,2.040905743E0
1.705117842E1,9.494148906E-1,-2.179104661E0,2.902462833E-1,2.394604073E0
1.706113042E1,1.197995523E0,-2.190853472E0,3.813226604E-1,2.525953123E0
1.707108242E1,1.318785696E0,-1.997864950E0,3.063533159E-1,2.413402665E0
1.708103442E1,1.303142786E0,-1.664494135E0,5.155045652E-1,2.175882994E0
1.709098642E1,1.133818092E0,-1.367491248E0,2.192552380E-1,1.789873917E0
1.710093842E1,8.487615050E-1,-1.233460202E0,-1.000074144E-1,1.500607092E0
1.711089142E1,5.855202949E-1,-9.548801368E-1,2.772936773E-1,1.153915887E0
1.712084342E1,2.856361923E-1,-2.180140203E-1,5.787607674E-1,6.812357692E-1
1.713079542E1,1.268822408E-1,7.346166927E-1,9.468127334E-1,1.205078894E0
1.714074742E1,1.381204431E-1,1.576463719E0,1.317859643E0,2.059385625E0
1.715069942E1,3.205730134E-1,2.297147081E0,1.565335883E0,2.798200886E0
1.716065242E1,3.311557429E-1,2.858527147E0,1.683782930E0,3.334061567E0
1.717060442E1,5.331586249E-1,3.018552575E0,1.337304997E0,3.344294010E0
1.718055642E1,7.432875288E-1,3.049926395E0,7.656294474E-1,3.231209653E0
1.719050842E1,7.356656832E-1,2.555098754E0,5.850550027E-1,2.722503076E0
1.720046042E1,5.906360239E-1,1.695918826E0,7.069473758E-1,1.929965329E0
1.721041242E1,3.287254938E-1,9.212153774E-1,9.766921516E-1,1.382253877E0
1.722036542E1,1.579268628E-1,3.652124119E-1,1.300070221E0,1.359596844E0
1.723031742E1,1.199693701E-1,4.447918475E-2,1.514212653E0,1.519608833E0
1.724026942E1,5.843327254E-2,-8.503021002E-3,1.698619655E0,1.699645693E0
1.725022142E1,-2.003548443E-2,4.985686898E-2,1.832412282E0,1.833199907E0
1.726017342E1,-2.691371039E-1,9.759587646E-2,1.807867571E0,1.830394736E0
1.727012642E1,-6.896451724E-1,1.223488945E-1,1.712538075E0,1.850234140E0
1.728007842E1,-1.229047308E0,6.605131745E-2,1.573355924E0,1.997590780E0
1.729003042E1,-1.755173048E0,-8.179436088E-2,1.495424818E0,2.307296716E0
1.729998242E1,-2.144939088E0,-2.561589164E-1,1.504785626E0,2.632633826E0
1.730993442E1,-2.307537876E0,-2.214662164E-1,1.177899081E0,2.600235486E0
1.731988642E1,-2.191375336E0,9.805605233E-2,5.938490689E-1,2.272531093E0
1.732983942E1,-1.905312589E0,5.284397757E-1,1.662180685E-1,1.984210953E0
1.733979142E1,-1.492047174E0,1.092930560E0,9.532379463E-2,1.851968845E0
1.734974342E1,-1.050801955E0,1.688338496E0,4.528602742E-1,2.039547512E0
1.735969542E1,-7.170732915E-1,2.286029186E0,8.107711217E-1,2.529322707E0
1.736964742E1,-4.797690144E-1,2.815327917E0,9.785020110E-1,3.018893137E0
1.737960042E1,-2.840530586E-1,3.109884329E0,7.033846673E-1,3.201064928E0
1.738955242E1,-1.345546648E-1,3.038096893E0,1.747241592E-1,3.046090318E0
1.739950442E1,2.158815408E-1,2.591288926E0,4.072715802E-1,2.631967568E0
1.740945642E1,3.923730209E-1,1.569568682E0,4.117068395E-1,1.669432526E0
1.741940842E1,1.776816809E-1,2.812458104E-1,4.051664364E-1,5.242421452E-1
1.742936142E1,-6.516254067E-2,-9.880285871E-1,1.136979682E0,1.507703367E0
1.743931342E1,-2.989473787E-1,-1.857079200E0,1.903705482E0,2.676230044E0
1.744926542E1,-4.452315581E-1,-2.335807702E0,3.056948317E0,3.872875130E0
1.745921742E1,-4.730388692E-1,-2.520211342E0,3.841661614E0,4.618830473E0
1.746916942E1,-3.611757866E-1,-2.351795159E0,3.875355902E0,4.547501708E0
1.747912142E1,-2.925552025E-1,-1.863177261E0,3.414513448E0,3.900758918E0
1.748907442E1,-3.867798668E-1,-1.376538645E0,2.951932031E0,3.279993906E0
1.749902642E1,-5.367518851E-1,-1.066628029E0,2.763511354E0,3.010447299E0
1.750897842E1,-5.027631900E-1,-8.078483909E-1,2.853007375E0,3.007497453E0
1.751893042E1,-7.147215414E-1,-5.341039735E-1,2.867846147E0,3.003437274E0
1.752888242E1,-7.071391645E-1,-3.816518587E-1,2.922866107E0,3.031311633E0
1.753883542E1,-7.974871248E-1,-1.480918461E-1,2.306077242E0,2.444567273E0
1.754878742E1,-8.773434260E-1,4.764603674E-2,1.358424263E0,1.617812755E0
1.755873942E1,-7.904435688E-1,1.451132745E-1,1.082472814E0,1.348186297E0
1.756869142E1,-7.483558953E-1,1.426287925E-1,3.327410692E-1,8.313219218E-1
1.757864342E1,-4.514003706E-1,1.792522430E-1,-3.142410636E-2,4.867043617E-1
1.758859542E1,5.048369050E-2,3.728839588E-1,8.168764919E-2,3.850505444E-1
1.759854842E1,6.885005799E-1,4.179326624E-1,5.425666487E-1,9.711227147E-1
1.760850042E1,9.990997052E-1,3.998133105E-1,1.137501546E0,1.565873772E0
1.761845242E1,1.015607857E0,3.935228759E-1,1.196529772E0,1.618024434E0
1.762840442E1,9.616091126E-1,2.648104566E-1,1.200207379E0,1.560549395E0
1.763835642E1,7.621991783E-1,1.705311209E-1,1.238393497E0,1.464119840E0
1.764831083E1,4.273691913E-1,6.645945311E-2,1.352498695E0,1.419969720E0
1.765826283E1,4.552729815E-2,6.655885577E-3,1.481619250E0,1.482333511E0
1.766821483E1,-3.403433266E-1,2.847009301E-3,1.587979518E0,1.624044530E0
1.767816683E1,-6.447122437E-1,5.433992922E-2,1.738387446E0,1.854884799E0
1.768811883E1,-7.504363346E-1,2.599490815E-1,2.161912970E0,2.303170838E0
1.769807083E1,-5.586304119E-1,6.101166075E-1,2.223645827E0,2.372532608E0
1.770802383E1,-2.413017261E-1,9.563863796E-1,1.967931883E0,2.201285381E0
1.771797583E1,6.240148544E-3,1.309136621E0,1.447969693E0,1.952048633E0
1.772792783E1,2.508148536E-1,1.670066532E0,7.898266876E-1,1.864364907E0
1.773787983E1,4.650319844E-1,2.048554462E0,3.330764070E-1,2.126915613E0
1.774783183E1,5.057590109E-1,2.414451583E0,-6.216233432E-2,2.467637084E0
1.775778483E1,3.838466111E-1,2.539214208E0,-2.368005395E-1,2.578957447E0
1.776773683E1,3.386903188E-1,2.487160540E0,3.166194186E-1,2.530005245E0
1.777768883E1,2.707971284E-1,1.923356220E0,7.318989068E-1,2.075645982E0
1.778764083E1,9.348469913E-2,1.239112705E0,7.590981075E-1,1.456148901E0
1.779759283E1,-1.218811172E-1,4.471664017E-1,7.643734655E-1,8.939125194E-1
1.780754583E1,-4.254036498E-1,-1.871079773E-1,1.201576212E0,1.288317916E0
1.781749783E1,-6.430349699E-1,-5.088802546E-1,1.586440823E0,1.785846458E0
1.782744983E1,-9.136555123E-1,-5.966200644E-1,1.628283206E0,1.960109205E0
1.783740183E1,-9.944599396E-1,-5.254120874E-1,1.208064282E0,1.650584061E0
1.784735383E1,-1.034540264E0,-4.147500229E-1,6.155638736E-1,1.273267459E0
1.785730583E1,-1.114594201E0,-3.454482383E-1,1.305633554E-1,1.174181208E0
1.786725883E1,-1.105714035E0,-2.291313314E-1,1.579479128E-2,1.129315797E0
1.787721083E1,-1.110102662E0,-1.071256685E-1,5.828650743E-2,1.116781602E0
1.788716283E1,-1.137121184E0,4.961596370E-2,2.498991796E-1,1.165313662E0
1.789711483E1,-1.275786734E0,2.207318062E-1,1.767508042E-1,1.306749849E0
1.790706683E1,-1.519187903E0,3.322879100E-1,8.867887259E-2,1.557629957E0
1.791701983E1,-1.786391625E0,3.524204582E-1,8.114765882E-3,1.820840758E0
1.792697183E1,-1.887937003E0,3.360377294E-1,1.991950491E-1,1.927927942E0
1.793692383E1,-1.575214169E0,4.882933778E-1,5.260368624E-1,1.731024229E0
1.794687583E1,-9.711529380E-1,8.169957751E-1,5.780899456E-1,1.394563771E0
1.795682783E1,-3.854162961E-1,1.175129548E0,2.822389600E-1,1.268516459E0
1.796677983E1,8.056206018E-2,1.402660496E0,-1.922944576E-2,1.405103727E0
1.797673283E1,4.546435288E-1,1.511361405E0,-8.859584212E-2,1.580747689E0
1.798668483E1,7.212470341E-1,1.642178822E0,-1.827257815E-1,1.802869179E0
1.799663683E1,9.232168794E-1,1.575721123E0,-3.593815684E-2,1.826613811E0
1.800658883E1,9.599093270E-1,1.360374017E0,5.458273485E-1,1.752133236E0
1.801654083E1,6.548402059E-1,8.897971183E-1,1.059126344E0,1.530458500E0
1.802649383E1,2.149635279E-1,3.999314243E-1,1.327613238E0,1.403107755E0
1.803644583E1,-2.688964909E-1,2.447118223E-2,1.519709474E0,1.543509329E0
1.804639783E1,-5.408276868E-1,-2.928086793E-1,1.574089749E0,1.689967470E0
1.805634983E1,-6.761378118E-1,-5.034207094E-1,1.745926261E0,1.938776228E0
1.806630183E1,-6.992331442E-1,-4.471623087E-1,1.645054775E0,1.842576004E0
1.807625383E1,-7.661033642E-1,-9.423138857E-2,1.679269465E0,1.848172030E0
1.808620683E1,-8.246959734E-1,5.078739488E-1,1.723601300E0,1.977083922E0
1.809615883E1,-9.479766217E-1,1.232943892E0,1.579918254E0,2.216969104E0
1.810611083E1,-1.145827981E0,1.768219063E0,1.053063951E0,2.355517799E0
1.811606283E1,-1.234454228E0,2.018485156E0,9.044040477E-1,2.533003404E0
1.812601483E1,-1.145214023E0,1.853359201E0,8.835370892E-1,2.350977089E0
1.813596783E1,-7.924453631E-1,1.303495812E0,1.421059930E0,2.084821889E0
1.814591983E1,-2.833104622E-1,4.861281538E-1,2.348115506E0,2.414587300E0
1.815587183E1,1.473948580E-1,-4.115936959E-1,2.401992336E0,2.441454852E0
1.816582383E1,2.381652796E-1,-1.003478100E0,2.300392286E0,2.521010843E0
1.817577583E1,1.342237124E-1,-1.100490425E0,2.145320326E0,2.414848749E0
1.818572783E1,8.187622190E-2,-7.252541310E-1,2.325582676E0,2.437423240E0
1.819568083E1,1.370371002E-1,-1.446460819E-1,2.218589447E0,2.227518976E0
1.820563283E1,1.099747244E-1,2.989482558E-1,1.115658102E0,1.160240277E0
1.821558483E1,1.220860621E-1,4.158066148E-1,8.105635455E-1,9.191373177E-1
1.822553683E1,4.760671422E-1,3.190591693E-1,4.865468144E-1,7.517755516E-1
1.823548883E1,8.928958502E-1,-3.484192085E-1,4.103306973E-1,1.042607417E0
1.824544183E1,1.150215439E0,-1.455933309E0,1.730186434E0,2.536982943E0
1.825539383E1,1.663199269E0,-2.631431231E0,3.499960856E0,4.684056803E0
1.826534583E1,2.504051977E0,-3.046777085E0,5.059703293E0,6.415116859E0
1.827529783E1,2.807492064E0,-2.005194435E0,5.789622332E0,6.739624853E0
1.828524983E1,1.897299857E0,-1.100492764E-1,5.269790243E0,5.602012745E0
1.829520183E1,8.086716789E-1,1.949877436E0,3.659751227E0,4.224896560E0
1.830515483E1,3.855241773E-1,4.022886708E0,1.514706012E0,4.315852252E0
1.831510683E1,7.476220697E-1,6.239120604E0,-5.675441998E-1,6.309332063E0
1.832505883E1,1.070068531E0,7.968336985E0,-2.039526946E0,8.294522959E0
1.833501083E1,9.334050679E-1,8.507865420E0,-2.064993909E0,8.804499922E0
1.834496283E1,5.194201532E-1,8.305879787E0,-3.083268973E-1,8.327814948E0
1.835491583E1,1.588694340E-1,7.393980778E0,2.559449083E-1,7.400114799E0
1.836486783E1,-8.759269381E-1,5.758041521E0,-1.231416015E0,5.953039187E0
1.837481983E1,-2.226788705E0,3.919849997E0,-1.277980025E0,4.685834491E0
1.838477183E1,-3.454044718E0,2.167116700E0,-6.952909514E-1,4.136453700E0
1.839472383E1,-4.136606281E0,8.789569652E-1,3.846590817E-3,4.228958698E0
1.840467583E1,-4.060027929E0,-3.713859022E-1,1.663512388E-1,4.080370940E0
1.841462883E1,-3.852112635E0,-1.546548194E0,-3.981003687E-1,4.170020021E0
1.842458083E1,-3.805589556E0,-2.623059188E0,-1.332592434E0,4.810275872E0
1.843453283E1,-3.826750337E0,-3.910096841E0,-2.269551147E0,5.923152696E0
1.844448483E1,-3.434833399E0,-5.106131355E0,-2.478963329E0,6.634449267E0
1.845443683E1,-2.474572362E0,-6.083545491E0,-1.802862354E0,6.810532049E0
1.846438983E1,-9.421560109E-1,-6.741168972E0,1.976312113E-1,6.809557632E0
1.847434183E1,6.766912508E-1,-7.026548764E0,2.000610802E0,7.337079948E0
1.848429383E1,1.722248108E0,-6.820305188E0,2.109428655E0,7.343867554E0
1.849424583E1,2.047619492E0,-5.999518663E0,1.522586889E0,6.519604329E0
1.850419783E1,1.435837890E0,-4.835188338E0,8.291421962E-1,5.111570551E0
1.851414983E1,4.890858217E-1,-3.849261240E0,7.628140131E-1,3.954478759E0
1.852410283E1,-4.928296477E-1,-3.158331435E0,1.130971083E0,3.390727666E0
1.853405483E1,-1.143971197E0,-2.940494585E0,1.638471979E0,3.555245270E0
1.854400683E1,-1.325184012E0,-3.323057440E0,1.836501678E0,4.021388047E0
1.855395883E1,-1.334010822E0,-4.136812688E0,1.850834373E0,4.724234538E0
1.856391083E1,-1.320061705E0,-5.049137374E0,2.560261846E0,5.813027769E0
1.857386383E1,-1.838624802E0,-5.808391310E0,2.463456513E0,6.571648862E0
1.858381583E1,-2.744967202E0,-5.629122695E0,2.975148693E0,6.933496737E0
1.859376783E1,-3.319840302E0,-4.124370983E0,3.792840872E0,6.512865538E0
1.860371983E1,-3.479873332E0,-1.942690038E0,3.953382025E0,5.613625604E0
1.861367183E1,-2.893219846E0,1.819133109E-1,3.709696974E0,4.708042605E0
1.862362383E1,-2.306867200E0,1.942049183E0,3.437181641E0,4.572462022E0
1.863357683E1,-2.063558418E0,3.318804175E0,3.080308528E0,4.976046134E0
1.864352592E1,-2.237392046E0,4.196187070E0,1.855031505E0,5.104414852E0
1.865347792E1,-2.716746200E0,4.356492580E0,1.256262954E-1,5.135710222E0
1.866342992E1,-3.228150698E0,4.509323595E0,-8.083097363E-1,5.604312700E0
1.867338192E1,-4.185391940E0,4.723387821E0,-1.168057340E0,6.418119362E0
1.868333492E1,-4.876432258E0,4.604122163E0,-7.804828370E-1,6.751791312E0
1.869328692E1,-4.963011396E0,3.869812449E0,3.080114400E-1,6.300936562E0
1.870323892E1,-4.690066293E0,2.920249186E0,1.461179430E0,5.714859794E0
1.871319092E1,-4.025868203E0,1.979119361E0,2.261677287E0,5.023914050E0
1.872314292E1,-2.972331797E0,1.298067842E0,2.721297088E0,4.233815569E0
1.873309492E1,-1.875910888E0,9.519734859E-1,3.067676788E0,3.719668810E0
1.874304792E1,-9.901405283E-1,1.005719923E0,2.722820288E0,3.066855254E0
1.875299992E1,-6.269925490E-1,9.531768429E-1,1.734272468E0,2.075901429E0
1.876295192E1,-6.229827478E-1,8.890305483E-1,3.764501756E-1,1.148998501E0
1.877290392E1,-6.677997554E-1,5.657824337E-1,-4.975127558E-1,1.006769695E0
1.878285592E1,-7.306864867E-1,-1.643892056E-1,-9.475898284E-1,1.207829887E0
1.879280892E1,-9.721072767E-1,-1.146145484E0,-1.519626298E0,2.137266037E0
1.880276092E1,-1.257870427E0,-2.668632971E0,-1.307866021E0,3.227127743E0
1.881271292E1,-1.312883078E0,-4.935568659E0,-1.123348214E0,5.229284002E0
1.882266492E1,-1.229257808E0,-7.766371817E0,-9.072434556E-1,7.915219305E0
1.883261692E1,-1.687255299E0,-1.122501917E1,-1.644757444E-1,1.135230981E1
1.884256892E1,-2.600495367E0,-1.392629715E1,9.780741410E-1,1.420073792E1
1.885252192E1,-3.290814139E0,-1.526237891E1,2.279368038E0,1.577863068E1
1.886247392E1,-4.484527015E0,-1.571705138E1,3.643017080E0,1.674539519E1
1.887242592E1,-6.208973529E0,-1.425595849E1,3.518637740E0,1.594253795E1
1.888237792E1,-6.646580903E0,-1.148469870E1,1.747296556E0,1.338388535E1
1.889232992E1,-5.654237655E0,-8.745576956E0,-8.311761501E-1,1.044731418E1
1.890228292E1,-4.131908044E0,-6.645736565E0,-2.186791703E0,8.125302242E0
1.891223492E1,-2.521788336E0,-5.490883407E0,-2.579185774E0,6.569734870E0
1.892218692E1,-9.162359617E-1,-4.963611320E0,-1.508090472E0,5.267946711E0
1.893213892E1,8.902007224E-1,-4.590178893E0,4.087969434E0,6.210772390E0
1.894209092E1,2.942439369E0,-4.477459193E0,2.077595243E0,5.746476508E0
1.895204292E1,3.762026045E0,-4.626731007E0,8.220016934E0,1.015520350E1
1.896199592E1,5.013205065E0,-7.041591895E0,1.331483977E1,1.587454565E1
1.897194792E1,3.871782669E0,-6.955621453E0,1.165639984E1,1.411534726E1
1.898189992E1,4.272363134E0,-5.325907141E0,1.137271984E1,1.326488334E1
1.899185192E1,6.184788861E0,-3.031618763E0,8.263895025E0,1.075798711E1
1.900180392E1,9.191881478E0,-4.288412279E-1,9.820610358E0,1.345804509E1
1.901175692E1,1.242594839E1,3.389611033E0,1.025906265E1,1.646639070E1
1.902170892E1,1.423282223E1,8.601334332E0,6.874180849E0,1.799473654E1
1.903166092E1,1.421919470E1,1.227896225E1,1.468959151E0,1.884452846E1
1.904161292E1,1.196147715E1,1.221134271E1,-3.862185341E0,1.752456282E1
1.905156492E1,8.072841931E0,9.976252713E0,-5.066680191E0,1.379737813E1
1.906151692E1,2.659230648E0,8.491044735E0,-2.179891697E0,9.160855644E0
1.907146992E1,-1.177928537E0,6.085431803E0,3.733114488E0,7.235754255E0
1.908142192E1,-2.864361206E0,2.290889976E0,8.122014091E0,8.911781802E0
1.909137392E1,-3.516231611E0,2.188606972E-1,1.037561754E1,1.095742781E1
1.910132592E1,-2.873260083E0,4.414758915E-1,1.233315658E1,1.267111975E1
1.911127792E1,-9.571187434E-1,1.100682213E0,1.231115117E1,1.239725860E1
1.912123092E1,1.413638644E0,2.368649758E0,9.584368227E0,9.973414170E0
1.913118292E1,4.021671072E0,3.101408790E0,4.782386227E0,6.975943858E0
1.914113492E1,6.420707055E0,2.162417293E0,-9.352943033E-1,6.839320366E0
1.915108692E1,7.622021019E0,5.079698431E-1,-3.839470078E0,8.549547840E0
1.916103892E1,6.917794061E0,-1.024798803E0,-2.632788662E0,7.472460331E0
1.917099092E1,5.418677310E0,-1.636198289E0,-4.863918632E-1,5.681178195E0
1.918094392E1,5.342198068E0,-1.551069261E0,1.339997640E0,5.721930595E0
1.919089592E1,6.703808187E0,-3.055912190E0,2.240136144E0,7.700509949E0
1.920084792E1,7.173355976E0,-3.520663508E0,6.198492980E-1,8.014756431E0
1.921079992E1,6.167342523E0,-4.739841886E0,-1.685384483E0,7.958814972E0
1.922075192E1,2.995970628E0,-5.794573170E0,-2.674063280E0,7.050073237E0
1.923070492E1,-7.714857262E-1,-5.178605254E0,-2.222779854E0,5.688048249E0
1.924065692E1,-3.302999151E0,-3.927224506E0,-2.778690434E0,5.835581911E0
1.925060892E1,-3.837412735E0,-2.641529957E0,-5.531191188E0,7.231700559E0
1.926056092E1,-3.082861715E0,-1.959235904E0,-9.278712046E0,9.971817232E0
1.927051292E1,-2.424060020E0,-1.343435218E0,-8.175501496E0,8.632479938E0
1.928046492E1,-2.830314916E0,3.359862739E-1,4.817199379E-2,2.850594647E0
1.929041792E1,-3.554453983E0,1.199330589E0,7.088081937E0,8.019566231E0
1.930036992E1,-3.615673161E0,6.535760379E-1,8.621802510E0,9.372071946E0
1.931032192E1,-2.027718932E0,1.511914551E-1,6.358794982E0,6.675985062E0
1.932027392E1,9.429077435E-1,9.259212166E-1,3.014499870E0,3.291445667E0
1.933022592E1,5.371844621E0,2.899634827E0,3.391056173E0,6.983112396E0
1.934017892E1,7.770650809E0,6.210331838E0,-5.763644323E-1,9.964107160E0
1.935013092E1,1.916928960E0,-1.170843539E0,4.913645693E0,5.402722020E0
1.936008292E1,3.116077700E-1,-6.246987448E0,9.313838024E0,1.121915907E1
1.937003492E1,-7.987849143E-1,-5.506158673E0,8.236247050E0,9.939396669E0
1.937998692E1,2.571584979E-1,-3.726001934E0,4.418243855E0,5.785334880E0
1.938993892E1,2.337531461E0,-1.156181061E0,5.812828177E-1,2.671834144E0
1.939989192E1,3.324432705E0,1.353608789E0,-8.527393658E-1,3.689346011E0
1.940984392E1,3.078904611E0,4.226602532E0,-1.908297300E-1,5.232612976E0
1.941979592E1,1.787292388E0,4.792294918E0,1.705659703E0,5.391639796E0
1.942974792E1,5.153437668E-1,2.937744640E0,3.084867017E0,4.290958783E0
1.943969992E1,9.269093961E-2,1.115130098E0,2.954668821E0,3.159457958E0
1.944965292E1,5.011043349E-1,3.532203573E-1,3.432870781E0,3.487186828E0
1.945960492E1,7.543595240E-1,7.120745069E-1,3.777627001E0,3.917470377E0
1.946955692E1,3.461960971E-1,2.448220423E0,3.660968617E0,4.417728624E0
1.947950892E1,1.903459606E0,8.078471045E0,5.725260860E0,1.008283020E1
1.948946092E1,7.182177086E0,1.676731656E1,4.562353163E0,1.880270296E1
1.949941292E1,1.100937737E1,1.860298443E1,9.003674809E0,2.341673717E1
1.950936592E1,1.308446182E1,1.930045668E1,9.693581936E0,2.525225336E1
1.951931792E1,1.018825404E1,1.878206125E1,6.530387957E0,2.234305960E1
1.952926992E1,6.279246536E0,1.436452959E1,4.485920699E0,1.630619919E1
1.953922192E1,7.720018015E0,9.050420374E0,-2.211416229E-1,1.189780193E1
1.954917392E1,6.340087985E0,3.309757363E0,-2.286477667E0,7.508607699E0
1.955912592E1,4.848526422E0,-1.451693493E0,-8.778728914E-1,5.136758051E0
1.956907892E1,6.309432203E0,-1.566213550E0,-1.161844235E0,6.603926228E0
1.957903092E1,8.341043773E0,1.490210271E0,-2.106538961E0,8.731050582E0
1.958898292E1,8.951867309E0,4.754842333E0,-3.781188540E0,1.081858774E1
1.959893492E1,5.881097344E0,6.117071087E0,-6.237272884E0,1.053135498E1
1.960888692E1,2.233586093E0,4.389693071E0,-4.989171839E0,7.010716634E0
1.961883992E1,-1.073088618E0,1.782703786E0,-2.142819765E0,2.986842566E0
1.962879192E1,-2.310637485E0,1.075764889E-1,2.225181305E-1,2.323818540E0
1.963874392E1,-2.823836201E0,-8.241165143E-1,3.621437931E-1,2.963843290E0
1.964869717E1,-2.509201327E0,-9.003361398E-1,7.907204345E-2,2.667011221E0
1.965864917E1,-3.200001032E0,-1.499328420E0,-2.261280553E-1,3.541062865E0
1.966860117E1,-3.844209831E0,-1.771475378E0,-7.913983461E-1,4.306087038E0
1.967855417E1,-4.007649741E0,-2.794435231E0,-6.626064046E-1,4.930433242E0
1.968850617E1,-3.230030870E0,-2.976353220E0,-4.497619077E-1,4.415208227E0
1.969845817E1,-1.985165674E0,-2.055904997E0,-4.392497834E-1,2.891464764E0
1.970841017E1,-7.537686628E-1,-9.198272485E-1,-4.745622882E-1,1.280413499E0
1.971836217E1,-1.094832659E-2,-2.771767330E-1,-9.073580611E-1,9.488126571E-1
1.972831517E1,4.796441764E-2,-4.459028184E-1,-1.971084702E0,2.021461059E0
1.973826717E1,-2.944944316E-1,-1.329462712E0,-2.203375869E0,2.590185957E0
1.974821917E1,-4.418161994E-1,-2.159541047E0,-1.874029108E0,2.893234209E0
1.975817117E1,-2.688733944E-1,-2.570906117E0,-1.366725848E0,2.924002515E0
1.976812317E1,-8.498986423E-2,-2.435237850E0,-1.312922108E-1,2.440254968E0
1.977807517E1,-1.435795498E-1,-1.797108402E0,9.810551977E-1,2.052482155E0
1.978802817E1,-2.862910804E-1,-8.328867531E-1,1.381024044E0,1.637953094E0
1.979798017E1,-6.852103516E-1,-1.309992653E-1,1.381664314E0,1.547795307E0
1.980793217E1,-7.525658906E-1,-7.583838701E-2,5.175008778E-1,9.164682422E-1
1.981788417E1,-5.175613233E-1,-3.537337428E-1,-4.761913955E-2,6.287009358E-1
1.982783617E1,-8.006855518E-2,-3.585173500E-1,4.561694328E-1,5.856929359E-1
1.983778817E1,2.215761441E-1,-1.859706938E-1,1.695846029E-1,3.353207779E-1
1.984774117E1,3.226221702E-1,-2.428278494E-1,5.338975668E-2,4.073093360E-1
1.985769317E1,8.191832185E-2,-1.671432441E-1,7.017367758E-1,7.260041171E-1
1.986764517E1,-4.462448806E-1,-9.531019986E-2,1.247093570E0,1.327953651E0
1.987759717E1,-7.485909534E-1,-1.179301536E-1,1.743810300E0,1.901360118E0
1.988754917E1,-6.327178502E-1,-1.435076290E-1,2.193073075E0,2.287027728E0
1.989750217E1,-5.449376947E-1,8.972260058E-2,2.093129103E0,2.164762499E0
1.990745417E1,-3.202160409E-1,-2.708254874E-2,1.572870020E0,1.605363472E0
1.991740617E1,1.062450778E-1,-3.473047292E-1,1.305310057E0,1.354895913E0
1.992735817E1,3.347586510E-1,-8.873833877E-1,1.119680109E0,1.467377313E0
1.993731017E1,3.448410049E-1,-1.129337078E0,7.528041646E-1,1.400368403E0
1.994726217E1,3.863299236E-1,-1.086267073E0,3.612082386E-1,1.208179769E0
1.995721517E1,3.751003459E-1,-1.216641855E0,-3.090873277E-1,1.310134592E0
1.996716717E1,2.390432391E-1,-1.285982816E0,-1.214299168E0,1.784773359E0
1.997711917E1,1.004425934E-1,-1.197280555E0,-1.741716851E0,2.115926991E0
1.998707117E1,6.924155831E-2,-1.369670506E0,-2.070746984E0,2.483703839E0
1.999702317E1,7.311533868E-2,-1.424743091E0,-2.192985951E0,2.616185412E0
2.000697617E1,3.403868884E-1,-1.358260249E0,-2.263273869E0,2.661417431E0
2.001692817E1,8.225708029E-1,-1.201875297E0,-2.275342814E0,2.701538798E0
2.002688017E1,1.013212545E0,-1.110823039E0,-2.126225659E0,2.604105036E0
2.003683217E1,8.986515570E-1,-9.484289038E-1,-1.668051874E0,2.118841443E0
2.004678417E1,5.564675269E-1,-4.267847621E-1,-1.386683857E0,1.553928396E0
2.005673617E1,1.377642015E-1,9.245734334E-2,-1.542545483E0,1.551442523E0
2.006668917E1,-3.624548650E-1,2.448410457E-1,-1.903695542E0,1.953299102E0
2.007664117E1,-8.760555768E-1,6.920355141E-2,-1.830652416E0,2.030652795E0
2.008659317E1,-1.357189039E0,-4.692758936E-1,-1.281517590E0,1.924699791E0
2.009654517E1,-1.519977569E0,-1.277462838E0,-5.078452975E-1,2.049426739E0
2.010649717E1,-1.360628956E0,-1.979076092E0,4.415557060E-1,2.441930542E0
2.011645017E1,-9.990672532E-1,-2.219862093E0,1.188903249E0,2.709135291E0
2.012640217E1,-7.279008731E-1,-2.118663747E0,1.346390986E0,2.613684075E0
2.013635417E1,-6.659399754E-1,-1.981036078E0,1.067607146E0,2.346862802E0
2.014630617E1,-6.035019448E-1,-1.750399674E0,3.989198560E-1,1.894003872E0
2.015625817E1,-5.783668113E-1,-1.391588209E0,-3.139282376E-1,1.539342993E0
2.016621017E1,-5.561392057E-1,-1.095399254E0,-5.848908421E-1,1.360620314E0
2.017616317E1,-4.237453794E-1,-7.982630503E-1,-6.648404065E-1,1.121961145E0
2.018611517E1,-7.477682501E-2,-5.989922798E-1,-7.049233621E-1,9.280626440E-1
2.019606717E1,2.849386194E-1,-4.452572858E-1,-1.360091597E-1,5.458411481E-1
2.020601917E1,5.286061290E-1,-2.290740287E-1,6.784334287E-1,8.900400370E-1
2.021597117E1,7.259163281E-1,6.533561826E-2,1.026493326E0,1.258932805E0
2.022592317E1,9.597944292E-1,2.707681847E-1,9.813364488E-1,1.399121861E0
2.023587617E1,8.496135905E-1,3.615526396E-1,1.030755654E0,1.383842759E0
2.024582817E1,2.354876934E-1,5.074623048E-1,1.456589951E0,1.560329045E0
2.025578017E1,-8.252789408E-1,7.936969596E-1,1.492775445E0,1.881334293E0
2.026573217E1,-2.121960992E0,1.140735056E0,1.217784694E0,2.699443365E0
2.027568417E1,-2.900100265E0,1.479278317E0,7.534306937E-1,3.341631891E0
2.028563717E1,-2.190083540E0,1.369756460E0,2.758263186E-1,2.597841186E0
2.029558917E1,-7.571318351E-1,1.152970939E0,-2.241530120E-1,1.397438791E0
2.030554117E1,4.403905021E-1,1.337993799E0,-3.668183497E-1,1.455584729E0
2.031549317E1,1.108847996E0,1.641229818E0,-1.506307071E-1,1.986421105E0
2.032544517E1,1.012016205E0,1.879594488E0,2.125650001E-1,2.145282293E0
2.033539717E1,4.353673053E-1,2.076960236E0,3.349460542E-1,2.148370864E0
2.034535017E1,-1.092107856E-1,2.285252675E0,5.406282967E-1,2.350869146E0
2.035530217E1,-4.137147734E-1,2.448000568E0,5.085849702E-1,2.534270184E0
2.036525417E1,-5.004624568E-1,2.834950004E0,5.075383186E-1,2.923183083E0
2.037520617E1,-6.411616682E-1,3.209045506E0,6.383744466E-1,3.334154057E0
2.038515817E1,-7.910168883E-1,3.060273044E0,7.677037472E-1,3.252744666E0
2.039511017E1,-8.618607299E-1,2.494143285E0,1.279662561E0,2.932761653E0
2.040506317E1,-1.027747700E0,1.898062919E0,1.867456838E0,2.854172948E0
2.041501517E1,-1.464768744E0,1.415209206E0,2.431657600E0,3.171958898E0
2.042496717E1,-2.043398387E0,1.269013612E0,2.836759132E0,3.719284191E0
2.043491917E1,-2.603125445E0,1.423402324E0,3.089771077E0,4.283575792E0
2.044487117E1,-2.858352900E0,1.616839328E0,3.070799201E0,4.496015841E0
2.045482417E1,-2.803263065E0,2.310228472E0,2.980218814E0,4.698632097E0
2.046477617E1,-2.349019924E0,2.849224226E0,2.873171498E0,4.678791271E0
2.047472817E1,-1.406001741E0,4.006497547E0,2.484386621E0,4.919455292E0
2.048468017E1,-7.367969732E-1,5.247098953E0,1.637805104E0,5.545928485E0
2.049463217E1,2.508345880E-1,6.018336757E0,9.596660829E-1,6.099529023E0
2.050458517E1,1.240456249E0,5.972780516E0,2.205920577E-2,6.100272568E0
2.051453717E1,1.169690760E0,5.958013957E0,2.501222509E-1,6.076896241E0
2.052448917E1,1.154067877E0,5.174910398E0,2.961070937E-1,5.310296574E0
2.053444117E1,9.902873665E-1,4.232227553E0,1.334626973E-1,4.348589590E0
2.054439317E1,6.434949996E-1,3.387644030E0,5.133095205E-2,3.448601565E0
2.055434517E1,2.344924973E-1,2.716377826E0,1.679823196E-1,2.731650286E0
2.056429817E1,-2.326377605E-1,2.145132338E0,5.812231761E-1,2.234621547E0
2.057425017E1,-9.997683343E-1,1.785709839E0,9.708442050E-1,2.265134615E0
2.058420217E1,-1.808933372E0,1.757447323E0,9.578990543E-1,2.697856860E0
2.059415417E1,-2.181366949E0,1.626724046E0,9.459268802E-1,2.880862814E0
2.060410617E1,-2.422136725E0,1.491935200E0,1.164404000E0,3.073833702E0
2.061405817E1,-2.729899804E0,1.366894832E0,1.619471160E0,3.455928422E0
2.062401117E1,-2.962160566E0,1.191159689E0,1.684043716E0,3.609606607E0
2.063396317E1,-2.804536881E0,1.136226268E0,1.524925191E0,3.388485515E0
2.064391517E1,-2.331463367E0,1.112878920E0,1.342744077E0,2.911560163E0
2.065386604E1,-1.780472927E0,1.054930674E0,1.152265180E0,2.368686897E0
2.066381804E1,-1.318992541E0,1.124066983E0,9.257598335E-1,1.964764407E0
2.067377104E1,-8.367292508E-1,1.497824516E0,6.921238071E-1,1.850034995E0
2.068372304E1,-5.687332311E-1,1.670624941E0,5.466257858E-1,1.847496937E0
2.069367504E1,-6.429788366E-1,1.684310934E0,3.837282050E-1,1.843250510E0
2.070362704E1,-7.180990393E-1,1.799731463E0,1.349829733E-2,1.937751731E0
2.071357904E1,-6.898623964E-1,1.628364775E0,-2.330489659E-1,1.783758332E0
2.072353104E1,-7.962144783E-1,1.251933310E0,-2.183362019E-1,1.499655029E0
2.073348404E1,-1.111674979E0,1.002028576E0,-9.890506804E-2,1.499888242E0
2.074343604E1,-1.266386458E0,6.955771726E-1,-3.115080750E-1,1.478039087E0
2.075338804E1,-1.310320536E0,5.304617429E-1,-1.924926782E-1,1.426668496E0
2.076334004E1,-1.391395251E0,5.133826107E-1,8.129617810E-2,1.485311926E0
2.077329204E1,-1.475091857E0,5.207068330E-1,2.834689218E-1,1.589775526E0
2.078324404E1,-1.377937738E0,4.595671767E-1,2.569827890E-1,1.475111708E0
2.079319704E1,-1.323260132E0,3.456967449E-1,3.607597572E-1,1.414450854E0
2.080314904E1,-1.349128945E0,2.459952861E-1,5.588827193E-1,1.480882333E0
2.081310104E1,-1.293260699E0,2.164662623E-1,6.271635801E-1,1.453518158E0
2.082305304E1,-1.160216078E0,4.136536700E-1,6.155036473E-1,1.376973292E0
2.083300504E1,-9.354099320E-1,1.002843093E0,6.679999495E-1,1.525421234E0
2.084295804E1,-5.864849393E-1,1.779353916E0,6.719748867E-1,1.990380665E0
2.085291004E1,-4.188112065E-1,2.634390507E0,7.230275112E-1,2.763726642E0
2.086286204E1,-3.075603274E-1,3.491133315E0,6.794645852E-1,3.569912786E0
2.087281404E1,-2.590738995E-1,4.187333801E0,6.276161546E-1,4.242026129E0
2.088276604E1,-2.693625140E-1,4.788590707E0,6.963367260E-1,4.846446323E0
2.089271804E1,-2.533730105E-1,5.304396989E0,2.532417405E-1,5.316479726E0
2.090267104E1,-1.482744254E-1,5.932983196E0,2.932214928E-1,5.942074870E0
2.091262304E1,-8.351972803E-2,6.640701528E0,7.698561072E-1,6.685698972E0
2.092257504E1,-1.560392354E-1,7.329339809E0,1.218297787E0,7.431542221E0
2.093252704E1,-3.477790846E-1,7.714702896E0,1.752575423E0,7.918908490E0
2.094247904E1,-5.516931291E-1,7.966142524E0,2.531259656E0,8.376817264E0
2.095243204E1,-7.326985136E-1,8.121876097E0,2.994167932E0,8.687160643E0
2.096238404E1,-8.313977596E-1,8.052556186E0,3.043766354E0,8.648664462E0
2.097233604E1,-9.083053100E-1,7.861665645E0,3.224652894E0,8.545711880E0
2.098228804E1,-9.306022051E-1,7.560896566E0,3.034594704E0,8.200118436E0
2.099224004E1,-1.078524190E0,6.877777471E0,2.751290966E0,7.485762442E0
2.100219204E1,-1.214824541E0,6.160293120E0,2.728126051E0,6.845997498E0
2.101214504E1,-1.215478552E0,4.914143291E0,2.365619731E0,5.587696225E0
2.102209704E1,-9.689742655E-1,3.201085106E0,2.187719949E0,3.996495410E0
2.103204904E1,-4.531383093E-1,1.500873254E0,2.635593279E0,3.066644222E0
2.104200104E1,2.999275182E-1,-1.661544800E-1,2.765399420E0,2.786574560E0
2.105195304E1,1.474424836E0,-2.064141970E0,2.172606066E0,3.339884397E0
2.106190504E1,2.398635888E0,-3.936705181E0,2.100169297E0,5.065748995E0
2.107185804E1,3.003144577E0,-5.407985092E0,2.094615319E0,6.530895301E0
2.108181004E1,3.610452475E0,-6.214648837E0,1.617806457E0,7.367124607E0
2.109176204E1,3.284948212E0,-6.508305947E0,-1.494527856E-1,7.291863081E0
2.110171404E1,3.043623097E0,-6.603323786E0,-1.720756191E0,7.471849065E0
2.111166604E1,2.718933059E0,-6.509193555E0,-2.098978073E0,7.359884962E0
2.112161804E1,2.838928449E0,-7.039114430E0,-1.971878023E0,7.841999084E0
2.113157104E1,2.530454787E0,-7.767162945E0,-1.636319327E0,8.331240159E0
2.114152304E1,1.480744506E0,-8.293288393E0,-1.223989613E0,8.512895350E0
2.115147504E1,6.002538165E-1,-8.827207010E0,-8.879547337E-1,8.892038678E0
2.116142704E1,-1.049580180E0,-9.537280015E0,-1.084970233E0,9.656007925E0
2.117137904E1,-2.771017132E0,-1.042282094E1,-5.942244601E-1,1.080124229E1
2.118133204E1,-4.206471153E0,-1.150385768E1,1.408547473E-1,1.224961147E1
2.119128404E1,-5.711875999E0,-1.264027223E1,4.505407934E-1,1.387822022E1
2.120123604E1,-6.582249252E0,-1.346543247E1,7.958194989E-1,1.500923734E1
2.121118804E1,-7.129590152E0,-1.392797296E1,7.296190774E-1,1.566371062E1
2.122114004E1,-7.080373553E0,-1.355277701E1,5.890426576E-1,1.530217062E1
2.123109204E1,-6.108788506E0,-1.244078979E1,1.244307371E0,1.391541765E1
2.124104504E1,-5.282175815E0,-1.133197878E1,6.900737733E-1,1.252163433E1
2.125099704E1,-4.348942948E0,-1.033717561E1,-8.115642965E-2,1.121503859E1
2.126094904E1,-3.233047156E0,-9.323463711E0,-3.519474185E-1,9.874382840E0
2.127090104E1,-2.124054588E0,-8.615029095E0,-1.013006723E0,8.930650415E0
2.128085304E1,-9.118305963E-1,-8.002194702E0,-9.655203152E-1,8.111644997E0
2.129080604E1,-6.413082871E-1,-8.124388645E0,-1.262339600E0,8.246845969E0
2.130075804E1,-5.387107024E-1,-8.462792743E0,-1.083607759E0,8.548875716E0
2.131071004E1,-1.045278383E0,-8.949991522E0,-9.337792897E-1,9.059078259E0
2.132066204E1,-1.648797577E0,-9.343182861E0,-6.857620364E-1,9.512300930E0
2.133061404E1,-1.923088125E0,-9.394958786E0,-6.041951323E-1,9.608775691E0
2.134056604E1,-1.791255339E0,-9.036347880E0,-5.479115885E-1,9.228455224E0
2.135051904E1,-1.744603621E0,-8.556449935E0,-8.068876203E-1,8.769694688E0
2.136047104E1,-1.878681153E0,-8.192685878E0,-9.211797094E-1,8.455655908E0
2.137042304E1,-2.029738999E0,-8.146289976E0,-1.071360181E0,8.463432721E0
2.138037504E1,-1.915913591E0,-8.304492828E0,-8.356115556E-1,8.563502361E0
2.139032704E1,-1.459501864E0,-8.450759758E0,-4.404860310E-1,8.587171485E0
2.140028004E1,-8.419984692E-1,-8.351297450E0,1.812864163E-1,8.395593802E0
2.141023204E1,-3.194298828E-1,-7.643455743E0,1.059911333E0,7.723202909E0
2.142018404E1,-1.482494286E-1,-6.314966007E0,1.485146583E0,6.488947059E0
2.143013604E1,-2.338327852E-1,-4.388838792E0,1.475875822E0,4.636247746E0
2.144008804E1,-1.184555259E-1,-1.787549958E0,6.181179374E-1,1.895108532E0
2.145004004E1,-9.684719896E-1,7.275485784E-1,-8.949232992E-1,1.506038725E0
2.145999304E1,-1.548940875E0,2.546668239E0,-2.621530141E0,3.969528590E0
2.146994504E1,-1.524816725E0,3.849614412E0,-2.862524888E0,5.033750679E0
2.147989704E1,-9.780254629E-1,4.858123457E0,-2.732285761E0,5.658911804E0
2.148984904E1,1.816610035E-1,5.777091165E0,-3.097242064E0,6.557491247E0
2.149980104E1,2.048356242E0,6.503119467E0,-3.406420609E0,7.621681406E0
2.150975304E1,4.338090223E0,7.633529509E0,-4.334028747E0,9.791506765E0
2.151970604E1,6.191595604E0,9.887281480E0,-4.670588048E0,1.256616823E1
2.152965804E1,7.591022590E0,1.285594678E1,-3.816234997E0,1.540982288E1
2.153961004E1,8.131046870E0,1.544926294E1,-3.126382833E0,1.773606264E1
2.154956204E1,8.402281662E0,1.545853428E1,-4.030733671E0,1.805024745E1
2.155951404E1,8.600805743E0,1.320799711E1,-7.264488925E0,1.735505248E1
2.156946604E1,9.133298224E0,1.070092154E1,-1.046729487E1,1.753542472E1
2.157941904E1,9.885768220E0,8.837568276E0,-1.063234656E1,1.699640608E1
2.158937104E1,1.044234948E1,7.268948597E0,-9.404455833E0,1.582163284E1
2.159932304E1,1.038601623E1,5.584526566E0,-8.425507388E0,1.449294466E1
2.160927504E1,9.359477296E0,4.439579760E0,-7.655578775E0,1.288089943E1
2.161922704E1,7.189895995E0,4.030341908E0,-6.818435833E0,1.069716446E1
2.162918004E1,4.916174029E0,3.549989049E0,-5.710070379E0,8.329231241E0
2.163913204E1,3.036954932E0,2.751357039E0,-4.670474027E0,6.213403935E0
2.164908383E1,1.633564119E0,1.648766879E0,-4.133080410E0,4.740181181E0
2.165903583E1,9.100856410E-1,4.617715770E-1,-2.980658525E0,3.150526004E0
2.166898783E1,7.022039683E-1,-1.036093869E0,-5.936006353E-1,1.385259049E0
2.167893983E1,6.570823207E-1,-3.018208759E0,9.854106425E-1,3.242279356E0
2.168889283E1,8.789927794E-1,-4.822066017E0,2.784894914E0,5.637427486E0
2.169884483E1,6.250732005E-1,-5.264682115E0,5.408715409E0,7.573757103E0
2.170879683E1,-1.381713139E-1,-3.858955924E0,7.029246084E0,8.020033207E0
2.171874883E1,-1.192294634E0,-1.296184453E0,7.839873657E0,8.035252304E0
2.172870083E1,-2.457650812E0,1.389613019E0,7.224333172E0,7.756420672E0
2.173865283E1,-3.702226571E0,3.827075735E0,5.936575726E0,7.974705111E0
2.174860583E1,-4.718625264E0,5.828715647E0,4.418683566E0,8.704258436E0
2.175855783E1,-5.531071905E0,7.075276535E0,3.939817069E0,9.806857448E0
2.176850983E1,-5.492292001E0,7.165491471E0,4.575448002E0,1.012147538E1
2.177846183E1,-3.964536173E0,5.992755189E0,5.555602144E0,9.082696571E0
2.178841383E1,-2.004847402E0,4.692794019E0,6.036293557E0,7.904338601E0
2.179836583E1,-5.697148325E-1,4.057614491E0,5.900675576E0,7.183786091E0
2.180831883E1,-1.355489838E-1,4.093997621E0,4.889721810E0,6.378759239E0
2.181827083E1,-1.328554639E-1,4.631005322E0,3.632105591E0,5.886939094E0
2.182822283E1,-4.770649695E-1,5.067394720E0,2.970471506E0,5.893197876E0
2.183817483E1,-4.747386548E-1,5.483498958E0,2.861312175E0,6.203325316E0
2.184812683E1,-2.198124777E-1,6.078003500E0,3.089943570E0,6.821890892E0
2.185807983E1,-1.144206548E-1,6.794820684E0,3.313821763E0,7.560694074E0
2.186803183E1,-3.438330911E-1,7.401979769E0,3.812018570E0,8.333007337E0
2.187798383E1,-9.565316829E-1,7.735092137E0,3.908957804E0,8.719320750E0
2.188793583E1,-1.434697683E0,7.655947734E0,3.508629938E0,8.542972386E0
2.189788783E1,-1.592355428E0,7.413522758E0,2.326272063E0,7.931422142E0
2.190783983E1,-1.300127231E0,7.102809904E0,1.790931403E0,7.439601780E0
2.191779283E1,-5.027972500E-1,6.651352231E0,1.044753011E0,6.751651681E0
2.192774483E1,2.491286628E-1,5.890814247E0,5.003550142E-1,5.917272405E0
2.193769683E1,7.601411046E-1,4.782611929E0,-5.339962386E-2,4.842937423E0
2.194764883E1,1.055044695E0,3.408698099E0,-5.851231959E-1,3.615897011E0
2.195760083E1,1.097283958E0,1.946017104E0,-1.036830618E0,2.462931664E0
2.196755283E1,9.445298342E-1,4.099190533E-1,-1.384617158E0,1.725495556E0
2.197750583E1,7.474658029E-1,-1.124574521E0,-1.889577439E0,2.322471933E0
2.198745783E1,4.908372089E-1,-2.861365385E0,-1.953956453E0,3.499468367E0
2.199740983E1,3.075370847E-1,-4.860046021E0,-1.862944542E0,5.213941767E0
2.200736183E1,1.838937628E-1,-6.861818665E0,-1.987611272E0,7.146255725E0
2.201731383E1,-1.562915428E-1,-8.875362339E0,-1.751338152E0,9.047854387E0
2.202726583E1,-6.914607328E-1,-1.062713202E1,-1.458164606E0,1.074896724E1
2.203721883E1,-1.295087808E0,-1.208930313E1,-7.669769382E-1,1.218264160E1
2.204717083E1,-1.944998811E0,-1.325672079E1,-1.797433909E-1,1.339984978E1
2.205712283E1,-2.518144644E0,-1.385696086E1,2.175784028E-1,1.408558686E1
2.206707483E1,-2.845740748E0,-1.359868701E1,8.643307400E-1,1.392011481E1
2.207702683E1,-3.055332146E0,-1.262222305E1,1.386066098E0,1.306050337E1
2.208697983E1,-3.044569469E0,-1.060070845E1,1.272362312E0,1.110240193E1
2.209693183E1,-2.909742908E0,-8.735674111E0,7.738193500E-1,9.239989305E0
2.210688383E1,-2.653708538E0,-7.049096212E0,-3.879300141E-1,7.542043231E0
2.211683583E1,-2.270523832E0,-5.717144925E0,-7.388822365E-1,6.195722034E0
2.212678783E1,-1.951949689E0,-4.831570081E0,-1.658911214E0,5.468652800E0
2.213673983E1,-1.930146883E0,-4.955746815E0,-1.843394376E0,5.628765079E0
2.214669283E1,-1.986870138E0,-5.918614249E0,-1.439280438E0,6.406963068E0
2.215664483E1,-1.962989232E0,-7.375432826E0,-6.270893204E-1,7.657909448E0
2.216659683E1,-1.736445586E0,-8.527024407E0,2.337951437E-1,8.705173673E0
2.217654883E1,-1.513117324E0,-9.295161433E0,6.831535935E-1,9.442258677E0
2.218650083E1,-1.343432002E0,-9.493673819E0,1.111528798E0,9.652468513E0
2.219645283E1,-1.413590696E0,-9.225642132E0,1.367414650E0,9.432949391E0
2.220640583E1,-1.539281859E0,-8.662263488E0,1.490214365E0,8.923280576E0
2.221635783E1,-1.633205392E0,-8.255087364E0,1.471231964E0,8.542736723E0
2.222630983E1,-1.604293834E0,-7.919299310E0,1.545457689E0,8.226633561E0
2.223626183E1,-1.587056535E0,-7.180062733E0,1.065853858E0,7.430214919E0
2.224621383E1,-1.511804039E0,-6.383264995E0,7.045902170E-2,6.560227734E0
2.225616683E1,-7.220744151E-1,-6.073456120E0,-6.150674450E-1,6.147078060E0
2.226611883E1,6.358832404E-1,-6.005850028E0,-3.305547953E-1,6.048458360E0
2.227607083E1,1.610029660E0,-4.740578635E0,-5.466342643E-2,5.006822285E0
2.228602283E1,1.005643032E0,-1.209114735E0,-1.118008829E0,1.929564741E0
2.229597483E1,-3.430339229E-1,3.006328386E0,-2.912517997E0,4.199814725E0
2.230592683E1,-8.536373520E-1,5.614713986E0,-4.566585377E0,7.287483234E0
2.231587983E1,-2.735786489E-1,6.460541212E0,-5.408915384E0,8.430290841E0
2.232583183E1,1.142540384E0,6.855095537E0,-6.012793597E0,9.189745382E0
2.233578383E1,1.955949769E0,7.710670071E0,-5.896817583E0,9.902152799E0
2.234573583E1,2.252401556E0,8.671755273E0,-6.193460866E0,1.089181389E1
2.235568783E1,2.228544624E0,1.029089723E1,-6.324217472E0,1.228269936E1
2.236563983E1,1.945537340E0,1.125229059E1,-6.990846834E0,1.338921575E1
2.237559283E1,1.632630903E0,1.102681610E1,-7.014779488E0,1.317054624E1
2.238554483E1,2.427667752E0,9.856706389E0,-6.821388677E0,1.223027289E1
2.239549683E1,2.640432435E0,7.456080548E0,-6.480839821E0,1.022576674E1
2.240544883E1,2.180835730E0,5.941845821E0,-6.069899844E0,8.769564434E0
2.241540083E1,1.934226193E0,4.866111923E0,-5.388329676E0,7.513612508E0
2.242535283E1,2.264295085E0,3.788772964E0,-4.415274639E0,6.243114843E0
2.243530583E1,2.587575359E0,2.049788809E0,-2.348986887E0,4.051533019E0
2.244525783E1,2.137059380E0,7.854243189E-1,4.695242541E-1,2.324729485E0
2.245520983E1,2.596204095E0,1.101934687E0,1.267022635E0,3.091905904E0
2.246516183E1,1.296613347E0,1.756600061E0,4.223084847E0,4.754081990E0
2.247511383E1,-1.019386035E-1,2.602772858E0,5.521786526E0,6.105320997E0
2.248506683E1,-1.908019558E-1,3.245228661E0,5.235319737E0,6.162506568E0
2.249501883E1,-1.094443819E-1,3.640004010E0,5.474010097E0,6.574678228E0
2.250497083E1,6.987501642E-1,3.551429803E0,4.461633704E0,5.745178913E0
2.251492283E1,2.487021376E0,3.423007990E0,3.439768449E0,5.452913534E0
2.252487483E1,4.814082229E0,4.501432192E0,3.627167033E0,7.522939596E0
2.253482683E1,4.923730971E0,5.471076549E0,4.067089319E0,8.409341282E0
2.254477983E1,4.839229349E0,5.790711084E0,4.449627031E0,8.760688116E0
2.255473183E1,4.106577028E0,5.112187316E0,4.072896774E0,7.719256582E0
2.256468383E1,2.731746647E0,4.881026416E0,3.875001268E0,6.804593555E0
2.257463583E1,2.136760295E0,5.008264752E0,3.640833145E0,6.550124150E0
2.258458783E1,1.835576941E0,5.135843981E0,4.010353786E0,6.769724779E0
2.259453983E1,1.756786295E0,5.150531017E0,4.251193582E0,6.905571281E0
2.260449283E1,1.614082073E0,4.612346272E0,4.081108603E0,6.366666828E0
2.261444483E1,1.645805849E0,4.177699928E0,4.422907594E0,6.302695072E0
2.262439683E1,1.439470473E0,3.821170047E0,4.969774286E0,6.432112578E0
2.263434883E1,1.051348085E0,3.481440970E0,4.378342456E0,5.691717376E0
2.264430083E1,1.151555621E0,3.070207463E0,1.749785277E0,3.716719350E0
2.265425283E1,6.392000735E-1,1.656305695E0,8.023432374E-2,1.777178335E0
2.266420583E1,2.987643608E-1,1.060059267E-1,7.689777093E-1,8.317596511E-1
2.267415783E1,5.868557990E-1,-8.594331121E-1,6.917162561E-1,1.249598488E0
2.268410983E1,9.535326460E-1,-6.034349942E-1,3.672927050E-1,1.186702250E0
2.269406183E1,1.132345763E0,-1.233961308E0,4.449217287E-1,1.732865483E0
2.270401383E1,4.340089971E-1,-2.948821605E0,7.137637675E-1,3.064860744E0
2.271396683E1,-2.662132037E-1,-3.722673115E0,4.300627112E-1,3.756876166E0
2.272391883E1,-1.318979239E0,-4.543588863E0,2.876245379E-2,4.731250709E0
2.273387083E1,-8.797296748E-1,-5.140231147E0,1.478795922E-1,5.217065163E0
2.274382283E1,-1.032998353E-2,-4.300763353E0,7.925375298E-1,4.373189666E0
2.275377483E1,-6.606739730E-1,-4.527664556E0,6.672865891E-1,4.624014254E0
2.276372683E1,-1.527772785E0,-4.893176930E0,8.215303639E-1,5.191549122E0
2.277367983E1,-1.770172910E0,-4.683523843E0,9.647006817E-1,5.098975890E0
2.278363183E1,-1.622828338E0,-4.146717871E0,9.326765049E-1,4.549585298E0
2.279358383E1,-1.732937549E0,-3.269044370E0,1.163395794E0,3.878558162E0
2.280353583E1,-1.395116419E0,-1.945601951E0,1.040659229E0,2.610495816E0
2.281348783E1,-8.537659907E-1,-2.031130344E0,7.302235334E-1,2.321127582E0
2.282343983E1,-8.905560869E-1,-1.888670536E0,6.600955372E-1,2.189952661E0
2.283339283E1,-4.222525853E-1,-2.110037935E0,2.625937772E-1,2.167835977E0
2.284334483E1,-4.258456993E-1,-2.877869151E0,-2.595286667E-1,2.920758556E0
2.285329683E1,-3.648621637E-1,-3.077439884E0,-1.262052501E0,3.346122705E0
2.286324883E1,-1.918757969E-1,-3.392772623E0,-1.323753490E0,3.646922771E0
2.287320083E1,-3.909196955E-1,-4.331410364E0,3.672588643E-1,4.364494590E0
2.288315283E1,-6.144043708E-1,-5.012412767E0,1.876771452E0,5.387396919E0
2.289310583E1,-6.128914037E-1,-5.138321446E0,2.173284928E0,5.612588577E0
2.290305783E1,-6.197832245E-1,-4.623541936E0,1.610623738E0,4.935117030E0
2.291300983E1,-4.203776756E-1,-4.369727168E0,1.939937754E0,4.799436571E0
2.292296183E1,1.921658188E-2,-4.698130773E0,1.638656459E0,4.975740852E0
2.293291383E1,4.231738141E-1,-4.870695555E0,6.212372808E-1,4.928355408E0
2.294286683E1,3.570821509E-1,-4.720796919E0,3.095983744E-2,4.734383775E0
2.295281883E1,-2.660243386E-1,-4.125643921E0,-4.563786900E-1,4.159325453E0
2.296277083E1,-2.665701762E-1,-2.984776719E0,-1.172460294E0,3.217858738E0
2.297272283E1,4.212231830E-1,-1.931562787E0,-1.058266511E0,2.242385287E0
2.298267483E1,6.693892479E-1,-1.886041043E0,-6.409283642E-1,2.101433309E0
2.299262683E1,8.665716854E-1,-2.245747132E0,-6.508462653E-1,2.493577255E0
2.300257983E1,1.898011171E0,-2.073734912E0,-9.404145639E-1,2.964321582E0
2.301253183E1,2.210030585E0,-2.113492470E0,-1.218878854E0,3.291922123E0
2.302248383E1,7.995731190E-1,-1.951580729E0,-2.124326045E0,2.993450461E0
2.303243583E1,-5.542189801E-1,5.877551007E-1,-2.486714398E0,2.614643997E0
2.304238783E1,3.239260700E0,-8.308899289E-1,-3.111184165E0,4.567565530E0
2.305233983E1,3.820555212E0,-2.115360070E0,-3.423236032E0,5.548867928E0
2.306229283E1,4.045151443E0,-2.192643889E0,-2.896143454E0,5.436780696E0
2.307224483E1,4.144892078E0,-1.855604532E0,-3.347335664E0,5.641635806E0
2.308219683E1,3.702503437E0,-1.743043876E0,-3.933295670E0,5.676050429E0
2.309214883E1,3.786573826E0,-1.828402115E0,-3.751718574E0,5.635298385E0
2.310210083E1,4.090202193E0,-6.404999095E-1,-3.735881975E0,5.576451223E0
2.311205283E1,4.503249507E0,-2.380401492E-3,-3.585084622E0,5.756048431E0
2.312200583E1,4.588240833E0,1.050532984E0,-3.487268890E0,5.858038733E0
2.313195783E1,3.925175056E0,2.263176513E0,-3.896119072E0,5.975676613E0
2.314190983E1,3.684664459E0,4.268095543E0,-4.309873899E0,7.097070154E0
2.315186183E1,2.688561744E0,4.164529660E0,-4.426581985E0,6.645773063E0
2.316181383E1,2.621598553E0,3.862675923E0,-3.893886606E0,6.079095093E0
2.317176583E1,3.194977689E0,3.246879914E0,-3.213764209E0,5.574799728E0
2.318171883E1,3.586142091E0,2.841111799E0,-1.922127135E0,4.962550158E0
2.319167083E1,3.915862196E0,3.098322630E0,-5.823335624E-1,5.027195265E0
2.320162283E1,4.202268174E0,2.229731024E0,1.305787043E-1,4.758971427E0
2.321157483E1,4.382696585E0,1.150333260E0,1.941972585E0,4.929762011E0
2.322152683E1,3.721999808E0,1.589377295E0,3.977179023E0,5.674271384E0
2.323147883E1,2.705345007E0,3.112990370E0,4.936197234E0,6.432390208E0
2.324143183E1,1.115618926E0,4.313765221E0,7.163934942E0,8.436536009E0
2.325138383E1,-1.110169321E0,5.372307721E0,6.661729285E0,8.629762640E0
2.326133583E1,-3.213058742E0,4.904425803E0,5.831767309E0,8.269622052E0
2.327128783E1,-4.261976140E0,4.889741106E0,5.391093071E0,8.434328260E0
2.328123983E1,-4.584111237E0,4.976148335E0,4.214063762E0,7.970850738E0
2.329119283E1,-4.936625251E0,5.082411540E0,2.974521872E0,7.684331870E0
2.330114483E1,-5.340774856E0,5.404786080E0,2.231865842E0,7.919394786E0
2.331109683E1,-4.965543240E0,4.958900219E0,2.141118371E0,7.337008854E0
2.332104883E1,-3.438947792E0,3.695132729E0,2.085624640E0,5.461702843E0
2.333100083E1,-2.252072065E0,2.434643188E0,1.934663565E0,3.839562365E0
2.334095283E1,-1.593528526E0,1.696476651E0,1.921377522E0,3.018121563E0
2.335090583E1,-8.779489052E-1,1.105987392E0,2.043202067E0,2.483682161E0
2.336085783E1,-7.266966391E-1,9.076931065E-1,1.986598535E0,2.301861968E0
2.337080983E1,-4.459247455E-1,8.593073970E-1,2.059048022E0,2.275288297E0
2.338076183E1,2.127024096E-1,6.313484323E-1,2.237301414E0,2.334386595E0
2.339071383E1,5.938046300E-1,3.510223889E-1,2.561273414E0,2.652535043E0
2.340066583E1,3.880729786E-1,-2.883215261E-1,2.675849605E0,2.719172861E0
2.341061883E1,-2.143723744E-1,-7.526775724E-1,2.265667573E0,2.397024946E0
2.342057083E1,-7.477574328E-1,-1.111707138E0,1.646358411E0,2.122623367E0
2.343052283E1,-9.036123347E-1,-1.570315956E0,1.076826743E0,2.107596567E0
2.344047483E1,-9.137446824E-1,-1.828606183E0,6.291567497E-1,2.138824007E0
2.345042683E1,-1.068666953E0,-2.257963135E0,3.114130577E-1,2.517424213E0
2.346037883E1,-1.338604541E0,-3.058899533E0,-3.028062487E-1,3.352673574E0
2.347033183E1,-1.384087108E0,-3.532124636E0,-1.062207534E0,3.939528704E0
2.348028383E1,-1.035676670E0,-3.498513671E0,-1.126339796E0,3.818489938E0
2.349023583E1,-6.831761053E-1,-3.294323053E0,-1.365414902E0,3.630929884E0
2.350018783E1,-3.758309555E-1,-2.923558710E0,-1.652414665E0,3.379189054E0
2.351013983E1,-1.066406420E-1,-2.568747910E0,-1.808851072E0,3.143529903E0
2.352009183E1,3.822763413E-2,-2.456004236E0,-1.981767565E0,3.156076812E0
2.353004483E1,5.800174803E-2,-2.385465766E0,-2.123910746E0,3.194496514E0
2.353999683E1,-2.685134983E-1,-2.357961633E0,-1.804915312E0,2.981577073E0
2.354994883E1,-8.503246120E-1,-2.358820004E0,-1.739362177E0,3.051633094E0
2.355990083E1,-1.309716080E0,-2.433046898E0,-1.826842370E0,3.312465315E0
2.356985283E1,-1.677281119E0,-2.564329754E0,-1.612188452E0,3.462399550E0
2.357980483E1,-2.242324172E0,-2.582544415E0,-1.241518980E0,3.638533046E0
2.358975783E1,-2.626931506E0,-2.370668217E0,-4.392029326E-1,3.565632644E0
2.359970983E1,-2.705972121E0,-2.001530569E0,4.323217830E-1,3.393421851E0
2.360966183E1,-2.438688292E0,-1.404057981E0,7.857921088E-1,2.921651697E0
2.361961383E1,-1.760960914E0,-7.584663159E-1,4.787257250E-1,1.976216793E0
2.362956583E1,-9.416894031E-1,-4.766486478E-1,-2.301946476E-1,1.080260358E0
2.363951883E1,-3.183075097E-1,-9.171451306E-1,-4.717776248E-1,1.079374351E0
2.364947092E1,3.284363490E-1,-1.776960066E0,-1.294055336E0,2.222619339E0
2.365942292E1,5.966405296E-1,-2.639979860E0,-1.164737584E0,2.946538176E0
2.366937492E1,3.477529183E-1,-3.354923596E0,-1.125731978E0,3.555800460E0
2.367932692E1,8.569708496E-2,-3.543302758E0,-1.442678255E0,3.826703408E0
2.368927892E1,7.420613676E-2,-3.463162574E0,-1.092728831E0,3.632224919E0
2.369923192E1,2.347151300E-1,-3.125420966E0,-1.551339988E0,3.497142142E0
2.370918392E1,1.438619703E-2,-2.593827787E0,-2.234392863E0,3.423545095E0
2.371913592E1,-4.869491029E-1,-2.125694439E0,-2.427495259E0,3.263193147E0
2.372908792E1,-1.108486200E0,-1.914308823E0,-2.180351872E0,3.106002932E0
2.373903992E1,-1.786542775E0,-1.922254019E0,-2.073480265E0,3.344565146E0
2.374899192E1,-2.193116637E0,-1.734855435E0,-2.147176233E0,3.525599203E0
2.375894492E1,-2.241583622E0,-1.434541270E0,-2.101517664E0,3.391014935E0
2.376889692E1,-1.979344479E0,-9.591725779E-1,-2.395755111E0,3.252300594E0
2.377884892E1,-1.652521084E0,-5.922340679E-1,-2.639278487E0,3.169756782E0
2.378880092E1,-1.526463593E0,-4.053003377E-1,-2.941055918E0,3.338288390E0
2.379875292E1,-1.539624506E0,-3.682862931E-1,-3.128688390E0,3.506389804E0
2.380870492E1,-1.554327915E0,-3.222499949E-1,-2.637360892E0,3.078222344E0
2.381865792E1,-1.699295009E0,-1.894398469E-1,-1.818212903E0,2.495874425E0
2.382860992E1,-1.867685756E0,8.606750607E-2,-1.011376519E0,2.125685810E0
2.383856192E1,-1.817574387E0,5.007233888E-1,-2.568914263E-1,1.902706959E0
2.384851392E1,-5.582136516E-1,1.051030582E0,2.896275601E0,3.131242585E0
2.385846592E1,6.606191553E-1,1.681297864E0,2.903103980E0,3.419238642E0
2.386841792E1,7.572101878E-1,2.706641042E0,4.736932311E0,5.507976100E0
2.387837092E1,3.201566917E-1,3.957055246E0,6.035621127E0,7.224230680E0
2.388832292E1,9.531370819E-1,4.650291193E0,5.374610939E0,7.170782469E0
2.389827492E1,2.597421486E0,5.064208573E0,4.626814038E0,7.334862983E0
2.390822692E1,4.751473752E0,5.725161458E0,4.978114754E0,8.951849140E0
2.391817892E1,6.496351315E0,6.762008448E0,4.684639492E0,1.048204111E1
2.392813092E1,7.988991104E0,7.823269318E0,4.429799123E0,1.202707953E1
2.393808392E1,9.150694860E0,8.231768668E0,4.340402212E0,1.305129584E1
2.394803592E1,9.261069242E0,7.873167118E0,4.000053331E0,1.279666326E1
2.395798792E1,8.286179348E0,6.643300030E0,3.163782209E0,1.108168405E1
2.396793992E1,6.500291753E0,5.133872885E0,2.330185604E0,8.604662028E0
2.397789192E1,4.598250097E0,4.454256856E0,1.467956353E0,6.568044150E0
2.398784392E1,2.698933243E0,3.321913725E0,-9.006817102E-2,4.281058714E0
2.399779692E1,9.440923163E-1,2.090626933E0,-1.203675070E0,2.590533719E0
2.400774892E1,2.394592685E-1,8.039079523E-1,-1.158391893E0,1.430202963E0
2.401770092E1,5.406929085E-1,-3.885650218E-1,-1.066192997E0,1.257019930E0
2.402765292E1,1.647452718E0,-7.559619534E-1,-7.440874279E-1,1.959399151E0
2.403760492E1,3.050224311E0,-5.945706153E-1,-3.840334296E-1,3.131271984E0
2.404755692E1,4.201265962E0,-3.275709611E-1,2.580083907E-2,4.214095881E0
2.405750992E1,5.033711250E0,-1.401869953E-2,1.210993628E-1,5.035187238E0
2.406746192E1,5.232833501E0,-6.635771155E-2,-3.440098232E-1,5.244548842E0
2.407741392E1,4.587807847E0,-5.143608499E-1,-7.782421839E-1,4.681688672E0
2.408736592E1,3.716414547E0,-1.005770209E0,-8.259917164E-1,3.937711660E0
2.409731792E1,3.022545931E0,-1.476001537E0,-7.396452981E-1,3.444044078E0
2.410727092E1,2.540548835E0,-1.967589821E0,-2.722247261E-1,3.224888276E0
2.411722292E1,2.062970772E0,-2.605295931E0,5.324649624E-1,3.365551104E0
2.412717492E1,1.210067246E0,-3.397875488E0,8.792271066E-1,3.712527559E0
2.413712692E1,2.699390495E-1,-4.096588522E0,1.471317918E0,4.361155928E0
2.414707892E1,-7.001502800E-1,-4.604441421E0,1.857415999E0,5.014088692E0
2.415703092E1,-1.708354100E0,-4.939202703E0,1.853828732E0,5.545347423E0
2.416698392E1,-2.271209418E0,-4.972459912E0,1.555070511E0,5.683484326E0
2.417693592E1,-2.152782543E0,-4.879116130E0,2.880402384E-1,5.340712880E0
2.418688792E1,-1.332607637E0,-4.698945290E0,-7.745005506E-1,4.945278663E0
2.419683992E1,-4.027404267E-1,-4.326479992E0,-2.788332492E-1,4.354121835E0
2.420679192E1,4.128242424E-1,-3.855127167E0,4.041309676E-1,3.898172799E0
2.421674392E1,1.160750075E0,-3.507281570E0,8.049521919E-1,3.781046519E0
2.422669692E1,1.733730139E0,-3.070792184E0,5.552521831E-1,3.569858516E0
2.423664892E1,2.286889019E0,-2.673011366E0,3.576664339E-1,3.535926530E0
2.424660092E1,2.859551579E0,-2.237249959E0,2.099372613E-1,3.636811277E0
2.425655292E1,3.475429448E0,-1.605038477E0,-4.891599351E-1,3.859279182E0
2.426650492E1,3.887069921E0,-1.064826502E0,-1.979173740E0,4.490021910E0
2.427645692E1,4.117310177E0,-7.984770584E-1,-3.482611583E0,5.451457800E0
2.428640992E1,4.189171581E0,-6.883611238E-1,-3.725225424E0,5.648035413E0
2.429636192E1,3.685255320E0,-9.720960939E-1,-2.463257707E0,4.538029982E0
2.430631392E1,2.967037143E0,-1.673345066E0,-8.174869412E-1,3.503095491E0
2.431626592E1,2.231167392E0,-2.525819991E0,-5.011321092E-1,3.407199429E0
2.432621792E1,1.379720992E0,-3.330863473E0,-1.121158724E0,3.775616291E0
2.433616992E1,6.471905860E-1,-3.976403098E0,-2.176300337E0,4.578964993E0
2.434612292E1,6.449870628E-1,-3.926419344E0,-1.534054449E0,4.264516412E0
2.435607492E1,9.706375059E-1,-3.282299423E0,-8.968762692E-1,3.538363140E0
2.436602692E1,1.334499211E0,-2.519702049E0,-1.618077330E-1,2.855865596E0
2.437597892E1,1.907062953E0,-2.031441416E0,4.238587789E-1,2.818385992E0
2.438593092E1,2.648644557E0,-1.644606586E0,7.537377457E-1,3.207517638E0
2.439588292E1,3.084289020E0,-1.203658113E0,1.066719246E0,3.478436655E0
2.440583592E1,2.766507467E0,-5.737369859E-1,1.680810791E0,3.287531385E0
2.441578792E1,1.922455456E0,2.792086405E-1,1.829655173E0,2.668600850E0
2.442573992E1,4.012229280E-1,9.487686270E-1,2.119891078E0,2.356921706E0
2.443569192E1,-1.610143974E0,3.124252692E0,3.164989659E0,4.729765115E0
2.444564392E1,-3.085031324E0,4.051424044E0,5.404901855E0,7.425928839E0
2.445559592E1,-2.973941243E0,1.836476535E0,5.998062707E0,6.942170325E0
2.446554892E1,-1.557399019E0,-4.568803811E-1,6.206253989E0,6.414968431E0
2.447550092E1,-8.394422127E-1,1.322484060E0,5.676400357E0,5.888560803E0
2.448545292E1,-1.054171121E0,4.732837506E0,5.365536645E0,7.231874660E0
2.449540492E1,-1.491266717E0,7.216254074E0,5.217989759E0,9.029153693E0
2.450535692E1,-2.271417871E0,8.106375128E0,4.808105205E0,9.694871455E0
2.451530892E1,-3.338371882E0,7.127284595E0,3.765242599E0,8.724675601E0
2.452526192E1,-3.891546550E0,4.700953224E0,2.526500022E0,6.605020676E0
2.453521392E1,-3.614293218E0,1.881345145E0,1.752308205E0,4.435443503E0
2.454516592E1,-3.150162582E0,-4.617663145E-1,4.029310459E-1,3.209222001E0
2.455511792E1,-2.369871388E0,-1.900889463E0,-6.723748362E-1,3.111552517E0
2.456506992E1,-1.004132842E0,-1.959190296E0,-7.766733760E-1,2.334508709E0
2.457502192E1,-1.322282039E-1,-9.493685514E-1,-1.264949797E0,1.587098904E0
2.458497492E1,6.464775181E-1,4.592385632E-1,-1.149479567E0,1.396472883E0
2.459492692E1,1.210488392E0,1.398783208E0,-1.125894822E0,2.165528979E0
2.460487892E1,1.409926831E0,1.846263605E0,-1.019649160E0,2.536979972E0
2.461483092E1,1.369174223E0,2.014644120E0,-7.602257431E-1,2.551739047E0
2.462478292E1,1.130724769E0,2.194867585E0,-5.071664357E-1,2.520555497E0
2.463473492E1,8.941098784E-1,2.388193492E0,-4.516955819E-1,2.589774030E0
2.464468792E1,5.194110900E-1,2.576100783E0,-7.274001322E-1,2.726755229E0
2.465464033E1,5.420193493E-2,2.638534428E0,-1.158885471E0,2.882328454E0
2.466459233E1,-3.762487391E-1,2.390075126E0,-1.543508227E0,2.869919836E0
2.467454433E1,-5.644188631E-1,1.726227284E0,-1.563828471E0,2.396662007E0
2.468449633E1,-4.213869050E-1,8.802468610E-1,-1.338158106E0,1.656221174E0
2.469444833E1,-1.182657838E-2,5.701269150E-2,-1.205593541E0,1.206998799E0
2.470440133E1,4.297721046E-1,-5.294162607E-1,-9.412678188E-1,1.162312671E0
2.471435333E1,7.226576748E-1,-9.743227136E-1,-5.756099222E-1,1.342708326E0
2.472430533E1,8.362983111E-1,-1.280253714E0,-3.213079719E-1,1.562588638E0
2.473425733E1,8.211256635E-1,-1.502609292E0,-3.665198128E-1,1.751119303E0
2.474420933E1,5.984239304E-1,-1.694093910E0,-6.565891081E-1,1.912896922E0
2.475416133E1,1.373379394E-1,-2.072961325E0,-1.247267232E0,2.423160315E0
2.476411433E1,-2.467489922E-1,-2.587754869E0,-1.544143234E0,3.023530826E0
2.477406633E1,-7.712810737E-1,-2.848961686E0,-1.952846652E0,3.539077172E0
2.478401833E1,-1.288751765E0,-2.781836236E0,-1.927402493E0,3.621377407E0
2.479397033E1,-1.639060794E0,-2.599189684E0,-1.455867235E0,3.400273034E0
2.480392233E1,-1.808749039E0,-2.486237265E0,-9.924596071E-1,3.230777754E0
2.481387433E1,-1.957046122E0,-2.468870450E0,-7.771920240E-1,3.244900347E0
2.482382733E1,-2.105892844E0,-2.645781468E0,-2.768329167E-1,3.392872044E0
2.483377933E1,-2.225566345E0,-2.879138582E0,1.671812510E-1,3.642874428E0
2.484373133E1,-2.375802657E0,-3.053064011E0,2.459093503E-1,3.876352607E0
2.485368333E1,-2.488807993E0,-3.221038145E0,-7.232070208E-2,4.071177009E0
2.486363533E1,-2.623356811E0,-3.349043051E0,-5.598287988E-1,4.290862221E0
2.487358833E1,-2.701188806E0,-3.388851480E0,-1.263621894E0,4.514141736E0
2.488354033E1,-2.682520985E0,-3.398097097E0,-2.169746193E0,4.842600671E0
2.489349233E1,-2.613184410E0,-3.401057543E0,-2.948331023E0,5.204669153E0
2.490344433E1,-2.473151489E0,-3.473515069E0,-2.380781561E0,4.883636562E0
2.491339633E1,-2.415877134E0,-3.671984771E0,-2.201300911E-1,4.400953504E0
2.492334833E1,-2.589414601E0,-3.549330652E0,1.066592946E0,4.521110104E0
2.493330133E1,-2.678428519E0,-2.912655407E0,3.776060971E-1,3.974937385E0
2.494325333E1,-2.541813003E0,-2.266324654E0,-9.622822002E-1,3.538789032E0
2.495320533E1,-2.435387539E0,-1.722048864E0,-1.816594248E0,3.492360150E0
2.496315733E1,-2.472756802E0,-1.153549814E0,-1.725702789E0,3.228506386E0
2.497310933E1,-2.865267232E0,-7.870340574E-1,-1.900031676E0,3.526939082E0
2.498306133E1,-3.226469331E0,-5.607666922E-1,-2.144182166E0,3.914342957E0
2.499301433E1,-3.209955625E0,-5.594721186E-1,-2.053469632E0,3.851436315E0
2.500296633E1,-2.183333660E0,-9.409941691E-1,5.074623048E-1,2.431035559E0
2.501291833E1,-1.105219945E0,-1.417583175E0,6.741512203E-1,1.919774219E0
2.502287033E1,-2.384772286E-1,-1.751271493E0,2.451854467E0,3.022484667E0
2.503282233E1,3.772272706E-1,-1.957160143E0,4.332863397E0,4.769327149E0
2.504277433E1,6.133103567E-1,-2.383077763E0,5.715647453E0,6.222847823E0
2.505272733E1,8.839133576E-1,-3.213216324E0,6.008492970E0,6.870811432E0
2.506267933E1,1.259149944E0,-4.312977017E0,5.434167754E0,7.051057262E0
2.507263133E1,2.782517436E0,-5.256689556E0,4.452775172E0,7.429831432E0
2.508258333E1,4.354665325E0,-5.317860788E0,3.508004286E0,7.716789975E0
2.509253533E1,5.189976919E0,-5.012750736E0,3.316315600E0,7.941125834E0
2.510248733E1,5.124318534E0,-4.235873877E0,3.683320476E0,7.600534038E0
2.511244033E1,4.383166409E0,-3.170870789E0,4.238627915E0,6.872593101E0
2.512239233E1,3.628708944E0,-2.794220054E0,3.779691069E0,5.938119137E0
2.513234433E1,3.542590567E0,-2.324740092E0,3.075360029E0,5.235666503E0
2.514229633E1,3.449964531E0,-1.408500111E0,2.974247930E0,4.767837935E0
2.515224833E1,2.936483103E0,-6.380119193E-1,2.944689670E0,4.207278155E0
2.516220033E1,2.295608679E0,-1.951993543E-1,2.975003098E0,3.762786923E0
2.517215333E1,1.518762079E0,-9.029855132E-2,3.436075932E0,3.757846444E0
2.518210533E1,4.699229611E-1,7.210727870E-2,4.583209596E0,4.607801781E0
2.519205733E1,-6.229252258E-1,2.997762215E-1,5.469021252E0,5.512539803E0
2.520200933E1,-1.036873449E0,1.994157815E-1,4.766014608E0,4.881574382E0
2.521196133E1,-8.894880930E-1,8.722993255E-2,3.738921357E0,3.844259492E0
2.522191333E1,-5.575815311E-1,3.846742845E-1,3.813641172E0,3.873335831E0
2.523186633E1,-4.241060796E-1,1.184994385E0,4.298015161E0,4.478505553E0
2.524181833E1,-8.218860026E-2,2.222997955E0,4.791345330E0,5.282562347E0
2.525177033E1,4.280282456E-1,3.061136093E0,4.060262695E0,5.102890897E0
2.526172233E1,1.306047975E0,3.406007795E0,1.933247954E0,4.128449838E0
2.527167433E1,2.276644405E0,3.176264845E0,-2.820006859E-1,3.918072549E0
2.528162633E1,2.519899393E0,2.320005602E0,-1.085015184E0,3.592989965E0
2.529157933E1,1.645876601E0,1.058157168E0,-7.548924977E-1,2.097252741E0
2.530153133E1,2.485494961E-1,-1.662655771E-1,1.002388179E-1,3.153869286E-1
2.531148333E1,-6.663098118E-1,-1.009463895E0,1.225234339E0,1.721680953E0
2.532143533E1,-5.918649624E-1,-1.492464373E0,2.389996188E0,2.879207498E0
2.533138733E1,1.588271879E-2,-1.735403904E0,3.126507379E0,3.575881341E0
2.534133933E1,2.770406391E-1,-2.109800538E0,3.082301844E0,3.745476536E0
2.535129233E1,1.438773192E-1,-2.502426451E0,2.791780010E0,3.751916104E0
2.536124433E1,-7.661575241E-1,-2.648340794E0,3.382266346E0,4.363534341E0
2.537119633E1,-1.529746805E0,-2.291571177E0,3.423485708E0,4.394505448E0
2.538114833E1,-1.363831768E0,-1.585496498E0,1.993509359E0,2.889275999E0
2.539110033E1,-2.605829928E-1,-9.666757250E-1,1.373744845E-1,1.010562815E0
2.540105233E1,1.196308821E0,-6.677034956E-1,-1.259320682E0,1.860879183E0
2.541100533E1,2.474147854E0,-9.284331805E-1,-2.070234184E0,3.356972647E0
2.542095733E1,3.037912998E0,-1.649244012E0,-1.880147635E0,3.934955696E0
2.543090933E1,2.579935680E0,-2.586046897E0,-3.344677520E-1,3.668184202E0
2.544086133E1,2.152039362E0,-3.013883573E0,1.138447040E0,3.874381147E0
2.545081333E1,2.120917264E0,-2.703029802E0,2.232821862E0,4.097578995E0
2.546076533E1,1.853915271E0,-2.425216892E0,2.751329557E0,4.109561186E0
2.547071833E1,1.281892397E0,-2.346247613E0,2.311254074E0,3.534122433E0
2.548067033E1,6.825799817E-1,-2.178418198E0,1.118740754E0,2.542243527E0
2.549062233E1,9.921852265E-1,-1.975663657E0,9.084292710E-2,2.212675043E0
2.550057433E1,9.764636716E-1,-2.513922662E0,-7.471244717E-1,2.798478770E0
2.551052633E1,2.404252833E-1,-3.061753851E0,2.102500874E-1,3.078367434E0
2.552047833E1,-3.539188438E-1,-2.981910121E0,1.767868815E0,3.484595624E0
2.553043133E1,-1.127372633E0,-2.451026794E0,2.966251570E0,4.009632125E0
2.554038333E1,-1.567796245E0,-1.451748456E0,3.241674138E0,3.882526222E0
2.555033533E1,-1.547656973E0,-3.138653800E-1,2.361754137E0,2.841062510E0
2.556028733E1,-1.391008457E0,4.496190163E-1,1.094386516E0,1.826128044E0
2.557023933E1,-1.900331346E0,9.662760678E-1,1.950748086E-1,2.140794910E0
2.558019133E1,-2.691129549E0,1.139609174E0,-5.552849275E-1,2.974765313E0
2.559014433E1,-3.136763980E0,1.136755148E0,-8.998081362E-1,3.455597664E0
2.560009633E1,-2.377689261E0,6.764023983E-1,-9.529031932E-1,2.649330278E0
2.561004833E1,-9.908852443E-1,-2.817767376E-1,-7.978426355E-1,1.302998299E0
2.562000033E1,1.181978099E-1,-1.300368136E0,-2.485739082E-1,1.329179070E0
2.562995233E1,3.328752628E-1,-2.099128785E0,1.043940833E0,2.367902037E0
2.563990433E1,-3.838271691E-1,-2.699997436E0,2.578688176E0,3.753257540E0
2.564985767E1,-1.362063717E0,-2.794577611E0,3.439248632E0,4.636088086E0
2.565980967E1,-1.550714920E0,-2.259624329E0,3.130617387E0,4.160695146E0
2.566976167E1,-1.188223364E0,-1.616070711E0,2.348717185E0,3.088694177E0
2.567971367E1,-1.413083304E0,-1.418406463E0,1.698479322E0,2.625550100E0
2.568966567E1,-2.577412899E0,-1.296584695E0,1.969888946E0,3.493515648E0
2.569961767E1,-3.912758494E0,-8.243618050E-1,2.840610693E0,4.904928188E0
2.570957067E1,-4.261549585E0,-2.380372256E-1,3.331064617E0,5.414190436E0
2.571952267E1,-3.827352893E0,5.381179409E-1,3.251054826E0,5.050500823E0
2.572947467E1,-3.093909152E0,1.196977815E0,2.607801463E0,4.219675130E0
2.573942667E1,-2.317769919E0,1.560097070E0,1.347039442E0,3.101689140E0
2.574937867E1,-1.921655557E0,1.431200317E0,2.452678925E-1,2.408578578E0
2.575933067E1,-1.823106584E0,1.041968274E0,-6.281272012E-1,2.191793622E0
2.576928367E1,-1.265261161E0,6.511721013E-1,-9.421472400E-1,1.706620149E0
2.577923567E1,-4.261089702E-1,3.120607831E-1,-2.893459582E-1,6.022224426E-1
2.578918767E1,3.044599143E-1,-3.357939005E-2,3.160741657E-1,4.401434915E-1
2.579913967E1,4.427318734E-1,-1.165162969E-1,1.391401682E0,1.464781964E0
2.580909167E1,1.909992993E-2,-1.098693283E-1,2.570837120E0,2.573254665E0
2.581904367E1,-1.514831581E-1,-2.178739795E-1,2.300091155E0,2.315347822E0
2.582899667E1,-1.676061244E-1,-3.121030292E-1,1.396428534E0,1.440664001E0
2.583894867E1,-5.750722707E-1,-3.137792797E-1,6.669258159E-1,9.348559231E-1
2.584890067E1,-7.988849017E-1,-1.884230161E-1,-6.530404329E-2,8.233984073E-1
2.585885267E1,-9.783716181E-1,1.204881643E-1,2.012611628E-2,9.859682963E-1
2.586880467E1,-1.471360602E0,6.377789077E-1,3.751298743E-1,1.646932415E0
2.587875667E1,-1.606625558E0,1.086102035E0,6.544577980E-1,2.046748231E0
2.588870967E1,-1.340618030E0,1.074414328E0,7.491481930E-1,1.874258751E0
2.589866167E1,-1.203342071E0,7.845937219E-1,1.152463986E0,1.841682026E0
2.590861367E1,-1.382444918E0,6.055490550E-1,1.537759244E0,2.154657073E0
2.591856567E1,-1.419149644E0,4.689776856E-1,1.539712799E0,2.145842792E0
2.592851767E1,-1.463459845E0,1.742714386E-1,1.530760127E0,2.124926309E0
2.593846967E1,-1.423606685E0,4.077102676E-2,1.515279624E0,2.079516917E0
2.594842267E1,-1.410203697E0,-5.143415540E-2,1.748534997E0,2.246930033E0
2.595837467E1,-1.714438274E0,5.804443270E-2,2.581944491E0,3.099855659E0
2.596832667E1,-2.159280846E0,4.835417841E-1,3.564933947E0,4.195838471E0
2.597827867E1,-2.498346848E0,9.562767443E-1,4.012000946E0,4.822069450E0
2.598823067E1,-2.586474913E0,1.164872508E0,3.827392654E0,4.764001990E0
2.599818267E1,-2.426709101E0,1.188153928E0,2.937323055E0,3.991051685E0
2.600813567E1,-2.228076847E0,1.165298039E0,1.915216311E0,3.160743500E0
2.601808767E1,-1.999336402E0,9.733070523E-1,9.633714634E-1,2.423377239E0
2.602803967E1,-1.903608126E0,4.704026520E-1,1.416493839E-1,1.965977390E0
2.603799167E1,-1.706662208E0,1.520270222E-1,-1.659691232E-1,1.721439473E0
2.604794367E1,-1.268585011E0,1.928443882E-1,4.169298649E-2,1.283836124E0
2.605789567E1,-2.925936480E-1,4.786521962E-1,-2.894143707E-1,6.312524422E-1
2.606784867E1,5.780368821E-1,3.446036080E-1,-6.240271336E-1,9.177625767E-1
2.607780067E1,1.220268152E0,-9.260381609E-2,-6.732232672E-1,1.396731684E0
2.608775267E1,1.469701747E0,-7.795464054E-1,-6.428393805E-1,1.783524122E0
2.609770467E1,1.308336868E0,-1.493378293E0,-9.512279660E-1,2.201535539E0
2.610765667E1,1.064193980E0,-2.105178606E0,-1.019051574E0,2.569582048E0
2.611760867E1,4.806646617E-1,-2.238599496E0,5.232316607E-1,2.348645906E0
2.612756167E1,-3.633657150E-1,-1.833664024E0,1.438241973E0,2.358579736E0
2.613751367E1,-1.124891002E0,-1.131423950E0,1.912028993E0,2.490251953E0
2.614746567E1,-1.865001153E0,-4.193359941E-1,2.482383950E0,3.133097836E0
2.615741767E1,-2.264097157E0,1.021865255E-1,2.095828031E0,3.086919688E0
2.616736967E1,-2.573132737E0,3.653433895E-1,1.415551268E0,2.959437998E0
2.617732167E1,-2.620325322E0,3.946370628E-1,1.119890317E0,2.876803352E0
2.618727467E1,-2.100898152E0,4.826154390E-1,8.871524227E-1,2.331036278E0
2.619722667E1,-1.263155871E0,6.572898969E-1,7.025254190E-1,1.587808152E0
2.620717867E1,-2.602057743E-1,7.954467389E-1,7.037428093E-1,1.093479081E0
2.621713067E1,5.700149408E-1,7.584581298E-1,1.123019162E0,1.470152307E0
2.622708267E1,9.183999431E-1,6.857240295E-1,1.967374059E0,2.276891870E0
2.623703467E1,7.489271683E-1,7.747703996E-1,2.406108191E0,2.636383451E0
2.624698767E1,4.645244461E-1,1.041081252E0,2.365218612E0,2.625622253E0
2.625693967E1,-6.416149735E-2,1.552749166E0,2.166474091E0,2.666225170E0
2.626689167E1,-5.892151505E-1,2.085396891E0,1.935719572E0,2.905695261E0
2.627684367E1,-9.246550021E-1,2.540610523E0,1.950577932E0,3.333833075E0
2.628679567E1,-1.299133204E0,2.708922041E0,1.862894840E0,3.535022333E0
2.629674767E1,-1.408996539E0,2.534300793E0,1.857241752E0,3.443442853E0
2.630670067E1,-1.397562894E0,2.580702250E0,1.484463043E0,3.288895965E0
2.631665267E1,-1.939580489E0,2.567665590E0,6.828594786E-1,3.289555612E0
2.632660467E1,-2.431723966E0,2.159518535E0,1.929972929E-1,3.257921071E0
2.633655667E1,-2.685130305E0,1.674873528E0,4.855557114E-1,3.201701179E0
2.634650867E1,-2.772537408E0,1.443139308E0,1.328877990E0,3.396399779E0
2.635646067E1,-2.916289159E0,1.224727677E0,2.365711532E0,3.949847009E0
2.636641367E1,-2.790888310E0,9.728112084E-1,3.402557938E0,4.506974565E0
2.637636567E1,-2.832329866E0,6.576281583E-1,3.872319735E0,4.842460882E0
2.638631767E1,-2.419915221E0,6.247086266E-1,3.742734327E0,4.500478951E0
2.639626967E1,-1.435471270E0,6.381768107E-1,3.138425174E0,3.509638155E0
2.640622167E1,-4.793269649E-1,6.725736415E-1,2.456031718E0,2.591177617E0
2.641617367E1,3.865874934E-1,7.522030708E-1,2.044127535E0,2.212174661E0
2.642612667E1,7.646503311E-1,7.966302153E-1,1.842559978E0,2.148100813E0
2.643607867E1,6.522136366E-1,9.550152075E-1,1.693418557E0,2.050634800E0
2.644603067E1,1.950587288E-1,1.307256156E0,1.818345489E0,2.247965054E0
2.645598267E1,-3.658213994E-1,1.389729964E0,2.034341050E0,2.490726436E0
2.646593467E1,-8.256049231E-1,1.260259160E0,2.059450749E0,2.551708061E0
2.647588667E1,-1.362487493E0,1.107421129E0,1.759624826E0,2.485766130E0
2.648583967E1,-1.735817595E0,8.345029235E-1,1.511767201E0,2.448448064E0
2.649579167E1,-1.792596105E0,3.025092101E-1,1.158070296E0,2.155467334E0
2.650574367E1,-1.888368528E0,-4.474605167E-1,7.129515892E-1,2.067475896E0
2.651569567E1,-2.000773355E0,-1.353074938E0,2.883554399E-2,2.415520088E0
2.652564767E1,-1.685989962E0,-2.133539649E0,-7.986828804E-1,2.834157358E0
2.653559967E1,-1.432865750E0,-2.852502176E0,-1.279711093E0,3.439118114E0
2.654555267E1,-1.341200413E0,-3.145211452E0,-1.830711181E0,3.878489017E0
2.655550467E1,-1.131304959E0,-2.830700832E0,-2.423990146E0,3.894668964E0
2.656545667E1,-8.631355691E-1,-2.486507406E0,-2.838175912E0,3.870783461E0
2.657540867E1,-6.947307882E-1,-2.389686871E0,-3.264515702E0,4.104913760E0
2.658536067E1,-7.022985470E-1,-2.600229903E0,-3.665145868E0,4.548374768E0
2.659531267E1,-6.608420804E-1,-2.961765001E0,-3.004141527E0,4.270085537E0
2.660526567E1,-8.244422042E-1,-3.057210857E0,-2.242301953E0,3.879969229E0
2.661521767E1,-8.104492325E-1,-2.742802563E0,-1.884959893E0,3.425327379E0
2.662516967E1,-7.466409069E-1,-2.383609859E0,-1.303245551E0,2.817360036E0
2.663512167E1,-9.557367539E-1,-2.375509712E0,-1.431594858E0,2.933588753E0
2.664507367E1,-1.232121482E0,-2.387968374E0,-1.803352059E0,3.236138895E0
2.665502483E1,-1.326564832E0,-2.625565304E0,-2.306561683E0,3.738127100E0
2.666497783E1,-1.249985895E0,-3.252630066E0,-2.610607542E0,4.354002621E0
2.667492983E1,-1.187252288E0,-3.797832055E0,-2.599778791E0,4.753098576E0
2.668488183E1,-8.355817348E-1,-3.948910659E0,-2.144480081E0,4.570654991E0
2.669483383E1,-4.482987151E-1,-3.851097851E0,-1.847904041E0,4.294959341E0
2.670478583E1,2.630220857E-1,-3.504128167E0,-2.096755107E0,4.092001565E0
2.671473783E1,9.755959448E-1,-3.256960514E0,-2.552183917E0,4.251261223E0
2.672469083E1,1.233895234E0,-3.224870995E0,-3.027995244E0,4.592498838E0
2.673464283E1,1.184616947E0,-3.211180909E0,-3.332185821E0,4.776867434E0
2.674459483E1,1.041166914E0,-3.124956697E0,-3.692710227E0,4.948281694E0
2.675454683E1,5.943668398E-1,-3.057054151E0,-3.899198801E0,4.990250827E0
2.676449883E1,1.879274645E-1,-2.583731984E0,-3.316500372E0,4.208344380E0
2.677445083E1,-3.094586259E-1,-1.721975774E0,-2.746607638E0,3.256504065E0
2.678440283E1,-1.054417289E0,-5.865780562E-1,-2.809233949E0,3.057395136E0
2.679435583E1,-2.005473639E0,7.243864042E-1,-3.066538920E0,3.735012868E0
2.680430783E1,-2.620529682E0,7.074242163E-1,-3.567383931E0,4.482616752E0
2.681425983E1,-2.276154408E0,4.844435710E-1,-3.375476559E0,4.099927617E0
2.682421183E1,-1.971308943E0,1.322442545E0,-1.433777039E0,2.773198484E0
2.683416383E1,-1.663687512E0,1.588594937E0,-4.544181186E-1,2.344778420E0
2.684411583E1,-1.637865331E0,9.014120275E-1,-1.539984841E0,2.422127122E0
2.685406883E1,-2.650197577E0,-1.480205101E-1,-1.026248912E0,2.845811677E0
2.686402083E1,-3.578836287E0,-1.233934411E0,2.825392145E-1,3.796115345E0
2.687397283E1,-3.983220951E0,-1.228627478E0,7.525203554E-1,4.235783459E0
2.688392483E1,-4.314168094E0,-4.120310676E-1,3.610053402E-1,4.348809125E0
2.689387683E1,-4.701090633E0,5.288449878E-1,1.545027699E-1,4.733265392E0
2.690382883E1,-4.927476697E0,1.666445936E0,4.268479121E-1,5.219125195E0
2.691378183E1,-4.655135611E0,2.359452673E0,9.717815137E-1,5.308640484E0
2.692373383E1,-3.302010095E0,2.315381039E0,1.306562676E0,4.239264800E0
2.693368583E1,-1.178421165E0,1.354929675E0,1.889574516E0,2.606722601E0
2.694363783E1,1.174188438E0,-1.220647198E-1,2.554763124E0,2.814326368E0
2.695358983E1,3.631288735E0,-1.371310065E0,2.715134708E0,4.736951093E0
2.696354183E1,5.248545554E0,-2.740061973E0,2.634091129E0,6.480247382E0
2.697349483E1,6.212204701E0,-3.930490760E0,3.203607595E0,8.018936743E0
2.698344683E1,6.633155111E0,-4.180196105E0,3.171122804E0,8.457470428E0
2.699339883E1,6.847609931E0,-3.117948809E0,2.412530773E0,7.901371481E0
2.700335083E1,6.299879022E0,-1.078079216E0,1.173007666E0,6.498205712E0
2.701330283E1,4.945574414E0,1.068205608E0,5.627255825E-1,5.090818165E0
2.702325483E1,3.699860203E0,2.220695322E0,-5.247642159E-1,4.346933484E0
2.703320783E1,2.574975194E0,2.502608884E0,-1.785513958E0,4.010188097E0
2.704315983E1,1.647420558E0,2.403422565E0,-2.729829930E0,3.992794256E0
2.705311183E1,9.474652827E-1,1.916598008E0,-3.182904943E0,3.834308577E0
2.706306383E1,4.934541303E-1,1.126446800E0,-3.254402357E0,3.479010502E0
2.707301583E1,4.320852631E-1,1.775828630E-1,-3.181755381E0,3.215867014E0
2.708296783E1,9.130513488E-1,-9.283273458E-1,-3.048358172E0,3.314806476E0
2.709292083E1,1.993607738E0,-2.033394971E0,-2.833284717E0,4.017047324E0
2.710287283E1,3.182897927E0,-2.830526585E0,-2.356219747E0,4.867698784E0
2.711282483E1,4.254173908E0,-3.287559578E0,-1.933877699E0,5.713661398E0
2.712277683E1,4.751208288E0,-3.567232488E0,-1.742000148E0,6.191420866E0
2.713272883E1,4.523761247E0,-3.949810545E0,-1.534294184E0,6.198344764E0
2.714268083E1,3.679118959E0,-4.529821009E0,-1.029542649E0,5.925803976E0
2.715263383E1,2.591198879E0,-5.080977802E0,-4.204674304E-1,5.719041871E0
2.716258583E1,1.631479586E0,-5.354223452E0,2.683708262E-1,5.603700324E0
2.717253783E1,8.343425636E-1,-5.307104250E0,6.117240437E-1,5.407003730E0
2.718248983E1,1.660913301E-1,-4.797885441E0,9.370969999E-1,4.891364004E0
2.719244183E1,-3.191411765E-1,-3.985797234E0,8.360091662E-1,4.085014322E0
2.720239383E1,-5.842543727E-1,-2.990532718E0,6.800978386E-1,3.122046152E0
2.721234683E1,-6.571460554E-1,-2.007138634E0,2.655501294E-1,2.128605953E0
2.722229883E1,-5.465839782E-1,-1.180178618E0,-1.552073228E-1,1.309833932E0
2.723225083E1,-1.935187183E-1,-4.690776730E-1,-4.069124150E-1,6.504314500E-1
2.724220283E1,2.187533277E-1,-2.740823865E-2,-6.440626180E-1,6.807502375E-1
2.725215483E1,5.286500562E-1,1.550658202E-1,-7.318562222E-1,9.160402941E-1
2.726210683E1,7.045708481E-1,9.917754829E-2,-6.488093877E-1,9.629173836E-1
2.727205983E1,7.513082276E-1,-4.528843939E-2,-7.647123116E-1,1.072986493E0
2.728201183E1,7.180916572E-1,-2.444697475E-1,-1.000538120E0,1.255586562E0
2.729196383E1,6.138610914E-1,-4.979102933E-1,-1.299819083E0,1.521272411E0
2.730191583E1,4.397774215E-1,-6.960671693E-1,-1.396489345E0,1.621140393E0
2.731186783E1,3.191299206E-1,-7.256172431E-1,-1.300975662E0,1.523450676E0
2.732181983E1,2.766073604E-1,-7.438751739E-1,-1.206845430E0,1.444416075E0
2.733177283E1,3.183097024E-1,-7.032621682E-1,-4.937155008E-1,9.163262190E-1
2.734172483E1,3.367673157E-1,-8.193323225E-1,-8.091821408E-1,1.199788905E0
2.735167683E1,5.275802350E-1,-7.051139814E-1,-1.605767040E0,1.831396849E0
2.736162883E1,6.507953945E-1,-4.371700019E-1,-1.912894381E0,2.067321255E0
2.737158083E1,7.542115894E-1,4.454993606E-2,-1.994972917E0,2.133245592E0
2.738153283E1,9.858427517E-1,4.284681755E-1,-2.575416659E0,2.790742173E0
2.739148483E1,1.275265162E0,6.750095916E-1,-2.810976419E0,3.159672074E0
2.740143783E1,1.526326622E0,8.056170934E-1,-3.008387775E0,3.468297690E0
2.741138983E1,1.853227785E0,9.589240712E-1,-3.400793248E0,3.989910189E0
2.742134183E1,2.039836995E0,9.184636778E-1,-3.413057199E0,4.080866321E0
2.743129383E1,2.122568226E0,1.050838793E0,-3.247469898E0,4.019405277E0
2.744124583E1,2.080135712E0,1.052663124E0,-3.388043979E0,4.112651972E0
2.745119783E1,2.129909697E0,1.010733910E0,-3.580321480E0,4.286817031E0
2.746115083E1,2.295069273E0,9.709535480E-1,-3.768379630E0,4.517828992E0
2.747110283E1,2.601544942E0,9.336623454E-1,-3.930655067E0,4.805185815E0
2.748105483E1,2.986920308E0,8.779605997E-1,-3.751004044E0,4.874683485E0
2.749100683E1,3.211298438E0,7.386226201E-1,-3.557187556E0,4.848874544E0
2.750095883E1,3.197462171E0,5.402961749E-1,-3.399035575E0,4.697778958E0
2.751091083E1,2.841082563E0,2.815294003E-1,-3.390589857E0,4.432505896E0
2.752086383E1,2.556505594E0,5.630248868E-1,-2.588696855E0,3.681585159E0
2.753081583E1,1.598579497E0,1.851616146E0,-2.542440263E-1,2.459385855E0
2.754076783E1,2.937294696E-1,2.887352166E0,8.994293097E-1,3.038429300E0
2.755071983E1,2.975764990E-2,3.027792345E0,1.662013747E0,3.454084784E0
2.756067183E1,4.307044432E-2,2.806391033E0,3.344608523E0,4.366244595E0
2.757062383E1,-7.422037473E-1,2.246639417E0,5.194240708E0,5.707748384E0
2.758057683E1,-2.116977264E0,1.851851789E0,6.887740542E0,7.439886932E0
2.759052883E1,-3.682067125E0,2.552515454E0,7.513950441E0,8.748280099E0
2.760048083E1,-5.063194081E0,3.641859916E0,7.335275903E0,9.628361777E0
2.761043283E1,-6.050256708E0,4.676188511E0,6.612444273E0,1.010924154E1
2.762038483E1,-6.678560495E0,5.367122995E0,5.649717758E0,1.026296693E1
2.763033683E1,-6.639906891E0,5.302869111E0,4.190926330E0,9.474842892E0
2.764028983E1,-5.863260412E0,4.699307232E0,2.702917535E0,7.985428876E0
2.765024258E1,-4.923000069E0,3.679520078E0,1.463856286E0,6.318043440E0
2.766019458E1,-3.783343239E0,2.588926066E0,5.982438362E-1,4.623215324E0
2.767014658E1,-2.360430473E0,1.638916075E0,4.048881090E-1,2.902001430E0
2.768009858E1,-8.047481972E-1,8.416289252E-1,3.470743489E-1,1.215080044E0
2.769005058E1,5.390708908E-1,2.231648326E-2,2.075352617E-1,5.780712202E-1
2.770000358E1,1.504622927E0,-6.354555166E-1,3.560113064E-1,1.671657237E0
2.770995558E1,2.017318344E0,-1.212494425E0,-5.007200997E-2,2.354192693E0
2.771990758E1,2.101574675E0,-1.511123423E0,-6.129682215E-1,2.660045141E0
2.772985958E1,1.863994409E0,-1.458027197E0,-1.011761339E0,2.573709282E0
2.773981158E1,1.298850053E0,-1.324852767E0,-1.365697907E0,2.303774531E0
2.774976358E1,5.027349772E-1,-1.287061043E0,-1.308300469E0,1.902871173E0
2.775971658E1,-1.588002907E-1,-1.147500284E0,-8.307314694E-1,1.425513665E0
2.776966858E1,-9.939768134E-1,-1.406737175E0,-8.690810180E-1,1.929300703E0
2.777962058E1,-1.870249614E0,-1.890872013E0,-8.991052278E-1,2.807422448E0
2.778957258E1,-2.440169684E0,-2.371166984E0,-7.533493444E-1,3.484881087E0
2.779952458E1,-2.700857854E0,-2.766982554E0,-5.013495525E-1,3.898996919E0
2.780947658E1,-2.819581182E0,-3.056667066E0,-1.812039705E-1,4.162461588E0
2.781942858E1,-2.429542662E0,-3.108345342E0,1.038804638E-1,3.946552858E0
2.782938158E1,-2.205649851E0,-3.326485662E0,4.018873910E-1,4.011472498E0
2.783933358E1,-2.025254916E0,-3.433321894E0,7.331752078E-1,4.053011545E0
2.784928558E1,-2.019608113E0,-3.518280768E0,8.599989764E-1,4.146892178E0
2.785923758E1,-1.886148778E0,-3.344713773E0,7.606560981E-1,3.914494237E0
2.786918958E1,-1.644618280E0,-2.892431642E0,5.103673477E-1,3.366215222E0
2.787914158E1,-1.441040450E0,-2.326029403E0,1.665849812E-1,2.741306426E0
2.788909458E1,-1.352510389E0,-1.826336294E0,-3.815074325E-1,2.304416745E0
2.789904658E1,-1.331513477E0,-1.283479038E0,-9.200312432E-1,2.065600172E0
2.790899858E1,-1.266013990E0,-7.587177461E-1,-1.386276452E0,2.024896650E0
2.791895058E1,-1.077847374E0,-3.987385923E-1,-1.638291593E0,2.001186341E0
2.792890258E1,-7.037837398E-1,-1.103521621E-1,-1.547168438E0,1.703296606E0
2.793885458E1,-2.467779359E-1,2.775380909E-2,-1.413219252E0,1.434872217E0
2.794880758E1,1.985840151E-1,1.802725822E-1,-1.523226575E0,1.546658661E0
2.795875958E1,5.404885483E-1,1.468592530E-1,-1.911354225E0,1.991725504E0
2.796871158E1,6.661074981E-1,2.145343423E-2,-2.657738439E0,2.740024281E0
2.797866358E1,6.681616250E-1,-1.398537040E-1,-3.098600957E0,3.172905121E0
2.798861558E1,6.232076463E-1,-2.498316443E-1,-2.996006881E0,3.070319340E0
2.799856758E1,5.597752967E-1,-4.032760316E-1,-3.026364455E0,3.104007371E0
2.800852058E1,4.805349997E-1,-5.219856191E-1,-3.085751116E0,3.166266386E0
2.801847258E1,2.815627295E-1,-5.317323428E-1,-2.418006252E0,2.491740574E0
2.802842458E1,2.170229173E-1,-3.119758523E-1,-1.892231491E0,1.930017589E0
2.803837658E1,2.393040249E-1,1.103936774E-1,-2.201376560E0,2.217095383E0
2.804832858E1,6.703657329E-2,1.045972155E0,-2.441571554E0,2.657032801E0
2.805828058E1,-3.875826895E-3,1.994955375E0,-2.784054669E0,3.425028813E0
2.806823358E1,-1.287089109E-2,2.782481183E0,-2.856882910E0,3.988000396E0
2.807818558E1,8.369967610E-2,3.211279142E0,-3.175317596E0,4.516853019E0
2.808813758E1,3.448629320E-2,3.429964423E0,-3.941709521E0,5.225219535E0
2.809808958E1,1.342871547E-1,3.387703671E0,-3.428884442E0,4.822013866E0
2.810804158E1,2.686564627E-1,3.233989143E0,-2.415887074E0,4.045660938E0
2.811799358E1,5.638300484E-1,2.917370601E0,-6.353210306E-1,3.038517461E0
2.812794658E1,1.794988494E0,2.884189991E0,3.019809142E0,4.545303384E0
2.813789858E1,1.785179497E0,2.658552956E0,1.810112902E0,3.678488599E0
2.814785058E1,1.253372602E0,2.778635470E0,2.457502001E0,3.915491545E0
2.815780258E1,1.607884902E-1,2.942418319E0,1.196566025E0,3.180479328E0
2.816775458E1,-5.221812084E-1,2.652061962E0,9.893769550E-1,2.878362837E0
2.817770658E1,-5.736127326E-1,2.248137474E0,8.059264112E-1,2.456149639E0
2.818765858E1,2.109178394E-2,1.338668568E0,1.306540603E0,1.870702207E0
2.819761158E1,9.893950814E-1,-4.281272829E-2,2.312275729E0,2.515423345E0
2.820756358E1,2.223760140E0,-1.594108862E0,3.125666549E0,4.154044246E0
2.821751558E1,3.393261450E0,-2.232325433E0,3.227106385E0,5.187650309E0
2.822746758E1,4.346760474E0,-2.604290210E0,2.906056824E0,5.841388566E0
2.823741958E1,3.870210937E0,-2.281573023E0,1.949086161E0,4.897248719E0
2.824737158E1,3.354722452E0,-1.150116329E0,3.800397813E-1,3.566701632E0
2.825732458E1,2.326801528E0,4.837892675E-1,6.203028958E-1,2.456182625E0
2.826727658E1,1.473118714E0,-5.986759454E-1,2.313043907E0,2.806895749E0
2.827722858E1,4.420304999E-1,7.544837773E-1,1.803139951E0,2.003983636E0
2.828718058E1,-5.330504514E-1,1.498628508E0,-3.348444588E-1,1.625469471E0
2.829713258E1,-2.963435843E0,1.845329804E0,-1.020269988E0,3.637051681E0
2.830708458E1,-2.867263764E0,2.371656396E0,2.637455325E-1,3.730350823E0
2.831703758E1,-1.015032491E0,3.274837207E0,2.008202827E-1,3.434410935E0
2.832698958E1,1.404103443E0,3.514330389E0,7.536591737E-1,3.858759737E0
2.833694158E1,2.982319134E0,2.560268862E0,1.097949225E0,4.081016609E0
2.834689358E1,2.805225098E0,1.111417701E0,1.512105024E0,3.375055372E0
2.835684558E1,2.305388001E0,-8.403448766E-1,1.776111781E0,3.029119741E0
2.836679758E1,1.261392643E0,-2.268784577E0,1.803488299E0,3.160864581E0
2.837675058E1,2.438918965E-1,-2.625678740E0,2.030048171E0,3.327877353E0
2.838670258E1,-5.690288079E-1,-2.576290818E0,2.636157828E0,3.729664362E0
2.839665458E1,-8.890660702E-1,-2.451253958E0,2.579333417E0,3.667703003E0
2.840660658E1,-7.008849826E-1,-2.357196232E0,2.251230797E0,3.334014688E0
2.841655858E1,-8.258879283E-1,-2.437072706E0,2.013852553E0,3.267570405E0
2.842651058E1,-5.753573956E-1,-2.220541540E0,1.661079361E0,2.832141506E0
2.843646358E1,-4.401975439E-1,-1.763953519E0,7.469410153E-1,1.965509292E0
2.844641558E1,-6.081096970E-1,-9.928782678E-1,7.251624759E-1,1.371665147E0
2.845636758E1,-4.122520924E-1,-7.732761437E-1,-6.606184244E-2,8.787900483E-1
2.846631958E1,-2.930074847E-1,-5.303459680E-1,-8.307466722E-1,1.028231620E0
2.847627158E1,-4.549798898E-1,1.280072451E-2,-9.603980081E-1,1.062795791E0
2.848622358E1,-9.242116369E-1,7.803927898E-1,-1.326452419E0,1.795175779E0
2.849617658E1,1.905905789E-1,1.905689442E-1,-1.454621193E0,1.479379636E0
2.850612858E1,9.238953026E-1,-7.148706454E-1,-9.120837808E-1,1.482065921E0
2.851608058E1,1.026641845E0,-1.371291354E0,-5.646422267E-1,1.803677992E0
2.852603258E1,1.277128085E0,-1.769709519E0,-5.945675455E-2,2.183223083E0
2.853598458E1,1.725878059E0,-2.096987534E0,-8.678975415E-1,2.851185356E0
2.854593658E1,1.288601053E0,-1.973325355E0,-1.360143052E0,2.721120129E0
2.855588958E1,1.002978748E0,-2.404221879E0,-1.247768923E0,2.888455729E0
2.856584158E1,6.433795170E-1,-2.550182415E0,-1.567813933E0,3.061928817E0
2.857579358E1,3.399099018E-1,-2.341098847E0,-1.348374946E0,2.722939138E0
2.858574558E1,2.271200354E-1,-2.244302285E0,-6.210386948E-1,2.339693424E0
2.859569758E1,5.522870600E-2,-2.320075768E0,-9.249242663E-1,2.498256728E0
2.860564958E1,-4.864212455E-1,-2.551920208E0,-1.025688237E0,2.793016064E0
2.861560158E1,-2.705243558E-1,-2.895076337E0,-1.438032643E0,3.243853928E0
2.862555458E1,4.597645202E-1,-2.317332255E0,-1.927132351E0,3.048811456E0
2.863550658E1,7.434873573E-1,-1.673798810E0,-1.605753007E0,2.435737799E0
2.864545858E1,9.686202165E-1,-1.683504018E0,-8.884317204E-1,2.135818772E0
2.865540983E1,1.309385712E0,-1.858235779E0,-6.216513368E-1,2.356688681E0
2.866536183E1,2.046044837E0,-1.951300648E0,-4.377015138E-1,2.861023647E0
2.867531383E1,2.772167280E0,-1.868761352E0,-8.927433841E-1,3.460371536E0
2.868526683E1,3.126033170E0,-1.727517765E0,-2.023838282E0,4.105158023E0
2.869521883E1,3.060218080E0,-1.565556908E0,-2.830870986E0,4.453058911E0
2.870517083E1,2.814767169E0,-1.383115008E0,-2.958898112E0,4.311728120E0
2.871512283E1,2.602748299E0,-1.141164241E0,-2.405689530E0,3.723425392E0
2.872507483E1,2.324880133E0,-7.425478560E-1,-2.225867915E0,3.303170133E0
2.873502683E1,1.904715442E0,-3.334205157E-1,-2.243140590E0,2.961551935E0
2.874497983E1,2.182242862E0,1.409956652E-1,-1.905745429E0,2.900677391E0
2.875493183E1,2.269431425E0,1.013087415E0,-7.518594007E-1,2.596528002E0
2.876488383E1,2.003000267E0,2.285004753E0,-3.941225079E-1,3.064080505E0
2.877483583E1,8.541636014E-1,4.777189221E0,2.335155737E-1,4.858565821E0
2.878478783E1,4.511724754E-1,5.739654366E0,5.640924422E-1,5.784927755E0
2.879473983E1,6.722339183E-1,4.950324692E0,4.080820043E-1,5.012399019E0
2.880469283E1,8.183437045E-1,4.324701269E0,1.258876440E0,4.577935929E0
2.881464483E1,8.674154386E-1,4.330294130E0,2.686571059E0,5.169286300E0
2.882459683E1,1.629471360E-1,4.145794596E0,3.384397656E0,5.354279792E0
2.883454883E1,-1.234756091E0,4.191159049E0,4.213972546E0,6.070255464E0
2.884450083E1,-2.954422068E0,4.421140566E0,4.680904291E0,7.084204870E0
2.885445283E1,-4.468611771E0,4.671131839E0,4.535776398E0,7.896912773E0
2.886440583E1,-5.097317262E0,4.387017385E0,3.886957655E0,7.767689786E0
2.887435783E1,-4.696501738E0,3.487581716E0,2.828649044E0,6.497815804E0
2.888430983E1,-3.544082484E0,2.308408819E0,1.989164293E0,4.673975450E0
2.889426183E1,-2.156253450E0,1.233374248E0,1.048252643E0,2.696196317E0
2.890421383E1,-2.940995984E-1,6.412600476E-1,3.318610632E-1,7.796414481E-1
2.891416583E1,3.210950236E-1,6.398719186E-1,1.087441778E-1,7.241293963E-1
2.892411783E1,2.231053372E-1,6.395918369E-1,4.462289469E-1,8.111559544E-1
2.893407083E1,8.306958014E-1,5.263178211E-1,6.324535561E-1,1.169214892E0
2.894402283E1,1.593093785E0,9.661442131E-1,5.575344244E-1,1.944794869E0
2.895397483E1,1.435877944E0,1.131534462E0,6.777379024E-1,1.949729307E0
2.896392683E1,9.408732779E-1,7.243448889E-1,4.051033596E-1,1.254602238E0
2.897387883E1,4.271522596E-2,5.751180983E-1,6.080519557E-1,8.380409288E-1
2.898383083E1,-1.154298403E0,3.559469140E-1,6.481323532E-1,1.370831338E0
2.899378383E1,-1.535417727E0,-5.186363339E-2,5.685622001E-1,1.638127104E0
2.900373583E1,-4.764008720E-1,-3.211951572E-1,8.107047558E-2,5.802555832E-1
2.901368783E1,-7.691060556E-1,-7.499890226E-1,8.047417653E-1,1.342243259E0
2.902363983E1,-1.040684226E0,-2.249874682E0,3.093235552E-1,2.498127459E0
2.903359183E1,-1.470363360E0,-2.545450264E0,4.164420609E-1,2.968957636E0
2.904354383E1,-1.969426578E0,-2.961064505E0,3.708913008E-1,3.575486597E0
2.905349683E1,-1.706267813E0,-3.112102763E0,5.163969965E-1,3.586530262E0
2.906344883E1,-1.224801645E0,-3.413006912E0,3.775710869E-1,3.645725604E0
2.907340083E1,-8.009304039E-1,-3.401317744E0,2.499004953E-1,3.503270210E0
2.908335283E1,-3.711327177E-1,-3.148314570E0,1.997655912E-1,3.176402118E0
2.909330483E1,-3.584767118E-1,-2.929467321E0,1.949680969E-1,2.957752001E0
2.910325683E1,-8.551057340E-1,-2.740806908E0,7.743453071E-2,2.872146311E0
2.911320983E1,-1.413231677E0,-2.596177198E0,5.948854879E-2,2.956501092E0
2.912316183E1,-1.636008986E0,-2.463603863E0,-1.305887908E-2,2.957370441E0
2.913311383E1,-1.544024390E0,-2.121134196E0,-7.598924518E-2,2.624689688E0
2.914306583E1,-1.261520551E0,-1.657044783E0,-1.634520431E-1,2.089006482E0
2.915301783E1,-8.575652191E-1,-1.407647586E0,-5.195252569E-1,1.728235032E0
2.916296983E1,-5.013110340E-1,-1.087102640E0,-1.056893585E0,1.596912318E0
2.917292283E1,-2.745848085E-1,-6.596951491E-1,-1.212182622E0,1.407118054E0
2.918287483E1,-4.957300128E-1,2.627218312E-1,-1.336021972E0,1.449043035E0
2.919282683E1,-1.298088307E0,1.818984590E0,-1.216349641E0,2.544257188E0
2.920277883E1,-6.047253285E-1,5.219698316E-1,-1.722249423E0,1.898496327E0
2.921273083E1,-4.380172634E-1,-1.229143202E-2,-1.720051016E0,1.774988930E0
2.922268283E1,-4.625188512E-1,-4.299112684E-1,-1.270607124E0,1.418869215E0
2.923263483E1,-5.610656311E-1,-6.433071578E-1,-1.179933035E0,1.456324383E0
2.924258783E1,-6.489162455E-1,-6.493999565E-1,-1.241157038E0,1.543788648E0
2.925253983E1,-4.582617858E-1,-1.630424749E0,-2.782671218E0,3.257537081E0
2.926249183E1,-5.732583913E-1,-2.513560134E-1,-9.841814116E-2,6.336333003E-1
2.927244383E1,-1.841254003E0,-5.518900341E-1,-7.224164772E-1,2.053456715E0
2.928239583E1,-9.850046995E-1,-1.126219928E0,-1.899499580E0,2.417995913E0
2.929234783E1,-2.772885610E-1,-1.962330251E0,-2.956091448E0,3.558947261E0
2.930230083E1,6.195771101E-1,-1.585487142E0,-2.613731124E0,3.119172272E0
2.931225283E1,4.846922238E-1,1.995128453E-1,-1.679612842E0,1.759497436E0
2.932220483E1,6.167496890E-2,2.660313553E-1,-9.505093431E-1,9.889613214E-1
2.933215683E1,-2.423472083E-1,-5.054800987E-2,-1.136764065E0,1.163408703E0
2.934210883E1,-5.352593833E-1,2.848874563E-1,-1.648050596E0,1.756056444E0
2.935206083E1,-5.814453703E-1,6.867624950E-1,-1.940117994E0,2.138639585E0
2.936201383E1,-5.275860822E-1,7.286566257E-1,-2.531567219E0,2.686655940E0
2.937196583E1,-4.591853535E-1,5.311230630E-1,-2.978133989E0,3.059775311E0
2.938191783E1,-3.987578881E-1,9.142998755E-2,-3.103552380E0,3.130400081E0
2.939186983E1,-3.579604027E-1,-2.098103768E-1,-2.790205940E0,2.820887313E0
2.940182183E1,-3.453254467E-1,-3.797117525E-1,-3.000194657E0,3.043780324E0
2.941177383E1,-1.023104864E-1,-1.445741612E-1,-3.557561778E0,3.561967845E0
2.942172683E1,3.659766430E-1,3.817062378E-2,-4.010807530E0,4.027651045E0
2.943167883E1,7.619617814E-1,1.805947638E-1,-4.424454768E0,4.493217134E0
2.944163083E1,9.783912063E-1,3.855671543E-1,-4.399497682E0,4.523437988E0
2.945158283E1,9.805999920E-1,6.731630409E-1,-4.109426669E0,4.278096816E0
2.946153483E1,8.220594639E-1,1.048853078E0,-3.211622958E0,3.477124756E0
2.947148683E1,1.124359928E0,1.557769001E0,2.522757804E-1,1.937646144E0
2.948143883E1,1.028941847E0,2.683506534E0,1.636309386E0,3.307179622E0
2.949139183E1,1.369026142E-1,4.565812376E0,2.924487247E0,5.423837261E0
2.950134383E1,-6.380315074E-1,5.938659673E0,4.208041130E0,7.306324184E0
2.951129583E1,-1.285110704E0,7.142123074E0,4.246436287E0,8.407951752E0
2.952124783E1,-8.545348996E-1,6.998140066E0,3.486210544E0,7.864976684E0
2.953119983E1,3.851157492E-1,6.070495675E0,2.876057099E0,6.728368028E0
2.954115183E1,1.212960156E0,4.849423969E0,2.941965744E0,5.800288580E0
2.955110483E1,2.548887842E0,3.038524910E0,3.792189492E0,5.487272911E0
2.956105683E1,3.549918298E0,9.715458709E-1,3.687014455E0,5.209596615E0
2.957100883E1,3.468859809E0,-2.132105327E-1,4.047034539E0,5.334504257E0
2.958096083E1,2.038223894E0,-3.631232017E-1,5.359987053E0,5.745926932E0
2.959091283E1,-3.852753782E-1,-4.285839504E-1,6.023165388E0,6.050672906E0
2.960086483E1,1.504345331E-1,-6.502729458E-1,6.360598848E0,6.395522118E0
2.961081783E1,2.581984252E-1,-5.608947462E-1,1.595816249E0,1.711110412E0
2.962076983E1,1.940274846E0,8.395163262E-1,2.167332608E-2,2.114219447E0
2.963072183E1,2.479791879E0,1.778320713E0,-4.916151810E-1,3.090870073E0
2.964067383E1,1.606273994E0,1.833105615E0,-6.315694571E-1,2.517791159E0
2.965062583E1,-3.324873000E-2,1.488670115E0,7.333308899E-1,1.659824805E0
2.966057779E1,8.493951970E-1,1.068269928E0,-8.603819691E-2,1.367507005E0
2.967053079E1,2.057813528E-1,8.311805356E-1,3.555699147E-2,8.570130381E-1
2.968048279E1,-7.731021890E-1,2.597894526E-1,1.630437613E-2,8.157471342E-1
2.969043479E1,-1.112424884E0,-2.548327678E-1,6.719537636E-1,1.324368047E0
2.970038679E1,-7.822507426E-1,-4.505244577E-1,1.140228102E0,1.454306926E0
2.971033879E1,-3.715002152E-1,-3.223049587E-1,1.203168701E0,1.299810686E0
2.972029079E1,-8.675011003E-1,-1.744282901E-1,1.883507445E0,2.081005450E0
2.973024279E1,-1.971542247E0,-2.948622215E-1,2.526312912E0,3.218101845E0
2.974019579E1,-2.735483603E0,-1.221762262E0,3.142045770E0,4.341431237E0
2.975014779E1,-1.954260216E0,-2.257742110E0,2.881730068E0,4.149807298E0
2.976009979E1,-1.091820466E0,-2.107854584E0,1.621314787E0,2.874679898E0
2.977005179E1,-1.058965838E0,-2.900996059E0,1.429723749E0,3.403130438E0
2.978000379E1,-1.097712705E0,-3.055651989E0,1.187689952E0,3.457251753E0
2.978995579E1,-6.012776640E-1,-2.696873268E0,6.050593873E-1,2.828560962E0
2.979990879E1,7.156904250E-2,-1.967062987E0,9.752699625E-1,2.196727207E0
2.980986079E1,2.140171561E-1,-1.225679896E0,9.185859577E-1,1.546575156E0
2.981981279E1,3.494676143E-2,-6.143330348E-1,5.528905658E-1,8.272329366E-1
2.982976479E1,-1.310194382E-1,-7.581090510E-2,2.018529010E-1,2.523053312E-1
2.983971679E1,-2.407430246E-1,2.683164471E-1,-2.799681207E-1,4.564351743E-1
2.984966879E1,-1.978627610E-1,2.578891075E-1,-6.911770698E-1,7.637946096E-1
2.985962179E1,-1.562542668E-1,-3.415797204E-1,-8.036272860E-1,8.870788668E-1
2.986957379E1,-3.820521006E-1,-9.456777889E-1,-9.582112956E-1,1.399442451E0
2.987952579E1,-4.472003156E-1,-1.281585710E0,-6.028982929E-1,1.485239511E0
2.988947779E1,-2.015810055E-1,-1.957513314E0,-3.930031315E-1,2.006724879E0
2.989942979E1,1.751767337E-1,-2.545440323E0,-6.677878417E-2,2.552334761E0
2.990938179E1,5.808740973E-1,-2.698241517E0,2.318186387E-1,2.769776504E0
2.991933379E1,1.141586703E0,-2.546872306E0,6.859843768E-2,2.791860400E0
2.992928679E1,1.626671421E0,-2.153934737E0,-4.133547311E-1,2.730633058E0
2.993923879E1,1.614020093E0,-1.553100584E0,-1.202655242E0,2.542353617E0
2.994919079E1,1.156404717E0,-9.104909992E-1,-1.286829493E0,1.955043701E0
2.995914279E1,6.766491508E-1,-3.898981869E-1,-1.158180151E0,1.396873627E0
2.996909479E1,4.972913656E-1,-1.893620789E-2,-1.225158910E0,1.322373486E0
2.997904679E1,4.693060067E-1,-3.616257298E-1,-1.210162994E0,1.347410765E0
2.998899979E1,3.481017047E-1,-1.028091370E0,-8.118227434E-1,1.355434553E0
2.999895179E1,4.187924954E-1,-2.154973202E0,-1.215922794E0,2.509534797E0
3.000890379E1,1.136330348E-1,-2.058359073E0,-1.390313516E0,2.486508840E0
3.001885579E1,-4.093518734E-1,-2.425499897E0,-6.203870957E-1,2.536828503E0
3.002880779E1,-1.676250547E-2,-2.400570293E0,-6.840470481E-1,2.496184905E0
3.003875979E1,5.354347998E-1,-2.145180286E0,-8.571993296E-1,2.371345520E0
3.004871279E1,1.478360304E0,-2.011576086E0,-7.787121539E-1,2.615029666E0
3.005866479E1,1.790856559E0,-1.707834283E0,-1.190129410E0,2.745955783E0
3.006861679E1,1.920586978E0,-1.309171704E0,-1.423385367E0,2.725547797E0
3.007856879E1,1.859461355E0,-1.270455535E0,-1.141618570E0,2.524865691E0
3.008852079E1,1.619879880E0,-9.687830615E-1,-1.031889867E0,2.151127180E0
3.009847279E1,1.526783436E0,-8.954209703E-1,-1.149871476E0,2.110699123E0
3.010842579E1,1.444022530E0,-7.235560995E-1,-1.146290495E0,1.980584862E0
3.011837779E1,1.156905823E0,-3.349162334E-1,-1.236205616E0,1.725921288E0
3.012832979E1,9.494816950E-1,2.932770413E-1,-1.349664696E0,1.676043467E0
3.013828179E1,1.018417444E0,1.009954476E0,-1.606141408E0,2.153339815E0
3.014823379E1,8.545515642E-1,1.080956047E0,-8.370080169E-1,1.612236574E0
3.015818579E1,7.088214085E-1,1.722917760E0,-4.605980408E-1,1.919120619E0
3.016813779E1,1.308010447E0,2.759799834E0,-7.927748537E-1,3.155293714E0
3.017809079E1,1.612735167E0,4.466111501E0,1.357752711E-2,4.748394572E0
3.018804279E1,1.104423554E0,5.019978479E0,8.485955903E-1,5.209611290E0
3.019799479E1,-3.246970546E-1,4.601602598E0,2.135081706E0,5.083182914E0
3.020794679E1,-1.980132099E0,3.392372673E0,3.469174097E0,5.240637785E0
3.021789879E1,-3.799565170E0,2.733027188E0,3.599120863E0,5.904219176E0
3.022785079E1,-5.417066402E0,2.855414674E0,3.343463638E0,6.976872542E0
3.023780379E1,-6.303697253E0,2.192207102E0,2.222661448E0,7.034386608E0
3.024775579E1,-6.250187044E0,1.406503871E0,1.115951632E0,6.502956195E0
3.025770779E1,-5.182704152E0,1.097394909E0,4.834442818E-1,5.319625578E0
3.026765979E1,-3.836526005E0,8.820086271E-1,6.913759482E-1,3.996857729E0
3.027761179E1,-2.471002052E0,1.182316360E0,1.060447669E0,2.937392105E0
3.028756379E1,-9.950671729E-1,1.558953062E0,1.296403578E0,2.258573790E0
3.029751679E1,7.521024987E-1,2.130875657E0,8.398732987E-1,2.410741876E0
3.030746879E1,1.933105282E0,3.151919378E0,-3.002672414E-1,3.709670095E0
3.031742079E1,1.863086629E0,3.779891043E0,-1.159577708E0,4.370730894E0
3.032737279E1,1.019962571E0,3.783438549E0,-1.258778061E0,4.115732390E0
3.033732479E1,-3.941374183E-2,3.457104859E0,-1.153579634E0,3.644704847E0
3.034727679E1,-1.030144620E0,2.500444245E0,-8.649444053E-1,2.839286562E0
3.035722879E1,-1.373631702E0,1.650652022E0,-4.174780414E-1,2.187648067E0
3.036718179E1,-1.176913241E0,8.197895747E-1,-1.988589804E-1,1.448007119E0
3.037713379E1,-1.347442608E0,-6.843896949E-1,-1.840014978E-1,1.522447827E0
3.038708579E1,-1.370156702E0,-1.760444021E0,1.070264120E-1,2.233371261E0
3.039703779E1,-1.313565010E0,-2.334925942E0,2.973284309E-1,2.695502993E0
3.040698979E1,-9.966722336E-1,-2.495373539E0,1.365677150E-1,2.690519538E0
3.041694179E1,-6.339267620E-1,-2.287516717E0,-1.364132023E-1,2.377646827E0
3.042689479E1,-5.240774605E-1,-1.572046732E0,-2.891999240E-1,1.682148837E0
3.043684679E1,-6.611633849E-1,-1.214276072E0,-2.666342032E-1,1.408082809E0
3.044679879E1,-7.814508435E-1,-1.264574990E0,-2.552379799E-1,1.508297634E0
3.045675079E1,-8.286320266E-1,-1.469978905E0,-5.403094773E-1,1.771836152E0
3.046670279E1,-9.644540754E-1,-1.620654051E0,-9.209969839E-1,2.098791715E0
3.047665479E1,-1.224272472E0,-1.580008301E0,-1.334624488E0,2.403433344E0
3.048660779E1,-1.280686701E0,-1.572629700E0,-1.061635823E0,2.289190516E0
3.049655979E1,-1.237878065E0,-1.647537795E0,-9.057478841E-1,2.251022461E0
3.050651179E1,-1.281078172E0,-1.601416712E0,-1.146899775E0,2.349696972E0
3.051646379E1,-1.377777085E0,-1.679667660E0,-1.277977832E0,2.520472274E0
3.052641579E1,-1.323831258E0,-1.599111739E0,-6.455673990E-1,2.174038827E0
3.053636779E1,-1.033621082E0,-1.414768326E0,-5.004585099E-1,1.822196662E0
3.054631979E1,-6.844873434E-1,-1.275816847E0,-8.411089616E-1,1.674424031E0
3.055627279E1,-4.968063390E-1,-1.094059657E0,-1.523208010E0,1.940089099E0
3.056622479E1,-4.643373352E-1,-7.443084526E-1,-1.877176226E0,2.072050872E0
3.057617679E1,-2.379878166E-1,-5.191883111E-1,-1.587427687E0,1.687045158E0
3.058612879E1,-2.509145486E-1,-4.635894763E-1,-1.380208211E0,1.477446453E0
3.059608079E1,-5.009189782E-1,-3.998688591E-1,-1.247166660E0,1.402226659E0
3.060603279E1,-7.544071788E-1,-5.542119634E-1,-1.350871707E0,1.643513146E0
3.061598579E1,-1.019404746E0,-8.747446311E-1,-1.397899693E0,1.938681964E0
3.062593779E1,-1.140820425E0,-1.291652861E0,-1.729903429E0,2.441803479E0
3.063588979E1,-1.599623078E0,-1.757646713E0,-2.177840055E0,3.223523424E0
3.064584179E1,-1.808671563E0,-2.117198435E0,-2.557946348E0,3.781125700E0
3.065579379E1,-1.670952093E0,-1.868036882E0,-2.538716025E0,3.567453117E0
3.066574579E1,-1.336427623E0,-1.329973174E0,-2.786446180E0,3.364394411E0
3.067569879E1,-7.056203502E-1,-2.554666060E-1,-2.470505916E0,2.581968773E0
3.068565079E1,-7.727589574E-1,6.496437854E-1,-1.321071811E0,1.662655762E0
3.069560279E1,-1.888066519E0,-1.931709552E-1,6.377850473E-1,2.002218760E0
3.070555479E1,-2.218449991E0,-4.343703550E-1,1.188984525E0,2.554189141E0
3.071550679E1,-2.052791355E0,-8.214805895E-1,1.110387568E0,2.474215685E0
3.072545879E1,-1.519132939E0,-1.382792827E0,3.509661095E-1,2.084000503E0
3.073541079E1,-8.694903231E-1,-1.786597447E0,-3.643645656E-1,2.020075592E0
3.074536379E1,-6.277366072E-1,-1.757499363E0,-5.198819371E-1,1.937300825E0
3.075531579E1,-1.956343871E-1,-8.850731528E-1,-1.364783403E0,1.638371458E0
3.076526779E1,7.737912834E-2,3.651451689E-1,-2.498977178E0,2.526698530E0
3.077521979E1,5.120669872E-2,1.359051962E0,-3.309603581E0,3.578144802E0
3.078517179E1,2.517390060E-1,1.978612992E0,-3.927484707E0,4.404931103E0
3.079512379E1,9.974876279E-1,2.394389201E0,-3.433838203E0,4.303408651E0
3.080507679E1,2.025255939E0,2.442137564E0,-2.621063533E0,4.115297261E0
3.081502879E1,2.224534896E0,2.414788383E0,-3.484792010E0,4.787852732E0
3.082498079E1,1.498655697E0,2.572404174E0,-4.366564994E0,5.284895645E0
3.083493279E1,8.009916535E-1,3.027712823E0,-3.283992777E0,4.537977647E0
3.084488479E1,7.820124686E-2,4.137618434E0,-1.741836572E0,4.489988462E0
3.085483679E1,-5.975895327E-1,4.781422021E0,-7.042782681E-1,4.869817006E0
3.086478879E1,-3.433700209E0,4.758688631E0,1.471422875E0,6.049834699E0
3.087474179E1,-1.490153553E0,4.757999829E0,2.149915799E0,5.429664624E0
3.088469379E1,1.496130870E0,4.639215397E0,1.797028441E0,5.195193769E0
3.089464579E1,1.340595226E0,6.467273111E0,1.087171783E0,6.693635749E0
3.090459779E1,1.061302385E0,4.681994212E0,1.552331237E-1,4.803283239E0
3.091454979E1,2.029096975E0,1.408018885E0,5.332824397E-1,2.526685947E0
3.092450179E1,3.210876561E0,-4.859819734E-1,2.570728362E0,4.141805292E0
3.093445479E1,3.853794002E0,-2.168280296E0,3.218527350E0,5.469194269E0
3.094440679E1,3.586363700E0,-2.957172598E0,3.390255396E0,5.753321303E0
3.095435879E1,3.002645225E0,-3.037088249E0,3.287903395E0,5.389813736E0
3.096431079E1,2.280745934E0,-2.748483717E0,1.795253080E0,3.997361427E0
3.097426279E1,1.812042483E0,-1.421823576E0,2.039850297E0,3.076697820E0
3.098421479E1,1.257256323E0,-4.703266382E-2,1.455408229E0,1.923829162E0
3.099416779E1,6.951558807E-1,1.456372434E0,1.214701311E-1,1.618337838E0
3.100411979E1,9.491989821E-1,2.897127541E0,-1.044979371E0,3.222779636E0
3.101407179E1,1.737833422E0,3.333571903E0,-1.226489736E0,3.954370204E0
3.102402379E1,2.576003427E0,3.584012243E0,-2.009664631E-1,4.418294346E0
3.103397579E1,3.135627573E0,3.318075027E0,6.419366435E-1,4.610191408E0
3.104392779E1,3.214318817E0,2.684018165E0,6.366098300E-1,4.235690149E0
3.105387979E1,2.459239793E0,1.949406735E0,6.276366198E-1,3.200308533E0
3.106383279E1,1.240863361E0,8.196597666E-1,1.700955033E-2,1.487236813E0
3.107378479E1,5.530118224E-1,1.214805830E-1,1.003230178E-1,5.750167960E-1
3.108373679E1,-4.238026822E-1,-6.567914218E-1,8.281669537E-1,1.138790669E0
3.109368879E1,-1.309387174E0,-1.463890200E0,1.342506680E0,2.379032046E0
3.110364079E1,-6.965405014E-1,-1.968744062E0,1.887090619E0,2.814646133E0
3.111359279E1,2.718814945E-1,-2.817940453E0,2.066250476E0,3.504867897E0
3.112354579E1,6.852518669E-1,-3.288327903E0,2.325564842E0,4.085452527E0
3.113349779E1,1.248486961E0,-3.359571548E0,1.898634192E0,4.055891082E0
3.114344979E1,1.699646134E0,-3.383521158E0,1.179224426E0,3.965801641E0
3.115340179E1,1.311363240E0,-2.745778211E0,-2.916708112E-2,3.042995605E0
3.116335379E1,2.373209417E-1,-1.612266805E0,-9.829509381E-1,1.903133739E0
3.117330579E1,3.175008863E-2,-6.527428097E-1,-2.198550746E0,2.293623035E0
3.118325879E1,4.035564056E-1,3.795030069E-1,-3.520470550E0,3.563789163E0
3.119321079E1,1.480579030E0,1.122754283E0,-4.418446169E0,4.793261728E0
3.120316279E1,4.078641078E0,1.612336972E0,-5.231886252E0,6.826974243E0
3.121311479E1,3.038398610E0,1.569732989E0,-8.113976508E0,8.805256529E0
3.122306679E1,6.338396385E-2,-5.411282337E-1,-6.957317730E0,6.978617864E0
3.123301879E1,-2.223700937E0,-8.598394936E-1,-1.109360183E1,1.134690140E1
3.124297079E1,-2.774286895E0,1.756524632E0,-8.898092220E0,9.484623963E0
3.125292379E1,-2.223091511E0,1.995939462E0,-6.020415443E0,6.720960668E0
3.126287579E1,-2.521351549E0,2.919896598E0,-6.545276722E0,7.597608647E0
3.127282779E1,-1.444933088E0,2.788362898E0,-2.954475862E0,4.311812484E0
3.128277979E1,-5.578403069E-1,2.834917259E-1,-2.281577116E0,2.365829136E0
3.129273179E1,1.095123558E-1,-1.414867728E0,-2.320529512E0,2.720055305E0
3.130268379E1,7.564228602E-1,-1.412239405E0,-1.466127929E0,2.171664519E0
3.131263679E1,2.446017192E0,-4.012796168E0,-3.692426637E0,5.976583276E0
3.132258879E1,3.480379993E0,-5.522422119E0,-6.031619877E0,8.887667258E0
3.133254079E1,2.141339542E0,-3.953529959E0,-6.818447528E0,8.167432942E0
3.134249279E1,-6.036947568E-1,-1.400737932E0,-9.324447212E0,9.448377105E0
3.135244479E1,-2.554534498E0,-1.572834937E0,-7.508924174E-1,3.092457868E0
3.136239679E1,-3.967891890E0,-3.180066705E0,-4.973542231E0,7.112883566E0
3.137234979E1,-3.349761381E0,-3.427653603E0,-6.313284348E0,7.926365485E0
3.138230179E1,-2.536559572E0,-9.081179067E-1,-4.068822434E0,4.879972192E0
3.139225379E1,-1.523359599E0,-7.647836477E-1,-5.424421030E-1,1.788787838E0
3.140220579E1,7.741815850E-2,-2.862989742E0,4.207282162E-1,2.894773923E0
3.141215779E1,8.237433158E-1,-7.909514580E0,2.471161389E0,8.327401308E0
3.142210979E1,4.380059344E-1,-5.207778182E0,3.885482402E0,6.512278886E0
3.143206179E1,-5.768546482E-1,-7.276222533E-1,3.913208145E-1,1.007634561E0
3.144201479E1,-9.986111704E-1,-1.545416320E0,-1.638015604E0,2.463459151E0
3.145196679E1,-1.221564626E0,-3.213415130E0,-4.214580656E0,5.438836920E0
3.146191879E1,-2.002837568E0,-3.955311314E0,-6.236731431E0,7.651971305E0
3.147187079E1,-1.948597919E0,-3.001588633E0,-4.142583890E0,5.474264284E0
3.148182279E1,-9.593944797E-1,-9.318573099E-1,-2.053781873E0,2.450880616E0
3.149177479E1,-7.264374612E-1,2.268269438E-1,-1.440204298E0,1.628910761E0
3.150172779E1,-1.082142374E0,-4.309731227E-1,4.566073161E-1,1.251103589E0
3.151167979E1,-1.098975996E0,-3.378739013E0,9.078420351E0,9.748914895E0
3.152163179E1,-2.681317921E0,-6.303178021E0,1.285057787E1,1.456217259E1
3.153158379E1,-3.554965614E0,-5.433787100E0,1.084812870E1,1.264301068E1
3.154153579E1,-3.296881502E0,-2.231810586E0,3.790976195E0,5.497445465E0
3.155148779E1,-3.705327642E0,-9.678165168E-2,-1.089870712E0,3.863500717E0
3.156144079E1,-4.699958320E0,3.776728284E-1,-9.033363461E-1,4.800860499E0
3.157139279E1,-4.924433806E0,-3.806417522E-1,1.004975572E0,5.040328596E0
3.158134479E1,-4.888169959E0,-9.606890532E-1,1.447931979E0,5.187835389E0
3.159129679E1,-4.605867849E0,-1.240655785E0,6.865449786E-1,4.819189707E0
3.160124879E1,-4.270884373E0,-2.356867619E0,1.054481024E-1,4.879180013E0
3.161120079E1,-3.522616478E0,-3.343053748E0,2.106838923E0,5.293732659E0
3.162115379E1,-1.970737377E0,-3.425177892E0,3.392964996E0,5.208441309E0
3.163110579E1,-4.430696232E-1,-2.764343705E0,3.390915547E0,4.397296335E0
3.164105779E1,5.493955388E-1,-1.982609564E0,3.475250523E0,4.038556963E0
3.165100979E1,8.939082956E-1,-1.138782817E0,2.474557452E0,2.866937901E0
3.166096167E1,5.677708891E-1,-4.634078838E-1,1.512713866E0,1.680896751E0
3.167091367E1,-3.943102766E-1,-4.283186330E-1,1.045167578E0,1.196374821E0
3.168086667E1,-1.300224879E0,-1.074948032E0,3.964131546E-1,1.732986266E0
3.169081867E1,-2.232613994E0,-2.063594670E0,4.169661176E-1,3.068688474E0
3.170077067E1,-2.070498332E0,-2.310176871E0,1.941377338E0,3.659621085E0
3.171072267E1,-1.605395742E0,-1.725091316E0,1.582917291E0,2.838813606E0
3.172067467E1,-8.635475054E-1,-1.442082132E0,1.629554098E0,2.341102674E0
3.173062667E1,1.739960164E-1,-1.179749433E0,1.654232857E0,2.039257140E0
3.174057867E1,8.729516555E-1,-1.341953534E-1,4.445795935E-1,9.887891588E-1
3.175053167E1,1.248839110E0,8.021952298E-1,-1.359849522E0,2.013034285E0
3.176048367E1,9.416674029E-1,1.226896410E0,-2.740046185E0,3.146405154E0
3.177043567E1,-3.777239916E-1,1.547993480E0,-3.691567097E0,4.020774410E0
3.178038767E1,-2.044308507E0,1.207025378E0,-3.411309466E0,4.156096703E0
3.179033967E1,-3.399769986E0,5.734963730E-1,-1.890826405E0,3.932245992E0
3.180029167E1,-3.284064698E0,-1.805093944E-2,-1.523784399E-2,3.284149657E0
3.181024467E1,-1.552792582E0,-4.848359191E-1,8.851550138E-1,1.851953042E0
3.182019667E1,-2.905878337E-1,-7.017645501E-1,-1.733869010E-1,7.790877937E-1
3.183014867E1,2.439245312E-1,-3.799427176E-1,-1.312308151E0,1.387807021E0
3.184010067E1,1.843599321E-1,5.431703737E-1,-1.550664049E0,1.653354661E0
3.185005267E1,-3.109491543E-1,1.609848397E0,-1.454601313E0,2.191840828E0
3.186000467E1,-9.810471578E-1,2.302428287E0,-1.524737495E0,2.930606417E0
3.186995767E1,-1.571489054E0,2.337980527E0,-1.355693906E0,3.126281619E0
3.187990967E1,-1.705610879E0,1.926308771E0,-8.935229641E-1,2.723629424E0
3.188986167E1,-1.454020684E0,1.462286601E0,2.010676199E-1,2.071928194E0
3.189981367E1,-1.180588654E0,1.085733222E0,1.226454068E0,2.019107669E0
3.190976567E1,-1.100677243E0,6.996462500E-1,1.928384240E0,2.328016548E0
3.191971767E1,-8.549346299E-1,3.958146921E-1,2.332149684E0,2.515254389E0
3.192966967E1,-8.146179318E-1,5.504878718E-1,2.335673801E0,2.534168774E0
3.193962267E1,-1.112932715E0,1.238791108E0,1.169777591E0,2.035092688E0
3.194957467E1,-1.809624221E0,1.752384803E0,7.181649667E-1,2.619418492E0
3.195952667E1,-2.033946363E0,2.081689318E0,1.248594550E0,3.166915941E0
3.196947867E1,-1.814116929E0,2.129105120E0,1.876836357E0,3.368474960E0
3.197943067E1,-1.184399285E0,2.205614621E0,1.969125300E0,3.185120401E0
3.198938267E1,-7.711900764E-1,1.741611162E0,1.279045095E0,2.294319056E0
3.199933567E1,-8.061883664E-1,9.694212851E-1,8.215817463E-1,1.504896633E0
3.200928767E1,-7.641531716E-1,7.285763727E-1,6.499501795E-1,1.239834197E0
3.201923967E1,-6.942476620E-1,4.752710438E-1,-4.461624348E-1,9.523252068E-1
3.202919167E1,-1.134896465E0,4.705343606E-1,-1.831971256E0,2.205790392E0
3.203914367E1,-1.624923103E0,1.255474969E0,-2.198553085E-2,2.053552009E0
3.204909567E1,-1.902561036E0,1.702931977E0,-1.272921306E-1,2.556544367E0
3.205904867E1,-1.888831919E0,1.182667924E0,2.321958572E-1,2.240603569E0
3.206900067E1,-1.100381082E0,1.043589269E0,1.101178642E0,1.874169546E0
3.207895267E1,-3.668733135E-1,3.754158032E-1,1.899333519E-1,5.582183548E-1
3.208890467E1,1.678571307E0,-2.729252956E-1,7.384977821E0,7.578257535E0
3.209885667E1,5.978786191E0,-2.387503374E0,1.658762695E1,1.779312857E1
3.210880867E1,4.095881594E0,-2.356727724E0,-4.084148571E0,6.245853116E0
3.211876067E1,-7.048467636E-2,-3.979876636E-1,-1.596086390E0,1.646467137E0
3.212871367E1,-7.657475612E-1,-4.773620081E-1,2.642498841E0,2.792318738E0
3.213866567E1,4.285696247E-1,-1.244443173E0,8.938638568E-1,1.591007017E0
3.214861767E1,1.038108381E0,-1.399969315E0,6.831892616E-1,1.871985754E0
3.215856967E1,5.870275609E-1,-1.952416735E0,-1.268383867E-1,2.042699303E0
3.216852167E1,9.121293890E-1,-2.132344185E0,-5.045667636E-1,2.373490966E0
3.217847367E1,1.630183405E0,-2.183532465E0,-1.130341630E0,2.950082060E0
3.218842667E1,3.071543552E0,-1.971504386E0,-1.901237372E0,4.115326582E0
3.219837867E1,3.775355358E0,-9.244407016E-1,-1.939220885E0,4.343785945E0
3.220833067E1,2.638804862E0,-1.422700658E-2,-7.813108027E-1,2.752079228E0
3.221828267E1,1.521656305E0,-3.867398134E-1,-3.456166381E-1,1.607624475E0
3.222823467E1,1.079923282E0,-8.408538768E-1,-3.870564401E-1,1.422350950E0
3.223818667E1,1.610699313E0,-1.036635321E0,-5.363604140E-1,1.989132364E0
3.224813967E1,2.395591389E0,-5.384408534E-1,-1.049113280E-1,2.457597006E0
3.225809167E1,2.487812505E0,-9.260834768E-1,-3.411347473E-1,2.676418237E0
3.226804367E1,2.024050097E0,-1.399112113E0,2.206113535E-1,2.470417550E0
3.227799567E1,1.554965846E0,-1.052448531E0,8.560171688E-1,2.063572651E0
3.228794767E1,1.204450849E0,-7.357487136E-1,6.237856436E-1,1.543093175E0
3.229789967E1,1.032889741E0,-2.462841386E-1,5.531851923E-1,1.197301529E0
3.230785167E1,1.060753478E0,2.458146071E-1,4.037636894E-1,1.161312998E0
3.231780467E1,1.261868314E0,6.249682429E-1,-2.501842314E-1,1.430205963E0
3.232775667E1,1.511900372E0,5.977360055E-1,-1.162942781E0,1.998891437E0
3.233770867E1,1.356442350E0,3.091130555E-1,-1.483175486E0,2.033542783E0
3.234766067E1,1.021469398E0,-3.811215162E-2,-1.091703814E0,1.495549894E0
3.235761267E1,1.055036655E0,-5.270738661E-1,7.074663162E-2,1.181488168E0
3.236756467E1,1.466343253E0,-8.227427110E-1,-7.273041648E-1,1.831949631E0
3.237751767E1,1.654577404E0,-1.186966651E0,-5.170681107E-1,2.100922570E0
3.238746967E1,1.526754492E0,-1.188521718E0,-3.236504030E-1,1.961711686E0
3.239742167E1,1.584106761E0,-1.040705568E0,-4.371501213E-1,1.945138180E0
3.240737367E1,1.415081736E0,-6.776358685E-1,-4.376880652E-1,1.628870017E0
3.241732567E1,1.028802245E0,3.885822710E-1,-1.653013712E-1,1.112094773E0
3.242727767E1,8.480383506E-1,8.524220082E-1,1.958992660E-1,1.218264687E0
3.243722967E1,9.358953971E-1,5.911998416E-1,8.181774974E-2,1.110005221E0
3.244718267E1,9.510363235E-1,-3.261066721E-1,-8.058217460E-1,1.288473646E0
3.245713467E1,7.902647902E-1,-6.386140363E-1,-6.861806971E-1,1.226046604E0
3.246708667E1,3.251377885E-1,-4.690754803E-1,-4.237424558E-1,7.108474214E-1
3.247703867E1,-3.489238232E-2,-5.528089240E-1,-3.807525569E-1,6.721515413E-1
3.248699067E1,-4.621072072E-1,-5.562437247E-1,-1.453673360E0,1.623612142E0
3.249694267E1,-7.047768894E-1,2.053425193E-2,-1.467135989E0,1.627765379E0
3.250689567E1,-5.665022260E-1,7.371590620E-1,-1.711565976E0,1.947764448E0
3.251684767E1,-3.055310512E-1,1.158930421E0,-2.085622301E0,2.405470708E0
3.252679967E1,-3.706617245E-1,1.147208801E0,-2.352757611E0,2.643661575E0
3.253675167E1,-3.492155993E-1,7.267062870E-1,-2.480722171E0,2.608454725E0
3.254670367E1,-3.025554031E-2,8.243372467E-1,-2.267350840E0,2.412742656E0
3.255665567E1,3.196169937E-1,9.705267012E-1,-2.246311389E0,2.467790906E0
3.256660867E1,7.150776368E-1,6.894004664E-1,-1.915381787E0,2.157613594E0
3.257656067E1,9.161011103E-1,2.914866239E-2,-1.296490263E0,1.587758763E0
3.258651267E1,1.054866063E0,-6.530120739E-1,-8.697774214E-1,1.515150138E0
3.259646467E1,1.307847894E0,-3.530649675E-1,-6.152785295E-1,1.487846986E0
3.260641667E1,7.101861486E-1,-6.627237144E-1,-2.946096218E-1,1.015067444E0
3.261636867E1,5.469862667E-1,-1.266882009E0,2.878677821E-1,1.409628271E0
3.262632067E1,7.716827774E-1,-1.483538014E0,8.758860075E-1,1.887738235E0
3.263627367E1,7.939618385E-1,-1.727080978E0,8.054720825E-1,2.064453773E0
3.264622567E1,8.829760489E-1,-1.762907891E0,1.072153648E0,2.244327155E0
3.265617767E1,9.355039260E-1,-1.859385488E0,1.703447701E0,2.689649802E0
3.266613017E1,7.612718099E-1,-1.899104016E0,1.812941492E0,2.733658297E0
3.267608217E1,3.406254548E-1,-1.517565154E0,2.090863160E0,2.605904537E0
3.268603417E1,-4.487179604E-1,-1.414578584E0,2.102689154E0,2.573651502E0
3.269598717E1,-1.862107513E0,-1.571476629E0,6.022228664E-1,2.509911465E0
3.270593917E1,-2.659181824E0,-1.168999034E0,1.581461334E-1,2.909092112E0
3.271589117E1,-2.304987905E0,-1.936825866E-1,8.192668337E-1,2.453911232E0
3.272584317E1,-1.804139094E0,7.414968190E-1,6.501641876E-1,2.056076086E0
3.273579517E1,-1.932839526E0,1.434914322E0,6.472557825E-1,2.492747038E0
3.274574717E1,-2.192000695E0,1.810266683E0,1.110041267E-1,2.845040321E0
3.275570017E1,-2.332443214E0,1.824958397E0,3.245877117E-1,2.979282075E0
3.276565217E1,-2.328636092E0,1.682149218E0,5.582728547E-1,2.926404043E0
3.277560417E1,-2.160130447E0,2.162484243E0,1.041901909E0,3.229250878E0
3.278555617E1,-1.874933965E0,1.770621099E0,2.853803766E-1,2.594594074E0
3.279550817E1,-1.036606962E0,1.432202092E0,2.783175248E-1,1.789753466E0
3.280546017E1,-6.170508206E-2,1.347279763E0,-7.427776515E-2,1.350735897E0
3.281541217E1,8.693119830E-1,1.111290232E0,-4.730046630E-2,1.411703452E0
3.282536517E1,1.266339972E0,5.332963268E-1,4.876390743E-1,1.458017066E0
3.283531717E1,5.209363362E-1,-1.176736070E-1,3.266564566E-1,6.260400824E-1
3.284526917E1,-1.054721052E0,-6.636195078E-2,-1.221641225E-1,1.063844198E0
3.285522117E1,-2.223874745E0,2.761645800E-1,-5.786340290E-1,2.314455248E0
3.286517317E1,-1.908362497E0,1.011519630E0,-6.047681594E-1,2.242936447E0
3.287512517E1,-4.907120785E-1,1.069073481E0,-6.875968927E-1,1.362536583E0
3.288507817E1,-7.017974406E-2,8.680162400E-2,-5.796227932E-1,5.902730731E-1
3.289503017E1,-4.710192409E-1,-5.232725912E-1,-4.647916639E-1,8.436258773E-1
3.290498217E1,-8.901730943E-1,-6.434936839E-1,5.429320997E-1,1.225262227E0
3.291493417E1,-7.749300286E-1,-9.847176012E-1,1.328345309E0,1.826112418E0
3.292488617E1,-3.283597505E-1,-6.153120048E-1,7.209915107E-1,1.003123994E0
3.293483817E1,-2.288483262E-1,2.120447440E-1,2.303744495E-1,3.878233062E-1
3.294479017E1,-4.469848457E-1,5.872702204E-1,4.586439013E-2,7.394493264E-1
3.295474317E1,-8.778603199E-1,5.594371815E-1,-1.013147056E-1,1.045884014E0
3.296469517E1,-1.049368511E0,3.271195561E-1,-5.176423073E-2,1.100391299E0
3.297464717E1,-9.595003143E-1,5.038300145E-1,-2.916708112E-1,1.122300048E0
3.298459917E1,-5.531129792E-1,9.878767057E-1,-3.783230388E-1,1.193718005E0
3.299455117E1,3.072477937E-2,1.708917187E0,-6.997538388E-1,1.846888572E0
3.300450317E1,5.108361483E-1,2.061232980E0,-6.192727625E-1,2.212042884E0
3.301445617E1,4.341116157E-1,1.768885646E0,-1.340123355E-1,1.826299162E0
3.302440817E1,-3.275364625E-1,1.331588906E0,-2.525880218E-2,1.371512725E0
3.303436017E1,-1.243831116E0,6.926336843E-1,-9.124346137E-2,1.426598274E0
3.304431217E1,-1.917856913E0,2.152080877E-1,-6.941872895E-2,1.931141792E0
3.305426417E1,-1.887298487E0,3.796301839E-1,4.656664073E-2,1.925664329E0
3.306421617E1,-1.332233707E0,5.536928768E-1,6.064732075E-1,1.565002302E0
3.307416917E1,-6.354499617E-1,8.387941951E-1,1.016433776E0,1.463048180E0
3.308412117E1,-2.078971678E-1,1.204238010E0,1.102803583E0,1.646082064E0
3.309407317E1,-3.129809886E-2,1.038609195E0,1.297310042E0,1.662137773E0
3.310402517E1,-2.241959891E-1,-7.861683771E-2,1.774382613E0,1.790217335E0
3.311397717E1,-1.031688577E0,-1.488654620E0,2.762085510E0,3.302966888E0
3.312392917E1,-1.630260734E0,-2.154838716E0,1.192037941E0,2.953309061E0
3.313388117E1,-1.842199205E0,-1.857551655E0,-7.030797350E-1,2.708969763E0
3.314383417E1,-2.018648732E0,2.727284637E-1,-1.167905313E0,2.348047345E0
3.315378617E1,-8.758623263E-1,3.745459714E0,-2.757452177E0,4.732773583E0
3.316373817E1,9.159528834E-1,6.768910502E0,-2.755683394E0,7.365521708E0
3.317369017E1,1.469886519E0,6.705111532E0,6.059469581E-3,6.864337095E0
3.318364217E1,2.590851554E-1,2.487281870E0,1.307345619E0,2.821852013E0
3.319359417E1,1.489724368E-1,-5.090928009E-1,-3.412470138E-1,6.307279852E-1
3.320354717E1,8.887291244E-1,-3.666321158E-1,-7.750303084E-1,1.234880781E0
3.321349917E1,1.246223796E0,3.749839863E-1,-3.324995792E-1,1.343221021E0
3.322345117E1,1.088353067E0,-2.132190111E-1,-7.502106321E-1,1.338951357E0
3.323340317E1,1.009672933E0,-5.816450527E-1,-4.542158049E-1,1.250624802E0
3.324335517E1,1.293832119E0,-8.038462642E-1,1.950566822E-1,1.535648878E0
3.325330717E1,1.222442001E0,-1.024354707E0,6.702207220E-1,1.729989256E0
3.326325917E1,8.172893053E-1,-9.340660957E-1,3.697703165E-1,1.295056511E0
3.327321217E1,3.201312563E-1,-8.881403098E-1,8.366079211E-2,9.477744242E-1
3.328316417E1,2.386391965E-1,-9.728588632E-1,-4.271145451E-1,1.088958157E0
3.329311617E1,5.549665466E-1,-9.133970654E-1,-9.301236105E-1,1.416831676E0
3.330306817E1,9.345379660E-1,-1.043624791E0,-1.043691741E0,1.746942004E0
3.331302017E1,1.171770322E0,-8.679431498E-1,-1.168403496E0,1.868565687E0
3.332297217E1,1.361570358E0,-5.305743018E-1,-1.126216419E0,1.844924484E0
3.333292517E1,1.504118459E0,-4.056187186E-1,-7.231871402E-1,1.717526862E0
3.334287717E1,1.583763675E0,-3.240676019E-1,-4.629111993E-1,1.681551060E0
3.335282917E1,1.398061953E0,-3.371451920E-1,-2.243091327E-1,1.455526947E0
3.336278117E1,1.004251979E0,-4.088273782E-1,-2.131017745E-2,1.084488814E0
3.337273317E1,7.148279607E-1,-4.771573555E-1,4.849019927E-1,9.868070216E-1
3.338268517E1,8.935723731E-1,-6.763088429E-1,6.109504205E-1,1.276372067E0
3.339263717E1,1.548916024E0,-8.488233393E-1,9.067616451E-1,1.985411442E0
3.340259017E1,1.893347139E0,-9.697083834E-1,5.713261789E-1,2.202614660E0
3.341254217E1,2.099248945E0,-1.104314504E0,1.038974208E-1,2.374268588E0
3.342249417E1,2.102113203E0,-9.834858853E-1,4.728935659E-1,2.368491657E0
3.343244617E1,1.729132766E0,-1.122420407E0,7.472115952E-1,2.192727265E0
3.344239817E1,1.476258815E0,-9.659752285E-1,4.968379140E-3,1.764220200E0
3.345235017E1,1.420351540E0,-3.515617946E-1,-1.440008417E0,2.052953587E0
3.346230317E1,1.110642945E0,1.429790407E-1,-9.023604459E-1,1.438132515E0
3.347225517E1,5.798391402E-1,4.299828967E-1,-3.279732496E-1,7.928840851E-1
3.348220717E1,2.776980123E-1,-2.960530069E-1,-4.075029838E-1,5.751714968E-1
3.349215917E1,1.373385242E-1,-1.715794682E0,-1.862338185E-1,1.731327900E0
3.350211117E1,3.881753048E-1,-2.395334989E0,-3.552002245E-1,2.452443062E0
3.351206317E1,8.267258343E-1,-1.357694531E0,-1.166450526E0,1.971653335E0
3.352201617E1,7.942319798E-1,-6.919445899E-1,-9.235443234E-1,1.400901806E0
3.353196817E1,4.985236663E-1,-5.600030458E-1,-5.164740336E-1,9.104255513E-1
3.354192017E1,4.277808353E-1,2.654545274E-1,-3.284638309E-1,6.011248102E-1
3.355187217E1,3.303562823E-1,7.219218028E-1,-1.170682740E-1,8.025031734E-1
3.356182417E1,3.726594257E-1,5.412276363E-1,2.609863776E-1,7.070475877E-1
3.357177617E1,4.159890479E-1,1.533619416E-1,1.329259229E-1,4.628564292E-1
3.358172817E1,4.064440531E-1,-4.954345822E-3,1.047470212E-2,4.066091898E-1
3.359168117E1,2.677586228E-1,-1.055729404E-1,-5.159700036E-1,5.908175441E-1
3.360163317E1,-6.704300523E-2,-2.844954005E-1,-7.254704779E-1,7.821379749E-1
3.361158517E1,-7.165792018E-2,-5.053380114E-1,-1.186446249E0,1.291571161E0
3.362153717E1,4.879764587E-2,-2.641450435E-1,-1.522011523E0,1.545533206E0
3.363148917E1,3.953767356E-1,6.818157506E-1,-1.382698687E0,1.591556200E0
3.364144117E1,8.360085815E-1,1.143864778E0,-1.770789499E0,2.267825485E0
3.365139417E1,9.235215193E-1,1.253258581E0,-1.736365771E0,2.332062426E0
3.366134592E1,9.016213578E-1,1.099705728E0,-2.098209602E0,2.534710496E0
3.367129792E1,5.162673345E-1,6.996099973E-1,-2.336710512E0,2.493231262E0
3.368124992E1,3.323583689E-1,2.521123508E-1,-2.146874809E0,2.187028616E0
3.369120192E1,1.754179314E-1,5.821195543E-2,-2.077882926E0,2.086086657E0
3.370115392E1,2.403296265E-1,-3.762221342E-1,-1.979724548E0,2.029436057E0
3.371110692E1,4.316423365E-1,-7.389886558E-1,-1.924107587E0,2.105851216E0
3.372105892E1,7.589580667E-1,-1.209873995E0,-1.618474209E0,2.158534502E0
3.373101092E1,1.041621535E0,-1.592702022E0,-1.243402807E0,2.273263225E0
3.374096292E1,1.608029328E0,-2.078783982E0,-1.076415684E0,2.840030262E0
3.375091492E1,1.798295386E0,-1.652198903E0,-1.346823095E0,2.788827704E0
3.376086692E1,1.581448178E0,-1.091785967E0,-1.256129857E0,2.295830385E0
3.377081892E1,1.430385069E0,-9.172196826E-1,-1.142665806E0,2.047676375E0
3.378077192E1,1.221531882E0,-7.031747523E-1,-5.212763518E-1,1.502772074E0
3.379072392E1,8.705741045E-1,-9.100240991E-1,6.002821755E-1,1.395127888E0
3.380067592E1,2.746147755E-1,-1.091641833E0,2.010673860E0,2.304323011E0
3.381062792E1,-4.519330519E-1,-8.755535933E-1,3.510846033E0,3.646488372E0
3.382057992E1,-8.884010956E-1,-4.910140872E-1,4.192967008E0,4.314084338E0
3.383053192E1,-8.876063128E-1,-2.635132518E-1,3.453805275E0,3.575759371E0
3.384048492E1,-4.176009791E-1,4.659903431E-1,2.010361034E0,2.105490220E0
3.385043692E1,-8.272323494E-1,1.070318500E0,-7.481570899E-2,1.354803469E0
3.386038892E1,-6.339505894E-1,4.724971247E-1,-5.600153250E-1,9.688983677E-1
3.387034092E1,-2.015957697E0,-4.236073852E-2,-7.747180670E-1,2.160108319E0
3.388029292E1,-2.061662604E0,-1.116773458E0,1.057884103E-1,2.347089014E0
3.389024492E1,-1.725284274E0,-1.571208972E0,6.429925776E-1,2.420484025E0
3.390019692E1,-1.455833760E0,-7.311234199E-1,1.402671021E0,2.149762635E0
3.391014992E1,-6.326506072E-1,1.303952041E0,1.835663188E0,2.338845239E0
3.392010192E1,-7.590943068E-1,1.267294676E0,1.406685719E0,2.039858985E0
3.393005392E1,-9.488174513E-1,7.012000014E-1,6.493537635E-1,1.346698299E0
3.394000592E1,-6.152617188E-1,8.930452466E-2,7.017372143E-1,9.375272789E-1
3.394995792E1,-2.973183444E-1,-5.305807337E-2,1.059317256E0,1.101529121E0
3.395990992E1,-1.248917024E-1,-1.951543307E-1,1.539539137E0,1.556876329E0
3.396986292E1,2.478633253E-1,-4.955955999E-1,1.790686989E0,1.874462889E0
3.397981492E1,3.956572558E-1,-7.484167794E-1,1.659581305E0,1.863030447E0
3.398976692E1,3.279989773E-1,-5.200050209E-1,1.219242697E0,1.365482078E0
3.399971892E1,2.332425088E-2,-2.455954827E-2,1.036026626E0,1.036580128E0
3.400967092E1,-4.823135765E-1,-3.174597365E-1,1.203973278E0,1.335274775E0
3.401962292E1,-5.753807844E-1,9.521839857E-2,8.672724742E-1,1.045127330E0
3.402957592E1,-3.356222847E-1,7.514590126E-1,7.473916894E-1,1.111722674E0
3.403952792E1,2.223060228E-1,8.558834137E-1,6.996199375E-1,1.127574584E0
3.404947992E1,-1.234015102E0,2.521293662E0,-5.059601551E-1,2.852316721E0
3.405943192E1,-1.938310912E0,-4.083024444E-1,-6.914642411E-1,2.098066461E0
3.406938392E1,-6.903326587E-1,-9.362968815E-1,-1.471925443E-1,1.172551353E0
3.407933592E1,-3.585619350E-1,1.272133394E0,7.864282858E-1,1.537972523E0
3.408928792E1,1.524139617E-1,1.688107239E0,4.403766149E-1,1.751247449E0
3.409924092E1,8.825630162E-1,8.432951624E-1,-5.886193192E-1,1.355188884E0
3.410919292E1,4.117359294E-1,-6.339530014E-1,-1.260822247E0,1.470066537E0
3.411914492E1,-3.237777992E-1,-4.487216149E-1,-1.184175775E0,1.307078964E0
3.412909692E1,-4.299678402E-1,4.051662903E-1,-1.263640020E0,1.394925865E0
3.413904892E1,1.641817756E-1,1.354116473E-1,-1.090418011E0,1.110992083E0
3.414900092E1,2.853587419E-1,1.518287651E-1,-1.887764218E0,1.915237669E0
3.415895392E1,2.202498494E-1,2.995160204E-1,-2.120492172E0,2.152836941E0
3.416890592E1,1.386882808E-1,-7.398335785E-2,-1.362728106E0,1.371763780E0
3.417885792E1,5.495461777E-2,-3.218878330E-1,-3.767945766E-3,3.265669678E-1
3.418880992E1,-5.254381076E-2,-2.302869605E-1,7.096677929E-1,7.479447256E-1
3.419876192E1,-4.936128822E-1,6.499063253E-2,9.288477480E-2,5.064632674E-1
3.420871392E1,-1.156335427E0,4.208766624E-1,-1.619713819E-1,1.241162162E0
3.421866692E1,-1.590724493E0,1.039596351E0,-1.534619290E-1,1.906492998E0
3.422861892E1,-1.592796162E0,1.291923295E0,-7.476536447E-1,2.182899765E0
3.423857092E1,-2.607867244E0,-1.229487019E0,-1.927235847E0,3.467974611E0
3.424852292E1,-4.254925860E0,-1.149319499E0,-3.194259067E0,5.443217832E0
3.425847492E1,-2.806585160E0,1.898756106E0,-1.689603249E0,3.786417060E0
3.426842692E1,-4.608595575E-1,3.343954512E0,1.665961787E0,3.764286384E0
3.427837892E1,1.842596523E0,3.615298647E0,4.071994548E0,5.748624693E0
3.428833192E1,3.322162816E0,3.743250344E0,3.640180596E0,6.188667359E0
3.429828392E1,1.125535803E0,2.023027273E0,2.696747553E-1,2.330706902E0
3.430823592E1,-2.844801977E-2,7.016079178E-1,-7.962399137E-1,1.061631273E0
3.431818792E1,-2.768590099E-1,5.888851848E-1,-1.578707296E0,1.707557729E0
3.432813992E1,-7.495061888E-1,-2.879269486E-1,-1.267636008E0,1.500520744E0
3.433809192E1,-5.035933484E-1,-1.175052803E0,-4.618253714E-1,1.359278494E0
3.434804492E1,-2.176397985E-1,-1.707201614E0,-5.316814721E-2,1.721839506E0
3.435799692E1,-4.631586096E-1,-1.856473282E0,-3.565298814E-1,1.946309970E0
3.436794892E1,-1.432001532E0,-1.046145891E0,-8.011550832E-1,1.945995653E0
3.437790092E1,-1.909501242E0,1.038640770E0,-1.422529920E0,2.597799264E0
3.438785292E1,-1.480644958E0,2.960259343E0,-9.746776396E-1,3.450426259E0
3.439780492E1,-4.844942956E-1,3.788081238E0,4.393714786E-1,3.844130784E0
3.440775792E1,9.995128110E-2,3.321244218E0,1.143582650E0,3.514033963E0
3.441770992E1,-8.400826290E-2,2.167162308E0,6.659341282E-1,2.268726101E0
3.442766192E1,-1.161931651E0,9.634472580E-1,5.294712245E-1,1.599579807E0
3.443761392E1,-2.380798372E0,6.032499298E-3,7.402814752E-1,2.493241653E0
3.444756592E1,-3.001661139E0,5.108750322E-1,4.974156189E-1,3.085188031E0
3.445751792E1,-2.571662162E0,1.775683911E0,7.826381207E-1,3.221648965E0
3.446746992E1,-1.569372801E0,2.457580061E0,1.006666587E0,3.084802807E0
3.447742292E1,-2.453696340E-1,1.826316706E0,1.066170192E0,2.128933500E0
3.448737492E1,3.038466145E-1,5.724484058E-1,8.991310287E-1,1.108357591E0
3.449732692E1,-3.100690752E-2,-1.354720198E0,9.932904965E-1,1.680135189E0
3.450727892E1,2.881126343E-1,-2.245844488E0,1.435631776E0,2.681019387E0
3.451723092E1,1.218444844E0,-2.054256375E0,1.401794524E0,2.769405167E0
3.452718292E1,2.618266517E0,-2.239097532E0,1.105166443E0,3.618047841E0
3.453713592E1,4.605038129E0,-2.177844148E0,7.636557198E-1,5.150975768E0
3.454708792E1,3.208557263E0,-1.390685983E0,1.081647187E-1,3.498649285E0
3.455703992E1,1.280446672E0,-1.322358199E0,5.107519484E-1,1.910246696E0
3.456699192E1,8.973180994E-1,-7.602789527E-1,-7.506421566E-2,1.178489921E0
3.457694392E1,3.899645528E-1,-1.446111448E-1,-1.098429866E0,1.174535187E0
3.458689592E1,3.879627585E-3,6.232510619E-2,-9.777573681E-1,9.797494278E-1
3.459684892E1,-2.061982593E-1,4.573069355E-1,-6.817257035E-1,8.464025580E-1
3.460680092E1,2.292611396E-1,2.272522995E0,-6.151235783E-1,2.365438320E0
3.461675292E1,1.238086519E-1,-1.826476188E0,-2.073377062E0,2.765906052E0
3.462670492E1,4.712230164E-1,-1.212602452E0,6.549244058E-1,1.456496418E0
3.463665692E1,4.628644216E-1,-1.576588411E-1,1.433006376E-1,5.095437721E-1
3.464660892E1,9.339052972E-1,-1.267218809E0,-4.350620806E-2,1.574774715E0
3.465656092E1,8.782842430E-1,-1.429944774E0,-2.351165414E-2,1.678296179E0
3.466651429E1,1.258323147E0,-1.298703142E0,1.925020337E-2,1.808418525E0
3.467646629E1,1.348622576E0,-9.891397043E-1,9.610776007E-2,1.675236374E0
3.468641829E1,1.134369777E0,-8.251156573E-1,1.966032708E-1,1.416426308E0
3.469637029E1,8.422390822E-1,-6.821282843E-1,1.158666712E-1,1.089995758E0
3.470632229E1,3.152637416E-1,-2.418852782E-1,1.478415853E-1,4.239774156E-1
3.471627429E1,1.710792974E-1,-2.533121994E-1,-2.147343171E-1,3.735585942E-1
3.472622729E1,1.054665211E-1,-4.949624196E-2,-6.481392968E-1,6.585268507E-1
3.473617929E1,1.248976958E-1,-2.305817333E-1,-8.245416069E-1,8.652376735E-1
3.474613129E1,3.222035095E-1,-5.033865032E-1,-1.144487214E0,1.291148348E0
3.475608329E1,3.677021563E-1,-4.606033033E-1,-1.085052606E0,1.234787203E0
3.476603529E1,3.288962325E-1,-3.747439581E-1,-1.170140703E0,1.271941442E0
3.477598729E1,3.446679273E-1,-2.620852156E-1,-1.162260411E0,1.240295893E0
3.478594029E1,2.014976826E-1,-1.701935904E-1,-1.114107420E0,1.144902842E0
3.479589229E1,-1.702288198E-1,-2.327308774E-1,-9.077726287E-1,9.524666177E-1
3.480584429E1,-1.559791553E-1,-1.847587122E-1,-8.253631407E-1,8.600520872E-1
3.481579629E1,-2.679749697E-2,-3.322051719E-2,-9.297213221E-1,9.307005132E-1
3.482574829E1,2.110260129E-2,1.077473737E-1,-8.528620112E-1,8.599002422E-1
3.483570029E1,1.686167425E-1,-5.936122566E-2,-8.734003562E-1,8.915063338E-1
3.484565329E1,2.980068541E-1,-1.771951926E-1,-7.070985264E-1,7.875243154E-1
3.485560529E1,4.238254863E-1,-2.543214288E-1,-6.439094210E-1,8.117430470E-1
3.486555729E1,3.557709128E-1,-1.191683015E-1,-6.602863026E-1,7.594419187E-1
3.487550929E1,3.052386904E-1,-3.818860397E-2,-4.477715886E-1,5.432572347E-1
3.488546129E1,3.294066945E-1,-1.266360730E-3,-4.852715367E-1,5.865141417E-1
3.489541329E1,2.336690632E-1,2.532284380E-1,-6.907251531E-1,7.718983806E-1
3.490536629E1,4.711642519E-1,6.040603539E-1,-8.073502082E-1,1.112968563E0
3.491531829E1,8.309951788E-1,6.009170370E-1,-8.503272432E-1,1.332182680E0
3.492527029E1,9.207367828E-1,3.646567802E-1,-8.310162288E-1,1.292794942E0
3.493522229E1,9.936445454E-1,4.006193492E-1,-7.254377335E-1,1.293864464E0
3.494517429E1,9.161414561E-1,5.041824554E-1,-7.437213922E-1,1.283213398E0
3.495512629E1,7.868238500E-1,6.153488423E-1,-5.643434340E-1,1.147270448E0
3.496507929E1,5.832837349E-1,7.851123700E-1,-3.738616133E-1,1.047088275E0
3.497503129E1,5.589286199E-1,9.684428997E-1,-2.128696400E-1,1.138242652E0
3.498498329E1,6.432033697E-1,7.746810834E-1,-1.378264743E-1,1.016286127E0
3.499493529E1,8.868702945E-1,6.025969420E-1,-5.200162768E-1,1.191670643E0
3.500488729E1,9.710582131E-1,5.829904971E-1,-6.963618690E-1,1.329568285E0
3.501483929E1,6.992585796E-1,1.952980261E-1,-5.483928144E-1,9.098563398E-1
3.502479129E1,6.327751529E-1,1.082345930E-1,-5.384525478E-1,8.378843998E-1
3.503474429E1,7.092324677E-1,-4.406198591E-2,-7.629873830E-1,1.042641788E0
3.504469629E1,7.209573045E-1,-2.477598296E-1,-1.303544928E0,1.510097265E0
3.505464829E1,9.073720944E-1,-2.656067012E-1,-1.253225545E0,1.569855185E0
3.506460029E1,1.119440081E0,-2.486448057E-1,-8.904011357E-1,1.451821104E0
3.507455229E1,1.052970980E0,6.523299962E-2,-6.724303848E-1,1.251065886E0
3.508450429E1,8.107062176E-1,1.817726853E-1,-4.283991784E-1,9.347789773E-1
3.509445729E1,5.686464000E-1,2.837617211E-1,2.440545952E-1,6.807658100E-1
3.510440929E1,3.938234228E-1,4.786074650E-1,7.028610492E-1,9.371102648E-1
3.511436129E1,4.067440152E-2,3.928937155E-1,1.094923875E0,1.163992342E0