"Time (s)","Acceleration x (m/s^2)","Acceleration y (m/s^2)","Acceleration z (m/s^2)","Absolute acceleration (m/s^2)"
1.969916630E-3,-3.198249207E0,6.920259247E0,5.976322174E0,9.686857734E0
1.192391664E-2,-3.248694305E0,6.796915741E0,5.611680450E0,9.393776437E0
2.187791665E-2,-3.316353607E0,6.953340454E0,4.793631592E0,9.073370298E0
3.183091665E-2,-3.405268707E0,7.176226959E0,4.910089417E0,9.338258211E0
4.178491666E-2,-3.519481201E0,7.172784119E0,5.519921265E0,9.711081850E0
5.173891666E-2,-3.435356140E0,7.323520660E0,6.049070892E0,1.010083587E1
6.169291667E-2,-3.282673645E0,7.368576965E0,6.393205261E0,1.029295615E1
7.164591667E-2,-3.097508698E0,7.301217041E0,6.594386902E0,1.031446892E1
8.159991668E-2,-3.119363251E0,7.344926147E0,6.802903290E0,1.048607936E1
9.155391669E-2,-3.206931152E0,7.477400665E0,6.927444305E0,1.068575747E1
1.015069167E-1,-3.016676788E0,7.369175720E0,6.706803131E0,1.041087402E1
1.114602917E-1,-2.610421600E0,7.144043884E0,6.502028961E0,1.000640018E1
1.214142917E-1,-2.345023499E0,7.454498291E0,6.545438690E0,1.019369647E1
1.313682917E-1,-2.618055725E0,7.692802734E0,6.574178925E0,1.045242834E1
1.413212917E-1,-2.628384247E0,7.101831665E0,6.530320129E0,9.999474873E0
1.512752917E-1,-2.314037933E0,6.985224152E0,6.415209503E0,9.762327641E0
1.612292917E-1,-2.218985596E0,6.965165863E0,6.308032379E0,9.655501285E0
1.711822917E-1,-2.071093140E0,6.943760376E0,5.977519684E0,9.393400690E0
1.811362917E-1,-1.904938660E0,7.264243927E0,5.792504425E0,9.484257411E0
1.910902917E-1,-2.431693268E0,6.640491028E0,5.808970184E0,9.151687705E0
2.010442917E-1,-2.230212250E0,6.438261566E0,5.898334351E0,9.011959098E0
2.109972917E-1,-1.848356323E0,6.140081635E0,6.127657471E0,8.869340993E0
2.209512917E-1,-1.643731842E0,5.706732788E0,6.146368561E0,8.546724517E0
2.309052916E-1,-1.405876465E0,5.759572906E0,7.259753265E0,9.373003050E0
2.408582916E-1,-9.135502625E-1,6.683152313E0,7.651788025E0,1.020043915E1
2.508122916E-1,-1.558259583E0,6.149512024E0,6.896458740E0,9.370475666E0
2.607662916E-1,-1.850601654E0,5.666167145E0,6.624025269E0,8.911110332E0
2.707192916E-1,-1.401086426E0,5.795498199E0,6.468648376E0,8.797400433E0
2.806732917E-1,-9.621990967E-1,5.783822479E0,6.677613831E0,8.886447887E0
2.906272917E-1,-4.598437500E-1,5.709427185E0,6.920558624E0,8.983493014E0
3.005812917E-1,-1.736389160E-2,5.470523987E0,7.069498901E0,8.938945626E0
3.105342917E-1,3.911366272E-1,5.418132935E0,7.386240234E0,9.168734763E0
3.204882917E-1,6.239025879E-1,5.417683868E0,7.525301056E0,9.293584288E0
3.304422917E-1,5.040019226E-1,5.557642822E0,7.439978485E0,9.300252230E0
3.403952917E-1,-6.511459351E-2,5.455255737E0,7.413633270E0,9.204673451E0
3.503492917E-1,-5.053491211E-1,5.214107208E0,7.184310150E0,8.891378074E0
3.603032917E-1,-9.452842712E-1,4.928950195E0,7.345674591E0,8.896462644E0
3.702572917E-1,-1.744023285E0,5.055586853E0,7.361990662E0,9.099422078E0
3.802102917E-1,-2.916235657E0,5.640720062E0,7.350913696E0,9.713809006E0
3.901642917E-1,-3.725602570E0,6.601272583E0,8.065078583E0,1.106808054E1
4.001182917E-1,-3.748804321E0,7.185208282E0,7.691156158E0,1.117294209E1
4.100712917E-1,-3.289709015E0,6.496490479E0,7.118147736E0,1.018305461E1
4.200252916E-1,-2.444566498E0,5.578150177E0,6.702162781E0,9.055973206E0
4.299792916E-1,-1.342408447E0,5.101541290E0,6.437962189E0,8.323168935E0
4.399332916E-1,-9.674382019E-1,4.990621948E0,7.086713104E0,8.721453246E0
4.498862916E-1,-2.069596252E0,5.461093597E0,7.745343475E0,9.700366873E0
4.598402916E-1,-3.345692596E0,6.390660553E0,8.154293060E0,1.088699667E1
4.697942917E-1,-2.986289978E0,6.491550751E0,9.089847565E0,1.156215757E1
4.797472917E-1,-8.152047729E-1,5.598507843E0,9.675429840E0,1.120811275E1
4.897012917E-1,5.548960876E-1,4.918621674E0,8.498876495E0,9.835224986E0
4.996552917E-1,1.945953369E-3,5.964646454E0,8.120613098E0,1.007578127E1
5.096082917E-1,-1.844165039E-1,7.437733154E0,7.552394714E0,1.060153526E1
5.195622917E-1,-2.808160400E-1,8.417146454E0,8.443341980E0,1.192548682E1
5.295162917E-1,-2.130070496E-1,9.267977142E0,9.112600250E0,1.299924058E1
5.394702917E-1,7.539820862E-1,1.016910324E1,8.646020508E0,1.336909946E1
5.494232917E-1,1.997146912E0,1.108953918E1,8.434510345E0,1.407506447E1
5.593772917E-1,2.526895294E0,1.176014465E1,8.874744873E0,1.494815369E1
5.693312917E-1,2.327060852E0,1.176807816E1,9.654024353E0,1.539815125E1
5.792842917E-1,2.068099365E0,1.129880402E1,1.070708450E1,1.570291902E1
5.892382917E-1,1.710942078E0,1.066666855E1,1.166254761E1,1.589717451E1
5.991922917E-1,1.165476379E0,1.012434631E1,1.174322983E1,1.554876748E1
6.091462916E-1,7.315287781E-1,9.679770813E0,1.142933258E1,1.499542399E1
6.190992916E-1,-1.731898499E-1,9.170978851E0,1.126512405E1,1.452721129E1
6.290532916E-1,-1.127904510E0,8.386460266E0,1.116198853E1,1.400695799E1
6.390072916E-1,-2.652783508E0,7.387587433E0,1.102202957E1,1.353140216E1
6.489602916E-1,-4.252207489E0,6.159541168E0,1.050335815E1,1.289735432E1
6.589142916E-1,-5.342240753E0,4.945565643E0,9.801168365E0,1.220905636E1
6.688682917E-1,-5.980962524E0,3.911366272E0,9.635013885E0,1.199600731E1
6.788222917E-1,-6.185287628E0,3.132236481E0,9.779762878E0,1.198801278E1
6.887752917E-1,-5.953120422E0,2.367177429E0,9.838440857E0,1.174044676E1
6.987292917E-1,-5.952222290E0,1.737886047E0,9.362430725E0,1.122961741E1
7.086832917E-1,-6.093678131E0,1.082548828E0,8.622220001E0,1.061355279E1
7.186362917E-1,-6.142476654E0,3.989204407E-1,7.981252899E0,1.007916439E1
7.285902917E-1,-5.706882477E0,-2.514770508E-1,7.070696411E0,9.089911773E0
7.385442917E-1,-5.422922974E0,-4.611909485E-1,5.837560730E0,7.981096788E0
7.484972917E-1,-5.464985504E0,-3.092568970E-1,4.806055756E0,7.284221188E0
7.584512917E-1,-6.097570038E0,1.227447510E-1,3.858077087E0,7.216660270E0
7.684052917E-1,-6.502328339E0,5.602848816E-1,2.598745880E0,7.024789899E0
7.783592917E-1,-6.020180969E0,1.016835480E0,2.073338470E0,6.447888469E0
7.883122917E-1,-5.831722870E0,1.844464417E0,1.930535431E0,6.413891772E0
7.982662916E-1,-5.461842041E0,2.782264252E0,1.992057495E0,6.445231254E0
8.082202916E-1,-4.963677979E0,3.788322144E0,1.794767761E0,6.496974300E0
8.181732916E-1,-4.922962646E0,4.588108978E0,1.689237213E0,6.938287078E0
8.281272916E-1,-4.811594238E0,5.182822266E0,1.685494995E0,7.270074218E0
8.380812916E-1,-4.304897919E0,5.663023682E0,2.155068512E0,7.432785723E0
8.480352917E-1,-3.920347595E0,6.081253967E0,3.163820801E0,7.896868819E0
8.579882917E-1,-3.788471832E0,6.511609039E0,4.000880127E0,8.529983171E0
8.679422917E-1,-3.870201874E0,6.742429047E0,4.837340698E0,9.156346270E0
8.778962917E-1,-3.796255646E0,6.785838776E0,5.423072662E0,9.479919932E0
8.878492917E-1,-3.624412994E0,6.873107300E0,5.803581390E0,9.698326168E0
8.978032917E-1,-3.717968445E0,6.953041077E0,5.714965668E0,9.738013255E0
9.077572917E-1,-3.995341644E0,6.937922516E0,5.147944794E0,9.518343306E0
9.177112917E-1,-4.504732361E0,6.809040527E0,4.678520966E0,9.409793036E0
9.276642917E-1,-4.922663269E0,6.423292694E0,4.529730377E0,9.274144704E0
9.376182917E-1,-4.977898407E0,5.838758240E0,4.622537384E0,8.957590200E0
9.475722917E-1,-4.635111237E0,5.342390442E0,4.617447968E0,8.446669021E0
9.575252917E-1,-4.472100220E0,4.937931519E0,4.523892517E0,8.052853629E0
9.674792917E-1,-4.688101044E0,4.779560852E0,4.042044525E0,7.820525384E0
9.774332917E-1,-4.691693573E0,5.036576385E0,3.339255981E0,7.650471932E0
9.873872916E-1,-4.552782440E0,5.561085663E0,2.783162384E0,7.707106756E0
9.973402916E-1,-4.434977417E0,5.964796143E0,2.307301941E0,7.782766858E0
1.007294292E0,-4.354295197E0,6.191125488E0,2.303559723E0,7.911782913E0
1.017248292E0,-4.065545654E0,6.340664520E0,2.691103821E0,7.998420332E0
1.027201292E0,-3.802841949E0,6.327042847E0,3.006048889E0,7.970533734E0
1.037155292E0,-3.691922607E0,6.199807434E0,3.344944153E0,7.953399031E0
1.047109292E0,-3.365601196E0,6.190975800E0,3.491489410E0,7.864219673E0
1.057062292E0,-2.990780640E0,6.385122070E0,3.237916718E0,7.758779373E0
1.067016292E0,-2.785407715E0,6.772815857E0,2.426304474E0,7.714692746E0
1.076970292E0,-2.922672272E0,7.014712830E0,1.504970398E0,7.746815164E0
1.086924292E0,-2.997217255E0,7.042554932E0,1.067579956E0,7.727911632E0
1.096877292E0,-2.942131805E0,7.240144043E0,1.494342499E0,7.956688056E0
1.106831292E0,-2.273621979E0,7.401358795E0,2.534080353E0,8.146841851E0
1.116785792E0,-1.536554718E0,7.716752930E0,3.414998474E0,8.577382512E0
1.126738792E0,-9.583071899E-1,8.245752869E0,3.368894348E0,8.958808078E0
1.136692792E0,-1.280886383E0,8.657845917E0,2.384541321E0,9.071108155E0
1.146646792E0,-1.986968079E0,9.034911804E0,9.163943481E-1,9.296098755E0
1.156600792E0,-2.367626495E0,9.978848877E0,-1.748214569E0,1.040381345E1
1.166553792E0,-2.506687317E0,1.023287064E1,-2.417921906E0,1.080932325E1
1.176507792E0,-2.816093903E0,1.002180954E1,-1.378333740E0,1.050080260E1
1.186461792E0,-2.940934296E0,9.892478485E0,4.117936707E-1,1.032859134E1
1.196414792E0,-1.916315002E0,1.098879868E1,3.619772644E0,1.172726368E1
1.206368792E0,-7.634124756E-1,1.153112091E1,5.903124390E0,1.297676484E1
1.216322792E0,-9.672885132E-1,1.248613495E1,5.755381622E0,1.378272943E1
1.226275792E0,-1.072369995E0,1.439571396E1,3.474574585E0,1.484786942E1
1.236229792E0,-7.267387390E-1,1.536180496E1,2.260149994E0,1.554417830E1
1.246183792E0,-7.783813477E-3,1.506721756E1,1.316961365E0,1.512466505E1
1.256137792E0,1.402433624E0,1.328936462E1,-2.686912537E-1,1.336586051E1
1.266090792E0,5.529501343E-1,1.147858017E1,-4.140390015E-1,1.149934715E1
1.276044792E0,-7.824229431E-1,9.431586914E0,-9.189390564E-1,9.508494432E0
1.285998792E0,8.984317017E-1,8.583600311E0,-2.972817993E-1,8.635609434E0
1.295951792E0,2.041005707E0,9.026229858E0,2.779420166E0,9.662489649E0
1.305905792E0,1.644779663E0,1.081620758E1,2.198627930E0,1.115928364E1
1.315859792E0,5.763015747E-1,1.192240723E1,7.689509583E-1,1.196107032E1
1.325813792E0,6.788383484E-1,1.180939224E1,-1.317260742E0,1.190200582E1
1.335766792E0,1.353934479E0,1.101020416E1,-8.017327881E-1,1.112207309E1
1.345720792E0,9.611512756E-1,9.812844086E0,8.954379272E-1,9.900380291E0
1.355674792E0,3.144960022E-1,9.437724152E0,2.220332794E0,9.700485690E0
1.365627792E0,5.535488892E-1,8.719068604E0,4.053869934E0,9.631325720E0
1.375581792E0,8.369096375E-1,7.627239075E0,4.355492706E0,8.823010278E0
1.385535792E0,2.640509033E-1,6.610852661E0,4.140539703E0,7.804944896E0
1.395488792E0,-7.509883118E-1,5.708229675E0,3.431763611E0,6.702601805E0
1.405442792E0,-1.360221405E0,5.720653839E0,4.152814178E0,7.198746295E0
1.415396792E0,-1.250050507E0,5.448669434E0,4.939129028E0,7.459599213E0
1.425350792E0,-5.794450378E-1,5.948031006E0,6.501579895E0,8.830932597E0
1.435303792E0,3.397933960E-2,7.157515869E0,6.896608429E0,9.939537003E0
1.445257792E0,1.851649475E0,8.334368591E0,6.153852997E0,1.052426778E1
1.455211792E0,3.561992798E0,9.758656769E0,4.391717377E0,1.127857953E1
1.465164792E0,3.709136810E0,1.215023346E1,7.466473389E-1,1.272569649E1
1.475118792E0,2.991978149E0,1.429871567E1,-3.205733643E0,1.495599984E1
1.485072792E0,2.809956665E0,1.377181137E1,-2.779719543E0,1.432778719E1
1.495026792E0,2.301913147E0,1.202778809E1,3.571572876E0,1.275627780E1
1.504979792E0,-1.936972046E-1,1.125674149E1,8.656798096E0,1.420182737E1
1.514933792E0,-7.634124756E-2,1.023496628E1,5.810616760E0,1.176960619E1
1.524887792E0,-1.208886108E0,8.205636292E0,-3.538341980E0,9.017412963E0
1.534840792E0,-1.415456543E0,7.043902130E0,7.447013855E-1,7.223202517E0
1.544794792E0,-1.474433899E0,7.070546722E0,5.224884796E0,8.914370836E0
1.554748792E0,-1.888472900E0,9.144783325E0,7.124734039E0,1.174543431E1
1.564701792E0,-1.675166473E0,1.037028488E1,5.769452362E0,1.198480587E1
1.574655792E0,-2.461032257E0,1.467099152E1,6.543043671E0,1.625134125E1
1.584609792E0,-1.686842194E0,1.049018555E1,4.785548401E0,1.165293538E1
1.594563792E0,-3.105741577E0,7.712112579E0,3.166066132E0,8.896419838E0
1.604516792E0,-4.411027222E0,7.894583130E0,1.993255005E0,9.260381712E0
1.614470792E0,-4.429438934E0,8.248147888E0,1.405427399E0,9.467158974E0
1.624424792E0,-3.392994232E0,8.832382965E0,8.436456299E-1,9.499217686E0
1.634377792E0,-2.406395874E0,9.129066010E0,1.278491364E0,9.527073395E0
1.644331792E0,-1.915416870E0,9.157357178E0,1.400637360E0,9.459799008E0
1.654285792E0,-1.744322662E0,9.539811859E0,1.981878662E0,9.898409715E0
1.664239792E0,-1.475781097E0,9.618099060E0,8.241860962E-1,9.765502655E0
1.674192792E0,-1.420246582E0,9.345815277E0,-5.334906006E-1,9.468155880E0
1.684146792E0,-1.738634491E0,8.565937042E0,3.091072083E-1,8.746066234E0
1.694100792E0,-1.889969788E0,9.048234100E0,1.463955688E0,9.358722797E0
1.704053792E0,-9.184899902E-1,1.024379791E1,1.769170990E0,1.043594680E1
1.714007792E0,3.583547974E-1,1.044363235E1,7.550299072E-1,1.047701986E1
1.723961792E0,1.440005493E0,1.150821854E1,-1.268761597E0,1.166715328E1
1.733915792E0,2.207459564E0,1.275587402E1,-1.586251373E0,1.304229248E1
1.743868792E0,3.425925751E0,1.239542358E1,-9.889933777E-1,1.289812393E1
1.753822792E0,3.718716888E0,1.111348938E1,-5.945635986E-1,1.173422376E1
1.763776792E0,3.061882782E0,1.060814026E1,1.179996185E0,1.110406038E1
1.773729792E0,4.519701233E0,1.012449600E1,1.832788696E0,1.123798171E1
1.783683792E0,5.175487518E0,8.889564056E0,1.712888031E0,1.042803939E1
1.793637792E0,3.547772369E0,1.031909134E1,1.777254181E0,1.105572102E1
1.803590792E0,2.792293396E0,1.204590042E1,2.166295166E0,1.255362315E1
1.813544792E0,3.317401428E0,1.296753387E1,2.665806427E0,1.364802590E1
1.823498792E0,3.334765320E0,1.393137955E1,3.490591278E0,1.474409113E1
1.833452792E0,1.501228180E0,1.608330460E1,4.963378601E0,1.689856503E1
1.843405792E0,6.972500610E-1,1.507305542E1,5.977519684E0,1.623003077E1
1.853359792E0,1.333726501E0,1.068897217E1,5.970783691E0,1.231597379E1
1.863313792E0,1.898052979E0,6.799011383E0,5.073100433E0,8.692842395E0
1.873266792E0,-3.159928894E-1,5.769602051E0,2.621797943E0,6.345233155E0
1.883220792E0,-1.751956787E0,6.137387238E0,2.693947906E0,6.927786805E0
1.893174792E0,-3.684587860E0,6.211632843E0,-1.112187195E-1,7.223083821E0
1.903128792E0,-3.409459991E0,2.257904663E0,7.402107239E-1,4.155774635E0
1.913081792E0,-2.154020691E0,5.403762817E-2,4.728666687E0,5.196442421E0
1.923035792E0,-1.416504364E0,-2.113604736E-1,4.982838135E0,5.184576525E0
1.932989792E0,-8.887019348E-1,1.121916962E0,3.982169037E0,4.231566972E0
1.942942792E0,-1.136137390E-1,2.877316589E0,8.863069153E-1,3.012872182E0
1.952896792E0,-5.942642212E-2,4.101470947E0,4.155358887E-1,4.122895282E0
1.962850792E0,-9.235794067E-1,6.906038818E0,-1.197509766E-1,6.968551598E0
1.972803792E0,2.287243652E-1,1.230007187E1,5.179229736E-2,1.230230731E1
1.982757792E0,2.460882568E0,1.861498993E1,-4.390370178E0,1.928339035E1
1.992711792E0,1.081650696E0,2.146057251E1,-2.950364685E0,2.168941660E1
2.005153792E0,6.548881531E-1,1.909983170E1,-3.921994171E0,1.950934360E1
2.015106792E0,-3.511697388E-1,1.308354263E1,-7.580236816E-1,1.311018718E1
2.025060792E0,-1.898352356E0,9.177565155E0,7.297325134E-1,9.400210284E0
2.035014792E0,-2.524949341E0,7.291038208E0,1.657503204E0,7.891889773E0
2.044967792E0,-3.278482361E0,6.384373627E0,6.316864014E0,9.560933227E0
2.054921792E0,-2.586321716E0,5.655539246E0,5.848188629E0,8.536714498E0
2.064875792E0,-1.363664246E0,5.011728058E0,1.465452576E-1,5.196005563E0
2.074828792E0,-1.597777405E0,6.964417419E0,-1.076112213E0,7.225926939E0
2.084782792E0,-3.879931641E-1,1.040890457E1,-7.848179626E-1,1.044565806E1
2.094736792E0,1.310075684E0,1.229842529E1,-4.748126221E-1,1.237711639E1
2.104690792E0,1.167122955E0,1.242715759E1,3.543132019E-1,1.248687149E1
2.114643792E0,1.298100586E0,1.071202423E1,1.138382721E0,1.085027389E1
2.124597833E0,7.512876892E-1,7.965535583E0,2.541864166E0,8.394954661E0
2.134551833E0,1.329684906E0,7.402556305E0,3.168161774E0,8.161075347E0
2.144504833E0,2.139051819E0,7.115004272E0,2.354453888E0,7.793733482E0
2.154458833E0,1.279239807E0,7.816445618E0,2.759960632E0,8.387529986E0
2.164412833E0,1.688039703E0,1.082683548E1,1.761836243E-1,1.095905494E1
2.174366833E0,2.438429260E-1,1.461545700E1,-4.417314148E-1,1.462416389E1
2.184319833E0,6.509962463E-1,1.506197845E1,1.607956238E0,1.516154723E1
2.194273833E0,-8.397537231E-2,1.252310806E1,-8.867559814E-1,1.255474506E1
2.204227833E0,-1.726809082E0,1.050290909E1,-1.725910950E-1,1.064531618E1
2.214180833E0,-9.120533752E-1,1.091709778E1,9.295669556E-2,1.095552400E1
2.224134833E0,-1.345252533E0,8.559051361E0,2.399959259E0,8.990376467E0
2.234088833E0,-2.079924774E0,9.257798309E0,2.402054901E0,9.787889678E0
2.244041833E0,-8.199948120E-1,1.134236343E1,4.074676666E0,1.207992507E1
2.253995833E0,-2.065255280E0,1.015338593E1,3.879931641E0,1.106392311E1
2.263949833E0,-2.641107788E0,9.875264282E0,4.073479156E0,1.100406868E1
2.273903833E0,-2.232756958E0,1.071202423E1,4.738097076E0,1.192401907E1
2.283856833E0,-2.293231201E0,1.144774429E1,4.039649506E0,1.235429184E1
2.293810833E0,-2.535726929E0,1.127230911E1,2.700833588E0,1.186546947E1
2.303764833E0,-2.020049286E0,1.053808594E1,1.210981750E0,1.079807071E1
2.313717833E0,-1.714534607E0,9.899364166E0,-6.018983459E-1,1.006475640E1
2.323671833E0,-1.747316437E0,9.228908386E0,-3.288661194E0,9.951942382E0
2.333625833E0,-1.842368774E0,9.038504333E0,-4.730762329E0,1.036672540E1
2.343578833E0,-1.294058990E0,9.537117462E0,-4.253704376E0,1.052260420E1
2.353532833E0,3.354524231E-1,1.087832840E1,-3.264561310E0,1.136256651E1
2.363486833E0,2.480342102E0,1.241203903E1,-2.945574646E0,1.299566158E1
2.373440833E0,1.718276825E0,1.182690582E1,-2.753973083E0,1.226427920E1
2.383393833E0,-4.340972900E-2,9.129215698E0,-3.395089874E0,9.740179615E0
2.393347833E0,-1.365759888E0,8.854237518E0,-2.437082062E0,9.284513508E0
2.403301833E0,-1.226250000E0,1.059317139E1,-1.931882629E0,1.083748770E1
2.413254833E0,-1.328038330E0,1.099134338E1,-1.359922028E0,1.115449251E1
2.423208833E0,-1.562001801E0,1.048898804E1,-2.432441711E-1,1.060744490E1
2.433162833E0,-1.347797241E0,1.024334885E1,2.050735474E-1,1.033367351E1
2.443116833E0,-1.451830902E0,9.749675446E0,2.643502808E-1,9.860723368E0
2.453069833E0,-3.062631226E0,8.385262756E0,4.189787292E-1,8.936883388E0
2.463023833E0,-4.391567688E0,8.830886078E0,7.164102173E-1,9.888562043E0
2.472977833E0,-4.736151123E0,8.555907898E0,-5.209167480E-2,9.779437661E0
2.482930833E0,-4.660109253E0,8.703650665E0,-1.115330658E0,9.935497754E0
2.492884833E0,-4.732109528E0,8.406518555E0,1.621128845E-1,9.648248306E0
2.502838833E0,-4.982688446E0,7.974816284E0,1.755848694E0,9.565975306E0
2.512791833E0,-4.609065399E0,8.150999908E0,2.304158478E0,9.643206399E0
2.522745833E0,-4.082610168E0,7.966583405E0,2.985990601E0,9.436646480E0
2.532699833E0,-3.186723175E0,8.407117310E0,3.008443909E0,9.480799587E0
2.542653833E0,-1.972148895E0,9.062753906E0,3.033142548E0,9.758218759E0
2.552606833E0,-7.752378845E-1,9.682016144E0,2.955903168E0,1.015282197E1
2.562560833E0,2.140548706E-1,1.011910721E1,2.582579498E0,1.044566259E1
2.572514833E0,8.330177307E-1,1.031834290E1,2.021845551E0,1.054751052E1
2.582467833E0,8.672964478E-1,1.022852966E1,1.517244873E0,1.037675548E1
2.592421833E0,3.423381042E-1,9.923164673E0,1.120420074E0,9.992083549E0
2.602375833E0,-5.031037903E-1,9.578730927E0,9.523196411E-1,9.639092918E0
2.612328833E0,-1.466799774E0,9.402247925E0,7.970924377E-1,9.549299659E0
2.622282833E0,-2.305505676E0,9.408235474E0,5.580395508E-1,9.702662485E0
2.632236833E0,-3.021167450E0,9.421857147E0,6.950047302E-1,9.918763856E0
2.642190833E0,-3.471431122E0,9.451495514E0,6.273454285E-1,1.008836775E1
2.652143833E0,-3.660338287E0,9.343869324E0,5.918692017E-1,1.005267524E1
2.662097833E0,-3.587888947E0,9.206604767E0,6.828799438E-1,9.904586990E0
2.672051833E0,-3.243155823E0,9.144184570E0,7.848179626E-1,9.733966837E0
2.682004833E0,-2.803220673E0,9.135951691E0,7.493417358E-1,9.585675379E0
2.691958833E0,-2.445614319E0,9.278754730E0,1.070723419E0,9.655193803E0
2.701912833E0,-2.197580109E0,9.160201263E0,4.433779907E-1,9.430547681E0
2.711866833E0,-1.716480560E0,9.565408630E0,2.093696136E0,9.941172531E0
2.721819833E0,-2.315385132E0,1.051129166E1,4.269122314E0,1.157901835E1
2.731773833E0,-1.263821869E0,9.124425659E0,2.113754425E0,9.450944244E0
2.741727833E0,-2.014810181E-1,9.706565094E0,9.017248535E-1,9.750441438E0
2.751680833E0,-2.549198914E-1,1.033001862E1,1.024170227E0,1.038379475E1
2.761634833E0,-8.008346558E-1,1.060814026E1,1.338815918E0,1.072223876E1
2.771588833E0,-1.474882965E0,1.030636780E1,1.701661377E0,1.054950939E1
2.781541833E0,-2.174078979E0,9.965077515E0,1.795965271E0,1.035639322E1
2.791495833E0,-2.719993744E0,9.304650879E0,6.810836792E-2,9.694304137E0
2.801449833E0,-1.870659943E0,8.096363525E0,3.713777161E-1,8.317956021E0
2.811403833E0,-2.177821198E0,9.003177795E0,6.997947693E-1,9.289231847E0
2.821356833E0,-2.514022064E0,9.329199829E0,5.301974487E-1,9.676537900E0
2.831310833E0,-2.601140900E0,9.587412872E0,1.315015411E0,1.002066291E1
2.841264833E0,-3.002306671E0,9.742041321E0,1.563648376E0,1.031339957E1
2.851217833E0,-3.233426056E0,9.728868713E0,1.481469269E0,1.035860423E1
2.861171833E0,-2.553090820E0,9.281898193E0,1.893861694E0,9.811147686E0
2.871125833E0,-2.026635590E0,9.320218506E0,1.085243225E0,9.599556118E0
2.881079833E0,-1.651066589E0,9.432335358E0,8.178991699E-1,9.610615497E0
2.891032833E0,-2.054028625E0,1.012255005E1,1.556463318E0,1.044545983E1
2.900986833E0,-2.399959259E0,9.895921326E0,1.159339142E0,1.024856724E1
2.910940833E0,-2.695594482E0,9.759704590E0,9.993218994E-1,1.017431607E1
2.920893833E0,-2.978356476E0,9.763746185E0,1.297352142E0,1.029001795E1
2.930847833E0,-3.004402313E0,9.487121429E0,1.756896515E0,1.010537439E1
2.940801833E0,-2.786904602E0,9.109756165E0,1.795516205E0,9.694244327E0
2.950754833E0,-2.831062775E0,9.345366211E0,1.840422821E0,9.936696745E0
2.960708833E0,-2.660866699E0,9.401349792E0,2.032024384E0,9.979715056E0
2.970662833E0,-2.231559448E0,9.021589508E0,1.630708923E0,9.435472771E0
2.980616833E0,-1.882635040E0,8.962312775E0,1.677561493E0,9.310294170E0
2.990569833E0,-1.785337372E0,9.124126282E0,1.840273132E0,9.477537398E0
3.000523833E0,-1.700912933E0,9.165140991E0,1.596430206E0,9.457351828E0
3.010477833E0,-1.810335388E0,9.264384613E0,1.303489380E0,9.529177354E0
3.020430833E0,-1.870210876E0,9.360484772E0,1.597028961E0,9.678164360E0
3.030384833E0,-1.875899048E0,9.249116364E0,1.549278259E0,9.563755218E0
3.040338833E0,-1.867366791E0,9.726623383E0,2.005679169E0,1.010529614E1
3.050291833E0,-1.486259308E0,9.587113495E0,2.505190430E0,1.001986482E1
3.060245833E0,-9.397457886E-1,9.421857147E0,2.486329651E0,9.789604148E0
3.070199833E0,-4.442761230E-1,9.584419098E0,2.529140625E0,9.922450454E0
3.080153833E0,-1.333576813E0,1.078103073E1,2.993624725E0,1.126813382E1
3.090106833E0,-1.397044830E0,9.887838135E0,2.553839264E0,1.030743286E1
3.100060833E0,-1.315614166E0,9.424252167E0,2.624492340E0,9.870933572E0
3.110014833E0,-1.916764069E0,9.462273102E0,2.151625671E0,9.891313855E0
3.119967708E0,-2.118394775E0,1.002764740E1,2.756068726E0,1.061306853E1
3.129921708E0,-4.611909485E-1,8.920100555E0,2.667602692E0,9.321855777E0
3.139875708E0,8.187973022E-1,9.690099335E0,2.401905212E0,1.001686592E1
3.149828708E0,2.145039368E-1,1.139385635E1,1.907483368E0,1.155441333E1
3.159782708E0,5.986051941E-1,1.013692017E1,1.487905884E0,1.026300846E1
3.169736708E0,4.258644104E-1,1.016266663E1,1.861229553E0,1.034047044E1
3.179690708E0,3.682342529E-2,9.844727783E0,1.826651459E0,1.001282561E1
3.189643708E0,-3.299139404E-1,9.495354309E0,2.126777344E0,9.736209659E0
3.199597708E0,-1.112935638E0,9.742490387E0,2.288590851E0,1.006937897E1
3.209551708E0,-2.460732880E0,9.736053772E0,2.329605560E0,1.030888022E1
3.219504708E0,-5.894442444E0,9.164991302E0,1.090781708E0,1.095131600E1
3.229458708E0,-8.521928558E0,8.427774353E0,-3.004851379E0,1.235636592E1
3.239412708E0,-9.957144012E0,7.307653656E0,-4.727169800E0,1.322469860E1
3.249365708E0,-1.013078293E1,7.175328827E0,-6.654711456E0,1.408557031E1
3.259319708E0,-7.702083435E0,8.228089600E0,-6.508465576E0,1.301474824E1
3.269273708E0,-4.457281036E0,7.989036713E0,-2.899620209E0,9.596867155E0
3.279227708E0,-2.148631897E0,1.028241760E1,6.144721985E-1,1.052246677E1
3.289180708E0,-1.398242340E0,1.079165863E1,1.252595215E0,1.095371957E1
3.299134708E0,-6.108796692E-1,1.034977753E1,1.716779938E0,1.050896770E1
3.309088708E0,-4.520599365E-2,9.691745911E0,1.130598907E0,9.757573278E0
3.319041708E0,2.821632385E-1,9.144933014E0,2.626138916E0,9.518719532E0
3.328995708E0,1.270108795E0,9.242080994E0,4.155807953E0,1.021273603E1
3.338949708E0,2.451003113E0,9.747430115E0,5.899232483E0,1.165421615E1
3.348902708E0,-3.153941345E-1,1.089928482E1,5.743705902E0,1.232412433E1
3.358856708E0,-3.542682953E0,1.122665405E1,2.763702850E0,1.209241155E1
3.368810708E0,-5.369035034E0,9.746831360E0,5.578898621E-1,1.114174582E1
3.378764708E0,-5.972579956E0,8.413254547E0,-1.888472900E0,1.048908448E1
3.388717708E0,-5.454656982E0,7.961943054E0,-3.305875397E0,1.020169751E1
3.398671708E0,-3.987108765E0,8.190368042E0,-3.571273499E0,9.784332341E0
3.408625708E0,-2.700833588E0,9.231004028E0,-2.732417908E0,9.998602155E0
3.418578708E0,-2.298320618E0,9.456135864E0,-1.906585236E0,9.916443435E0
3.428532708E0,-2.513572998E0,1.002450394E1,-1.031504974E0,1.038617980E1
3.438486708E0,-3.046913910E0,9.126820679E0,-2.890489197E-1,9.626322733E0
3.448439708E0,-3.536246338E0,9.298663330E0,4.695735168E-1,9.959451650E0
3.458393708E0,-3.371888123E0,9.018895111E0,8.485853577E-1,9.665929632E0
3.468347708E0,-3.127895508E0,8.620274048E0,1.323248291E0,9.265195141E0
3.478301708E0,-1.128353577E0,7.336543579E0,-4.287084961E-1,7.435176155E0
3.488254708E0,-1.139131165E0,9.690698090E0,7.445516968E-1,9.785785942E0
3.498208708E0,-3.502416687E0,9.924661560E0,2.107317810E0,1.073343459E1
3.508162708E0,-7.984695740E0,6.320606232E0,2.198777618E0,1.041825572E1
3.518115708E0,-5.156027985E0,8.535400543E0,-3.554957428E0,1.058656740E1
3.528069708E0,-4.488565979E0,8.600515137E0,-7.719447327E-1,9.732008212E0
3.538023708E0,-7.721992035E0,8.982071686E0,2.965333557E0,1.221065010E1
3.547976708E0,-1.008363098E1,6.762936401E0,-1.024170227E0,1.218465622E1
3.557930708E0,-2.165995789E0,8.759334869E0,-1.668580170E0,9.176145427E0
3.567884708E0,3.589685211E0,9.797126770E0,-4.590953064E-1,1.044415154E1
3.577838708E0,7.247478790E0,1.197090637E1,-5.649252319E-1,1.400527360E1
3.587791708E0,7.620952148E0,1.274554550E1,-3.606001282E-1,1.485455736E1
3.597745708E0,4.971162415E0,1.258986923E1,2.110610962E-2,1.353579360E1
3.607699708E0,2.027533722E0,1.126916565E1,-7.544311523E-2,1.145035716E1
3.617652708E0,6.239025879E-1,9.678124237E0,-6.701564026E-1,9.721340072E0
3.627606708E0,3.764671326E-1,9.575737152E0,-1.306632843E0,9.671802257E0
3.637560708E0,-3.815565491E-1,9.875413971E0,-1.658850403E0,1.002103643E1
3.647513708E0,-2.437531128E0,9.832902374E0,-2.477348328E0,1.042903552E1
3.657467708E0,-4.108356628E0,9.968670044E0,-2.103425903E0,1.098532554E1
3.667421708E0,-4.286037140E0,1.007584717E1,-1.224304047E0,1.101779156E1
3.677375708E0,-4.149820404E0,9.785900116E0,-4.363426208E-1,1.063838547E1
3.687328708E0,-3.673061829E0,9.463021545E0,7.815248108E-1,1.018091062E1
3.697282708E0,-3.475023651E0,9.996961212E0,1.463656311E0,1.068444255E1
3.707236708E0,-2.597548370E0,8.777447205E0,1.049467621E0,9.213697371E0
3.717189708E0,-1.896556091E0,1.039633072E1,5.017565918E-1,1.057980988E1
3.727143708E0,-1.454674988E0,9.304501190E0,-3.278182983E-1,9.423231216E0
3.737097708E0,-1.029259644E0,1.011356873E1,-5.902226257E-1,1.018292740E1
3.747050708E0,-9.912387085E-1,1.004111938E1,-9.446855164E-1,1.013405464E1
3.757004708E0,-1.374591522E0,9.269024963E0,-5.565875702E0,1.089877507E1
3.766958708E0,-1.694476318E-1,1.116064133E1,-4.644841003E-1,1.117158775E1
3.776912708E0,5.152285767E-1,1.096709381E1,2.956651611E0,1.137032963E1
3.786865708E0,-3.682342529E-2,1.100526443E1,3.745810547E0,1.162533001E1
3.796819708E0,-2.915936279E-1,9.697284393E0,3.438499603E0,1.029298941E1
3.806773708E0,-6.574328613E-1,9.720336456E0,1.931283875E0,9.932120428E0
3.816726708E0,-7.810757446E-1,9.037157135E0,2.963836670E-2,9.070896694E0
3.826680708E0,-1.061891785E0,1.069960007E1,-1.242416382E-1,1.075288295E1
3.836634708E0,-1.579066315E0,1.123189316E1,-6.330335999E-1,1.136000026E1
3.846587708E0,-1.501078491E0,9.348958740E0,-9.250762939E-1,9.513781179E0
3.856541708E0,-9.865983582E-1,9.519154816E0,-2.170486450E-2,9.570170104E0
3.866495708E0,-4.872367859E-1,9.211843872E0,1.059646454E0,9.285381942E0
3.876449708E0,-3.430865479E-1,9.735155640E0,1.353485413E0,9.834779432E0
3.886402708E0,-7.933502197E-2,1.018841309E1,1.073717194E0,1.024514148E1
3.896356708E0,2.227368164E-1,1.048569489E1,1.057700500E0,1.054125890E1
3.906310708E0,5.727090454E-1,1.064092209E1,1.036295013E0,1.070659264E1
3.916263708E0,8.575666809E-1,1.048389862E1,7.902067566E-1,1.054855334E1
3.926217708E0,8.701405334E-1,1.007809250E1,7.741900635E-1,1.014516945E1
3.936171708E0,6.987469482E-1,9.467811584E0,1.063837738E0,9.552981431E0
3.946124708E0,6.183641052E-1,8.939260712E0,1.352437592E0,9.062110332E0
3.956078708E0,5.186714172E-1,9.405840454E0,1.335373077E0,9.514309010E0
3.966032708E0,-8.906478882E-2,1.015054184E1,4.584965515E-1,1.016128197E1
3.975985708E0,-6.658154297E-1,1.058628571E1,1.258882141E-1,1.060794999E1
3.985939708E0,-9.680369568E-1,1.063777863E1,7.185058594E-1,1.070587130E1
3.995893708E0,-1.098266144E0,1.007599686E1,6.541397095E-1,1.015676129E1
4.005847708E0,-2.591560822E0,9.281598816E0,1.144220581E0,9.704303417E0
4.015800708E0,-6.292913818E-1,1.079405365E1,5.285508728E-1,1.082529297E1
4.025754708E0,-1.023571472E0,1.024379791E1,3.424877930E-1,1.030050446E1
4.035708708E0,-1.622625732E0,9.497150574E0,9.780661011E-1,9.684286065E0
4.045661708E0,1.032852173E-2,9.621841278E0,1.335073700E0,9.714028929E0
4.055615708E0,6.004014587E-1,1.021251297E1,3.998185730E-1,1.023795673E1
4.065569708E0,4.945715332E-1,9.318721619E0,-2.880310364E0,9.766235785E0
4.075522708E0,3.981719971E-1,9.686806183E0,-2.358645172E0,9.977773399E0
4.085476708E0,1.007405090E-1,1.012554382E1,1.856140137E-2,1.012606196E1
4.095430708E0,2.222877502E-1,9.890981598E0,-3.278182983E-2,9.893533416E0
4.105384708E0,3.674858093E-1,9.511520691E0,-2.113604736E-1,9.520963445E0
4.115337667E0,3.562591553E-1,9.408834229E0,-4.496649170E-1,9.426307902E0
4.125291667E0,1.959425354E-1,9.533824310E0,-4.382885742E-1,9.545904689E0
4.135245667E0,7.783813477E-3,9.857002258E0,-5.385800171E-1,9.871708188E0
4.145198667E0,-1.806742859E-1,9.953252106E0,-6.315367126E-1,9.974903974E0
4.155152667E0,-9.999206543E-2,9.842931519E0,-8.047265625E-1,9.876278861E0
4.165106667E0,1.224453735E-1,9.614506531E0,-6.698570251E-1,9.638591035E0
4.175059667E0,2.372566223E-1,9.395960999E0,-5.294490051E-1,9.413856279E0
4.185013667E0,2.652484131E-1,9.298813019E0,-5.281018066E-1,9.317573278E0
4.194967667E0,2.493814087E-1,9.417965240E0,-3.664379883E-1,9.428389956E0
4.204920667E0,2.950364685E-1,9.573791199E0,-4.730163574E-1,9.590008807E0
4.214874667E0,1.948947144E-1,9.684710541E0,-5.255570984E-1,9.700918125E0
4.224828667E0,9.385482788E-2,9.702822876E0,-5.260061646E-1,9.717523500E0
4.234782667E0,6.286926270E-2,9.481732635E0,-7.405101013E-1,9.510812874E0
4.244735667E0,1.167572021E-1,9.269923096E0,-1.064885559E0,9.331617636E0
4.254689667E0,1.919009399E-1,9.337432709E0,-1.233734436E0,9.420540124E0
4.264643667E0,2.173480225E-1,9.566755829E0,-1.010698242E0,9.622451257E0
4.274596667E0,2.209405518E-1,9.749675446E0,-1.097817078E0,9.813775438E0
4.284550667E0,2.999761963E-1,9.777966614E0,-1.580712891E0,9.909453570E0
4.294504667E0,4.041595459E-1,9.682165833E0,-1.564097443E0,9.816011459E0
4.304457667E0,4.546046448E-1,9.560019836E0,-1.491797791E0,9.686387629E0
4.314411667E0,4.275109863E-1,9.500593414E0,-1.681603088E0,9.657734197E0
4.324365667E0,2.248324585E-1,9.412726135E0,-1.752405853E0,9.577102339E0
4.334319667E0,-1.399589539E-1,9.483678589E0,-1.495989075E0,9.601964976E0
4.344272667E0,-5.888754272E-1,9.591753845E0,-1.215921478E0,9.686432839E0
4.354226667E0,-9.361532593E-1,9.491013336E0,-9.801617432E-1,9.587305884E0
4.364180667E0,-1.117276611E0,9.234147491E0,-6.773414612E-1,9.326123438E0
4.374133667E0,-1.076261902E0,8.973090363E0,-3.881428528E-1,9.045736300E0
4.384087667E0,-1.085991669E0,8.907676392E0,-1.008901978E-1,8.974199431E0
4.394041667E0,-1.218915253E0,9.075477448E0,-2.380050659E-1,9.160059591E0
4.403994667E0,-1.485061798E0,9.298064575E0,-1.321751404E0,9.508230128E0
4.413948667E0,-1.927541656E0,9.617649994E0,-2.214494934E0,1.005577426E1
4.423902667E0,-2.472109222E0,1.003632935E1,-2.529140625E0,1.064123034E1
4.433856667E0,-2.730771332E0,1.000788849E1,-2.115401001E0,1.058725014E1
4.443809667E0,-2.218237152E0,9.758656769E0,-8.110134888E-1,1.004040342E1
4.453763667E0,-1.521286469E0,9.447603607E0,1.225800934E0,9.647492647E0
4.463717667E0,-1.187480621E0,9.287137299E0,1.200802917E0,9.439436269E0
4.473670667E0,-1.614093475E0,9.160650330E0,6.475534058E-1,9.324276788E0
4.483624667E0,-2.423909454E0,9.214238892E0,3.501219177E-1,9.534155482E0
4.493578667E0,-2.313289490E0,9.857750702E0,6.581813049E-1,1.014690888E1
4.503531667E0,-1.293460236E0,1.043105850E1,9.084608459E-1,1.055013374E1
4.513485667E0,2.275268555E-2,1.045051804E1,7.578739929E-1,1.047798730E1
4.523439667E0,9.119036865E-1,9.811945953E0,4.713697815E-1,9.865497514E0
4.533392667E0,1.486708374E0,9.593699799E0,4.263134766E-1,9.717567638E0
4.543346667E0,1.644330597E0,1.007614655E1,7.545808411E-1,1.023728209E1
4.553300667E0,1.404080200E0,1.071711365E1,9.409432983E-1,1.084957789E1
4.563254667E0,9.689350891E-1,1.155327484E1,9.891430664E-1,1.163595285E1
4.573207667E0,7.557783508E-1,1.212149323E1,1.049317932E0,1.219027756E1
4.583161667E0,4.264631653E-1,1.251697083E1,1.644031219E0,1.263167717E1
4.593115667E0,1.222956848E-1,1.311782135E1,1.717079315E0,1.323028929E1
4.603068667E0,7.607180786E-1,1.287532562E1,9.153465271E-1,1.293021891E1
4.613022667E0,2.176773376E0,1.199874847E1,8.634045410E-1,1.222512882E1
4.622976667E0,3.166365509E0,1.113145203E1,2.288740540E0,1.179717882E1
4.632929667E0,2.990481262E0,1.105780518E1,4.155508575E0,1.218549486E1
4.642883667E0,1.847607880E0,1.175101364E1,6.851701813E0,1.372755602E1
4.652837667E0,4.049079895E-1,1.253672974E1,8.012388153E0,1.488394796E1
4.662790667E0,-9.084608459E-1,1.338486603E1,6.797664185E0,1.503955379E1
4.672744667E0,-1.695823517E0,1.350850891E1,4.711602173E0,1.440676318E1
4.682698667E0,-1.786534882E0,1.249691254E1,3.282224579E0,1.304367770E1
4.692652667E0,-8.102650452E-1,1.075348801E1,2.598745880E0,1.109267839E1
4.702605667E0,8.695417786E-1,9.471553802E0,3.022065582E0,9.979945627E0
4.712559667E0,2.530338135E0,9.218130798E0,3.652704163E0,1.023322013E1
4.722513667E0,3.491938477E0,8.990603943E0,3.260370026E0,1.018109062E1
4.732466667E0,3.539539490E0,8.460406494E0,2.577490082E0,9.526293769E0
4.742420667E0,2.940485229E0,7.808063049E0,2.298769684E0,8.654284721E0
4.752374667E0,2.040706329E0,7.313491516E0,2.221530304E0,7.911184322E0
4.762327667E0,1.122815094E0,7.235054626E0,2.547252960E0,7.752111121E0
4.772281667E0,4.296066284E-2,7.429500275E0,1.870959320E0,7.661580041E0
4.782235667E0,-1.115180969E0,7.148085480E0,1.616338806E0,7.412914795E0
4.792189667E0,-1.241368561E0,6.689588928E0,2.276016998E0,7.174388428E0
4.802142667E0,-2.631527710E-1,6.398893433E0,3.581302643E0,7.337630078E0
4.812096667E0,1.247356110E0,5.989345093E0,4.247567139E0,7.447817029E0
4.822050667E0,2.148631897E0,5.549260254E0,3.736529846E0,7.026561299E0
4.832003667E0,2.887645111E0,5.492528229E0,4.122277679E0,7.449800930E0
4.841957667E0,3.400328979E0,6.220913544E0,4.448599091E0,8.369709455E0
4.851911667E0,3.052751770E0,6.826703796E0,4.444108429E0,8.699038902E0
4.861864667E0,1.392105103E0,6.771169281E0,3.787573700E0,7.882411089E0
4.871818667E0,-4.872367859E-1,6.987020416E0,2.866089935E0,7.567716003E0
4.881772667E0,-1.439257050E0,7.247778168E0,2.079176331E0,7.676244097E0
4.891725667E0,-1.152303772E0,7.450606384E0,2.041454773E0,7.810689923E0
4.901679667E0,1.049317932E-1,7.800279236E0,2.356100464E0,8.149023023E0
4.911633667E0,1.373094635E0,8.075706482E0,2.572999420E0,8.586195320E0
4.921587667E0,1.872905273E0,8.447533264E0,3.241060181E0,9.239754516E0
4.931540667E0,1.659000092E0,9.048234100E0,3.380420380E0,9.800513435E0
4.941494667E0,1.075812836E0,9.692644043E0,3.008743286E0,1.020574632E1
4.951448667E0,3.987707520E-1,1.028421387E1,2.927013245E0,1.070006914E1
4.961401667E0,-2.204914856E-1,1.098520615E1,2.850671997E0,1.135119824E1
4.971355667E0,-8.901988220E-1,1.191342590E1,1.781595154E0,1.207875209E1
4.981309667E0,-1.075962524E0,1.166628983E1,7.741900635E-1,1.174135358E1
4.991262667E0,-1.014889526E0,1.068882248E1,-1.441502380E-1,1.073786320E1
5.001216667E0,-9.544152832E-1,1.017509079E1,1.064286804E-1,1.022030861E1
5.011170667E0,-6.798861694E-1,9.616751862E0,1.598376160E0,9.772357337E0
5.021123667E0,-4.981640625E-1,9.064250793E0,2.641856232E0,9.454534057E0
5.031077667E0,-4.784051514E-1,8.710386658E0,3.186274109E0,9.287198173E0
5.041031667E0,-4.215234375E-1,8.644822998E0,3.675606537E0,9.403229769E0
5.050985667E0,-3.095562744E-1,8.940757599E0,4.220024414E0,9.891490160E0
5.060938667E0,-1.728904724E-1,9.614656219E0,4.584067383E0,1.065294227E1
5.070892667E0,-2.167492676E-1,1.014051270E1,4.349804535E0,1.103620304E1
5.080846667E0,-4.564009094E-1,1.078626984E1,3.674708405E0,1.140418347E1
5.090799667E0,-8.490344238E-1,1.148786087E1,2.750081177E0,1.184291997E1
5.100753667E0,-1.277144165E0,1.188288940E1,1.615440674E0,1.206000856E1
5.110707667E0,-1.623823242E0,1.145073807E1,9.921368408E-1,1.160777928E1
5.120660417E0,-1.567390594E0,1.035576508E1,2.015858002E0,1.066593958E1
5.130614417E0,-1.138233032E0,9.333241425E0,2.935096436E0,9.849860964E0
5.140568417E0,-5.490582275E-1,8.987460480E0,3.138224030E0,9.535426622E0
5.150522417E0,8.666976929E-2,9.065448303E0,3.746259613E0,9.809399863E0
5.160475417E0,6.813830566E-1,9.100924530E0,3.862268372E0,9.910006415E0
5.170429417E0,8.896000671E-1,8.670719147E0,3.198847961E0,9.284685621E0
5.180383417E0,4.905299377E-1,8.111631775E0,3.840563507E0,8.988276683E0
5.190336417E0,-8.083190918E-3,8.318202209E0,4.692142639E0,9.550327527E0
5.200290417E0,-2.465373230E-1,8.973389740E0,4.727319489E0,1.014544497E1
5.210244417E0,-2.995271301E-1,9.342372437E0,4.664150848E0,1.044624059E1
5.220197417E0,-1.817221069E-1,9.537416840E0,4.712200928E0,1.063955734E1
5.230151417E0,1.107696533E-2,9.630223846E0,4.455484772E0,1.061096973E1
5.240105417E0,4.266128540E-2,9.691296844E0,4.046086121E0,1.050208872E1
5.250058417E0,-4.116439819E-1,9.814490662E0,3.948938141E0,1.058715213E1
5.260012417E0,-1.120420074E0,1.012090347E1,4.256548462E0,1.103658611E1
5.269966417E0,-1.635498962E0,1.029708710E1,4.227808228E0,1.125074317E1
5.279919417E0,-1.969753876E0,9.968819733E0,3.939956818E0,1.089864932E1
5.289873417E0,-2.299368439E0,9.327253876E0,3.554658051E0,1.024306370E1
5.299827417E0,-2.697091370E0,8.825946350E0,2.756218414E0,9.631633858E0
5.309781417E0,-3.113375702E0,8.466244354E0,1.354383545E0,9.121664131E0
5.319734417E0,-3.149450684E0,7.919132080E0,3.388952637E-1,8.529158371E0
5.329688417E0,-2.805615692E0,7.027885437E0,4.266128540E-1,7.579225004E0
5.339642417E0,-2.272424469E0,6.538403320E0,1.482367401E0,7.078986090E0
5.349595417E0,-1.617087250E0,7.464527435E0,2.562371521E0,8.056046724E0
5.359549417E0,-1.270258484E0,8.675209808E0,2.615061951E0,9.149391829E0
5.369503417E0,-1.506018219E0,9.420959015E0,2.661166077E0,9.904764738E0
5.379456417E0,-2.239942017E0,9.717043304E0,2.359842682E0,1.024729859E1
5.389410417E0,-2.990630951E0,1.031939072E1,1.677711182E0,1.087420862E1
5.399364417E0,-3.204685822E0,1.081321381E1,-5.388793945E-2,1.127823160E1
5.409317417E0,-2.685265961E0,1.156031021E1,-1.152303772E0,1.192389322E1
5.419271417E0,-1.343456268E0,1.221130646E1,-1.487007751E0,1.237465443E1
5.429225417E0,4.794529724E-1,1.190175018E1,-2.282453613E0,1.212811309E1
5.439179417E0,1.049916687E0,1.020323227E1,-8.223898315E-1,1.029002424E1
5.449132417E0,-5.831872559E-1,8.306676178E0,1.790277100E0,8.517397994E0
5.459086417E0,-2.653232574E0,6.797215118E0,3.766766968E0,8.211596060E0
5.469040417E0,-4.181255035E0,6.040239258E0,4.692292328E0,8.716937034E0
5.478993417E0,-4.433031464E0,6.090384979E0,5.004093933E0,9.043534334E0
5.488947417E0,-3.494632874E0,6.564299469E0,4.278103638E0,8.579315659E0
5.498901417E0,-2.033072205E0,7.098388824E0,3.247646484E0,8.066456110E0
5.508854417E0,-3.138972473E-1,7.079078979E0,2.210453339E0,7.422802344E0
5.518808417E0,1.090033264E0,5.888754272E0,2.038610687E0,6.326257419E0
5.528762417E0,1.404529266E0,4.732109528E0,2.040706329E0,5.341352391E0
5.538715417E0,6.201603699E-1,3.712579651E0,2.297572174E0,4.409839503E0
5.548669417E0,-3.264710999E-1,3.297642517E0,3.820954285E0,5.057738743E0
5.558623417E0,-9.809101868E-1,3.706143036E0,4.035009155E0,5.565876380E0
5.568577417E0,-1.638492737E0,4.200265503E0,2.886148224E0,5.353199073E0
5.578530417E0,-1.701960754E0,4.538112946E0,2.724634094E0,5.560105257E0
5.588484417E0,-1.600022736E0,4.740192719E0,2.910846863E0,5.788136939E0
5.598438417E0,-1.253343658E0,4.928800507E0,4.122427368E0,6.546629069E0
5.608391417E0,-7.750881958E-1,5.327720947E0,6.844367065E0,8.708084332E0
5.618345417E0,-9.419911194E-1,6.305337982E0,8.046068115E0,1.026566347E1
5.628299417E0,-2.140848083E0,7.258106689E0,7.805368652E0,1.087139011E1
5.638252417E0,-4.115990753E0,8.217761078E0,7.800578613E0,1.205495764E1
5.648206417E0,-5.476212158E0,9.094038849E0,7.500452728E0,1.299797035E1
5.658160417E0,-4.803511047E0,6.909032593E0,6.888674927E0,1.087484676E1
5.668113417E0,-4.252806244E0,6.663243713E0,1.039228912E1,1.305698476E1
5.678067417E0,-3.159629517E0,1.092802505E1,1.326346848E1,1.747353960E1
5.688021417E0,1.429527283E0,6.572232971E0,1.221430023E1,1.394370556E1
5.697975417E0,1.498384094E0,8.616681519E0,7.103029175E0,1.126700398E1
5.707928417E0,-5.632786560E-1,1.200563416E1,5.979615326E0,1.342416976E1
5.717882417E0,-1.375639343E0,1.160252243E1,7.348069611E0,1.380235622E1
5.727836417E0,-3.694617004E0,1.511257324E1,7.561675415E0,1.729794785E1
5.737789417E0,-5.921087036E0,2.517060745E1,1.026445496E1,2.782045626E1
5.747743417E0,-2.101030884E0,1.272414001E1,1.449465820E1,1.940137073E1
5.757697417E0,-1.682650909E0,3.412753143E0,8.762029266E0,9.552557509E0
5.767650417E0,-1.730102234E0,6.908882904E0,9.428892517E0,1.181651094E1
5.777604417E0,-5.996530151E-1,9.244026947E0,1.019245468E1,1.377308064E1
5.787558417E0,3.375480652E-1,9.269923096E0,9.108408966E0,1.300032795E1
5.797511417E0,2.716850281E-1,8.189619598E0,7.460336151E0,1.108152956E1
5.807465417E0,-6.010002136E-1,8.501870270E0,6.977889404E0,1.101516863E1
5.817419417E0,-1.286873932E0,9.017248535E0,6.357579346E0,1.110790848E1
5.827372417E0,-1.485061798E0,9.080117798E0,5.761518860E0,1.085583011E1
5.837326417E0,-1.097068634E0,8.894803162E0,5.444178772E0,1.048618927E1
5.847280417E0,-6.635700989E-1,8.847052460E0,5.198689270E0,1.028285139E1
5.857234417E0,-5.914201355E-1,9.210796051E0,5.504802704E0,1.074669226E1
5.867187417E0,-8.779243469E-1,9.799521790E0,5.511688385E0,1.127741492E1
5.877141417E0,-1.032103729E0,9.776918793E0,6.107748871E0,1.157402158E1
5.887095417E0,-7.310797119E-1,9.466913452E0,6.939718781E0,1.176080884E1
5.897048417E0,-4.824467468E-1,9.381740570E0,7.107370148E0,1.177983537E1
5.907002417E0,-5.816903687E-1,9.199270020E0,6.271658020E0,1.114892941E1
5.916956417E0,-2.713856506E-1,9.047036591E0,6.104156342E0,1.091710795E1
5.926909417E0,5.562432861E-1,9.272318115E0,6.808292084E0,1.151686289E1
5.936863417E0,7.649093628E-1,8.671467590E0,7.638465729E0,1.158126052E1
5.946817417E0,1.341210938E-1,9.611213379E0,6.525380402E0,1.161783114E1
5.956770417E0,-8.891510010E-1,6.929839325E0,6.064788208E0,9.251752190E0
5.966724417E0,-9.575587463E-1,7.422015839E0,6.020630035E0,9.604750069E0
5.976678417E0,2.439926147E-2,8.149503021E0,8.249195709E0,1.159587102E1
5.986632417E0,5.183720398E-1,7.521708527E0,7.343728638E0,1.052497786E1
5.996585417E0,7.066804504E-1,8.451125793E0,7.445367279E0,1.128514149E1
6.006539417E0,4.339476013E-1,8.592731323E0,8.261170807E0,1.192771081E1
6.016493417E0,6.915618896E-2,8.227191467E0,8.279732208E0,1.167242166E1
6.026446417E0,1.540296936E-1,7.886649628E0,7.646548920E0,1.098602193E1
6.036400417E0,5.513035583E-1,8.372838593E0,7.424560547E0,1.120412696E1
6.046354417E0,7.198530579E-1,8.086035004E0,7.234755249E0,1.087399807E1
6.056307417E0,2.993774414E-1,7.898774414E0,7.220385132E0,1.070580336E1
6.066261417E0,-2.642005920E-1,7.714657288E0,6.943610687E0,1.038265228E1
6.076215417E0,-3.466790771E-1,7.779023438E0,7.089557190E0,1.053067962E1
6.086168417E0,-2.101629639E-1,7.722740479E0,6.380182343E0,1.001956165E1
6.096122417E0,2.426454163E-1,7.747888184E0,6.627019043E0,1.019833464E1
6.106076417E0,6.355783081E-1,7.552245026E0,7.122039642E0,1.040018333E1
6.116029917E0,4.935237122E-1,7.484585724E0,7.130571899E0,1.034928233E1
6.125983917E0,2.490820312E-1,7.628586273E0,7.233857117E0,1.051599064E1
6.135937917E0,2.658471680E-1,7.594606934E0,6.928941193E0,1.028391731E1
6.145890917E0,2.844085693E-2,7.586673431E0,6.523883514E0,1.000597215E1
6.155844917E0,-5.703140259E-2,7.323520660E0,7.167694702E0,1.024758775E1
6.165798917E0,-7.185058594E-2,7.651338959E0,8.153544617E0,1.118161170E1
6.175752917E0,3.158432007E-2,8.281079407E0,7.219936066E0,1.098657137E1
6.185705917E0,8.464897156E-1,9.388626251E0,5.927224274E0,1.113529682E1
6.195659917E0,1.534608765E0,9.958042145E0,6.217470703E0,1.183953417E1
6.205613917E0,1.509910126E0,9.581724701E0,6.039790192E0,1.142665053E1
6.215566917E0,1.294657745E0,9.131461029E0,6.582860870E0,1.133109776E1
6.225520917E0,1.413660278E0,8.778045959E0,5.586083679E0,1.050032652E1
6.235474917E0,6.590794373E-1,8.987460480E0,6.222859497E0,1.095138402E1
6.245427917E0,-7.768844604E-1,8.666677551E0,7.656727753E0,1.159052756E1
6.255381917E0,-1.151705017E0,7.905211029E0,8.389603729E0,1.158465522E1
6.265335917E0,-1.132245483E0,7.905360718E0,8.251141663E0,1.148294590E1
6.275288917E0,-1.097966766E0,8.225844269E0,8.177794189E0,1.165102411E1
6.285242917E0,-1.186881866E0,8.451275482E0,7.897876282E0,1.162794890E1
6.295196917E0,-1.725910950E0,8.314759369E0,7.465275879E0,1.130682696E1
6.305149917E0,-2.244881744E0,7.948022003E0,7.762557678E0,1.133436586E1
6.315103917E0,-2.291734314E0,7.589667206E0,6.850204926E0,1.047761433E1
6.325057917E0,-2.280657349E0,7.639513550E0,5.990991669E0,9.972740165E0
6.335011917E0,-2.383493500E0,7.747139740E0,5.369783478E0,9.722848863E0
6.344964917E0,-2.304308167E0,7.470514984E0,4.520000610E0,9.030439401E0
6.354918917E0,-1.590742035E0,7.359296265E0,3.788022766E0,8.428452895E0
6.364872917E0,-8.996292114E-1,6.978787537E0,3.071462860E0,7.677674928E0
6.374825917E0,-5.704637146E-1,6.992558899E0,3.054847412E0,7.652019440E0
6.384779917E0,-6.825805664E-1,7.172484741E0,3.735781403E0,8.115818892E0
6.394733917E0,-1.119072876E0,7.310348053E0,4.439019012E0,8.625450861E0
6.404686917E0,-1.238823853E0,7.055727539E0,4.915029144E0,8.687662927E0
6.414640917E0,-1.263372803E0,7.454198914E0,5.796246643E0,9.526681869E0
6.424594917E0,-1.121767273E0,7.879314880E0,5.683231659E0,9.779626112E0
6.434547917E0,-1.074914703E0,7.763006744E0,5.159171448E0,9.382790915E0
6.444501917E0,-1.216370544E0,7.546407166E0,4.855902100E0,9.055804968E0
6.454455917E0,-1.287322998E0,7.373816071E0,3.927532654E0,8.453157794E0
6.464408917E0,-9.788145447E-1,7.283853149E0,3.467239838E0,8.126152023E0
6.474362917E0,-5.791456604E-1,7.090006256E0,3.786825256E0,8.058761935E0
6.484316917E0,-4.188290405E-1,6.598727875E0,3.511847076E0,7.486768142E0
6.494270917E0,-3.146456909E-1,6.302194519E0,3.794160004E0,7.362900773E0
6.504223917E0,-4.195774841E-1,6.088888092E0,5.320984955E0,8.097128155E0
6.514177917E0,-8.517288208E-1,5.598507843E0,5.989045715E0,8.242414733E0
6.524131917E0,-1.491648102E0,5.119354248E0,6.096522217E0,8.099406467E0
6.534084917E0,-2.277364197E0,5.464237061E0,6.508764954E0,8.798198427E0
6.544038917E0,-3.195704498E0,6.140530701E0,6.350094910E0,9.393739931E0
6.553992917E0,-4.024530945E0,6.368806000E0,5.998775482E0,9.630360662E0
6.563945917E0,-4.392615509E0,6.250402222E0,5.495372314E0,9.410723448E0
6.573899917E0,-3.496878204E0,6.676566010E0,5.420977020E0,9.283947582E0
6.583853917E0,-2.510579224E0,6.878645782E0,5.525908813E0,9.173573134E0
6.593806917E0,-1.716330872E0,7.536677399E0,5.586832123E0,9.537294744E0
6.603760917E0,-1.404828644E0,7.719297638E0,4.665647736E0,9.128492117E0
6.613714917E0,-1.636995850E0,7.352410583E0,4.100722504E0,8.576340819E0
6.623667917E0,-2.056872711E0,6.953340454E0,4.105662231E0,8.332834522E0
6.633621917E0,-2.235601044E0,6.789131927E0,4.036056976E0,8.208530945E0
6.643575917E0,-2.216590576E0,6.384373627E0,4.065395966E0,7.886757556E0
6.653529917E0,-2.289339294E0,6.064189453E0,4.726271667E0,8.022039142E0
6.663482917E0,-2.527943115E0,5.684279480E0,5.131628723E0,8.064436927E0
6.673436917E0,-2.821632385E0,5.556295624E0,5.357359314E0,8.217988148E0
6.683390917E0,-3.168910217E0,6.140231323E0,5.326673126E0,8.724556107E0
6.693343917E0,-3.834126892E0,6.234984283E0,4.757706299E0,8.729909923E0
6.703297917E0,-4.354145508E0,5.893843689E0,4.141138458E0,8.416947443E0
6.713251917E0,-4.044140167E0,6.310876465E0,3.932921448E0,8.464638360E0
6.723204917E0,-3.491788788E0,6.656956787E0,4.145030365E0,8.584226193E0
6.733158917E0,-3.052003326E0,6.874753876E0,4.217779083E0,8.623608615E0
6.743112917E0,-2.467618561E0,7.166646881E0,4.408332825E0,8.768316097E0
6.753065917E0,-2.131118317E0,7.193441162E0,4.254303131E0,8.624752528E0
6.763019917E0,-1.883533173E0,7.588170319E0,4.654121704E0,9.098839203E0
6.772973917E0,-1.259181519E0,8.311466217E0,4.972659302E0,9.766951894E0
6.782926917E0,-1.268761597E0,8.298592987E0,3.944447479E0,9.275509014E0
6.792880917E0,-2.097138977E0,7.881260834E0,3.501518555E0,8.875409647E0
6.802834917E0,-1.650318146E0,7.698191528E0,4.629572754E0,9.133380900E0
6.812787917E0,-3.915856934E-1,7.607330475E0,5.190606079E0,9.217765878E0
6.822741917E0,8.149053955E-1,7.754773865E0,5.890550537E0,9.772367887E0
6.832695917E0,4.475692749E-1,7.965834961E0,6.230643311E0,1.012303121E1
6.842649917E0,6.093827820E-1,8.149802399E0,4.668342133E0,9.411909731E0
6.852602917E0,1.672771454E0,8.025261383E0,3.232078857E0,8.811885062E0
6.862556917E0,2.080373840E0,8.033344574E0,3.837569733E0,9.142730545E0
6.872510917E0,1.621128845E0,8.152047729E0,6.126310272E0,1.032548393E1
6.882463917E0,1.449435883E0,8.792416077E0,8.286318512E0,1.216842304E1
6.892417917E0,1.560205536E0,9.778116302E0,8.549022217E0,1.308172697E1
6.902371917E0,1.161883850E0,1.001911514E1,8.321345673E0,1.307583405E1
6.912324917E0,4.049079895E-1,9.283844147E0,8.355025635E0,1.249640612E1
6.922278917E0,1.571731567E-2,8.560099182E0,8.533454590E0,1.208699269E1
6.932232917E0,-5.104385376E-2,8.178243256E0,8.058192902E0,1.148132140E1
6.942185917E0,-1.654060364E-1,7.893984375E0,7.144942017E0,1.064859356E1
6.952139917E0,-2.136058044E-1,8.008645935E0,6.379134521E0,1.024096648E1
6.962093917E0,-4.775070190E-1,7.736511841E0,6.046825562E0,9.830855903E0
6.972046917E0,-5.703140259E-1,7.193590851E0,5.804479523E0,9.260938934E0
6.982000917E0,-6.851252747E-1,6.548133087E0,6.039939880E0,8.934669402E0
6.991954917E0,-8.698411560E-1,6.180347900E0,6.092480621E0,8.721905980E0
7.001907917E0,-1.058448944E0,6.367907867E0,6.041287079E0,8.841250723E0
7.011861917E0,-1.000220032E0,6.297853546E0,6.094127197E0,8.820532053E0
7.021815917E0,-1.005010071E0,6.293063507E0,5.842350769E0,8.645562796E0
7.031769917E0,-7.310797119E-1,6.788682861E0,5.855223999E0,8.994684020E0
7.041722917E0,-5.703140259E-2,7.285948792E0,5.560786285E0,9.165732185E0
7.051676917E0,7.309300232E-1,7.621401215E0,5.379962311E0,9.357564301E0
7.061630917E0,1.582359467E0,7.959697723E0,5.198539581E0,9.637710470E0
7.071583917E0,2.234852600E0,8.052953796E0,4.919669495E0,9.697823412E0
7.081537917E0,2.510429535E0,7.958051147E0,4.464615784E0,9.463911908E0
7.091491917E0,2.685864716E0,7.856412506E0,3.574117584E0,9.039436002E0
7.101444917E0,2.860551453E0,7.725883942E0,3.393143921E0,8.909852017E0
7.111398917E0,3.011587372E0,7.874973907E0,4.496798859E0,9.555421106E0
7.121353167E0,3.011886749E0,8.698411560E0,7.148384857E0,1.165475146E1
7.131306167E0,3.152893524E0,9.085057526E0,9.408684540E0,1.345371148E1
7.141260167E0,2.659369812E0,8.645571442E0,9.244026947E0,1.293329763E1
7.151214167E0,1.394350433E0,8.802295532E0,8.541388092E0,1.234422660E1
7.161167167E0,5.622308350E-1,9.028774567E0,7.914641418E0,1.201983454E1
7.171121167E0,5.294490051E-1,8.067922668E0,7.143744507E0,1.078910460E1
7.181075167E0,9.512718201E-1,7.233258362E0,6.915618896E0,1.005239918E1
7.191028167E0,1.491049347E0,7.194788361E0,6.998097382E0,1.014699831E1
7.200982167E0,2.174827423E0,7.604785767E0,6.682254181E0,1.035447545E1
7.210936167E0,2.910846863E0,8.632249146E0,6.427783356E0,1.114922211E1
7.220890167E0,3.099604340E0,9.076525269E0,5.500461731E0,1.105648847E1
7.230843167E0,3.514990540E0,8.624465332E0,6.769822083E0,1.151377661E1
7.240797167E0,2.517015839E0,7.182064819E0,6.458469543E0,9.981445419E0
7.250751167E0,1.160985718E0,6.586603088E0,5.868396606E0,8.897713572E0
7.260704167E0,1.836680603E0,6.014492798E0,7.084168396E0,9.472748340E0
7.270658167E0,2.114802246E0,6.145171051E0,6.094576263E0,8.909510403E0
7.280612167E0,2.091151428E0,6.938371582E0,5.899980927E0,9.344714519E0
7.290565167E0,2.634521484E0,7.880362701E0,6.405330048E0,1.049138088E1
7.300519167E0,2.004481659E0,8.053402863E0,6.518943787E0,1.055328728E1
7.310473167E0,1.042881317E0,7.651039581E0,6.862778778E0,1.033071830E1
7.320426167E0,1.135388947E0,7.693850555E0,6.893015900E0,1.039221404E1
7.330380167E0,1.560205536E0,8.010741577E0,6.918912048E0,1.069941895E1
7.340334167E0,1.954785004E0,8.166866913E0,6.647825775E0,1.071039155E1
7.350287167E0,2.139351196E0,8.148455200E0,5.991141357E0,1.033769416E1
7.360241167E0,2.039808197E0,8.265511780E0,6.097869415E0,1.047203485E1
7.370195167E0,2.503543854E0,8.683592377E0,5.183121643E0,1.041812163E1
7.380148167E0,2.815644836E0,8.838969269E0,5.654341736E0,1.086401464E1
7.390102167E0,1.751358032E0,8.461454315E0,6.660848694E0,1.091010401E1
7.400056167E0,8.158035278E-1,8.002059631E0,7.322173462E0,1.087716498E1
7.410010167E0,4.843927002E-1,7.696095886E0,7.954608307E0,1.107882311E1
7.419963167E0,2.700384521E-1,8.073161774E0,8.552614746E0,1.176418636E1
7.429917167E0,1.893562317E-1,8.344397736E0,8.697513428E0,1.205452484E1
7.439871167E0,4.339476013E-1,8.193062439E0,8.365204468E0,1.171713397E1
7.449824167E0,1.049168243E0,7.610174561E0,7.346273346E0,1.062935760E1
7.459778167E0,1.553918610E0,7.369175720E0,6.675967255E0,1.006419160E1
7.469732167E0,1.648521881E0,7.216044159E0,7.016658783E0,1.019913811E1
7.479685167E0,1.882335663E0,7.203769684E0,7.072941742E0,1.026956621E1
7.489639167E0,2.242187347E0,7.577841797E0,7.495213623E0,1.089170867E1
7.499593167E0,2.201921082E0,8.156239014E0,7.911947021E0,1.157461001E1
7.509546167E0,2.126477966E0,8.738827515E0,7.314988403E0,1.159301817E1
7.519500167E0,1.943708038E0,9.127269745E0,6.569239197E0,1.141227223E1
7.529454167E0,1.572180634E0,8.838370514E0,6.156547394E0,1.088538567E1
7.539407167E0,1.108894043E0,8.030500488E0,5.638025665E0,9.874508468E0
7.549361167E0,8.490344238E-1,7.296427002E0,5.442382507E0,9.142113202E0
7.559315167E0,8.168513489E-1,7.038812714E0,5.384902039E0,8.899960703E0
7.569268167E0,6.273454285E-1,7.136409760E0,5.243146820E0,8.877640177E0
7.579222167E0,-7.529342651E-2,7.233108673E0,4.739294586E0,8.647799914E0
7.589176167E0,-1.438508606E-1,7.321425018E0,5.018913116E0,8.877693746E0
7.599129167E0,-2.411485291E-1,7.182962952E0,5.489534454E0,9.043677233E0
7.609083167E0,-6.158193970E-1,6.851402435E0,5.661377106E0,8.909104309E0
7.619037167E0,-1.025966492E0,6.841373291E0,5.757477264E0,9.000307784E0
7.628991167E0,-1.291214905E0,6.896758118E0,6.385271759E0,9.487054543E0
7.638944167E0,-9.310638428E-1,7.226672058E0,6.968459015E0,1.008221652E1
7.648898167E0,-4.326004028E-1,7.397167511E0,7.158264313E0,1.030271703E1
7.658852167E0,1.068777466E-1,7.448361053E0,6.960525513E0,1.019501940E1
7.668805167E0,3.766168213E-1,7.627538452E0,7.093748474E0,1.042316893E1
7.678759167E0,1.272354126E-1,7.355404358E0,7.391179962E0,1.042821669E1
7.688713167E0,-4.125421143E-1,6.890920258E0,7.455995178E0,1.016104508E1
7.698666167E0,-9.033714294E-1,6.851701813E0,7.939340057E0,1.052592125E1
7.708620167E0,-1.135838013E0,6.983577576E0,7.860154724E0,1.057556221E1
7.718574167E0,-1.857637024E0,6.865173798E0,7.435487823E0,1.028921308E1
7.728527167E0,-2.332599335E0,6.986271973E0,7.160958710E0,1.027269903E1
7.738481167E0,-1.910177765E0,7.226522369E0,6.954987030E0,1.020995834E1
7.748435167E0,-1.452279968E0,7.352709961E0,6.523434448E0,9.936128918E0
7.758388167E0,-5.441184998E-1,7.303162994E0,6.071673889E0,9.513016266E0
7.768342167E0,3.436853027E-1,6.995852051E0,5.829327850E0,9.112690530E0
7.778296167E0,3.935316467E-1,6.553671570E0,5.736820221E0,8.718749019E0
7.788249167E0,1.197509766E-3,6.545738068E0,6.124514008E0,8.964170911E0
7.798203167E0,-5.706134033E-1,6.834337921E0,6.659651184E0,9.559535991E0
7.808157167E0,-9.066645813E-1,7.028035126E0,6.095324707E0,9.347101245E0
7.818110167E0,-9.771679688E-1,7.052584076E0,5.135820007E0,8.778977534E0
7.828064167E0,-9.467811584E-1,6.964866486E0,4.994364166E0,8.622611736E0
7.838018167E0,-1.003662872E0,6.788383484E0,5.240751801E0,8.634521928E0
7.847972167E0,-1.242566071E0,6.714736633E0,5.257217560E0,8.618004117E0
7.857925167E0,-1.706152039E0,6.758595428E0,5.723198547E0,9.019122383E0
7.867879167E0,-2.255359955E0,6.705755310E0,5.748645630E0,9.115960146E0
7.877833167E0,-2.665357361E0,6.560257874E0,5.227878571E0,8.801808199E0
7.887786167E0,-2.787353668E0,6.510710907E0,4.910089417E0,8.617869520E0
7.897740167E0,-2.858306122E0,6.447991333E0,4.638703766E0,8.441805420E0
7.907694167E0,-2.741548920E0,6.363117828E0,4.294419708E0,8.151527440E0
7.917647167E0,-2.653531952E0,6.395151215E0,4.531227264E0,8.274733313E0
7.927601167E0,-2.849324799E0,6.743925934E0,4.934638367E0,8.828920920E0
7.937555167E0,-2.944975891E0,6.887477417E0,5.189857635E0,9.112894735E0
7.947508167E0,-3.021616516E0,6.718179474E0,5.294789429E0,9.071873947E0
7.957462167E0,-3.078647919E0,6.856940918E0,5.063220978E0,9.062666188E0
7.967416167E0,-2.758613434E0,7.591014404E0,5.086871796E0,9.545140776E0
7.977369167E0,-1.785636749E0,8.246800690E0,5.175337830E0,9.898603026E0
7.987323167E0,-8.625064087E-1,8.308023376E0,5.027445374E0,9.748967982E0
7.997277167E0,-4.700225830E-1,8.168513489E0,4.484823761E0,9.330550788E0
8.007230167E0,-4.941224670E-1,7.918683014E0,3.702849884E0,8.755615053E0
8.017184167E0,-5.019062805E-1,7.476951599E0,3.319048004E0,8.195901097E0
8.027138167E0,-2.107617188E-1,6.998396759E0,3.383114777E0,7.776081487E0
8.037091167E0,3.632945251E-1,6.733747101E0,3.907025299E0,7.793598631E0
8.047045167E0,1.156345367E0,6.818919983E0,4.579726410E0,8.295100863E0
8.056999167E0,1.498833160E0,7.180567932E0,5.072801056E0,8.918540644E0
8.066952167E0,1.349294128E0,7.556436310E0,5.798342285E0,9.619828356E0
8.076906167E0,-1.552272034E-1,7.339687042E0,6.557114410E0,9.843315029E0
8.086860167E0,-1.465751953E0,7.355853424E0,7.174281006E0,1.037917705E1
8.096814167E0,-1.956880646E0,7.353308716E0,7.654033356E0,1.079281046E1
8.106767167E0,-2.370769958E0,7.358996887E0,7.868836670E0,1.103149926E1
8.116721167E0,-2.767145691E0,7.374714203E0,7.350764008E0,1.077391462E1
8.126674667E0,-2.854264526E0,7.599995728E0,6.655609589E0,1.049780453E1
8.136627667E0,-2.187700653E0,7.628735962E0,6.282136230E0,1.012170352E1
8.146581667E0,-1.202449493E0,7.564818878E0,6.839127960E0,1.026869226E1
8.156535667E0,-6.551875305E-1,7.658524017E0,6.823859711E0,1.027848832E1
8.166488667E0,-4.158352661E-1,7.747289429E0,6.446344757E0,1.008705969E1
8.176442667E0,-4.363426208E-1,7.790250092E0,6.452481995E0,1.012486618E1
8.186396667E0,-6.691085815E-1,7.728428650E0,6.531667328E0,1.014095626E1
8.196349667E0,-8.918453979E-1,7.459887085E0,6.745123444E0,1.009663280E1
8.206303667E0,-1.069974976E0,7.247628479E0,6.663094025E0,9.903019085E0
8.216257667E0,-1.346899109E0,6.961124268E0,6.239175568E0,9.444506342E0
8.226210667E0,-1.391356659E0,6.799909515E0,5.817352753E0,9.056281567E0
8.236164667E0,-1.068627777E0,6.739135895E0,5.839356995E0,8.980869003E0
8.246118667E0,-5.165757751E-1,6.673871613E0,6.144422607E0,9.086327201E0
8.256071667E0,7.619155884E-2,6.761289825E0,6.303092651E0,9.243907303E0
8.266025667E0,3.951782227E-1,7.044351196E0,6.252198486E0,9.427037473E0
8.275979667E0,3.659889221E-1,7.341183929E0,6.043083344E0,9.515554933E0
8.285932667E0,2.454895020E-2,7.442373505E0,5.824388123E0,9.450556758E0
8.295886667E0,-2.517764282E-1,7.443720703E0,6.025569763E0,9.580180596E0
8.305840667E0,-3.960763550E-1,7.415878601E0,6.399043121E0,9.803054869E0
8.315794667E0,-1.538800049E-1,7.439379730E0,6.847959595E0,1.011249724E1
8.325747667E0,2.674937439E-1,7.600145416E0,7.234006805E0,1.049593339E1
8.335701667E0,6.038442993E-1,7.805967407E0,7.035669250E0,1.052608175E1
8.345655667E0,7.914042664E-1,8.054001617E0,7.051985321E0,1.073423308E1
8.355608667E0,8.803193665E-1,8.251890106E0,6.887178040E0,1.078433465E1
8.365562667E0,7.920030212E-1,8.287366333E0,6.465355225E0,1.054080299E1
8.375516667E0,7.473957825E-1,8.125253448E0,5.899831238E0,1.006907904E1
8.385469667E0,9.292675781E-1,8.098459167E0,5.236560516E0,9.688660648E0
8.395423667E0,1.318458252E0,8.200995941E0,5.034929810E0,9.713144948E0
8.405377667E0,1.714833984E0,8.219407654E0,5.098697205E0,9.823239331E0
8.415330667E0,2.034718781E0,8.550219727E0,5.819448395E0,1.054098276E1
8.425284667E0,2.147135010E0,8.822952576E0,7.259603577E0,1.162568385E1
8.435238667E0,1.455872498E0,8.580007782E0,7.988437958E0,1.181318074E1
8.445191667E0,3.131488037E-1,8.369395752E0,7.942034454E0,1.154212973E1
8.455145667E0,-6.376739502E-2,8.761879578E0,7.742200012E0,1.169257290E1
8.465099667E0,2.908451843E-1,8.814570007E0,6.967111816E0,1.123930080E1
8.475052667E0,9.443861389E-1,8.466244354E0,6.631958771E0,1.079592681E1
8.485006667E0,1.512454834E0,7.778724060E0,7.063661041E0,1.061561939E1
8.494960667E0,1.879341888E0,7.625592499E0,7.865244141E0,1.111501922E1
8.504913667E0,2.265838165E0,8.167016602E0,8.351882172E0,1.189908058E1
8.514867667E0,2.512674866E0,8.483458557E0,7.959697723E0,1.190123489E1
8.524821667E0,1.979034576E0,8.428822174E0,7.386240234E0,1.138060481E1
8.534774667E0,6.911128235E-1,8.058043213E0,6.949598236E0,1.066333030E1
8.544728667E0,-3.399430847E-1,7.806117096E0,6.220614166E0,9.987345294E0
8.554682667E0,-6.737489319E-1,7.611521759E0,5.804329834E0,9.595803558E0
8.564635667E0,-2.962339783E-1,8.268505554E0,5.854325867E0,1.013553501E1
8.574589667E0,-8.472381592E-2,8.329578552E0,5.369484100E0,9.910621398E0
8.584543667E0,-3.218307495E-1,7.216942291E0,5.682932281E0,9.191493371E0
8.594497667E0,1.887574768E-1,7.124734039E0,6.303691406E0,9.514935095E0
8.604450667E0,8.268804932E-1,6.801855469E0,6.258635101E0,9.280058324E0
8.614404667E0,1.189426575E0,6.764582977E0,5.935906219E0,9.077956878E0
8.624358667E0,1.213077393E0,6.936575317E0,6.364465027E0,9.491788502E0
8.634311667E0,1.124761047E0,7.417076111E0,6.173312531E0,9.715343177E0
8.644265667E0,1.387015686E0,7.828271027E0,5.487588501E0,9.660189819E0
8.654219667E0,1.571432190E0,8.033643951E0,5.530249786E0,9.878891485E0
8.664172667E0,1.594334564E0,8.234975281E0,6.544241180E0,1.063878815E1
8.674126667E0,1.809886322E0,8.593779144E0,6.884034576E0,1.115879297E1
8.684080667E0,1.730850677E0,8.923543396E0,7.021299133E0,1.148582223E1
8.694033667E0,1.331780548E0,8.991502075E0,6.958579559E0,1.144738304E1
8.703987667E0,1.389261017E0,8.558452606E0,6.632108459E0,1.091613575E1
8.713941667E0,1.555116119E0,8.220605164E0,6.733747101E0,1.073965015E1
8.723894667E0,1.782642975E0,8.120313721E0,7.078180847E0,1.091869750E1
8.733848667E0,1.743723907E0,8.168812866E0,7.255412292E0,1.106395428E1
8.743802667E0,1.257235565E0,8.353977814E0,6.837780762E0,1.086852485E1
8.753755667E0,4.899311829E-1,8.311765594E0,6.682403870E0,1.067614169E1
8.763709667E0,-3.692820740E-1,8.199349365E0,6.386469269E0,1.039964850E1
8.773663667E0,-1.185834045E0,8.124505005E0,5.989195404E0,1.016288569E1
8.783616667E0,-1.491648102E0,8.297395477E0,5.914201355E0,1.029803687E1
8.793570667E0,-9.732760620E-1,8.518485718E0,5.843398590E0,1.037579743E1
8.803524667E0,-4.340972900E-3,8.228388977E0,5.521867218E0,9.909461215E0
8.813477667E0,9.683363342E-1,7.909102936E0,5.611231384E0,9.745640161E0
8.823431667E0,1.776954803E0,7.738008728E0,5.785618744E0,9.823834877E0
8.833385667E0,2.265239410E0,7.966733093E0,5.347629547E0,9.858868472E0
8.843338667E0,2.079775085E0,8.512797546E0,5.220543823E0,1.020035609E1
8.853292667E0,1.309626617E0,8.476423187E0,4.835843811E0,9.846332175E0
8.863246667E0,4.191284180E-1,8.074359283E0,3.852089539E0,8.955977908E0
8.873200667E0,-3.046165466E-1,7.677235107E0,3.691024475E0,8.523871879E0
8.883153667E0,-6.262976074E-1,7.283703461E0,4.060156860E0,8.362383543E0
8.893107667E0,-6.355783081E-1,7.003935242E0,4.089346161E0,8.135220998E0
8.903061667E0,-4.394860840E-1,6.788682861E0,4.555925903E0,8.187540769E0
8.913014667E0,-1.145118713E-1,6.467001801E0,5.870941315E0,8.735168984E0
8.922968667E0,-8.038284302E-2,6.171516266E0,7.674540710E0,9.848484632E0
8.932922667E0,-3.258723450E-1,6.782246246E0,8.414601746E0,1.081251957E1
8.942875667E0,-1.324445801E0,6.879394226E0,6.834936676E0,9.787572782E0
8.952829667E0,-2.428998871E0,6.715485077E0,6.212830353E0,9.465571104E0
8.962783667E0,-2.809806976E0,6.875652008E0,7.246281281E0,1.037681060E1
8.972736667E0,-2.292482758E0,7.192992096E0,7.150181122E0,1.039806244E1
8.982690667E0,-1.633852386E0,7.827821960E0,7.100334778E0,1.069387789E1
8.992644667E0,-1.118474121E0,8.337661743E0,6.599626007E0,1.069217710E1
9.002597667E0,-9.807604980E-1,8.406518555E0,5.680088196E0,1.019288219E1
9.012551667E0,-5.833369446E-1,8.534203033E0,5.332960052E0,1.008034555E1
9.022505667E0,-1.721420288E-2,8.326734467E0,5.476361847E0,9.966210026E0
9.032458667E0,2.649490356E-2,7.278164978E0,5.737718353E0,9.267890770E0
9.042412667E0,-5.152285767E-1,7.152725830E0,7.166048126E0,1.013800735E1
9.052366667E0,-1.531465302E0,7.674840088E0,7.729626160E0,1.099980349E1
9.062319667E0,-2.714305573E0,7.615563354E0,7.358547821E0,1.093217664E1
9.072273667E0,-3.617677002E0,7.000492401E0,6.606062622E0,1.028273038E1
9.082227667E0,-3.141966248E0,6.940317535E0,6.372847595E0,9.932429001E0
9.092180667E0,-2.007325745E0,7.292834473E0,6.311774597E0,9.851562813E0
9.102134667E0,-1.263223114E0,7.649243317E0,5.640720062E0,9.587720207E0
9.112088667E0,-9.978250122E-1,7.695497131E0,4.844076691E0,9.147754360E0
9.122041167E0,-1.135089569E0,7.581134949E0,3.987557831E0,8.640755343E0
9.131995167E0,-1.251846771E0,7.393724670E0,3.649560699E0,8.339878784E0
9.141949167E0,-1.276545410E0,7.197333069E0,3.835923157E0,8.255027435E0
9.151902167E0,-1.506167908E0,7.050338745E0,3.595373383E0,8.056210520E0
9.161856167E0,-1.605261841E0,7.257507935E0,3.558549957E0,8.240847335E0
9.171810167E0,-1.637145538E0,7.563321991E0,3.863316193E0,8.649236790E0
9.181763167E0,-1.583257599E0,7.503596191E0,3.900888062E0,8.603928643E0
9.191717167E0,-1.462758179E0,7.373965759E0,4.222120056E0,8.622141861E0
9.201671167E0,-1.225800934E0,7.328161011E0,4.448748779E0,8.660017173E0
9.211624167E0,-1.194965057E0,7.129075012E0,5.077291718E0,8.833489865E0
9.221578167E0,-1.482816467E0,7.192093964E0,5.316643982E0,9.065961807E0
9.231532167E0,-1.801354065E0,7.509434052E0,4.722230072E0,9.051846944E0
9.241486167E0,-1.592388611E0,7.813601532E0,4.268224182E0,9.044656326E0
9.251439167E0,-7.967930603E-1,7.932005310E0,4.189188538E0,9.005603146E0
9.261393167E0,7.691006470E-1,8.304430847E0,4.349954224E0,9.406231405E0
9.271347167E0,1.803449707E0,8.239166565E0,4.396507416E0,9.511339232E0
9.281300167E0,1.714384918E0,8.213270416E0,4.353846130E0,9.452666434E0
9.291254167E0,1.725012817E0,8.158334656E0,4.297413483E0,9.380930456E0
9.301208167E0,2.095193024E0,7.986791382E0,4.871469727E0,9.586964466E0
9.311161167E0,2.295476532E0,7.853718109E0,5.763464813E0,1.000837786E1
9.321115167E0,1.856888580E0,7.344776459E0,6.394552460E0,9.913832639E0
9.331069167E0,7.421566772E-1,7.003336487E0,7.501799927E0,1.028953452E1
9.341022167E0,-2.279759216E-1,6.983876953E0,8.402476959E0,1.092831777E1
9.350976167E0,-1.434017944E0,6.999294891E0,9.276060333E0,1.170862211E1
9.360930167E0,-2.957250366E0,7.762258301E0,9.061257019E0,1.229245144E1
9.370883167E0,-3.906127167E0,7.898924103E0,9.104966125E0,1.267088156E1
9.380837167E0,-3.841012573E0,7.534282379E0,9.467512207E0,1.269458845E1
9.390791167E0,-3.110232239E0,7.174879761E0,9.028924255E0,1.194461876E1
9.400744167E0,-2.339485016E0,7.237599335E0,8.337062988E0,1.128550635E1
9.410698167E0,-1.622775421E0,7.144792328E0,7.423063660E0,1.042992481E1
9.420652167E0,-8.828640747E-1,7.441625061E0,7.140451355E0,1.035100372E1
9.430605167E0,-7.873626709E-2,7.770191803E0,6.943610687E0,1.042093131E1
9.440559167E0,4.405339050E-1,8.084687805E0,7.327562256E0,1.092013808E1
9.450513167E0,6.637197876E-1,8.233478394E0,7.662415924E0,1.126691210E1
9.460466167E0,3.101550293E-1,7.922574921E0,7.473508759E0,1.089572038E1
9.470420167E0,-4.272116089E-1,7.467072144E0,7.045698395E0,1.027528793E1
9.480374167E0,-8.792715454E-1,7.319928131E0,6.865922241E0,1.007449029E1
9.490327167E0,-7.798782349E-1,7.711962891E0,7.257957001E0,1.061887572E1
9.500281167E0,-2.448907471E-1,7.620802460E0,7.199129333E0,1.048637520E1
9.510235167E0,-1.932481384E-1,6.616091766E0,6.780300293E0,9.475362113E0
9.520188167E0,5.643264771E-2,6.522236938E0,6.655609589E0,9.318792750E0
9.530142167E0,4.918771362E-1,6.151607666E0,6.475683746E0,8.945317209E0
9.540096167E0,1.004710693E0,5.958808594E0,6.084696808E0,8.575568709E0
9.550049167E0,1.403182068E0,6.309678955E0,5.734724579E0,8.641066741E0
9.560003167E0,1.556313629E0,6.431824951E0,5.642965393E0,8.696754725E0
9.569957167E0,1.371747437E0,6.554719391E0,5.448370056E0,8.633120733E0
9.579910167E0,1.624122620E0,6.664890289E0,4.904401245E0,8.432774658E0
9.589864167E0,2.229912872E0,7.479496307E0,6.463558960E0,1.013375404E1
9.599818167E0,4.023183746E0,9.199270020E0,8.429271240E0,1.310973646E1
9.609772167E0,2.800825653E0,7.312892761E0,7.811206512E0,1.106064971E1
9.619725167E0,8.897497559E-1,7.439679108E0,1.138966507E1,1.363322963E1
9.629679167E0,6.634204102E-1,7.438780975E0,1.302755905E1,1.501642047E1
9.639633167E0,1.131347351E0,7.837851105E0,1.191342590E1,1.430529879E1
9.649586167E0,1.544637909E0,7.700736237E0,1.008437943E1,1.278209503E1
9.659540167E0,1.580114136E0,7.506290588E0,8.403973846E0,1.137839776E1
9.669494167E0,1.281934204E0,7.375762024E0,7.087461548E0,1.030908977E1
9.679447167E0,1.053209839E0,7.083419952E0,5.983507233E0,9.332012001E0
9.689401167E0,9.494755554E-1,6.863527222E0,5.626200256E0,8.925448957E0
9.699355167E0,6.810836792E-1,6.886728973E0,5.638325043E0,8.926456196E0
9.709308167E0,8.631051636E-1,7.107070770E0,5.906567230E0,9.281322207E0
9.719262167E0,1.027762756E0,6.761738892E0,6.360423431E0,9.339828443E0
9.729216167E0,8.913963318E-1,6.467151489E0,6.407126312E0,9.147125417E0
9.739169167E0,9.830058289E-1,6.388564911E0,6.841672668E0,9.412148904E0
9.749123167E0,-1.410067749E-1,4.749174042E0,7.147337036E0,8.582480044E0
9.759077167E0,6.286926270E-2,7.463629303E0,6.514752502E0,9.907154742E0
9.769030167E0,1.951940918E0,8.361312561E0,6.718029785E0,1.090199731E1
9.778984167E0,2.295775909E0,6.150859222E0,5.883664856E0,8.815960999E0
9.788938167E0,1.751657410E0,6.611002350E0,5.414989471E0,8.723288756E0
9.798891167E0,4.673281860E-1,5.220693512E0,6.603517914E0,8.430924339E0
9.808845167E0,1.393601990E-1,5.777385864E0,7.040010223E0,9.108202492E0
9.818799167E0,1.461710358E0,7.627688141E0,7.284302216E0,1.064797081E1
9.828752167E0,2.755020905E0,9.106612701E0,7.002737732E0,1.181350375E1
9.838706167E0,2.915636902E0,9.427245941E0,6.497238922E0,1.181473733E1
9.848660167E0,2.200274506E0,8.235124969E0,5.783672791E0,1.030093987E1
9.858613167E0,8.219407654E-1,7.150330811E0,5.220843201E0,8.891570224E0
9.868567167E0,-2.847079468E-1,6.442303162E0,5.872288513E0,8.721702874E0
9.878521167E0,-6.876699829E-1,6.132447510E0,7.090006256E0,9.399361211E0
9.888474167E0,-5.984555054E-1,6.512207794E0,7.800279236E0,1.017896633E1
9.898428167E0,-1.191522217E-1,7.067103882E0,8.597072296E0,1.112959148E1
9.908382167E0,6.494993591E-1,7.431296539E0,9.313632202E0,1.193271815E1
9.918335167E0,6.328839111E-1,7.727231140E0,8.828790436E0,1.174981633E1
9.928289167E0,-4.284091187E-1,7.854915619E0,7.266489258E0,1.070911294E1
9.938243167E0,-1.931732941E0,8.185128937E0,6.506070557E0,1.063282098E1
9.948196167E0,-3.387006683E0,7.887697449E0,7.027436371E0,1.109380220E1
9.958150167E0,-3.617527313E0,6.625522156E0,7.877668304E0,1.091062352E1
9.968104167E0,-2.493514709E0,5.992488556E0,8.343050537E0,1.057043173E1
9.978057167E0,-5.516029358E-1,4.919819183E0,6.885531464E0,8.480532420E0
9.988011167E0,1.826651459E0,5.158722382E0,5.374723206E0,7.670509872E0
9.997965167E0,2.822829895E0,6.803651733E0,4.913532257E0,8.854425152E0
1.000791917E1,1.900447998E0,7.466174011E0,3.823349304E0,8.600782340E0
1.001787217E1,6.527925110E-1,7.795040131E0,3.884871368E0,8.733900288E0
1.002782617E1,-1.658551025E-1,8.111033020E0,4.569248199E0,9.310982423E0
1.003778017E1,-8.436456299E-1,8.465346222E0,5.741161194E0,1.026327221E1
1.004773317E1,-1.133143616E0,8.511450348E0,6.890171814E0,1.100923563E1
1.005768717E1,-9.154962158E-1,8.232430573E0,7.204967194E0,1.097827849E1
1.006764117E1,-6.572831726E-1,7.819888458E0,7.019652557E0,1.052892201E1
1.007759417E1,-7.521858215E-1,7.604785767E0,6.797514496E0,1.022764652E1
1.008754817E1,-1.190624084E0,7.295678558E0,7.208559723E0,1.032510749E1
1.009750217E1,-2.043849792E0,7.258855133E0,7.449109497E0,1.059988359E1
1.010745517E1,-3.469485168E0,7.155569916E0,6.815028076E0,1.047301847E1
1.011740917E1,-4.783602448E0,6.662195892E0,6.423891449E0,1.041796947E1
1.012736617E1,-5.514831848E0,6.676416321E0,6.037544861E0,1.055650762E1
1.013731917E1,-5.468428345E0,6.652615814E0,5.854325867E0,1.041317133E1
1.014727317E1,-4.474495239E0,6.560407562E0,5.790558472E0,9.828052831E0
1.015722717E1,-3.012036438E0,6.958130493E0,6.036646729E0,9.691699912E0
1.016718017E1,-1.537003784E0,7.455396423E0,6.289620667E0,9.874444014E0
1.017713417E1,-8.738827515E-1,7.704328766E0,5.780529327E0,9.671342828E0
1.018708817E1,-1.484163666E0,8.120613098E0,5.142705688E0,9.725971451E0
1.019704117E1,-2.564018097E0,8.537496185E0,5.350773010E0,1.039681690E1
1.020699517E1,-3.429368591E0,8.818611603E0,6.236032104E0,1.133210377E1
1.021694917E1,-3.842958527E0,8.859326935E0,7.394323425E0,1.216273090E1
1.022690217E1,-3.469634857E0,8.742120667E0,6.670129395E0,1.153055358E1
1.023685617E1,-3.122207336E0,8.740025024E0,5.935457153E0,1.101661780E1
1.024681017E1,-2.889141998E0,8.412206726E0,5.577701111E0,1.049871960E1
1.025676317E1,-2.353256378E0,8.268206177E0,4.732408905E0,9.813090390E0
1.026671717E1,-1.939666443E0,7.991731110E0,4.082759857E0,9.181448692E0
1.027667117E1,-2.093995514E0,7.406298523E0,3.783831482E0,8.576447732E0
1.028662417E1,-2.625390472E0,6.834337921E0,3.908222809E0,8.299099679E0
1.029657817E1,-3.133284302E0,6.495742035E0,3.791315918E0,8.147773407E0
1.030653217E1,-3.388802948E0,6.311475220E0,3.557801514E0,7.998540897E0
1.031648517E1,-3.599265289E0,6.143674164E0,3.187770996E0,7.801366981E0
1.032643917E1,-3.691922607E0,5.941594391E0,2.999761963E0,7.611268507E0
1.033639317E1,-3.328179016E0,5.883964233E0,2.781515808E0,7.309900195E0
1.034634617E1,-2.986140289E0,5.668412476E0,2.422562256E0,6.849579674E0
1.035630017E1,-3.078947296E0,5.313500519E0,2.865042114E0,6.776552998E0
1.036625417E1,-3.003803558E0,5.550308075E0,3.858526154E0,7.397092647E0
1.037620717E1,-2.782863007E0,5.516777802E0,2.826572113E0,6.794753398E0
1.038616117E1,-2.565964050E0,5.225782928E0,2.883753204E0,6.496846255E0
1.039611517E1,-2.354753265E0,5.487887878E0,3.583997040E0,6.964683129E0
1.040606817E1,-2.232008514E0,6.180497589E0,3.966302032E0,7.675412971E0
1.041602217E1,-2.436034241E0,6.671326904E0,3.966751099E0,8.134862000E0
1.042597617E1,-3.044818268E0,7.174131317E0,4.019591217E0,8.769047382E0
1.043592917E1,-3.401825867E0,7.381599884E0,4.862488403E0,9.471231681E0
1.044588317E1,-3.249891815E0,7.597600708E0,5.727090454E0,1.005409859E1
1.045583717E1,-2.114502869E0,7.933202820E0,6.898404694E0,1.072356362E1
1.046579017E1,-1.124162292E0,8.077951813E0,7.699987793E0,1.121636565E1
1.047574417E1,-2.989882507E0,7.810308380E0,7.153923340E0,1.100540474E1
1.048569817E1,-3.606450348E0,8.213270416E0,6.557114410E0,1.111125755E1
1.049565217E1,-2.595003662E0,8.829239502E0,6.220614166E0,1.110790506E1
1.050560517E1,-1.481169891E0,8.941805420E0,6.750063171E0,1.130102213E1
1.051555917E1,-4.812492371E-1,8.342002716E0,6.622079315E0,1.066173272E1
1.052551317E1,-2.406994629E-1,7.605833588E0,6.341862030E0,9.905849525E0
1.053546617E1,-3.700305176E-1,6.977290649E0,6.197711792E0,9.339761177E0
1.054542017E1,-8.111631775E-1,6.374194794E0,7.904761963E0,1.018693313E1
1.055537417E1,-1.090482330E0,6.054609375E0,9.299561462E0,1.115030447E1
1.056532717E1,-8.463400269E-1,5.809568939E0,1.012389725E1,1.170302005E1
1.057528117E1,-1.717528381E0,6.351891174E0,1.142798538E1,1.318693577E1
1.058523517E1,-2.601589966E0,5.911656647E0,1.215562225E1,1.376499571E1
1.059518817E1,-3.017874298E0,6.105054474E0,1.135912857E1,1.324420844E1
1.060514217E1,-3.056493988E0,6.434070282E0,9.633516998E0,1.198098767E1
1.061509617E1,-2.236050110E0,6.247558136E0,7.802374878E0,1.024250733E1
1.062504917E1,-1.321901093E0,6.650370483E0,7.318880310E0,9.977016541E0
1.063500317E1,-1.078507233E0,7.171137543E0,6.329437866E0,9.625496102E0
1.064495717E1,-8.547225952E-1,7.351512451E0,6.126459961E0,9.607746754E0
1.065491017E1,-3.658392334E-1,6.830595703E0,6.114933929E0,9.175145392E0
1.066486417E1,1.580712891E-1,6.399941254E0,6.309678955E0,8.988675269E0
1.067481817E1,4.285588074E-1,6.331533508E0,6.214177551E0,8.881890669E0
1.068477117E1,1.838177490E-1,6.282884674E0,6.372099152E0,8.950534978E0
1.069472517E1,-4.553530884E-1,6.615193634E0,7.040758667E0,9.671629431E0
1.070467917E1,-1.287622375E0,5.479954376E0,7.058122559E0,9.028010046E0
1.071463217E1,-1.840871887E0,5.190456390E0,6.216273193E0,8.304920184E0
1.072458617E1,-1.955683136E0,6.026018829E0,5.788462830E0,8.581602495E0
1.073454017E1,-1.681603088E0,6.764582977E0,7.014114075E0,9.888638332E0
1.074449317E1,-1.011596375E0,7.112160187E0,1.061352905E1,1.281612846E1
1.075444717E1,3.094065857E-1,7.587721252E0,1.146286285E1,1.375014440E1
1.076440117E1,-2.544708252E-1,5.714815979E0,9.603728943E0,1.117834901E1
1.077435417E1,-8.387059021E-1,6.656058655E0,1.075797867E1,1.267835358E1
1.078430817E1,-7.493417358E-1,6.489604797E0,1.036100418E1,1.224854649E1
1.079426217E1,-6.869215393E-1,6.530769196E0,9.364975433E0,1.143790070E1
1.080421517E1,-6.411167908E-1,6.668333130E0,8.129295044E0,1.053390409E1
1.081416917E1,-6.333329773E-1,6.688541107E0,7.207062836E0,9.852890313E0
1.082412317E1,-5.279521179E-1,6.699318695E0,7.265591125E0,9.896889351E0
1.083407617E1,-4.062551880E-1,6.613247681E0,7.977959747E0,1.037053180E1
1.084403017E1,-4.412823486E-1,6.253395996E0,8.090825043E0,1.023528903E1
1.085398417E1,-3.505709839E-1,5.968388672E0,8.233777771E0,1.017544396E1
1.086393717E1,-1.122665405E-1,6.869365082E0,7.905809784E0,1.047390131E1
1.087389117E1,-2.366578674E-1,6.374494171E0,7.649542694E0,9.960205134E0
1.088384517E1,-1.059796143E-1,6.620881805E0,7.185208282E0,9.771106673E0
1.089379817E1,1.713935852E-1,5.441783752E0,7.316485291E0,9.119942060E0
1.090375217E1,5.972579956E-1,6.456224213E0,7.229366455E0,9.710987980E0
1.091370617E1,1.222058716E0,6.990762634E0,7.057224426E0,1.000842677E1
1.092365917E1,1.525328064E0,5.880371704E0,8.289911041E0,1.027754942E1
1.093361317E1,1.135838013E0,6.469696198E0,9.102720795E0,1.122526716E1
1.094356717E1,9.087602234E-1,9.245673523E0,8.939111023E0,1.289247959E1
1.095352017E1,1.075962524E0,1.047671356E1,6.812333679E0,1.254301051E1
1.096347417E1,6.908134460E-1,9.399104462E0,6.523135071E0,1.146174852E1
1.097342817E1,8.861572266E-2,8.440348206E0,5.595214691E0,1.012688294E1
1.098338117E1,-4.221221924E-1,7.660170593E0,4.480782166E0,8.884470129E0
1.099333517E1,-8.285270691E-1,7.256011047E0,4.448898468E0,8.551540855E0
1.100328917E1,-1.074016571E0,6.654262390E0,4.794829102E0,8.271826018E0
1.101324217E1,-1.211730194E0,6.520290985E0,5.385500793E0,8.543190469E0
1.102319617E1,-1.083596649E0,6.703360291E0,5.904172211E0,8.998248184E0
1.103315017E1,-5.584886169E-1,6.527476044E0,6.141578522E0,8.979913127E0
1.104310317E1,-3.977229309E-1,6.140680389E0,5.719905396E0,8.401396129E0
1.105305717E1,-9.156459045E-1,6.374643860E0,6.418203278E0,9.092184835E0
1.106301117E1,-1.678160248E0,6.912475433E0,7.701035614E0,1.048353414E1
1.107296417E1,-2.755469971E0,7.080875244E0,7.432044983E0,1.062857947E1
1.108291817E1,-3.412004700E0,7.035369873E0,7.222929840E0,1.064466631E1
1.109287217E1,-3.308719482E0,7.284751282E0,6.763684845E0,1.047676756E1
1.110282517E1,-3.097359009E0,7.707921295E0,6.201753387E0,1.036664983E1
1.111277917E1,-2.351310425E0,7.532935181E0,6.113287354E0,9.982287083E0
1.112273092E1,-1.001267853E0,6.922953644E0,5.478607178E0,8.885097696E0
1.113268492E1,-2.800675964E-1,6.408323822E0,4.234095154E0,7.685871053E0
1.114263792E1,-7.581733704E-1,6.214776306E0,3.582350464E0,7.213286785E0
1.115259192E1,-1.659149780E0,6.306535492E0,3.766766968E0,7.530849972E0
1.116254592E1,-2.690056000E0,6.080804901E0,4.579127655E0,8.073475064E0
1.117249892E1,-3.289709015E0,6.118975525E0,5.921536102E0,9.128452042E0
1.118245292E1,-3.335663452E0,6.774761810E0,6.253096619E0,9.804349319E0
1.119240592E1,-2.998414764E0,7.341932373E0,6.633455658E0,1.033911002E1
1.120235992E1,-3.111729126E0,7.187453613E0,6.778054962E0,1.035781718E1
1.121231392E1,-3.806135101E0,6.782545624E0,7.023993530E0,1.047979364E1
1.122226792E1,-4.395758972E0,6.831643524E0,7.747588806E0,1.122582658E1
1.123222092E1,-4.183200989E0,7.342231750E0,9.049730988E0,1.238164644E1
1.124217492E1,-3.555256805E0,8.568930817E0,9.553433533E0,1.331670074E1
1.125212892E1,-2.722239075E0,1.006477020E1,7.472910004E0,1.282788247E1
1.126208192E1,-2.432441711E0,1.059811111E1,8.309819641E0,1.368538762E1
1.127203592E1,-1.964814148E0,1.041354492E1,8.456813965E0,1.355802769E1
1.128198992E1,-1.013991394E0,9.507479095E0,4.958887939E0,1.077083594E1
1.129194292E1,-8.575666809E-1,8.230634308E0,4.561165009E0,9.448967560E0
1.130189692E1,-1.002764740E0,7.238347778E0,5.135670319E0,8.931647402E0
1.131185092E1,-1.020428009E0,6.557563477E0,4.804109802E0,8.192825097E0
1.132180392E1,-1.654509430E0,6.298003235E0,4.529580688E0,7.932171671E0
1.133175792E1,-2.247127075E0,6.356381836E0,5.113366699E0,8.461659952E0
1.134171192E1,-2.611170044E0,6.406677246E0,5.007686462E0,8.540529611E0
1.135166492E1,-2.468067627E0,6.482120361E0,4.430786133E0,8.230498645E0
1.136161892E1,-2.027084656E0,6.532116394E0,3.732637939E0,7.791675223E0
1.137157292E1,-1.545386353E0,6.295458527E0,2.738106079E0,7.036919918E0
1.138152592E1,-1.178798676E0,5.901477814E0,2.257156219E0,6.427422571E0
1.139147992E1,-1.048120422E0,5.656886444E0,2.441722412E0,6.249874319E0
1.140143392E1,-6.524931335E-1,5.725144501E0,2.951861572E0,6.474296378E0
1.141138692E1,-4.834945679E-1,5.910758514E0,2.904559937E0,6.603582485E0
1.142134092E1,-9.544152832E-1,6.026018829E0,3.175496521E0,6.878051295E0
1.143129492E1,-1.207239532E0,6.776408386E0,3.929777985E0,7.925925366E0
1.144124792E1,-4.505630493E-1,7.231162720E0,4.844525757E0,8.715626836E0
1.145120192E1,1.782792664E-1,8.043822784E0,5.492228851E0,9.741634680E0
1.146115592E1,5.749543762E-1,8.874595184E0,7.144942017E0,1.140785732E1
1.147110892E1,1.080902252E0,9.089847565E0,9.593699799E0,1.326019435E1
1.148106292E1,9.894424438E-1,9.015003204E0,1.044752426E1,1.383474041E1
1.149101692E1,7.541317749E-1,8.768465881E0,1.022658371E1,1.349213560E1
1.150096992E1,6.792874146E-1,8.404722290E0,8.994046783E0,1.232857111E1
1.151092392E1,5.119354248E-1,8.027955780E0,6.882388000E0,1.058666220E1
1.152087792E1,-2.161505127E-1,7.421566772E0,5.628595276E0,9.317052065E0
1.153083092E1,-5.454656982E-1,7.140151978E0,6.001918945E0,9.343571807E0
1.154078492E1,-1.278341675E-1,7.380402374E0,6.199058990E0,9.639243391E0
1.155073892E1,8.843609619E-1,7.668852539E0,6.559958496E0,1.013047131E1
1.156069192E1,1.673669586E0,8.100854187E0,7.854616241E0,1.140701559E1
1.157064592E1,1.533710632E0,8.530011749E0,9.246122589E0,1.267296933E1
1.158059992E1,-7.951464844E-1,9.834399261E0,1.004426285E1,1.407959101E1
1.159055292E1,-2.748284912E0,6.411317596E0,7.373067627E0,1.014988618E1
1.160050692E1,-3.029400330E0,5.866750031E0,1.002360580E1,1.200286198E1
1.161046092E1,-2.805615692E0,6.029162292E0,9.812095642E0,1.185324843E1
1.162041392E1,-2.557132416E0,5.569617920E0,8.923244019E0,1.082514913E1
1.163036792E1,-1.738185425E0,5.984255676E0,7.895780640E0,1.005862597E1
1.164032192E1,-5.773493958E-1,6.603068848E0,6.187383270E0,9.067390047E0
1.165027492E1,3.131488037E-1,7.238497467E0,5.730533295E0,9.237581913E0
1.166022892E1,6.001020813E-1,7.685767365E0,5.905519409E0,9.711143186E0
1.167018292E1,3.456312561E-1,7.153773651E0,5.600603485E0,9.091902871E0
1.168013592E1,3.899391174E-1,7.284302216E0,4.999004517E0,8.843254912E0
1.169008992E1,8.675958252E-1,7.424410858E0,5.227728882E0,9.121608870E0
1.170004392E1,1.010548553E0,7.218888245E0,5.398823090E0,9.070879043E0
1.170999692E1,8.023315430E-1,7.034322052E0,4.541106720E0,8.411127920E0
1.171995092E1,7.747888184E-1,7.428003387E0,3.371439056E0,8.194030348E0
1.172990492E1,1.115630035E0,7.387886810E0,5.344635773E0,9.186437473E0
1.173985792E1,1.497186584E0,6.967710571E0,9.068442078E0,1.153374180E1
1.174981192E1,1.055006104E0,6.778653717E0,1.084240311E1,1.283046723E1
1.175976592E1,-4.252656555E-1,7.074738007E0,1.311542633E1,1.490795682E1
1.176971892E1,-1.706900482E0,6.793173523E0,1.325418777E1,1.499113769E1
1.177967292E1,-1.866618347E0,6.562353516E0,1.077968353E1,1.275736355E1
1.178962692E1,-1.514101410E0,6.574927368E0,7.925868073E0,1.040872507E1
1.179957992E1,-3.492237854E-1,6.863976288E0,6.411167908E0,9.398893641E0
1.180953392E1,1.209634552E0,7.242389374E0,6.046526184E0,9.511881963E0
1.181948792E1,2.169288940E0,7.693102112E0,6.246210938E0,1.014419961E1
1.182944092E1,2.395169220E0,7.923473053E0,6.868167572E0,1.075592798E1
1.183939492E1,1.910177765E0,7.505691833E0,6.847809906E0,1.033811828E1
1.184934892E1,9.644444275E-1,6.754703522E0,6.759194183E0,9.604315630E0
1.185930192E1,8.202941895E-2,6.573280792E0,7.472011871E0,9.952171150E0
1.186925592E1,-6.818321228E-1,5.798641663E0,8.303832092E0,1.015099835E1
1.187920992E1,-1.802701263E0,4.680017853E0,8.749605103E0,1.008503289E1
1.188916292E1,-2.101479950E0,4.461322632E0,7.925568695E0,9.334573196E0
1.189911692E1,1.667532349E-1,7.293732605E0,6.463409271E0,9.746897012E0
1.190907092E1,2.222428436E0,8.737330627E0,6.747219086E0,1.126077706E1
1.191902392E1,2.543361053E0,8.840765533E0,7.924820251E0,1.214210018E1
1.192897792E1,2.325264587E0,7.985294495E0,7.800578613E0,1.140266681E1
1.193893192E1,1.597927094E0,7.403454437E0,7.100634155E0,1.038188393E1
1.194888492E1,6.738986206E-1,7.912545776E0,1.070558762E1,1.332937081E1
1.195883892E1,6.336323547E-1,8.663983154E0,1.001058289E1,1.325435263E1
1.196879292E1,6.810836792E-1,9.017098846E0,1.022897873E1,1.365298328E1
1.197874592E1,5.272036743E-1,9.110504608E0,1.007839188E1,1.359607373E1
1.198869992E1,-1.505868530E-1,9.192384338E0,9.393715668E0,1.314399103E1
1.199865392E1,-2.477348328E-1,7.397317200E0,9.074729004E0,1.171035357E1
1.200860692E1,1.213975525E-1,5.685027924E0,8.454868011E0,1.018916449E1
1.201856092E1,7.581733704E-1,4.596940613E0,6.710245972E0,8.169093637E0
1.202851492E1,2.739303589E-1,4.714745636E0,3.461551666E0,5.855442271E0
1.203846792E1,-1.977388000E-1,5.381608887E0,3.525019684E0,6.436348236E0
1.204842192E1,-5.370831299E-1,6.159241791E0,3.633244629E0,7.171135493E0
1.205837592E1,-7.273374939E-1,6.644532623E0,3.389401703E0,7.494456452E0
1.206832892E1,-5.357359314E-1,6.338269501E0,3.500770111E0,7.260582940E0
1.207828292E1,2.874023438E-2,6.461463318E0,5.071453857E0,8.214071977E0
1.208823692E1,4.556524658E-1,7.088209991E0,5.483846283E0,8.973455862E0
1.209818992E1,5.763015747E-1,7.871680756E0,5.559289398E0,9.654075825E0
1.210814392E1,3.559597778E-1,8.185128937E0,6.330485687E0,1.035365115E1
1.211809792E1,2.128573608E-1,7.800428925E0,6.115981750E0,9.914496076E0
1.212805096E1,5.957611084E-2,7.053781586E0,5.051096191E0,8.675998888E0
1.213800496E1,-5.584886169E-1,6.192772064E0,4.589456177E0,7.728223817E0
1.214795896E1,-2.045047302E0,5.204527130E0,5.761069794E0,8.028651586E0
1.215791196E1,-3.899391174E0,4.749623108E0,7.720495148E0,9.867634799E0
1.216786596E1,-4.737198944E0,4.732259216E0,7.040010223E0,9.715815718E0
1.217781996E1,-4.447551270E0,5.010380859E0,5.704637146E0,8.799290518E0
1.218777296E1,-3.316054230E0,5.240751801E0,6.697672119E0,9.128006732E0
1.219772696E1,-2.053878937E0,5.500461731E0,7.129374390E0,9.235879878E0
1.220768096E1,-1.112037506E0,6.402186584E0,8.064928894E0,1.035701205E1
1.221763396E1,-4.623884583E-1,7.400760040E0,9.593400421E0,1.212511377E1
1.222758796E1,-3.423381042E-1,7.757468262E0,1.161584473E1,1.397223525E1
1.223754196E1,-7.813751221E-1,7.724985809E0,1.162587387E1,1.398023233E1
1.224749496E1,-2.225272522E0,7.426955566E0,9.473649445E0,1.224179483E1
1.225744896E1,-2.732717285E0,7.545658722E0,7.147935791E0,1.074698541E1
1.226740296E1,-2.601440277E0,7.899522858E0,6.173312531E0,1.035759337E1
1.227735596E1,-2.860252075E0,7.790549469E0,6.826554108E0,1.074595477E1
1.228730996E1,-2.702031097E0,7.423812103E0,6.695875854E0,1.035609539E1
1.229726396E1,-2.553390198E0,7.323520660E0,5.936804352E0,9.767261759E0
1.230721696E1,-2.341131592E0,7.317383423E0,5.354964294E0,9.364861979E0
1.231717096E1,-1.907483368E0,7.451803894E0,4.704117737E0,9.016462597E0
1.232712496E1,-1.782044220E0,7.556286621E0,3.779640198E0,8.634745458E0
1.233707796E1,-1.802701263E0,7.823181610E0,3.410657501E0,8.722642200E0
1.234703196E1,-1.783990173E0,7.698790283E0,3.429518280E0,8.614846975E0
1.235698596E1,-1.772164764E0,7.558082886E0,4.020489349E0,8.742397810E0
1.236693896E1,-2.026336212E0,7.691904602E0,5.368436279E0,9.596433866E0
1.237689296E1,-2.612517242E0,7.472460938E0,5.368585968E0,9.564760013E0
1.238684696E1,-2.817141724E0,7.105124817E0,4.676425323E0,8.960359366E0
1.239679996E1,-2.227368164E0,7.292834473E0,4.568050690E0,8.888964545E0
1.240675396E1,-1.222058716E0,7.527396698E0,3.290607147E0,8.305614002E0
1.241670796E1,-7.367678833E-1,7.678282928E0,3.448528748E0,8.449331699E0
1.242666096E1,-3.562591553E-1,8.123756561E0,5.325026550E0,9.719992233E0
1.243661496E1,4.778063965E-1,8.431067505E0,5.326822815E0,9.984299651E0
1.244656896E1,1.058149567E0,9.178463287E0,4.871020660E0,1.044464988E1
1.245652196E1,1.861079865E0,9.398655396E0,5.905968475E0,1.125516793E1
1.246647596E1,2.187101898E0,9.145831146E0,5.896089020E0,1.109925708E1
1.247642996E1,1.986369324E0,8.486901398E0,6.098019104E0,1.063762170E1
1.248638296E1,1.395398254E0,8.014483795E0,7.284900970E0,1.092011305E1
1.249633696E1,3.891906738E-3,8.793314209E0,8.072862396E0,1.193706401E1
1.250628996E1,-9.481283569E-1,7.108717346E0,5.541925507E0,9.063429153E0
1.251624396E1,-1.046024780E0,5.703739014E0,8.341104584E0,1.015878104E1
1.252619796E1,6.047424316E-2,6.182593231E0,1.125958557E1,1.284548105E1
1.253615096E1,1.022523651E0,6.646478577E0,1.193752579E1,1.370130483E1
1.254610496E1,7.806266785E-1,6.646777954E0,1.130149841E1,1.313441668E1
1.255605896E1,-3.071612549E-1,5.971083069E0,1.078013260E1,1.232718297E1
1.256601196E1,-1.198258209E0,5.629194031E0,8.757538605E0,1.047941461E1
1.257596596E1,-1.083896027E0,5.675447845E0,7.199279022E0,9.231205625E0
1.258591996E1,-9.536668396E-1,6.028713226E0,5.841602325E0,8.448620085E0
1.259587296E1,-1.435514832E0,6.097270660E0,4.916675720E0,7.963109473E0
1.260582696E1,-8.277786255E-1,6.497687988E0,4.602179718E0,8.005324778E0
1.261578096E1,1.149160309E0,7.320377197E0,7.401358795E0,1.047323273E1
1.262573396E1,9.684860229E-1,7.115303650E0,1.139625137E1,1.346996869E1
1.263568796E1,-3.236270142E-1,6.546336823E0,1.297756302E1,1.453878957E1
1.264564196E1,-7.955955505E-1,6.268065491E0,1.178110107E1,1.336846887E1
1.265559496E1,-8.539741516E-1,5.994434509E0,9.944869537E0,1.164315022E1
1.266554896E1,-9.003776550E-1,5.359005890E0,9.353599091E0,1.081755240E1
1.267550296E1,-1.106499023E0,4.720134430E0,1.024768982E1,1.133662894E1
1.268545596E1,-1.663790131E0,3.586691437E0,1.067864365E1,1.138709722E1
1.269540996E1,-1.696272583E0,3.543132019E0,1.054063065E1,1.124882303E1
1.270536396E1,-1.579665070E0,3.437152405E0,9.453142090E0,1.018190816E1
1.271531696E1,-2.098486176E0,3.041076050E0,7.583679657E0,8.435874875E0
1.272527096E1,-2.085463257E0,3.445085907E0,6.873107300E0,7.966013925E0
1.273522496E1,-1.593586121E0,4.082759857E0,7.426356812E0,8.623179244E0
1.274517796E1,-8.683442688E-1,4.744982758E0,7.440427551E0,8.867290752E0
1.275513196E1,-1.007405090E-1,5.101092224E0,7.746091919E0,9.275409993E0
1.276508596E1,8.390052795E-1,5.202730865E0,8.841364288E0,1.029281598E1
1.277503896E1,1.598825226E0,5.151986389E0,8.831933899E0,1.034902228E1
1.278499296E1,2.604434052E0,4.935386810E0,9.275611267E0,1.082488264E1
1.279494696E1,2.367027740E0,4.879253540E0,1.015697845E1,1.151408471E1
1.280489996E1,1.741478577E0,4.432881775E0,1.098026642E1,1.196868577E1
1.281485396E1,1.703607330E0,4.144880676E0,1.135254227E1,1.220502067E1
1.282480796E1,1.757794647E0,4.733606415E0,1.024260040E1,1.141962060E1
1.283476096E1,2.220931549E0,5.769452362E0,8.836873627E0,1.078468604E1
1.284471496E1,2.650687866E0,6.347699890E0,6.459367676E0,9.436253008E0
1.285466896E1,2.327509918E0,6.585704956E0,3.044967957E0,7.619753411E0
1.286462196E1,2.147883453E0,6.890471191E0,4.005520477E0,8.254464905E0
1.287457596E1,2.980452118E0,6.329288177E0,4.561314697E0,8.351561257E0
1.288452996E1,3.202739868E0,5.867049408E0,4.649631042E0,8.142412434E0
1.289448296E1,2.525248718E0,5.444777527E0,5.332660675E0,8.028683160E0
1.290443696E1,8.053253174E-1,4.860243073E0,6.436614990E0,8.105585983E0
1.291439096E1,-1.137783966E0,4.391867065E0,7.164850616E0,8.480455945E0
1.292434396E1,-2.689157867E0,5.009482727E0,8.807085571E0,1.048290244E1
1.293429796E1,-3.668870544E0,4.912035370E0,1.047207321E1,1.213478553E1
1.294425196E1,-3.034789124E0,3.225193176E0,1.247939896E1,1.324187352E1
1.295420496E1,-3.032843170E0,2.833308105E0,1.176224030E1,1.247301364E1
1.296415896E1,-4.506828003E0,3.237467651E0,1.009021729E1,1.151543227E1
1.297411296E1,-4.112847290E0,3.592828674E0,1.153171967E1,1.275948624E1
1.298406596E1,-2.332299957E0,4.568200378E0,1.083476898E1,1.198750586E1
1.299401996E1,-2.105371857E0,4.711901550E0,1.177855637E1,1.285958774E1
1.300397396E1,-1.592388611E0,5.598208466E0,1.248703308E1,1.377685141E1
1.301392696E1,1.124162292E-1,7.189100189E0,1.077070221E1,1.295005116E1
1.302388096E1,-1.761087799E0,5.847589874E0,9.525890808E0,1.131540248E1
1.303383496E1,-4.154760132E0,8.543184357E0,1.104942261E1,1.457181425E1
1.304378796E1,-5.629643097E0,9.372310181E0,1.241638000E1,1.654386811E1
1.305374196E1,-6.391558685E0,8.859776001E0,1.313219147E1,1.708221607E1
1.306369596E1,-6.625222778E0,1.033765274E1,1.356838440E1,1.829922666E1
1.307364896E1,-4.190835114E0,8.671617279E0,1.357167755E1,1.664182913E1
1.308360296E1,2.816243591E0,4.534819794E0,1.008632538E1,1.141182624E1
1.309355696E1,3.969445496E0,6.581363983E0,8.248147888E0,1.127398745E1
1.310350996E1,3.643872528E0,6.034850464E0,7.284900970E0,1.013740644E1
1.311346396E1,2.445165253E0,5.151986389E0,4.307742004E0,7.146918080E0
1.312341767E1,1.583107910E0,5.954018555E0,2.578687592E0,6.678787113E0
1.313337067E1,1.683848419E0,6.374793549E0,2.919977875E0,7.211075445E0
1.314332467E1,1.096769257E0,5.423821106E0,3.522924042E0,6.559857620E0
1.315327867E1,-5.611830139E-1,4.206851807E0,3.284170532E0,5.366405183E0
1.316323167E1,-2.264191589E0,3.471880188E0,3.228785706E0,5.254100563E0
1.317318567E1,-3.110531616E0,3.378324738E0,3.503015442E0,5.775777190E0
1.318313967E1,-3.216511230E0,3.512595520E0,3.619473267E0,5.982044676E0
1.319309267E1,-2.887495422E0,3.706442413E0,3.738775177E0,6.004480411E0
1.320304667E1,-2.572550354E0,4.047882385E0,3.529061279E0,5.954631865E0
1.321300067E1,-2.308948517E0,4.151017914E0,3.687431946E0,6.013264282E0
1.322295367E1,-2.605481873E0,4.416416016E0,3.730991364E0,6.341416464E0
1.323290767E1,-3.454516296E0,4.753215637E0,3.381168823E0,6.779310020E0
1.324286167E1,-3.645968170E0,3.561693420E0,3.736230469E0,6.319664709E0
1.325281467E1,-2.536175995E0,3.088976440E0,4.476141815E0,6.000817417E0
1.326276867E1,-2.068997498E0,5.265899506E0,3.832480316E0,6.833619365E0
1.327272267E1,-1.413660278E0,6.807992706E0,3.441493378E0,7.758290839E0
1.328267567E1,2.600093079E-1,7.639812927E0,4.168681183E0,8.707022982E0
1.329262967E1,1.980082397E0,9.383836212E0,6.112389221E0,1.137270462E1
1.330258367E1,3.981270905E0,7.433691559E0,9.173074493E0,1.246015987E1
1.331253667E1,3.975433044E0,6.127657471E0,1.004141876E1,1.241701835E1
1.332249067E1,2.073338470E0,7.034471741E0,1.021625519E1,1.257594510E1
1.333244467E1,9.545649719E-1,7.024143219E0,1.153291718E1,1.353728041E1
1.334239767E1,-9.839039612E-1,5.142556000E0,6.731052704E0,8.527662031E0
1.335235167E1,-3.624712372E0,5.893095245E0,7.985893250E0,1.056605898E1
1.336230567E1,-4.379143524E0,6.678062897E0,1.145238464E1,1.396175261E1
1.337225867E1,-5.421875153E0,6.350094910E0,1.162557449E1,1.431343487E1
1.338221267E1,-6.566245422E0,6.398144989E0,9.195677490E0,1.298508078E1
1.339216667E1,-6.066285095E0,7.117998047E0,7.806416473E0,1.218219394E1
1.340211967E1,-4.223766632E0,8.196056213E0,7.750732269E0,1.204530584E1
1.341207367E1,-2.604134674E0,9.008267212E0,7.510332184E0,1.201397041E1
1.342202767E1,-2.098935242E0,9.007069702E0,7.170987854E0,1.170281592E1
1.343198067E1,-1.751807098E0,8.886570282E0,7.295528870E0,1.163033538E1
1.344193467E1,-8.643026733E-1,8.313262482E0,9.271719360E0,1.248287355E1
1.345188867E1,3.219804382E-1,7.445067902E0,1.000190094E1,1.247279960E1
1.346184167E1,4.631369019E-1,6.368955688E0,1.047955765E1,1.227188742E1
1.347179567E1,-1.860630798E-1,5.475613403E0,1.103834564E1,1.232323156E1
1.348174967E1,-7.200027466E-2,5.412145386E0,1.016116974E1,1.151285682E1
1.349170267E1,6.391708374E-1,5.791007538E0,1.004995102E1,1.161661840E1
1.350165667E1,1.064286804E-1,5.869444427E0,1.031579819E1,1.186917845E1
1.351161067E1,-9.017248535E-1,5.600902863E0,1.045500870E1,1.189497488E1
1.352156367E1,-1.265318756E0,5.790259094E0,9.843979340E0,1.149052049E1
1.353151767E1,-1.482666779E0,5.589676208E0,1.002510269E1,1.157348110E1
1.354147167E1,-2.118544464E0,5.575605469E0,1.091664871E1,1.243980812E1
1.355142467E1,-2.906655579E0,5.334906006E0,1.327709015E1,1.460106132E1
1.356137867E1,-3.926185455E0,5.176834717E0,1.421024963E1,1.562516383E1
1.357133267E1,-4.264182587E0,5.989345093E0,1.507515106E1,1.677246813E1
1.358128567E1,-3.412902832E0,7.190597076E0,1.549742294E1,1.742190317E1
1.359123967E1,-2.699935455E0,7.605683899E0,1.098236206E1,1.362895284E1
1.360119267E1,-2.409090271E0,8.623267822E0,8.171656952E0,1.212189924E1
1.361114667E1,-1.503623199E0,9.766290894E0,6.922953644E0,1.206518163E1
1.362110067E1,2.040257263E-1,9.432335358E0,6.987918549E0,1.174059549E1
1.363105367E1,2.487377472E0,9.437724152E0,6.808591461E0,1.190019334E1
1.364100767E1,3.988006897E0,9.138646088E0,7.114555206E0,1.224891616E1
1.365096167E1,4.846172333E0,8.430917816E0,8.765621796E0,1.309205434E1
1.366091467E1,3.502566376E0,6.683152313E0,1.202314774E1,1.419466722E1
1.367086867E1,1.751956787E0,5.755082245E0,1.411953827E1,1.534769315E1
1.368082267E1,-7.975415039E-1,6.069129181E0,1.472832230E1,1.594972975E1
1.369077567E1,-4.370760956E0,6.454727325E0,1.438209229E1,1.635883965E1
1.370072967E1,-9.519903259E0,9.492061157E0,9.224268036E0,1.630383096E1
1.371068367E1,-1.054916290E1,1.457578949E1,7.346872101E0,1.943489148E1
1.372063667E1,-8.126600647E0,1.755085281E1,1.026759842E1,2.189743478E1
1.373059067E1,-6.111940155E0,1.749082764E1,1.112471603E1,2.161120475E1
1.374054467E1,-4.656516724E0,1.553843765E1,1.004755600E1,1.908086933E1
1.375049767E1,-2.403402100E0,1.266246826E1,1.106484055E1,1.698661651E1
1.376045167E1,3.014730835E-1,8.879534912E0,1.194770462E1,1.488907895E1
1.377040567E1,1.199156342E0,7.341483307E0,1.167003204E1,1.383925580E1
1.378035867E1,9.286688232E-1,7.198081512E0,1.031714539E1,1.261420993E1
1.379031267E1,3.553610229E-1,6.508615265E0,8.569379883E0,1.076673700E1
1.380026667E1,-9.773176575E-1,6.011349335E0,7.454797668E0,9.626291025E0
1.381021967E1,-1.556313629E0,5.426515503E0,6.079757080E0,8.296543182E0
1.382017367E1,-2.354753265E0,5.621410217E0,4.461771698E0,7.553312019E0
1.383012767E1,-3.312761078E0,6.308331757E0,3.467539215E0,7.924220070E0
1.384008067E1,-3.072660370E0,6.614445190E0,3.973038025E0,8.305248827E0
1.385003467E1,-2.733465729E0,6.415808258E0,3.528163147E0,7.815520820E0
1.385998867E1,-2.021845551E0,6.360124054E0,2.593506775E0,7.159980084E0
1.386994167E1,-1.235231323E0,6.301595764E0,1.996099091E0,6.724605355E0
1.387989567E1,-8.807684326E-1,6.183940430E0,1.693877563E0,6.471946652E0
1.388984967E1,-1.204395447E0,5.976920929E0,1.279539185E0,6.229877423E0
1.389980267E1,-1.803000641E0,5.437592468E0,1.275198212E0,5.868931218E0
1.390975667E1,-1.908381500E0,5.068160706E0,2.754721527E0,6.075908457E0
1.391971067E1,-1.813927917E0,5.543871460E0,3.152294769E0,6.630370093E0
1.392966367E1,-1.847308502E0,6.262377319E0,2.247426453E0,6.905131719E0
1.393961767E1,-2.049238586E0,6.448739777E0,2.203867035E0,7.116365182E0
1.394957167E1,-1.678459625E0,6.151757355E0,1.957479401E0,6.670312652E0
1.395952467E1,-6.384223938E-1,5.713169403E0,1.590292969E0,5.964639093E0
1.396947867E1,9.090596008E-1,5.318739624E0,2.510279846E-1,5.401703027E0
1.397943267E1,2.502945099E0,5.217699738E0,-8.565188599E-1,5.850021306E0
1.398938567E1,3.548820190E0,5.404660950E0,-1.775757294E0,6.705057695E0
1.399933967E1,3.990102539E0,5.602250061E0,-1.862127686E0,7.125562682E0
1.400929367E1,3.913761292E0,5.687872009E0,-6.487509155E-1,6.934716518E0
1.401924667E1,3.014281769E0,5.851930847E0,1.074166260E0,6.669694324E0
1.402920067E1,1.650767212E0,6.361321564E0,2.744093628E0,7.121902433E0
1.403915467E1,2.963836670E-1,7.213050385E0,3.122207336E0,7.865374612E0
1.404910767E1,-9.635462952E-1,8.085885315E0,2.198927307E0,8.434764021E0
1.405906167E1,-2.134860535E0,8.948691101E0,4.051474915E0,1.005242015E1
1.406901567E1,-2.888094177E0,9.535021820E0,6.537654877E0,1.191631908E1
1.407896867E1,-3.397933960E0,9.835147705E0,7.598349152E0,1.288452542E1
1.408892267E1,-3.137325897E0,1.003737717E1,7.014263763E0,1.264087221E1
1.409887667E1,-2.207010498E0,9.217681732E0,6.173462219E0,1.131141846E1
1.410882967E1,-1.520088959E0,8.209228821E0,6.063890076E0,1.031856924E1
1.411878367E1,-1.317560120E0,7.338938599E0,6.588549042E0,9.950123763E0
1.412873754E1,-1.118174744E0,6.364614716E0,6.934180298E0,9.478475175E0
1.413869054E1,-9.024732971E-1,5.313350830E0,7.060367889E0,8.882282918E0
1.414864454E1,-7.406597900E-1,4.687352600E0,7.076234894E0,8.520149740E0
1.415859854E1,-4.137396240E-1,4.560715942E0,7.145091705E0,8.486674606E0
1.416855154E1,3.474275208E-1,4.868775330E0,6.894662476E0,8.447606155E0
1.417850554E1,1.457070007E0,5.065017242E0,7.100334778E0,8.842635729E0
1.418845954E1,2.463427277E0,5.525609436E0,8.560248871E0,1.048230386E1
1.419841254E1,3.181933136E0,5.008434906E0,8.934171295E0,1.072513568E1
1.420836654E1,2.651136932E0,4.068539429E0,8.709638214E0,9.971927494E0
1.421832054E1,1.385818176E0,3.447480927E0,8.920848999E0,9.663703411E0
1.422827354E1,1.694476318E-1,2.833308105E0,9.014254761E0,9.450562746E0
1.423822754E1,-1.000818787E0,2.396815796E0,8.423283691E0,8.814651006E0
1.424818154E1,-1.030756531E0,1.685644684E0,7.719147949E0,7.968004900E0
1.425813454E1,-6.982978821E-1,1.038690033E0,6.835535431E0,6.949175602E0
1.426808854E1,-9.663903809E-1,1.494192810E0,5.581892395E0,5.858672651E0
1.427804254E1,-1.126257935E0,1.549427948E0,6.576723633E0,6.849998368E0
1.428799554E1,-1.063987427E0,1.212029572E0,8.901389465E0,9.046315236E0
1.429794954E1,-1.851499786E0,1.687440948E0,1.149609375E1,1.176586928E1
1.430790254E1,-2.214794312E0,2.217339020E0,1.343665833E1,1.379730746E1
1.431785654E1,-1.945953369E0,1.920805664E0,1.348515747E1,1.375956761E1
1.432781054E1,-8.306227112E-1,1.689835968E0,1.239841736E1,1.254058343E1
1.433776354E1,6.677613831E-1,1.814077606E0,1.062116318E1,1.079564218E1
1.434771754E1,1.960473175E0,2.517165527E0,7.144193573E0,7.824262213E0
1.435767154E1,3.078498230E0,3.904181213E0,3.107837219E0,5.863312586E0
1.436762454E1,4.397255859E0,5.010530548E0,-1.145867157E0,6.764191527E0
1.437757854E1,5.237308960E0,4.738546143E0,-7.203021240E-1,7.099440812E0
1.438753254E1,3.835773468E0,5.620811462E0,7.366631012E0,1.002865555E1
1.439748554E1,2.464325409E0,8.232131195E0,1.097817078E1,1.394134561E1
1.440743954E1,2.655477905E0,8.492589569E0,9.411828003E0,1.295214835E1
1.441739354E1,2.317031708E0,6.474635925E0,7.307803345E0,1.003461688E1
1.442734654E1,1.316063232E0,5.669011230E0,6.035449219E0,8.384292340E0
1.443730054E1,5.530998230E0,1.676573547E1,1.135044662E1,2.098843648E1
1.444725454E1,1.619152954E1,3.518807602E1,9.418414307E0,3.986317663E1
1.445720754E1,8.536598053E0,1.506587036E1,-1.196776291E1,2.104949655E1
1.446716154E1,-2.814447327E0,-6.281537476E0,3.233575745E0,7.604922019E0
1.447711554E1,-7.161407776E0,-1.307186691E1,1.520073990E1,2.128901030E1
1.448706854E1,-4.085753632E0,-8.023614807E0,1.612581619E1,1.846926434E1
1.449702254E1,2.631527710E0,1.378932495E0,1.076755875E1,1.116990216E1
1.450697654E1,3.540737000E0,4.103716278E0,6.837331696E0,8.725045015E0
1.451692954E1,1.893861694E0,5.651198273E0,5.434598694E0,8.065830211E0
1.452688354E1,3.677253113E0,1.001627106E1,3.619772644E0,1.126723703E1
1.453683754E1,2.139650574E0,5.753285980E0,-3.839515686E-1,6.150270153E0
1.454679054E1,-3.102598114E0,-7.459737396E0,5.557942200E-1,8.098314905E0
1.455674454E1,-5.942642212E-1,-8.496182098E0,3.925437012E0,9.378023030E0
1.456669854E1,9.231303406E-1,-3.775149536E0,5.609135742E0,6.823952478E0
1.457665154E1,2.388283539E0,2.478545837E0,6.995253296E0,7.796194995E0
1.458660554E1,1.972298584E0,5.652395782E0,7.268435211E0,9.416458475E0
1.459655954E1,9.279203796E-1,8.620423737E0,7.432643738E0,1.142002340E1
1.460651254E1,6.541397095E-2,9.877359924E0,6.296506348E0,1.171377438E1
1.461646654E1,-7.812254333E-1,8.502019958E0,5.103038177E0,9.946640397E0
1.462642054E1,-2.243983612E0,7.559430084E0,3.413651276E0,8.592639913E0
1.463637354E1,-4.288581848E0,7.054979095E0,1.425934753E0,8.378421941E0
1.464632754E1,-5.560037842E0,6.806346130E0,1.122066650E0,8.859988827E0
1.465628054E1,-5.046605530E0,6.930587769E0,4.605772247E0,9.732132972E0
1.466623454E1,-2.586920471E0,6.547234955E0,1.128937363E1,1.330445038E1
1.467618854E1,6.248007202E-1,7.244634705E0,1.523202484E1,1.687867556E1
1.468614154E1,2.784958649E0,7.576045532E0,1.508083923E1,1.710509201E1
1.469609554E1,2.753973083E0,7.531288605E0,1.312740143E1,1.538289128E1
1.470604954E1,1.945953369E-1,8.294401703E0,9.552236023E0,1.265227964E1
1.471600254E1,-2.790347443E0,8.961414642E0,7.793543243E0,1.219968473E1
1.472595654E1,-4.846471710E0,8.812773743E0,7.219187622E0,1.238022371E1
1.473591054E1,-5.388793945E0,8.246651001E0,7.967331848E0,1.266983542E1
1.474586354E1,-4.169579315E0,7.215445404E0,8.049061890E0,1.158600196E1
1.475581754E1,-1.751358032E0,6.575226746E0,7.039411469E0,9.790514570E0
1.476577154E1,2.305206299E-1,6.978637848E0,5.774990845E0,9.061183434E0
1.477572454E1,1.205443268E0,7.537575531E0,4.134701843E0,8.681238258E0
1.478567854E1,7.840695190E-1,7.944130096E0,2.951562195E0,8.510915779E0
1.479563254E1,-6.216572571E-1,8.701854401E0,4.520898743E0,9.825846182E0
1.480558554E1,-2.445764008E0,1.113294891E1,7.077731781E0,1.341710104E1
1.481553954E1,-4.115541687E0,1.350491638E1,7.628436584E0,1.604722701E1
1.482549354E1,-6.170169067E0,1.544458282E1,6.683451691E0,1.792413600E1
1.483544654E1,-6.746320953E0,1.465916611E1,6.121819611E0,1.725921993E1
1.484540054E1,-6.220464478E0,1.274374924E1,4.509223022E0,1.488053814E1
1.485535454E1,-5.661377106E0,1.214768875E1,3.948189697E0,1.397160458E1
1.486530754E1,-3.664379883E0,1.131302444E1,4.846322021E0,1.284130208E1
1.487526154E1,-1.740430756E0,1.168365372E1,5.465284882E0,1.301561379E1
1.488521554E1,-1.098565521E0,1.121961868E1,6.112089844E0,1.282358498E1
1.489516854E1,-9.033714294E-1,9.150621185E0,5.375321960E0,1.065101095E1
1.490512254E1,-6.994953918E-1,7.509733429E0,5.402864685E0,9.277733386E0
1.491507654E1,-7.454498291E-1,7.703430634E0,5.812113647E0,9.678801787E0
1.492502954E1,-1.413061523E-1,8.831784210E0,5.211562500E0,1.025576733E1
1.493498354E1,6.598278809E-1,9.619595947E0,5.044958954E0,1.088226125E1
1.494493654E1,7.598199463E-1,9.965376892E0,5.861510925E0,1.158634426E1
1.495489054E1,-2.315684509E-1,9.242530060E0,5.831573181E0,1.093093004E1
1.496484454E1,-1.308578796E0,8.009095001E0,5.637726288E0,9.881393571E0
1.497479754E1,-1.784738617E0,7.056176605E0,5.653742981E0,9.216275273E0
1.498475154E1,-2.098186798E0,6.940916290E0,6.004763031E0,9.414663342E0
1.499470554E1,-2.219284973E0,7.734416199E0,5.910908203E0,9.984250373E0
1.500465854E1,-2.057770844E0,8.665330353E0,5.753585358E0,1.060311819E1
1.501461254E1,-1.970053253E0,9.207802277E0,5.701194305E0,1.100764957E1
1.502456654E1,-2.294877777E0,9.620344391E0,5.513035583E0,1.132303191E1
1.503451954E1,-2.758613434E0,1.020353165E1,5.098248138E0,1.173516682E1
1.504447354E1,-3.091521149E0,1.066247726E1,3.989354095E0,1.179664658E1
1.505442754E1,-3.012784882E0,1.076007431E1,2.964884491E0,1.156056279E1
1.506438054E1,-2.610271912E0,1.038465500E1,2.802621918E0,1.106839051E1
1.507433454E1,-2.279759216E0,1.019335281E1,2.653681641E0,1.077700190E1
1.508428854E1,-1.671274567E0,9.683662720E0,2.694396973E0,1.018951703E1
1.509424154E1,-9.562115479E-1,9.014554138E0,2.910547485E0,9.520914531E0
1.510419554E1,-2.924917603E-1,8.671467590E0,3.297492828E0,9.281883459E0
1.511414954E1,2.725831604E-1,8.494685211E0,3.703897705E0,9.271075268E0
1.512410271E1,6.327342224E-1,8.462202759E0,3.853287048E0,9.319712936E0
1.513405671E1,6.661148071E-1,8.529263306E0,4.040847015E0,9.461526625E0
1.514400971E1,3.138972473E-1,8.577912140E0,4.220623169E0,9.565185210E0
1.515396371E1,-1.457968140E-1,8.387059021E0,4.319567413E0,9.435183007E0
1.516391771E1,-5.219645691E-1,8.074808350E0,4.394711151E0,9.208065106E0
1.517387071E1,-8.276289368E-1,7.665260010E0,4.555925903E0,8.955313591E0
1.518382471E1,-1.175655212E0,7.291487274E0,4.603227539E0,8.702738398E0
1.519377871E1,-1.468745728E0,7.049440613E0,4.555476837E0,8.520809596E0
1.520373171E1,-1.646725616E0,6.895410919E0,4.478387146E0,8.385365134E0
1.521368571E1,-1.739532623E0,6.913672943E0,4.058360596E0,8.203361386E0
1.522363971E1,-1.654359741E0,7.107070770E0,4.024081879E0,8.333102427E0
1.523359271E1,-1.731449432E0,7.291187897E0,4.275858307E0,8.627995268E0
1.524354671E1,-2.047442322E0,7.323221283E0,4.176464996E0,8.675508624E0
1.525350071E1,-2.483784943E0,7.414830780E0,4.353397064E0,8.949914476E0
1.526345371E1,-2.960992584E0,7.878865814E0,4.779860229E0,9.679414622E0
1.527340771E1,-3.446283417E0,8.282276917E0,5.003195801E0,1.027156018E1
1.528336171E1,-3.809278564E0,8.383765869E0,5.095404053E0,1.052431831E1
1.529331471E1,-3.857029266E0,8.123906250E0,5.150938568E0,1.036372016E1
1.530326871E1,-3.630101166E0,7.739655304E0,4.871320038E0,9.839189886E0
1.531322271E1,-2.971919861E0,7.743846588E0,4.445904694E0,9.410926425E0
1.532317571E1,-2.000889130E0,8.190368042E0,4.627028046E0,9.617435963E0
1.533312971E1,-1.450483704E0,8.637637939E0,4.764142914E0,9.970443814E0
1.534308371E1,-1.225052490E0,9.081914063E0,4.883594513E0,1.038419048E1
1.535303671E1,-1.300495605E0,9.235195312E0,5.021308136E0,1.059215071E1
1.536299071E1,-1.663490753E0,9.258397064E0,4.593348083E0,1.046823597E1
1.537294471E1,-2.082020416E0,9.319320374E0,3.639232178E0,1.021902892E1
1.538289771E1,-2.515219574E0,8.598269806E0,2.324067078E0,9.255153210E0
1.539285171E1,-2.531236267E0,7.898175659E0,8.304730225E-1,8.335347697E0
1.540280471E1,-2.114652557E0,7.421417084E0,1.769320679E-1,7.718840063E0
1.541275871E1,-1.814227295E0,7.239245911E0,1.394649811E0,7.592308616E0
1.542271271E1,-1.930834808E0,7.272327118E0,3.443589020E0,8.274851667E0
1.543266571E1,-2.261197815E0,7.725734253E0,5.411696320E0,9.699816615E0
1.544261971E1,-2.315385132E0,8.026009827E0,6.616989899E0,1.065656593E1
1.545257371E1,-2.099533997E0,8.350085907E0,7.291786652E0,1.128282457E1
1.546252671E1,-1.952240295E0,8.596473541E0,7.771838379E0,1.175210923E1
1.547248071E1,-2.033221893E0,8.645870819E0,7.895032196E0,1.188345938E1
1.548243471E1,-2.161056061E0,8.630752258E0,7.303013306E0,1.151060603E1
1.549238771E1,-2.203268280E0,8.363258514E0,6.071973267E0,1.056727701E1
1.550234171E1,-2.160606995E0,7.737559662E0,4.746779022E0,9.331128720E0
1.551229571E1,-1.950144653E0,7.300468597E0,4.177063751E0,8.634104904E0
1.552224871E1,-1.708097992E0,7.257208557E0,4.246070251E0,8.579847748E0
1.553220271E1,-1.537452850E0,7.531737671E0,4.527035980E0,8.921036284E0
1.554215671E1,-1.461410980E0,7.988288269E0,4.637356567E0,9.351660144E0
1.555210971E1,-1.545685730E0,8.373736725E0,4.406237183E0,9.587676320E0
1.556206371E1,-1.734592896E0,8.620723114E0,4.112098846E0,9.707473227E0
1.557201771E1,-2.013612671E0,8.599766693E0,3.893104248E0,9.652299407E0
1.558197071E1,-2.202370148E0,8.220006409E0,3.937412109E0,9.376681382E0
1.559192471E1,-2.341730347E0,7.602390747E0,3.887565765E0,8.853994221E0
1.560187771E1,-2.546953583E0,6.814429321E0,3.649860077E0,8.139096885E0
1.561183171E1,-2.471061401E0,6.354585571E0,3.902534637E0,7.855996361E0
1.562178571E1,-2.142494659E0,6.570137329E0,4.700974274E0,8.357998984E0
1.563173871E1,-1.721719666E0,6.984176331E0,5.430557098E0,9.012989960E0
1.564169271E1,-1.531614990E0,7.598049774E0,5.749543762E0,9.650567772E0
1.565164671E1,-1.642684021E0,8.123756561E0,5.584137726E0,9.993819370E0
1.566159971E1,-1.768871613E0,8.405470734E0,5.113067322E0,9.996214407E0
1.567155371E1,-1.930236053E0,8.235424347E0,4.785249023E0,9.718365789E0
1.568150771E1,-2.084864502E0,7.942184143E0,4.712200928E0,9.467300911E0
1.569146071E1,-2.057022400E0,7.828570404E0,4.978347473E0,9.502725887E0
1.570141471E1,-1.892065430E0,8.005053406E0,5.102439423E0,9.679652870E0
1.571136871E1,-1.612297211E0,8.448431396E0,4.927453308E0,9.912380716E0
1.572132171E1,-1.449286194E0,9.329199829E0,5.838159485E0,1.110038315E1
1.573127571E1,-1.593885498E0,1.002600082E1,6.617139587E0,1.211807327E1
1.574122971E1,-1.725761261E0,1.025966492E1,6.856192474E0,1.245978938E1
1.575118271E1,-1.776954803E0,9.982291718E0,6.429579620E0,1.200596562E1
1.576113671E1,-1.660047913E0,9.502090302E0,5.800886993E0,1.125592151E1
1.577109071E1,-1.370849304E0,9.235045624E0,5.392087097E0,1.078146088E1
1.578104371E1,-1.219364319E0,9.174421692E0,5.263205109E0,1.064698036E1
1.579099771E1,-1.353635101E0,9.184450836E0,5.081932068E0,1.058359574E1
1.580095071E1,-1.645079041E0,9.203910370E0,4.486470337E0,1.037047093E1
1.581090471E1,-1.691033478E0,9.172176361E0,3.963757324E0,1.013409027E1
1.582085871E1,-1.474134521E0,8.984317017E0,3.849245453E0,9.884721311E0
1.583081171E1,-1.126257935E0,8.696465607E0,3.999383240E0,9.638051529E0
1.584076571E1,-8.333171082E-1,8.375383301E0,4.297862549E0,9.450560054E0
1.585071971E1,-5.740562439E-1,8.016280060E0,4.350552979E0,9.138796299E0
1.586067271E1,-3.607498169E-1,7.673941956E0,4.344266052E0,8.825654259E0
1.587062671E1,-3.155438232E-1,7.432044983E0,4.363575897E0,8.624132139E0
1.588058071E1,-5.852828979E-1,7.339537354E0,4.518653412E0,8.638842127E0
1.589053371E1,-1.101409607E0,7.466323700E0,4.846771088E0,8.969408157E0
1.590048771E1,-1.639390869E0,7.736511841E0,5.213658142E0,9.472246255E0
1.591044171E1,-2.212399292E0,8.043822784E0,5.507946167E0,9.996762806E0
1.592039471E1,-2.648891602E0,8.034242706E0,5.355413361E0,1.001229918E1
1.593034871E1,-2.593506775E0,7.809559937E0,5.307662659E0,9.792179874E0
1.594030271E1,-2.171234894E0,7.733218689E0,5.380112000E0,9.667602463E0
1.595025571E1,-1.678010559E0,7.761809235E0,5.560187531E0,9.694178016E0
1.596020971E1,-1.172960815E0,8.046816559E0,5.890999603E0,1.004146255E1
1.597016271E1,-8.256829834E-1,8.502618713E0,5.949228516E0,1.041007192E1
1.598011671E1,-6.105802917E-1,9.018745422E0,5.826783142E0,1.075462594E1
1.599007071E1,-5.520520020E-1,9.491462402E0,5.817502441E0,1.114611836E1
1.600002371E1,-5.725593567E-1,9.697733459E0,5.842051392E0,1.133593503E1
1.600997771E1,-4.834945679E-1,9.848619690E0,5.979914703E0,1.153206212E1
1.601993171E1,-3.677851868E-1,1.000788849E1,6.052663422E0,1.170161666E1
1.602988471E1,-3.628454590E-1,1.007869125E1,5.883515167E0,1.167593358E1
1.603983871E1,-5.689668274E-1,9.941277008E0,5.539380798E0,1.139462380E1
1.604979271E1,-7.834707642E-1,9.753866730E0,5.246589661E0,1.110308271E1
1.605974571E1,-1.027014313E0,9.673783264E0,4.962031403E0,1.092055844E1
1.606969971E1,-1.364412689E0,9.764794006E0,5.003345490E0,1.105650442E1
1.607965371E1,-1.666185150E0,9.737999725E0,5.116210785E0,1.112566512E1
1.608960671E1,-1.997146912E0,9.430389404E0,4.501738586E0,1.063891397E1
1.609956071E1,-2.196981354E0,9.039103088E0,4.479884033E0,1.032479892E1
1.610951471E1,-2.162702637E0,8.842561798E0,4.828958130E0,1.030470856E1
1.611946771E1,-2.072590027E0,8.828940125E0,4.912035370E0,1.031377257E1
1.612942171E1,-1.885030060E0,8.613837433E0,4.819527740E0,1.004884975E1
1.613937571E1,-1.623374176E0,8.332722015E0,4.746030579E0,9.725965564E0
1.614932871E1,-1.525777130E0,7.977959747E0,4.872367859E0,9.471842806E0
1.615928271E1,-1.587448883E0,7.679181061E0,5.118905182E0,9.364454388E0
1.616923571E1,-1.609303436E0,7.646249542E0,5.407954102E0,9.502681578E0
1.617918971E1,-1.649270325E0,7.905510406E0,5.761369171E0,9.920209782E0
1.618914371E1,-1.717827759E0,8.360264740E0,6.140081635E0,1.051406492E1
1.619909671E1,-1.914518738E0,8.855884094E0,6.296206970E0,1.103332621E1
1.620905071E1,-2.167792053E0,9.273365936E0,6.214776306E0,1.137181088E1
1.621900471E1,-2.349663849E0,9.403894501E0,5.831573181E0,1.131200238E1
1.622895771E1,-2.406096497E0,9.319470062E0,5.350024567E0,1.101202004E1
1.623891171E1,-2.238445129E0,9.163793793E0,4.824916534E0,1.059554495E1
1.624886571E1,-1.934726715E0,9.198222198E0,4.451592865E0,1.040034317E1
1.625881871E1,-1.612446899E0,9.373657379E0,4.428241425E0,1.049165191E1
1.626877271E1,-1.347946930E0,9.576485596E0,4.719535675E0,1.076104336E1
1.627872671E1,-1.191671906E0,9.690398712E0,5.008285217E0,1.097300460E1
1.628867971E1,-1.170416107E0,9.874066772E0,5.079537048E0,1.116551679E1
1.629863371E1,-1.347497864E0,1.020353165E1,5.114863586E0,1.149302563E1
1.630858771E1,-1.587448883E0,1.058389069E1,5.050796814E0,1.183424203E1
1.631854071E1,-1.823957062E0,1.062745010E1,4.837490387E0,1.181824134E1
1.632849471E1,-2.016307068E0,1.028586044E1,4.630620575E0,1.145892954E1
1.633844771E1,-2.133663025E0,9.845476227E0,4.369413757E0,1.098078761E1
1.634840171E1,-2.264790344E0,9.274563446E0,4.015100555E0,1.035701863E1
1.635835571E1,-2.438429260E0,8.819509735E0,3.719764709E0,9.877567449E0
1.636830871E1,-2.467917938E0,8.466244354E0,3.337908783E0,9.429185938E0
1.637826271E1,-2.495011597E0,8.148754578E0,3.053949280E0,9.052838794E0
1.638821671E1,-2.454445953E0,7.943531342E0,3.070864105E0,8.863080811E0
1.639816971E1,-2.321372681E0,7.711214447E0,3.144510956E0,8.645203787E0
1.640812371E1,-2.231559448E0,7.505841522E0,3.321443024E0,8.505850827E0
1.641807771E1,-2.178869019E0,7.375462646E0,3.490291901E0,8.445534737E0
1.642803071E1,-2.118245087E0,7.280260620E0,3.743565216E0,8.455970522E0
1.643798471E1,-1.939367065E0,7.383096771E0,4.337080994E0,8.779608994E0
1.644793871E1,-1.655257874E0,7.397317200E0,4.497247925E0,8.813933247E0
1.645789171E1,-1.497785339E0,7.463479614E0,4.098477173E0,8.645484602E0
1.646784571E1,-1.329086151E0,7.894134064E0,3.960763550E0,8.931487587E0
1.647779971E1,-1.206491089E0,8.517437897E0,4.052971802E0,9.509413731E0
1.648775271E1,-1.148411865E0,9.041647797E0,3.969894562E0,9.941343346E0
1.649770671E1,-1.150956573E0,9.405391388E0,3.837270355E0,1.022304905E1
1.650765971E1,-1.124012604E0,9.606423340E0,3.835623779E0,1.040474812E1
1.651761371E1,-1.001567230E0,9.860145721E0,3.841761017E0,1.062942794E1
1.652756771E1,-9.145980835E-1,1.012255005E1,3.695365448E0,1.081472306E1
1.653752071E1,-8.888516235E-1,1.024439667E1,3.310216370E0,1.080255769E1
1.654747471E1,-9.255253601E-1,1.019200562E1,2.872975616E0,1.062956088E1
1.655742871E1,-1.230590973E0,1.011925690E1,2.719544678E0,1.055033827E1
1.656738171E1,-1.771715698E0,9.917476501E0,2.926414490E0,1.049091123E1
1.657733571E1,-2.212548981E0,9.642049255E0,3.414399719E0,1.046530517E1
1.658728971E1,-2.349663849E0,9.460027771E0,4.091142426E0,1.057121053E1
1.659724271E1,-2.455493774E0,9.335337067E0,4.527934113E0,1.066208962E1
1.660719671E1,-2.520458679E0,9.284592590E0,4.553231506E0,1.064369713E1
1.661715071E1,-2.403851166E0,9.362131348E0,4.466112671E0,1.064773057E1
1.662710371E1,-2.058668976E0,9.542655945E0,4.232897644E0,1.064038641E1
1.663705771E1,-1.635049896E0,9.635912018E0,3.978726196E0,1.055246183E1
1.664701171E1,-1.308429108E0,9.567803650E0,3.801644440E0,1.037821535E1
1.665696471E1,-1.159339142E0,9.414971466E0,3.681594086E0,1.017545527E1
1.666691871E1,-1.175655212E0,9.186995544E0,3.763024750E0,9.997169979E0
1.667687171E1,-1.358874207E0,8.977581024E0,3.906127167E0,9.884398292E0
1.668682571E1,-1.592538300E0,8.822503510E0,4.197720795E0,9.899172000E0
1.669677971E1,-1.740730133E0,8.762029266E0,4.422553253E0,9.968062778E0
1.670673271E1,-1.707648926E0,8.767118683E0,4.522545319E0,1.001158584E1
1.671668671E1,-1.587299194E0,8.858129425E0,4.695435791E0,1.015052180E1
1.672664071E1,-1.431323547E0,8.960217133E0,4.861739960E0,1.029420680E1
1.673659371E1,-1.283730469E0,9.158704376E0,4.972509613E0,1.050027055E1
1.674654771E1,-1.141975250E0,9.430688782E0,4.877457275E0,1.067855739E1
1.675650171E1,-1.086141357E0,9.691147156E0,4.688550110E0,1.082037607E1
1.676645471E1,-1.158141632E0,9.807604980E0,4.514312439E0,1.085861061E1
1.677640871E1,-1.272054749E0,9.977501678E0,4.371509399E0,1.096716725E1
1.678636271E1,-1.375639343E0,1.021760239E1,4.336931305E0,1.118484489E1
1.679631571E1,-1.508413239E0,1.049572403E1,4.340673523E0,1.145761668E1
1.680626971E1,-1.591191101E0,1.072968750E1,4.589755554E0,1.177811271E1
1.681622271E1,-1.772164764E0,1.073313034E1,4.696333923E0,1.184889055E1
1.682617671E1,-2.049388275E0,1.033196457E1,4.293820953E0,1.137481352E1
1.683613071E1,-2.184706879E0,1.013347733E1,4.117787018E0,1.115421341E1
1.684608371E1,-2.278412018E0,1.007869125E1,4.033961334E0,1.109252103E1
1.685603771E1,-2.363435211E0,1.011267059E1,3.777544556E0,1.105087216E1
1.686599171E1,-2.352957001E0,9.879156189E0,3.458857269E0,1.072836554E1
1.687594471E1,-2.232008514E0,9.388775940E0,3.222349091E0,1.017420804E1
1.688589871E1,-2.064656525E0,8.821455688E0,3.074306946E0,9.567248833E0
1.689585271E1,-1.817221069E0,8.312364349E0,3.198249207E0,9.089911522E0
1.690580571E1,-1.549577637E0,7.908204803E0,3.264261932E0,8.694613277E0
1.691575971E1,-1.371897125E0,7.635621643E0,3.352278900E0,8.451188876E0
1.692571371E1,-1.286424866E0,7.499554596E0,3.271746368E0,8.282664570E0
1.693566671E1,-1.235530701E0,7.551346893E0,3.445235596E0,8.391604395E0
1.694562071E1,-1.347497864E0,7.806117096E0,3.923640747E0,8.840032314E0
1.695557471E1,-1.679657135E0,8.122858429E0,4.125121765E0,9.263838660E0
1.696552771E1,-1.973645782E0,8.413853302E0,4.230502625E0,9.622128534E0
1.697548171E1,-2.088307343E0,8.692723389E0,4.342769165E0,9.939019644E0
1.698543471E1,-2.082020416E0,8.950936432E0,4.499642944E0,1.023234375E1
1.699538871E1,-1.984573059E0,9.179062042E0,4.433929596E0,1.038525117E1
1.700534271E1,-1.845811615E0,9.413324890E0,4.332740021E0,1.052569913E1
1.701529571E1,-1.722318420E0,9.607171783E0,4.155807953E0,1.060824539E1
1.702524971E1,-1.695823517E0,9.747579803E0,3.851341095E0,1.061715393E1
1.703520371E1,-1.710942078E0,9.864037628E0,3.524720306E0,1.061368053E1
1.704515671E1,-1.744771729E0,9.997260590E0,3.247197418E0,1.065522120E1
1.705511071E1,-1.853595428E0,1.009949799E1,3.121458893E0,1.073215641E1
1.706506471E1,-2.023641815E0,1.004575974E1,2.793939972E0,1.062160607E1
1.707501771E1,-2.097288666E0,9.811646576E0,2.761607208E0,1.040641642E1
1.708497171E1,-2.090103607E0,9.638756104E0,3.128344574E0,1.034701368E1
1.709492571E1,-2.050585785E0,9.577683105E0,3.428021393E0,1.037729475E1
1.710487871E1,-2.106719055E0,9.479636993E0,3.644920349E0,1.037242629E1
1.711483271E1,-2.217039642E0,9.421258392E0,3.801494751E0,1.039840069E1
1.712478571E1,-2.268981628E0,9.468260651E0,3.643872528E0,1.039586670E1
1.713473933E1,-2.214644623E0,9.515262909E0,3.302432556E0,1.031265920E1
1.714469333E1,-2.098186798E0,9.463919678E0,2.913391571E0,1.012205582E1
1.715464633E1,-1.932331696E0,9.136999512E0,2.550097046E0,9.680994825E0
1.716460033E1,-1.716181183E0,8.610993347E0,2.312541046E0,9.079775899E0
1.717455433E1,-1.478176117E0,8.277037811E0,2.458786926E0,8.760136569E0
1.718450733E1,-1.253343658E0,7.897576904E0,2.311942291E0,8.323921458E0
1.719446133E1,-1.213825836E0,7.637567596E0,1.822160797E0,7.945192378E0
1.720441533E1,-1.374292145E0,7.616311798E0,1.966161346E0,7.985153395E0
1.721436833E1,-1.645977173E0,7.713459778E0,1.898801422E0,8.112468763E0
1.722432233E1,-1.848506012E0,7.703280945E0,1.619482269E0,8.085804512E0
1.723427633E1,-1.970801697E0,7.575596466E0,1.700763245E0,8.010388053E0
1.724422933E1,-2.043251038E0,7.462431793E0,1.794169006E0,7.942405523E0
1.725418333E1,-2.046544189E0,7.435787201E0,1.964514771E0,7.958554687E0
1.726413633E1,-1.956281891E0,7.672744446E0,2.101030884E0,8.192214410E0
1.727409033E1,-1.859283600E0,8.111631775E0,2.192939758E0,8.606072876E0
1.728404433E1,-1.825453949E0,8.533604279E0,1.788780212E0,8.908109718E0
1.729399733E1,-1.847757568E0,8.801846466E0,1.150058441E0,9.066936840E0
1.730395133E1,-1.896107025E0,8.893605652E0,8.614585876E-1,9.134196967E0
1.731390533E1,-1.954485626E0,8.972341919E0,8.294252014E-1,9.220134475E0
1.732385833E1,-2.000589752E0,9.059311066E0,9.740245056E-1,9.328569026E0
1.733381233E1,-1.982477417E0,9.081315308E0,1.103654938E0,9.360478548E0
1.734376633E1,-1.877994690E0,8.997190247E0,1.225501556E0,9.272440372E0
1.735371933E1,-1.740131378E0,8.922196198E0,1.384171600E0,9.195084188E0
1.736367333E1,-1.763782196E0,8.847501526E0,1.429826660E0,9.134200302E0
1.737362733E1,-1.976489868E0,8.775950317E0,1.165775757E0,9.070989433E0
1.738358033E1,-2.307301941E0,8.692723389E0,9.645941162E-1,9.045303973E0
1.739353433E1,-2.598296814E0,8.492888947E0,9.316625977E-1,8.930190602E0
1.740348733E1,-2.716850281E0,8.104297028E0,7.858657837E-1,8.583617582E0
1.741344133E1,-2.716401215E0,7.586823120E0,6.493496704E-1,8.084576403E0
1.742339533E1,-2.654430084E0,7.081473999E0,7.934999084E-1,7.604138030E0
1.743334833E1,-2.608775024E0,6.720275116E0,9.241781616E-1,7.267868328E0
1.744330233E1,-2.536026306E0,6.657106476E0,1.284927979E0,7.238752376E0
1.745325633E1,-2.477498016E0,6.861132202E0,1.840273132E0,7.523279652E0
1.746320933E1,-2.436483307E0,7.266489258E0,2.208657074E0,7.975994177E0
1.747316333E1,-2.379152527E0,7.824229431E0,2.222428436E0,8.474557280E0
1.748311733E1,-2.411335602E0,8.494834900E0,2.000140686E0,9.054132875E0
1.749307033E1,-2.580184479E0,9.195527802E0,1.564546509E0,9.677958941E0
1.750302433E1,-2.851270752E0,9.945318604E0,1.122366028E0,1.040667154E1
1.751297833E1,-3.135080566E0,1.053673874E1,8.012837219E-1,1.102241575E1
1.752293133E1,-3.366050262E0,1.086680237E1,6.948550415E-1,1.139739056E1
1.753288533E1,-3.318299561E0,1.101798798E1,1.060694275E0,1.155561523E1
1.754283933E1,-3.165018311E0,1.082024918E1,1.136885834E0,1.133082709E1
1.755279233E1,-3.075953522E0,1.045770309E1,6.605763245E-1,1.092068703E1
1.756274633E1,-3.026107178E0,1.032013916E1,7.502398682E-1,1.078079110E1
1.757269933E1,-2.979254608E0,1.032328262E1,9.129515076E-1,1.078330203E1
1.758265333E1,-2.744842072E0,1.044438080E1,8.863069153E-1,1.083534901E1
1.759260733E1,-2.450404358E0,1.060290115E1,1.395997009E0,1.097154511E1
1.760256033E1,-2.180665283E0,1.066127975E1,1.615889740E0,1.100133113E1
1.761251433E1,-1.857038269E0,1.060739182E1,1.378633118E0,1.085661004E1
1.762246833E1,-1.494791565E0,1.042956161E1,1.023870850E0,1.058576728E1
1.763242133E1,-1.195563812E0,1.015802628E1,8.231382751E-1,1.026120983E1
1.764237533E1,-1.058748322E0,9.819879456E0,7.285350037E-1,9.903622760E0
1.765232933E1,-1.091829529E0,9.487121429E0,5.780978394E-1,9.567223309E0
1.766228233E1,-1.234632568E0,9.170829163E0,4.661306763E-1,9.265295619E0
1.767223633E1,-1.481469269E0,8.798852692E0,3.086581421E-1,8.928036163E0
1.768218933E1,-1.735790405E0,8.466394043E0,2.706372070E-1,8.646735853E0
1.769214333E1,-2.022294617E0,8.201744385E0,3.290158081E-1,8.453788374E0
1.770209733E1,-2.265987854E0,8.045169983E0,5.641767883E-1,8.377216510E0
1.771205033E1,-2.447859650E0,8.093968506E0,1.030756531E0,8.518615032E0
1.772200433E1,-2.585273895E0,8.385861511E0,1.429227905E0,8.890950838E0
1.773195833E1,-2.682421875E0,8.850495300E0,1.491947479E0,9.367633717E0
1.774191133E1,-2.651436310E0,9.351054382E0,1.647923126E0,9.858396583E0
1.775186533E1,-2.525697784E0,9.995763702E0,1.885329437E0,1.048088300E1
1.776181933E1,-2.333048401E0,1.066696793E1,1.857187958E0,1.107594089E1
1.777177233E1,-2.106120300E0,1.128263763E1,1.828447723E0,1.162225777E1
1.778172633E1,-1.918859711E0,1.169727539E1,1.668879547E0,1.197052351E1
1.779168033E1,-1.808988190E0,1.188528442E1,1.417851562E0,1.210548335E1
1.780163333E1,-1.798959045E0,1.165042282E1,1.163979492E0,1.184582010E1
1.781158733E1,-1.835632782E0,1.104867416E1,9.782157898E-1,1.124276010E1
1.782154033E1,-1.783840485E0,1.031295410E1,9.624984741E-1,1.051025749E1
1.783149433E1,-1.640588379E0,9.689201202E0,1.058598633E0,9.883965866E0
1.784144833E1,-1.492097168E0,9.341174927E0,1.314266968E0,9.550455520E0
1.785140133E1,-1.404529266E0,9.198222198E0,1.702260132E0,9.459264434E0
1.786135533E1,-1.457369385E0,9.198222198E0,1.757046204E0,9.477258491E0
1.787130933E1,-1.607806549E0,9.328152008E0,1.649869080E0,9.608409325E0
1.788126233E1,-1.803749084E0,9.521699524E0,1.431922302E0,9.796258166E0
1.789121633E1,-2.100731506E0,9.608968048E0,1.021475830E0,9.888819580E0
1.790117033E1,-2.271077271E0,9.724527740E0,1.086590424E0,1.004514363E1
1.791112333E1,-2.285597076E0,9.551337891E0,1.057401123E0,9.877758178E0
1.792107733E1,-2.220632172E0,9.261091461E0,6.815327454E-1,9.547958377E0
1.793103133E1,-2.139351196E0,9.346563721E0,9.936337280E-1,9.639625766E0
1.794098433E1,-2.118095398E0,9.595496063E0,1.165626068E0,9.895380586E0
1.795093833E1,-2.041155396E0,9.786199493E0,1.003363495E0,1.004702713E1
1.796089133E1,-1.992805939E0,1.002869522E1,8.228388977E-1,1.025782956E1
1.797084533E1,-2.021845551E0,1.008872040E1,4.456233215E-1,1.029896688E1
1.798079933E1,-2.088007965E0,1.012060410E1,3.415896606E-1,1.033939495E1
1.799075233E1,-2.206711121E0,1.019814285E1,5.906716919E-1,1.045086526E1
1.800070633E1,-2.395767975E0,1.021909927E1,7.605683899E-1,1.052369509E1
1.801066033E1,-2.581232300E0,1.004261627E1,9.422904968E-1,1.041176321E1
1.802061333E1,-2.679877167E0,9.805958405E0,1.174457703E0,1.023317706E1
1.803056733E1,-2.671943665E0,9.526639252E0,1.478026428E0,1.000403421E1
1.804052133E1,-2.535128174E0,9.337432709E0,1.539548492E0,9.797179901E0
1.805047433E1,-2.364183655E0,9.197024689E0,1.423390045E0,9.602117824E0
1.806042833E1,-2.243085480E0,9.110654297E0,1.461710358E0,9.495896554E0
1.807038233E1,-2.189047852E0,8.972042542E0,1.594933319E0,9.371941643E0
1.808033533E1,-2.072290649E0,8.886121216E0,1.733395386E0,9.287744525E0
1.809028933E1,-1.969005432E0,9.209299164E0,1.629511414E0,9.557378350E0
1.810024233E1,-1.842967529E0,9.418863373E0,1.440454559E0,9.704969134E0
1.811019633E1,-1.752705231E0,9.515113220E0,1.282083893E0,9.759769174E0
1.812015033E1,-1.743723907E0,9.517657928E0,1.140927429E0,9.743105301E0
1.813010379E1,-1.730251923E0,9.485624542E0,1.103355560E0,9.705062502E0
1.814005779E1,-1.711241455E0,9.345815277E0,9.442364502E-1,9.547994186E0
1.815001179E1,-1.738484802E0,9.168583832E0,7.427554321E-1,9.361460598E0
1.815996479E1,-1.783241730E0,9.026080170E0,5.724096680E-1,9.218336462E0
1.816991879E1,-1.808539124E0,8.874894562E0,4.815486145E-1,9.070085794E0
1.817987279E1,-1.828597412E0,8.784482574E0,4.698728943E-1,8.985081142E0
1.818982579E1,-1.889670410E0,8.716074829E0,4.020639038E-1,8.927623988E0
1.819977979E1,-1.980082397E0,8.606053619E0,5.072950745E-1,8.845464007E0
1.820973279E1,-2.089654541E0,8.527467041E0,7.140151978E-1,8.808755187E0
1.821968679E1,-2.177072754E0,8.514743500E0,9.687854004E-1,8.841891641E0
1.822964079E1,-2.320324860E0,8.692424011E0,1.246008911E0,9.082658248E0
1.823959379E1,-2.454745331E0,9.110803986E0,1.343306580E0,9.530844478E0
1.824954779E1,-2.586321716E0,9.558223572E0,1.171613617E0,9.971026845E0
1.825950179E1,-2.712060242E0,9.914782104E0,1.278341675E0,1.035820121E1
1.826945479E1,-2.763553162E0,9.950557709E0,1.394949188E0,1.042097443E1
1.827940879E1,-2.861898651E0,9.636361084E0,8.475375366E-1,1.008802452E1
1.828936279E1,-2.851121063E0,9.164392548E0,6.677613831E-1,9.620856893E0
1.829931579E1,-2.712060242E0,8.884624329E0,8.451425171E-1,9.327705296E0
1.830926979E1,-2.430495758E0,8.873397675E0,9.445358276E-1,9.248602265E0
1.831922379E1,-2.111209717E0,8.852441254E0,1.154100037E0,9.173596324E0
1.832917679E1,-1.875449982E0,8.824599152E0,1.249152374E0,9.107757379E0
1.833913079E1,-1.669178925E0,8.673862610E0,1.164428558E0,8.909430101E0
1.834908379E1,-1.519041138E0,8.440497894E0,1.006506958E0,8.634960737E0
1.835903779E1,-1.515747986E0,8.265960846E0,8.367599487E-1,8.445340009E0
1.836899179E1,-1.689985657E0,8.134085083E0,6.256988525E-1,8.331319866E0
1.837894479E1,-1.891616364E0,8.062833252E0,4.442761230E-1,8.293664678E0
1.838889879E1,-1.978435822E0,8.065976715E0,3.562591553E-1,8.312707697E0
1.839885279E1,-1.988614655E0,8.150850220E0,3.778143311E-1,8.398433855E0
1.840880579E1,-1.962119751E0,8.265960846E0,5.330415344E-1,8.512353135E0
1.841875979E1,-2.026336212E0,8.418793030E0,6.768923950E-1,8.685637446E0
1.842871379E1,-2.132764893E0,8.574169922E0,9.044192505E-1,8.881613036E0
1.843866679E1,-2.233954468E0,8.838520203E0,1.116977234E0,9.184640988E0
1.844862079E1,-2.445913696E0,9.271719360E0,1.101409607E0,9.651962330E0
1.845857379E1,-2.693199463E0,9.767937469E0,1.003812561E0,1.018202168E1
1.846852779E1,-2.906505890E0,1.027942383E1,9.211843872E-1,1.072207589E1
1.847848179E1,-3.102448425E0,1.075827805E1,8.408015442E-1,1.122820912E1
1.848843479E1,-3.370540924E0,1.112935638E1,7.214996338E-1,1.165090904E1
1.849838879E1,-3.525618439E0,1.135912857E1,5.875282288E-1,1.190818948E1
1.850834279E1,-3.481310577E0,1.137529495E1,4.682263184E-1,1.190529691E1
1.851829579E1,-3.206931152E0,1.118114868E1,4.246669006E-1,1.163970941E1
1.852824979E1,-2.867586823E0,1.090976303E1,4.303550720E-1,1.128854238E1
1.853820379E1,-2.509531403E0,1.063119232E1,3.558100891E-1,1.092916277E1
1.854815679E1,-2.347119141E0,1.026774811E1,2.893482971E-1,1.053657164E1
1.855811079E1,-2.243534546E0,9.751920776E0,-2.694396973E-3,1.000666844E1
1.856806479E1,-2.076781311E0,9.153614960E0,-1.312770081E-1,9.387167895E0
1.857801779E1,-2.002835083E0,8.673712921E0,-7.903564453E-2,8.902296942E0
1.858797179E1,-2.057920532E0,8.493038635E0,2.329156494E-1,8.741910082E0
1.859792479E1,-2.262545013E0,8.659342804E0,5.998027039E-1,8.970122129E0
1.860787879E1,-2.609523468E0,8.948391724E0,4.180805969E-1,9.330494015E0
1.861783279E1,-2.864293671E0,9.218729553E0,7.198530579E-1,9.680255226E0
1.862778579E1,-2.969375153E0,9.079668732E0,6.583309937E-1,9.575540338E0
1.863773979E1,-2.914738770E0,8.741072845E0,4.331991577E-1,9.224408821E0
1.864769379E1,-2.743045807E0,8.863069153E0,8.652008057E-1,9.318093557E0
1.865764679E1,-2.633174286E0,9.439071350E0,1.415456543E0,9.901171244E0
1.866760079E1,-2.545456696E0,1.014694931E1,1.430874481E0,1.055875617E1
1.867755479E1,-2.741399231E0,1.073313034E1,1.478774872E0,1.117596223E1
1.868750779E1,-3.011138306E0,1.113354767E1,1.294058990E0,1.160592203E1
1.869746179E1,-3.108435974E0,1.121318207E1,8.083190918E-1,1.166409902E1
1.870741479E1,-3.056344299E0,1.105990082E1,7.418572998E-1,1.149839114E1
1.871736879E1,-2.952759705E0,1.072759186E1,9.156459045E-1,1.116415802E1
1.872732279E1,-2.907553711E0,1.060260178E1,1.004411316E0,1.103983130E1
1.873727579E1,-2.757266235E0,1.046907944E1,1.182840271E0,1.089051204E1
1.874722979E1,-2.643802185E0,1.041638901E1,1.140178986E0,1.080698191E1
1.875718379E1,-2.643502808E0,1.035037628E1,1.170715485E0,1.074657950E1
1.876713679E1,-2.718496857E0,1.030367340E1,1.103804626E0,1.071327659E1
1.877709079E1,-2.832559662E0,1.023122406E1,9.153465271E-1,1.065547743E1
1.878704479E1,-2.855761414E0,1.010758118E1,6.444099426E-1,1.052301452E1
1.879699779E1,-2.741548920E0,9.813143463E0,3.177891541E-1,1.019386409E1
1.880695179E1,-2.542313232E0,9.555080109E0,2.850073242E-1,9.891619768E0
1.881690579E1,-2.355950775E0,9.427545319E0,3.908372498E-1,9.725321000E0
1.882685879E1,-2.102378082E0,9.333540802E0,3.019221497E-1,9.572154120E0
1.883681279E1,-1.931433563E0,9.277108154E0,2.769241333E-1,9.480076914E0
1.884676579E1,-1.873653717E0,9.195827179E0,5.418731689E-2,9.384921525E0
1.885671979E1,-1.897454224E0,9.130113831E0,-2.366578674E-1,9.328200150E0
1.886667379E1,-1.882036285E0,8.986562347E0,-4.085005188E-1,9.190605860E0
1.887662679E1,-1.866468658E0,8.836424561E0,-4.945715332E-1,9.044927046E0
1.888658079E1,-1.995200958E0,8.951834564E0,-4.999603271E-1,9.185103661E0
1.889653479E1,-2.165397034E0,9.192833405E0,-4.852908325E-1,9.456883076E0
1.890648779E1,-2.471510468E0,9.556427307E0,-2.939886475E-1,9.875226387E0
1.891644179E1,-2.723436584E0,9.877210236E0,2.844085693E-2,1.024583807E1
1.892639579E1,-3.019520874E0,1.026819717E1,8.577163696E-2,1.070330492E1
1.893634879E1,-3.292852478E0,1.053628967E1,1.303788757E-1,1.103962301E1
1.894630279E1,-3.446283417E0,1.062161224E1,2.609074402E-1,1.116976225E1
1.895625579E1,-3.432062988E0,1.067819458E1,3.857478333E-1,1.122282038E1
1.896620979E1,-3.297043762E0,1.067265610E1,2.630030823E-1,1.117341740E1
1.897616379E1,-3.054398346E0,1.056727524E1,3.673361206E-1,1.100597979E1
1.898611679E1,-2.829715576E0,1.048150360E1,5.328918457E-1,1.086982896E1
1.899607079E1,-2.725382538E0,1.009440857E1,-1.555265808E-1,1.045700640E1
1.900602479E1,-2.569556580E0,9.801767120E0,-4.342469788E-1,1.014227934E1
1.901597779E1,-2.514471130E0,9.670041046E0,-3.213816833E-1,9.996776735E0
1.902593179E1,-2.447709961E0,9.583520966E0,-1.805245972E-1,9.892812910E0
1.903588579E1,-2.420466614E0,9.382489014E0,-1.803749084E-1,9.691351496E0
1.904583879E1,-2.278412018E0,9.070388031E0,-3.323089600E-1,9.358072964E0
1.905579279E1,-2.051633606E0,8.689879303E0,-4.328997803E-1,8.939273179E0
1.906574579E1,-1.841919708E0,8.410410461E0,-5.845344543E-1,8.629562728E0
1.907569979E1,-1.647174683E0,8.234226837E0,-6.494993591E-1,8.422441775E0
1.908565379E1,-1.465901642E0,8.100105743E0,-6.105802917E-1,8.254295183E0
1.909560679E1,-1.360969849E0,7.989934845E0,-5.502557373E-1,8.123673992E0
1.910556079E1,-1.314865723E0,7.988138580E0,-4.909790039E-1,8.110504931E0
1.911551479E1,-1.285676422E0,8.068970490E0,-4.872367859E-1,8.185270204E0
1.912546779E1,-1.434467010E0,8.232280884E0,-3.842509460E-1,8.365153492E0
1.913542158E1,-1.697919159E0,8.529562683E0,-3.525169373E-1,8.704058664E0
1.914537558E1,-2.140698395E0,9.213789825E0,-4.179309082E-1,9.468430641E0
1.915532858E1,-2.420167236E0,9.530680847E0,-5.568420410E-1,9.848916688E0
1.916528258E1,-2.641257477E0,9.787995758E0,-9.156459045E-1,1.017936685E1
1.917523558E1,-2.723885651E0,1.003348526E1,-8.690927124E-1,1.043291434E1
1.918518958E1,-2.740052032E0,1.035052597E1,-5.731581116E-1,1.072239634E1
1.919514358E1,-2.606829071E0,1.078237793E1,-3.574566650E-1,1.109878403E1
1.920509658E1,-2.391726379E0,1.096724350E1,-3.204835510E-1,1.122958124E1
1.921505058E1,-2.267784119E0,1.082009949E1,-5.939648438E-1,1.107114231E1
1.922500458E1,-2.183659058E0,1.043764481E1,-7.511380005E-1,1.069004230E1
1.923495758E1,-2.115401001E0,1.004411316E1,-6.352789307E-1,1.028409986E1
1.924491158E1,-2.041454773E0,9.705666962E0,-4.608915710E-1,9.928742609E0
1.925486558E1,-1.925595703E0,9.480385437E0,-3.674858093E-1,9.680943790E0
1.926481858E1,-1.804048462E0,9.500593414E0,-2.658471680E-1,9.674013686E0
1.927477258E1,-1.693278809E0,9.639504547E0,-9.205856323E-2,9.787528586E0
1.928472558E1,-1.576970673E0,9.708660736E0,-1.838177490E-1,9.837617535E0
1.929467958E1,-1.524280243E0,9.730066223E0,-4.108955383E-1,9.857304607E0
1.930463358E1,-1.699266357E0,9.753267975E0,-5.643264771E-1,9.916259714E0
1.931458658E1,-1.951192474E0,9.812993774E0,-5.968089294E-1,1.002288281E1
1.932454058E1,-2.169887695E0,9.848320312E0,-8.785231018E-1,1.012272831E1
1.933449458E1,-2.229613495E0,9.711205444E0,-7.572752380E-1,9.992604931E0
1.934444758E1,-2.057621155E0,9.389225006E0,-8.123606873E-1,9.646309186E0
1.935440158E1,-1.810185699E0,9.209897919E0,-1.375789032E0,9.486400129E0
1.936435558E1,-1.771116943E0,9.512269135E0,-1.472637634E0,9.787174307E0
1.937430858E1,-1.901645508E0,9.731712799E0,-1.225052490E0,9.991158253E0
1.938426258E1,-1.940714264E0,9.918524323E0,-1.189127197E0,1.017632154E1
1.939421558E1,-1.975891113E0,1.008228378E1,-1.639241180E0,1.040402343E1
1.940416958E1,-1.808090057E0,1.003363495E1,-1.598675537E0,1.031982478E1
1.941412358E1,-1.760938110E0,9.614955597E0,-1.758842468E0,9.931857882E0
1.942407658E1,-1.659449158E0,9.318721619E0,-1.989812164E0,9.672212599E0
1.943403058E1,-1.548829193E0,9.142537994E0,-1.956581268E0,9.476976475E0
1.944398458E1,-1.600172424E0,8.954678650E0,-1.949994965E0,9.303187726E0
1.945393758E1,-1.558409271E0,8.815767517E0,-1.689686279E0,9.110512395E0
1.946389158E1,-1.429676971E0,8.796757050E0,-1.469194794E0,9.032466118E0
1.947384558E1,-1.334474945E0,8.872499542E0,-1.195414124E0,9.051579223E0
1.948379858E1,-1.295705566E0,9.068442078E0,-1.137634277E0,9.230910377E0
1.949375258E1,-1.517244873E0,9.118288422E0,-1.403780823E0,9.349642578E0
1.950370558E1,-1.740131378E0,8.969497833E0,-1.831142120E0,9.318424226E0
1.951365958E1,-1.933978271E0,8.816066895E0,-1.799707489E0,9.203382774E0
1.952361358E1,-2.041005707E0,8.863518219E0,-1.786834259E0,9.269327709E0
1.953356658E1,-2.017205200E0,9.022038574E0,-1.905537415E0,9.439140305E0
1.954352058E1,-1.885179749E0,9.332792358E0,-1.880240021E0,9.705164523E0
1.955347458E1,-1.908680878E0,9.546248474E0,-1.934876404E0,9.925606748E0
1.956342758E1,-2.129322052E0,9.402397614E0,-2.089055786E0,9.864240841E0
1.957338158E1,-2.397863617E0,9.420959015E0,-2.079326019E0,9.941218003E0
1.958333558E1,-2.359393616E0,9.326355743E0,-2.036365356E0,9.833332779E0
1.959328858E1,-2.190694427E0,9.237440643E0,-2.029479675E0,9.708153247E0
1.960324258E1,-2.185455322E0,9.183403015E0,-2.005230103E0,9.650494996E0
1.961319658E1,-2.207609253E0,9.332343292E0,-2.009870453E0,9.798252353E0
1.962314958E1,-2.234104156E0,9.508377228E0,-1.878892822E0,9.946391161E0
1.963310358E1,-2.442620544E0,9.584868164E0,-1.861678619E0,1.006488649E1
1.964305658E1,-2.816992035E0,9.556277618E0,-2.040406952E0,1.016961880E1
1.965301058E1,-3.156486053E0,9.319170685E0,-2.266885986E0,1.009698562E1
1.966296458E1,-3.140169983E0,9.055568848E0,-2.404300232E0,9.881530969E0
1.967291758E1,-2.802771606E0,8.605155487E0,-2.206561432E0,9.315210303E0
1.968287158E1,-2.398162994E0,8.281827850E0,-2.262844391E0,8.914051998E0
1.969282558E1,-2.042951660E0,8.069868622E0,-2.248623962E0,8.622803534E0
1.970277858E1,-1.835333405E0,7.747738495E0,-2.551743622E0,8.361058306E0
1.971273258E1,-1.918111267E0,7.538024597E0,-2.713706818E0,8.238031947E0
1.972268558E1,-1.988614655E0,7.538922729E0,-2.379601593E0,8.151837088E0
1.973263958E1,-2.044298859E0,7.774832153E0,-1.863325195E0,8.252221132E0
1.974259358E1,-2.435136108E0,7.842341766E0,-2.404749298E0,8.556578255E0
1.975254658E1,-2.722987518E0,8.088729401E0,-2.264490967E0,8.830069291E0
1.976250058E1,-3.033741302E0,8.284971313E0,-2.119442596E0,9.073939215E0
1.977245458E1,-3.150049438E0,8.297395477E0,-2.193688202E0,9.142311037E0
1.978240758E1,-3.000809784E0,8.166118469E0,-2.049537964E0,8.938174091E0
1.979236158E1,-2.723885651E0,8.061336365E0,-2.117346954E0,8.768572013E0
1.980231558E1,-2.356399841E0,8.358917542E0,-2.066153412E0,8.927099899E0
1.981226858E1,-2.018851776E0,8.762927399E0,-2.020797729E0,9.216739258E0
1.982222258E1,-1.859433289E0,9.167086945E0,-2.157313843E0,9.599321758E0
1.983217658E1,-1.917213135E0,9.579030304E0,-2.076631622E0,9.987288254E0
1.984212958E1,-2.143841858E0,9.935738525E0,-1.942510529E0,1.034834794E1
1.985208358E1,-2.520608368E0,1.037028488E1,-2.052980804E0,1.086788872E1
1.986203658E1,-2.987337799E0,1.080542999E1,-2.373763733E0,1.145933064E1
1.987199058E1,-3.299588470E0,1.095332245E1,-2.588267670E0,1.172866942E1
1.988194458E1,-3.363056488E0,1.107157654E1,-2.451003113E0,1.182782196E1
1.989189758E1,-3.249293060E0,1.114282837E1,-2.735261993E0,1.192485587E1
1.990185158E1,-3.143163757E0,1.119671631E1,-2.775677948E0,1.195618345E1
1.991180558E1,-3.136128387E0,1.106005051E1,-2.767145691E0,1.182442869E1
1.992175858E1,-2.947670288E0,1.079959213E1,-2.473157043E0,1.146457396E1
1.993171258E1,-2.453248444E0,1.017763550E1,-2.399210815E0,1.074052628E1
1.994166558E1,-1.829794922E0,9.447453918E0,-1.849853210E0,9.799208738E0
1.995161958E1,-1.381626892E0,9.035959625E0,-1.209035797E0,9.220587117E0
1.996157358E1,-1.249751129E0,8.760981445E0,-1.278790741E0,8.941587081E0
1.997152658E1,-1.384770355E0,8.670120392E0,-1.638941803E0,8.931668757E0
1.998148058E1,-1.510957947E0,8.706494751E0,-2.041454773E0,9.069376073E0
1.999143458E1,-1.498982849E0,8.853189697E0,-2.759511566E0,9.393658578E0
2.000138758E1,-1.410516815E0,8.886570282E0,-3.161725159E0,9.537148161E0
2.001134158E1,-1.271755371E0,8.980874176E0,-2.374063110E0,9.376013990E0
2.002129558E1,-1.344653778E0,9.262288971E0,-2.540966034E0,9.698175042E0
2.003124858E1,-1.396745453E0,9.761201477E0,-2.283351746E0,1.012154372E1
2.004120258E1,-1.766177216E0,1.022598495E1,-2.161954193E0,1.060019793E1
2.005115658E1,-2.117197266E0,1.065125061E1,-2.628683624E0,1.117325563E1
2.006110958E1,-2.369273071E0,1.102906494E1,-2.897823944E0,1.164693573E1
2.007106358E1,-2.826272736E0,1.149669250E1,-2.614014130E0,1.212414228E1
2.008101658E1,-3.069816284E0,1.161479691E1,-3.247496796E0,1.244481879E1
2.009097058E1,-3.039279785E0,1.147828079E1,-2.641856232E0,1.216419154E1
2.010092458E1,-2.768642578E0,1.112681168E1,-2.219434662E0,1.167892161E1
2.011087758E1,-2.440824280E0,1.078177917E1,-2.297123108E0,1.129075551E1
2.012083158E1,-2.337838440E0,1.036324951E1,-2.109413452E0,1.083106893E1
2.013078583E1,-2.338437195E0,1.005893234E1,-2.088457031E0,1.053622613E1
2.014073883E1,-2.242486725E0,9.898466034E0,-2.292183380E0,1.040492581E1
2.015069283E1,-2.055675201E0,9.620494080E0,-2.540067902E0,1.016029782E1
2.016064583E1,-1.813778229E0,9.299411774E0,-2.503543854E0,9.799825643E0
2.017059983E1,-1.513951721E0,9.028774567E0,-2.496508484E0,9.489118747E0
2.018055383E1,-1.133892059E0,8.731492767E0,-2.402354279E0,9.126663313E0
2.019050683E1,-8.310717773E-1,8.431366882E0,-2.459086304E0,8.821889438E0
2.020046083E1,-6.926097107E-1,8.253237305E0,-2.525847473E0,8.658841705E0
2.021041483E1,-6.712042236E-1,8.302784271E0,-2.563718719E0,8.715468745E0
2.022036783E1,-7.195536804E-1,8.436605988E0,-2.517015839E0,8.833427807E0
2.023032183E1,-8.788224792E-1,8.535400543E0,-2.333946533E0,8.892283048E0
2.024027583E1,-1.040935364E0,8.553063812E0,-2.143542480E0,8.878807430E0
2.025022883E1,-1.057251434E0,8.498876495E0,-1.854194183E0,8.762803110E0
2.026018283E1,-1.028361511E0,8.392148438E0,-1.767973480E0,8.637789823E0
2.027013583E1,-1.089284821E0,8.368347931E0,-1.441652069E0,8.561200220E0
2.028008983E1,-1.256487122E0,8.486452332E0,-1.254541168E0,8.670207991E0
2.029004383E1,-1.475631409E0,8.729097748E0,-1.785487061E0,9.031201448E0
2.029999683E1,-1.602717133E0,9.341025238E0,-1.808838501E0,9.648593236E0
2.030995083E1,-1.658101959E0,9.983788605E0,-1.864522705E0,1.029085914E1
2.031990483E1,-1.532213745E0,1.037537430E1,-1.573527832E0,1.060528456E1
2.032985783E1,-1.402433624E0,1.043210632E1,-1.513352966E0,1.063418542E1
2.033981183E1,-1.436712341E0,1.023990601E1,-1.286424866E0,1.041991873E1
2.034976583E1,-1.638941803E0,1.012569351E1,-7.523355103E-1,1.028502834E1
2.035971883E1,-1.931134186E0,1.009186386E1,-7.315287781E-1,1.030097713E1
2.036967283E1,-2.190694427E0,1.010488678E1,-9.858499146E-1,1.038651910E1
2.037962683E1,-2.350711670E0,1.017568954E1,-1.072220306E0,1.049857893E1
2.038957983E1,-2.235750732E0,1.022493713E1,-1.253942413E0,1.054136103E1
2.039953383E1,-1.978136444E0,1.024798920E1,-1.892514496E0,1.060735205E1
2.040948683E1,-1.466799774E0,9.895322571E0,-2.251468048E0,1.025368318E1
2.041944083E1,-1.192869415E0,9.970915375E0,-2.125130768E0,1.026441774E1
2.042939483E1,-1.278341675E0,1.040501266E1,-1.742975464E0,1.062715434E1
2.043934783E1,-1.292861481E0,1.081381256E1,-1.444196777E0,1.098616117E1
2.044930183E1,-1.106798401E0,1.092353439E1,-1.145118713E0,1.103901731E1
2.045925583E1,-1.049617310E0,1.058673477E1,-5.900729370E-1,1.065499112E1
2.046920883E1,-9.717791748E-1,9.949659576E0,-5.674699402E-1,1.001309655E1
2.047916283E1,-1.015188904E0,9.405990143E0,-4.493655396E-1,9.471282303E0
2.048911583E1,-1.261875916E0,8.958121490E0,-2.986289978E-1,9.051488869E0
2.049906983E1,-1.553170166E0,8.649313660E0,-2.544708252E-3,8.787660145E0
2.050902383E1,-1.713935852E0,8.509055328E0,1.655557251E-1,8.681532548E0
2.051897683E1,-1.759291534E0,8.653355255E0,1.981878662E-1,8.832606767E0
2.052893083E1,-1.685644684E0,9.014105072E0,6.391708374E-2,9.170581969E0
2.053888483E1,-1.604962463E0,9.368418274E0,-2.113604736E-1,9.507251901E0
2.054883783E1,-1.481768646E0,9.632020111E0,-1.923500061E-1,9.747227722E0
2.055879183E1,-1.276395721E0,9.854158173E0,-1.715432739E-1,9.937959872E0
2.056874583E1,-1.084494781E0,1.005668701E1,-1.745370483E-1,1.011649869E1
2.057869883E1,-9.653425598E-1,1.026819717E1,-3.888912964E-1,1.032080403E1
2.058865283E1,-9.252259827E-1,1.041953247E1,-5.328918457E-1,1.047409537E1
2.059860583E1,-9.714797974E-1,1.052536240E1,-5.463638306E-1,1.058421183E1
2.060855983E1,-1.183588715E0,1.054063065E1,-6.327342224E-1,1.062572959E1
2.061851383E1,-1.481768646E0,1.044183609E1,-7.851173401E-1,1.057563182E1
2.062846683E1,-1.761686554E0,1.034573593E1,-7.671546936E-1,1.052265735E1
2.063842083E1,-1.978286133E0,1.017434235E1,-6.623725891E-1,1.038602887E1
2.064837483E1,-2.134411469E0,1.008901978E1,-5.295986938E-1,1.032591435E1
2.065832783E1,-2.218536530E0,1.006506958E1,-6.001020813E-1,1.032412962E1
2.066828183E1,-2.195783844E0,1.015473312E1,-7.444020081E-1,1.041605520E1
2.067823583E1,-2.079924774E0,1.035022659E1,-8.725355530E-1,1.059313909E1
2.068818883E1,-2.014361115E0,1.059900925E1,-9.981243896E-1,1.083480041E1
2.069814283E1,-1.961670685E0,1.085183350E1,-1.254541168E0,1.109884299E1
2.070809583E1,-1.971849518E0,1.093580887E1,-1.268162842E0,1.118429001E1
2.071804983E1,-1.829345856E0,1.091724747E1,-1.099613342E0,1.112393582E1
2.072800383E1,-1.727258148E0,1.084165466E1,-9.677375793E-1,1.102095334E1
2.073795683E1,-1.773661652E0,1.064735870E1,-1.009051666E0,1.084113962E1
2.074791083E1,-1.721719666E0,1.041474243E1,-7.017407227E-1,1.057939595E1
2.075786483E1,-1.722168732E0,1.006671616E1,-4.290078735E-1,1.022197080E1
2.076781783E1,-1.731898499E0,9.706864471E0,-8.092172241E-1,9.893306969E0
2.077777183E1,-1.762434998E0,9.274563446E0,-6.236032104E-1,9.461109089E0
2.078772583E1,-1.843117218E0,8.887917480E0,-1.106199646E0,9.144169502E0
2.079767883E1,-1.879491577E0,8.725505219E0,-5.465135193E-1,8.942349072E0
2.080763283E1,-1.837578735E0,8.761131134E0,-2.802172852E-1,8.956150740E0
2.081758583E1,-1.845063171E0,8.884923706E0,-1.158590698E-1,9.075216289E0
2.082753983E1,-1.902094574E0,9.126820679E0,-9.774673462E-2,9.323431444E0
2.083749383E1,-1.954335938E0,9.355395355E0,-4.125421143E-1,9.566244938E0
2.084744683E1,-2.009421387E0,9.529483337E0,-6.725514221E-1,9.762230913E0
2.085740083E1,-1.954186249E0,9.602830811E0,-5.908213806E-1,9.817447396E0
2.086735483E1,-1.911974030E0,9.592202911E0,-3.746708679E-1,9.788073337E0
2.087730783E1,-1.779798889E0,9.586963806E0,-8.187973022E-2,9.751116008E0
2.088726183E1,-1.634301453E0,9.535470886E0,-1.410067749E-1,9.675537668E0
2.089721583E1,-1.552122345E0,9.488618317E0,-1.022373962E-1,9.615269826E0
2.090716883E1,-1.492246857E0,9.529333649E0,-1.142124939E-1,9.646141455E0
2.091712283E1,-1.482666779E0,9.587263184E0,-1.121168518E-1,9.701880556E0
2.092707583E1,-1.494492188E0,9.532477112E0,-1.622625732E-1,9.650282686E0
2.093702983E1,-1.489103394E0,9.403295746E0,1.086740112E-1,9.521092891E0
2.094698383E1,-1.434017944E0,9.295669556E0,2.291734314E-1,9.408421781E0
2.095693683E1,-1.316512299E0,9.283544769E0,3.842509460E-1,9.384298424E0
2.096689083E1,-1.246757355E0,9.330247650E0,3.885919189E-1,9.421195720E0
2.097684483E1,-1.208736420E0,9.292376404E0,5.161267090E-1,9.384864929E0
2.098679783E1,-1.189576263E0,9.211993561E0,6.494993591E-1,9.311163540E0
2.099675183E1,-1.406774597E0,9.026978302E0,4.822970581E-1,9.148659054E0
2.100670483E1,-1.599274292E0,8.931027832E0,3.743714905E-1,9.080808907E0
2.101665883E1,-1.655706940E0,9.169032898E0,3.385958862E-1,9.323474509E0
2.102661283E1,-1.662442932E0,9.531578979E0,3.080593872E-1,9.680372665E0
2.103656583E1,-1.631756744E0,9.782157898E0,2.580633545E-1,9.920677392E0
2.104651983E1,-1.611099701E0,9.882599030E0,6.466552734E-2,1.001327057E1
2.105647383E1,-1.657503204E0,9.851314087E0,-4.580474854E-2,9.989885094E0
2.106642683E1,-1.681752777E0,9.693991241E0,-1.053808594E-1,9.839352810E0
2.107638083E1,-1.728455658E0,9.499395905E0,-1.725910950E-1,9.656907849E0
2.108633483E1,-1.813179474E0,9.353000336E0,-7.170089722E-2,9.527401330E0
2.109628783E1,-1.967209167E0,9.334438934E0,2.173480225E-1,9.541954846E0
2.110624183E1,-2.198478241E0,9.330996094E0,6.688092041E-1,9.609791904E0
2.111619483E1,-2.403402100E0,9.286688232E0,3.939807129E-1,9.600736471E0
2.112614883E1,-2.427801361E0,9.331594849E0,2.616558838E-1,9.645794196E0
2.113610304E1,-2.414479065E0,9.327553253E0,-1.133143616E-1,9.635652494E0
2.114605604E1,-2.388433228E0,9.235494690E0,-3.403921509E-1,9.545409487E0
2.115601004E1,-2.365680542E0,9.184001770E0,-9.460327148E-2,9.484265007E0
2.116596404E1,-2.327360229E0,9.145382080E0,-1.341210938E-1,9.437828537E0
2.117591704E1,-2.196232910E0,9.167236633E0,-3.978726196E-1,9.435039433E0
2.118587104E1,-1.974394226E0,9.227261810E0,-7.319778442E-1,9.464480157E0
2.119582504E1,-1.838177490E0,9.141190796E0,-8.520281982E-1,9.363023961E0
2.120577804E1,-1.736688538E0,9.210646362E0,-1.003962250E0,9.426560013E0
2.121573204E1,-1.823058929E0,9.304052124E0,-9.012757874E-1,9.523719223E0
2.122568504E1,-2.168690186E0,9.598340149E0,-5.855822754E-1,9.857700408E0
2.123563904E1,-2.603685608E0,1.007285339E1,-1.055305481E-1,1.040445534E1
2.124559304E1,-3.143612823E0,1.069376221E1,2.204914856E-1,1.114842896E1
2.125554604E1,-3.616030426E0,1.157602753E1,3.891906738E-1,1.213390122E1
2.126550004E1,-4.063000946E0,1.249466721E1,7.065307617E-2,1.313886133E1
2.127545404E1,-4.219874725E0,1.357212662E1,-3.466790771E-1,1.421724833E1
2.128540704E1,-3.840862885E0,1.432401306E1,-8.710386658E-1,1.485558098E1
2.129536104E1,-3.091521149E0,1.418540131E1,-1.644629974E0,1.461122585E1
2.130531404E1,-1.677112427E0,1.325553497E1,-3.567082214E-1,1.336597001E1
2.131526804E1,5.328918457E-2,1.238539444E1,1.940265198E0,1.253656509E1
2.132522204E1,1.327439575E0,1.162752045E1,2.206112366E0,1.190916703E1
2.133517504E1,1.989961853E0,1.085437820E1,1.612895966E0,1.115252921E1
2.134512904E1,2.629432068E0,9.755662994E0,6.797364807E-1,1.012664382E1
2.135508304E1,3.017125854E0,8.474028168E0,-9.270222473E-1,9.042763519E0
2.136503604E1,2.653531952E0,7.641758881E0,-1.995350647E0,8.331814617E0
2.137499004E1,2.176324310E0,7.073540497E0,-2.197280731E0,7.720065108E0
2.138494404E1,1.983674927E0,7.090006256E0,-2.139051819E0,7.666726656E0
2.139489704E1,1.807790680E0,7.655979309E0,-2.152673492E0,8.155742118E0
2.140485104E1,1.741628265E0,8.930129700E0,-8.928932190E-1,9.142086401E0
2.141480404E1,1.697170715E0,1.082114731E1,-5.411247253E-1,1.096678775E1
2.142475804E1,1.378034363E0,1.291469376E1,-1.219663696E0,1.304514749E1
2.143471204E1,7.008425903E-1,1.485630615E1,-2.375260620E0,1.506130392E1
2.144466504E1,-2.824626160E-1,1.674492874E1,-3.557951202E0,1.712108175E1
2.145461904E1,-2.748284912E-1,1.958617035E1,-3.563190308E0,1.990954356E1
2.146457304E1,3.415896606E-1,2.212084946E1,-4.456382904E0,2.256785353E1
2.148074704E1,1.078058167E0,2.082514389E1,-4.657414856E0,2.136680464E1
2.149070104E1,1.676663361E0,1.751178406E1,-3.469485168E0,1.793073083E1
2.150065404E1,2.049537964E0,1.363065491E1,-1.252445526E0,1.384066396E1
2.151060804E1,2.056723022E0,9.509125671E0,8.349636841E-1,9.764770606E0
2.152056204E1,1.563798065E0,5.944737854E0,2.261048126E0,6.549634430E0
2.153051504E1,3.529660034E-1,3.476071472E0,2.681224365E0,4.404159622E0
2.154046904E1,-1.349144440E0,1.863325195E0,3.791764984E0,4.435048275E0
2.155042204E1,-3.427123260E0,7.473957825E-1,4.737648010E0,5.894835279E0
2.156037604E1,-5.239404602E0,-1.922003174E-1,5.292095032E0,7.449467858E0
2.157033004E1,-5.494324493E0,-7.420069885E-1,5.430706787E0,7.760847390E0
2.158028304E1,-4.671784973E0,-7.551795959E-1,3.896397400E0,6.130072084E0
2.159023704E1,-2.941233673E0,-1.105750580E0,1.986818390E0,3.717658830E0
2.160019104E1,-1.122964783E0,-1.318907318E0,4.261637878E-1,1.783867145E0
2.161014404E1,-1.333726501E-1,-1.954934692E0,-5.236111450E-1,2.028232370E0
2.162009804E1,2.859054565E-2,-2.866688690E0,-1.199904785E0,3.107811603E0
2.163005204E1,-2.966830444E-1,-3.404220886E0,-1.463955688E0,3.717513541E0
2.164000504E1,-5.662724304E-1,-3.408711548E0,-1.364562378E0,3.715105566E0
2.164995904E1,-1.966909790E-1,-2.652184753E0,-1.001267853E0,2.841708750E0
2.165991204E1,4.942721558E-1,-1.636696472E0,-6.565347290E-1,1.831425171E0
2.166986604E1,6.825805664E-1,-7.514373779E-1,-2.716850281E-1,1.050898243E0
2.167982004E1,5.876779175E-1,-5.673202515E-2,-1.474433899E-1,6.085420368E-1
2.168977304E1,3.707789612E-1,4.445755005E-1,-7.726931763E-1,9.654942560E-1
2.169972704E1,-1.175056458E-1,9.237290955E-1,-1.418600006E0,1.696911605E0
2.170968104E1,-1.051563263E0,1.719923401E0,-1.294058990E0,2.395518831E0
2.171963404E1,-2.382745056E0,3.329975281E0,-7.879614258E-1,4.169783278E0
2.172958804E1,-2.922522583E0,6.183491364E0,-2.647993469E-1,6.844473857E0
2.173954204E1,-3.080294495E0,1.037746994E1,2.984793091E-1,1.082908982E1
2.174949504E1,-3.801494751E0,1.482831436E1,1.909579010E0,1.542649543E1
2.175944904E1,-3.938160553E0,1.788301208E1,5.096302185E0,1.900745974E1
2.176940204E1,-5.283113708E0,2.245480499E1,1.783391418E0,2.313676820E1
2.177935604E1,-9.778415680E0,3.328478394E1,-4.423601074E0,3.497231049E1
2.178931004E1,-1.528965500E1,4.223931290E1,6.002517700E-1,4.492542049E1
2.179926304E1,-1.679357758E1,4.397181015E1,3.044369202E0,4.716791833E1
2.180921704E1,-1.213721054E1,3.361619476E1,1.334325256E0,3.576507869E1
2.181917104E1,-7.598947906E0,2.203732315E1,-1.995200958E0,2.339590665E1
2.182912404E1,-6.410718842E0,1.555340652E1,-3.883224792E0,1.726514423E1
2.183907804E1,-4.567901001E0,1.266785706E1,-3.388204193E0,1.388597312E1
2.184903104E1,-7.969427490E-1,1.055979080E1,-7.244934082E-1,1.061457443E1
2.185898504E1,1.689686279E0,8.217461700E0,1.399739227E0,8.505350459E0
2.186893904E1,1.899549866E0,7.127278748E0,3.100652161E0,8.001277139E0
2.187889204E1,4.935237122E-1,7.980354767E0,3.232078857E0,8.624149906E0
2.188884604E1,-7.460485840E-1,1.045006897E1,2.374811554E0,1.074245130E1
2.189880004E1,-1.544188843E0,1.242670853E1,1.230740662E0,1.258262002E1
2.190875304E1,-1.806144104E0,1.318937256E1,5.209167480E-2,1.331256619E1
2.191870704E1,-1.884580994E0,1.264345779E1,-4.405339050E-1,1.279072870E1
2.192866104E1,-2.407743073E0,1.090078171E1,-3.815565491E-1,1.117004270E1
2.193861404E1,-2.358345795E0,9.573940887E0,2.215393066E-1,9.862617232E0
2.194856804E1,-1.720671844E0,9.485774231E0,8.053253174E-1,9.674149742E0
2.195852104E1,-1.801354065E0,9.668095093E0,8.419990540E-1,9.870455997E0
2.196847504E1,-2.399959259E0,9.282197571E0,3.709286499E-1,9.594612251E0
2.197842904E1,-2.682272186E0,8.862171021E0,-2.740800476E-1,9.263248844E0
2.198838204E1,-2.619552612E0,8.527467041E0,-8.643026733E-1,8.962520245E0
2.199833604E1,-2.479593658E0,8.419092407E0,-1.063688049E0,8.840867262E0
2.200829004E1,-2.323917389E0,8.522078247E0,-6.855743408E-1,8.859820645E0
2.201824304E1,-2.308200073E0,8.491691437E0,-6.120771790E-1,8.821068502E0
2.202819704E1,-2.419119415E0,8.257578278E0,-7.915539551E-1,8.640966116E0
2.203815104E1,-2.560425568E0,8.019872589E0,-7.661068726E-1,8.453464093E0
2.204810404E1,-2.719844055E0,7.756869507E0,-7.704478455E-1,8.255917036E0
2.205805804E1,-2.714006195E0,7.851622467E0,-6.414161682E-1,8.332179768E0
2.206801104E1,-2.343825989E0,8.296347656E0,-2.273771667E-1,8.624071259E0
2.207796504E1,-1.866618347E0,8.888216858E0,1.054557037E0,9.143126025E0
2.208791904E1,-1.587299194E0,9.049132233E0,1.750759277E0,9.352618400E0
2.209787204E1,-1.482816467E0,8.960815887E0,1.480271759E0,9.202508926E0
2.210782604E1,-1.139879608E0,8.992250519E0,1.320703583E0,9.159921008E0
2.211778004E1,-6.815327454E-1,9.194779358E0,1.593885498E0,9.356758269E0
2.212773304E1,-3.532653809E-1,9.476942596E0,1.480421448E0,9.598379294E0
2.213768704E1,8.861572266E-2,9.693691864E0,1.899998932E0,9.878537880E0
2.214764004E1,5.056484985E-1,9.882449341E0,2.375559998E0,1.017653039E1
2.215759404E1,1.176553345E0,1.035486694E1,2.751727753E0,1.077866192E1
2.216754804E1,1.742975464E0,1.122380997E1,3.281176758E0,1.182277440E1
2.217750104E1,2.337239685E0,1.163305893E1,2.710263977E0,1.217112485E1
2.218745504E1,3.075504456E0,1.153231842E1,2.309397583E0,1.215674352E1
2.219740904E1,3.441194000E0,1.165087189E1,2.153122559E0,1.233777000E1
2.220736204E1,3.110082550E0,1.204679855E1,1.379231873E0,1.251799702E1
2.221731604E1,2.339335327E0,1.231698669E1,1.087189178E0,1.258422152E1
2.222726904E1,1.576371918E0,1.211370941E1,1.731898499E0,1.233800537E1
2.223722304E1,9.415420532E-1,1.169967041E1,1.961970062E0,1.190034099E1
2.224717704E1,1.520837402E-1,1.212254105E1,3.119662628E0,1.251844343E1
2.225713004E1,-2.375260620E0,1.265857635E1,4.279750214E0,1.357194460E1
2.226708404E1,-4.007167053E-1,8.120313721E0,-3.439098358E0,8.827653500E0
2.227703804E1,5.417234802E-1,7.991731110E0,1.963317261E0,8.247171947E0
2.228699104E1,1.776805115E0,9.537267151E0,2.130669250E0,9.932585392E0
2.229694504E1,1.124311981E0,9.390422516E0,1.408121796E0,9.561742490E0
2.230689904E1,-7.226971436E-1,9.746382294E0,2.087708588E0,9.993637282E0
2.231685204E1,-6.092330933E-2,9.344318390E0,1.468895416E0,9.459262739E0
2.232680604E1,7.436535645E-1,8.788075104E0,1.641785889E0,8.970994680E0
2.233675904E1,1.119072876E0,8.435857544E0,1.050066376E0,8.574302071E0
2.234671304E1,1.731898499E-1,9.491911469E0,4.610412598E-1,9.504679747E0
2.235666704E1,-7.771838379E-1,1.056338333E1,4.044589233E-1,1.059965420E1
2.236662004E1,-7.879614258E-1,1.060799057E1,1.935475159E-1,1.063897588E1
2.237657404E1,-7.634124756E-1,1.041863434E1,-3.212319946E-1,1.045150372E1
2.238652804E1,-9.201365662E-1,1.029229706E1,-4.736151123E-1,1.034419360E1
2.239648104E1,-1.162332916E0,1.039258850E1,-3.671864319E-1,1.046383006E1
2.240643504E1,-1.323996735E0,1.037327866E1,-5.493576050E-1,1.047185137E1
2.241638804E1,-1.178948364E0,1.048464706E1,-7.414082336E-1,1.057674002E1
2.242634204E1,-9.921368408E-1,1.033376083E1,-1.169368286E0,1.044693116E1
2.243629604E1,-9.366023254E-1,9.867330780E0,-1.252744904E0,9.990536043E0
2.244624904E1,-1.557960205E0,9.690548401E0,-1.629212036E0,9.949286415E0
2.245620304E1,-1.793270874E-1,9.007219391E0,-2.441572723E0,9.333993611E0
2.246615704E1,1.607357483E0,8.706644440E0,-6.948550415E-1,8.880995384E0
2.247611004E1,1.742227020E0,9.076674957E0,-1.377136230E-1,9.243394848E0
2.248606404E1,1.093027039E0,9.353449402E0,-3.071612549E-1,9.422105490E0
2.249601804E1,1.034648438E0,9.363777924E0,-4.203259277E-1,9.430138296E0
2.250597104E1,6.322851562E-1,9.078471222E0,-1.083746338E-1,9.101108136E0
2.251592504E1,-4.327500916E-1,9.448651428E0,2.646496582E-1,9.462257970E0
2.252587804E1,-5.144801331E-1,9.745633850E0,-1.525328064E-1,9.760396263E0
2.253583204E1,-6.500981140E-1,1.000474503E1,-1.546284485E-1,1.002703648E1
2.254578604E1,-1.497635651E0,1.017404297E1,1.784289551E-1,1.028522726E1
2.255573904E1,-2.309547272E0,1.003183868E1,8.098159790E-2,1.029457886E1
2.256569304E1,-3.023712158E0,9.935289459E0,-6.327342224E-1,1.040447810E1
2.257564704E1,-3.712130585E0,1.012614258E1,-1.349743195E0,1.086924485E1
2.258560004E1,-3.419788513E0,1.033795212E1,-2.018702087E0,1.107444651E1
2.259555404E1,-2.642454987E0,9.859846344E0,-2.204166412E0,1.044305931E1
2.260550704E1,-2.453248444E0,9.036708069E0,-2.157313843E0,9.609085475E0
2.261546104E1,-1.993853760E0,8.625513153E0,-1.735041962E0,9.021380193E0
2.262541504E1,-1.169068909E0,8.460705872E0,-1.216819611E0,8.627335390E0
2.263536804E1,-1.457968140E-1,8.575517120E0,-1.440454559E0,8.696876447E0
2.264532204E1,4.665797424E-1,8.701854401E0,-1.627565460E0,8.865040101E0
2.265527604E1,-5.239105225E-3,9.129215698E0,-2.378853149E0,9.434063230E0
2.266522904E1,-6.718029785E-1,9.665700073E0,-2.944377136E0,1.012652131E1
2.267518304E1,-1.318607941E0,1.068463120E1,-3.193908234E0,1.122947552E1
2.268513704E1,-2.823728027E0,1.132470016E1,-3.201542358E0,1.210256780E1
2.269509004E1,-3.067271576E0,1.080348404E1,-2.232756958E0,1.145026751E1
2.270504404E1,-2.067949677E0,9.412576447E0,-8.141569519E-1,9.671394045E0
2.271499704E1,-1.590143280E0,8.511450348E0,2.116598511E-1,8.661301436E0
2.272495104E1,-1.707798615E0,8.296946411E0,2.395019531E-2,8.470919045E0
2.273490504E1,-2.054627380E0,9.295968933E0,-4.354444885E-1,9.530275126E0
2.274485804E1,-2.155816956E0,1.166673889E1,-3.260220337E-1,1.186872501E1
2.275481204E1,-3.227288818E0,1.250065475E1,-1.263073425E0,1.297216701E1
2.276476604E1,-5.019362183E0,1.145358215E1,-2.581531677E0,1.276882323E1
2.277471904E1,-4.800367584E0,9.818681946E0,-2.279310150E0,1.116446590E1
2.278467304E1,-4.222718811E0,9.065897369E0,-2.395318909E0,1.028393903E1
2.279462604E1,-2.978655853E0,8.917555847E0,-2.141297150E0,9.642631719E0
2.280458004E1,-2.950065308E0,8.213270416E0,-2.255509644E0,9.013768357E0
2.281453404E1,-4.306993561E0,7.901618500E0,-2.361040192E0,9.303777686E0
2.282448704E1,-6.106850739E0,7.099436646E0,-2.167492676E0,9.612161626E0
2.283444104E1,-6.647825775E0,7.022197266E0,-2.326761475E0,9.945786089E0
2.284439504E1,-5.396278381E0,7.810757446E0,-2.611170044E0,9.846114018E0
2.285434804E1,-3.132086792E0,8.782536621E0,-3.470383301E0,9.949194813E0
2.286430204E1,-1.028660889E0,9.230554962E0,-4.527185669E0,1.033231330E1
2.287425504E1,-1.927990723E-1,8.915160828E0,-5.488636322E0,1.047102635E1
2.288420904E1,-5.990542603E-1,8.183182983E0,-5.833519135E0,1.006743737E1
2.289416304E1,-1.197958832E0,7.530540161E0,-5.160518646E0,9.207339093E0
2.290411604E1,-1.485959930E0,7.604336700E0,-5.074297943E0,9.261884969E0
2.291407004E1,-1.081950073E0,7.678881683E0,-5.186265106E0,9.329157819E0
2.292402404E1,-1.065484314E0,7.250173187E0,-4.747078400E0,8.731266884E0
2.293397704E1,-9.999206543E-1,7.067253571E0,-4.535568237E0,8.456789792E0
2.294393104E1,-1.128054199E0,7.526199188E0,-4.514013062E0,8.848304607E0
2.295388504E1,-1.583556976E0,8.045469360E0,-4.330644379E0,9.273171553E0
2.296383804E1,-1.903591461E0,8.580157471E0,-4.251758423E0,9.763207073E0
2.297379204E1,-2.093396759E0,8.785081329E0,-4.185446320E0,9.953789472E0
2.298374504E1,-2.262095947E0,8.691825256E0,-4.010909271E0,9.836274576E0
2.299369904E1,-2.561772766E0,8.834328918E0,-3.722309418E0,9.922884386E0
2.300365304E1,-2.982697449E0,8.998537445E0,-3.635190582E0,1.015306706E1
2.301360604E1,-3.390748901E0,8.884025574E0,-3.798500977E0,1.023971182E1
2.302356004E1,-3.584595795E0,8.750652924E0,-3.743714905E0,1.017047958E1
2.303351404E1,-3.684288483E0,8.499924316E0,-3.809727631E0,1.001682183E1
2.304346704E1,-3.588038635E0,8.268505554E0,-3.840114441E0,9.797381501E0
2.305342104E1,-2.988535309E0,8.101452942E0,-3.862717438E0,9.459675949E0
2.306337404E1,-2.719844055E0,7.925718384E0,-3.869752808E0,9.229818545E0
2.307332804E1,-2.671195221E0,7.885751495E0,-3.874991913E0,9.183459200E0
2.308328204E1,-2.494113464E0,7.971373444E0,-3.655099182E0,9.117189621E0
2.309323504E1,-2.830613708E0,7.696694641E0,-3.341351624E0,8.855287293E0
2.310318904E1,-2.562521210E0,8.336464233E0,-3.719764709E0,9.481550525E0
2.311314304E1,-1.494342499E0,8.796008606E0,-3.905678101E0,9.739463452E0
2.312309604E1,-1.556613007E0,8.612340546E0,-3.924239502E0,9.591408103E0
2.313305004E1,-1.938917999E0,8.318351898E0,-3.957769775E0,9.413730552E0
2.314300346E1,-2.327060852E0,8.533005524E0,-4.026925964E0,9.718206018E0
2.315295646E1,-2.347418518E0,9.085955658E0,-4.301604767E0,1.032321498E1
2.316291046E1,-2.180515594E0,9.317524109E0,-4.274810486E0,1.048069218E1
2.317286346E1,-2.412832489E0,8.984616394E0,-4.030668182E0,1.013860831E1
2.318281746E1,-2.618953857E0,8.537196808E0,-3.935615845E0,9.758674127E0
2.319277146E1,-2.686613159E0,8.283175049E0,-4.082909546E0,9.617641578E0
2.320272446E1,-2.833158417E0,8.134384460E0,-3.905528412E0,9.457703175E0
2.321267846E1,-3.065325623E0,8.020920410E0,-4.178860016E0,9.549568390E0
2.322263246E1,-3.431613922E0,7.838300171E0,-4.104315033E0,9.490011885E0
2.323258546E1,-3.667673035E0,7.451055450E0,-4.612508240E0,9.499751843E0
2.324253946E1,-3.372486877E0,6.975045319E0,-3.838916931E0,8.646514219E0
2.325249246E1,-3.390748901E0,6.115682373E0,-2.971021729E0,7.597744344E0
2.326244646E1,-3.639531555E0,6.002368011E0,-2.779120789E0,7.549710196E0
2.327240046E1,-4.357887726E0,5.422174530E0,-2.333796844E0,7.337422557E0
2.328235346E1,-4.281995544E0,6.053860931E0,-2.457439728E0,7.811768560E0
2.329230746E1,-4.548142090E0,6.856491852E0,-3.332220612E0,8.876979846E0
2.330226146E1,-4.718038788E0,7.345375214E0,-3.931873627E0,9.574657030E0
2.331221446E1,-4.522994385E0,7.728129272E0,-3.373684387E0,9.568866526E0
2.332216846E1,-4.370311890E0,7.370073853E0,-2.875520325E0,9.038043579E0
2.333212246E1,-4.342769165E0,6.762637024E0,-2.921025696E0,8.551332917E0
2.334207546E1,-4.991071014E0,6.478677521E0,-2.839295654E0,8.657115692E0
2.335202946E1,-5.666167145E0,6.560856628E0,-2.666854248E0,9.069862259E0
2.336198246E1,-5.998625793E0,6.865323486E0,-2.082619171E0,9.351656569E0
2.337193646E1,-6.113137665E0,7.320975952E0,-2.082319794E0,9.762335618E0
2.338189046E1,-5.357509003E0,7.221432953E0,-2.164498901E0,9.248624336E0
2.339184346E1,-5.264252930E0,7.501949615E0,-1.712738342E0,9.323362031E0
2.340179746E1,-5.887257385E0,7.329358521E0,-3.225642242E0,9.939017241E0
2.341175146E1,-5.950725403E0,7.149133301E0,-3.909270630E0,1.008977882E1
2.342170446E1,-5.808820496E0,7.106621704E0,-3.253933411E0,9.738303252E0
2.343165846E1,-5.622458038E0,7.503895569E0,-3.332669678E0,9.951239635E0
2.344161246E1,-5.281167755E0,8.284821625E0,-3.615281982E0,1.046896681E1
2.345156546E1,-5.053341522E0,8.899443512E0,-3.552412720E0,1.083309704E1
2.346151946E1,-4.870421906E0,1.046219376E1,-3.167862396E0,1.196719933E1
2.347147246E1,-4.744234314E0,1.303115158E1,-4.541855164E0,1.459270774E1
2.348142646E1,-3.475772095E0,1.427072388E1,-5.260959778E0,1.560167457E1
2.349138046E1,-2.585573273E0,1.414049469E1,-3.885919189E0,1.489090821E1
2.350133346E1,-2.632725220E0,1.391446472E1,-4.428391113E0,1.483759477E1
2.351128746E1,-2.587968292E0,1.482966156E1,-3.564238129E0,1.546997852E1
2.352124146E1,-1.831890564E0,1.630828674E1,-4.409081268E0,1.699282311E1
2.353119446E1,-5.252577209E-1,1.779649200E1,-6.752907257E0,1.904186912E1
2.354114846E1,9.909393311E-1,1.832264786E1,-7.641758881E0,1.987706880E1
2.355110146E1,1.725012817E0,1.790082504E1,-7.189549255E0,1.936762311E1
2.356105546E1,1.774559784E0,1.656784698E1,-6.358477478E0,1.783459705E1
2.357100946E1,1.555265808E0,1.492441452E1,-5.348827057E0,1.593006439E1
2.358096246E1,9.038204956E-1,1.310584625E1,-4.580774231E0,1.391271325E1
2.359091646E1,2.838098145E-1,1.113324829E1,-3.563489685E0,1.169308446E1
2.360087046E1,-3.517684937E-1,8.944050751E0,-2.774181061E0,9.371011976E0
2.361082346E1,-7.194039917E-1,7.371570740E0,-1.359622650E0,7.530349994E0
2.362077746E1,-6.756948853E-1,5.857469330E0,-9.611512756E-1,5.974137787E0
2.363073146E1,-4.101470947E-2,4.830455017E0,-7.152127075E-1,4.883288553E0
2.364068446E1,3.085084534E-1,4.283791809E0,4.999603271E-2,4.295177451E0
2.365063846E1,4.912783813E-1,3.918401642E0,4.770579529E-1,3.977789608E0
2.366059146E1,7.117698669E-1,3.777993622E0,8.150550842E-1,3.929906734E0
2.367054546E1,8.930429077E-1,4.017794952E0,8.264314270E-1,4.197998430E0
2.368049946E1,9.638456726E-1,4.630171509E0,8.800199890E-1,4.810605145E0
2.369045246E1,8.566685486E-1,5.394931183E0,6.987469482E-1,5.507032846E0
2.370040646E1,9.264234924E-1,6.362968140E0,5.197192383E-1,6.451025664E0
2.371036046E1,7.542814636E-1,7.295828247E0,3.242257690E-1,7.341878008E0
2.372031346E1,3.908372498E-1,8.129295044E0,8.801696777E-2,8.139160808E0
2.373026746E1,-1.407073975E-2,9.021140442E0,3.755690002E-1,9.028965884E0
2.374022146E1,-3.083587646E-1,9.882000275E0,5.649252319E-1,9.902936689E0
2.375017446E1,-2.637515259E-1,1.059930862E1,4.869374084E-1,1.061376541E1
2.376012846E1,3.233276367E-2,1.124326950E1,-1.269360352E-1,1.124403252E1
2.377008146E1,2.616558838E-1,1.129595993E1,-1.359323273E0,1.138046283E1
2.378003546E1,6.586303711E-1,1.186342987E1,-1.002315674E0,1.192390033E1
2.378998946E1,6.815327454E-1,1.197764236E1,-1.234482880E0,1.206036283E1
2.379994246E1,8.653504944E-1,1.197928894E1,-1.883533173E0,1.215729790E1
2.380989646E1,1.275946655E0,1.228166016E1,-1.734742584E0,1.246902353E1
2.381985046E1,1.510808258E0,1.204021225E1,-2.088307343E0,1.231301264E1
2.382980346E1,1.875599670E0,1.143187729E1,-2.743794250E0,1.190521312E1
2.383975746E1,2.206561432E0,1.110899872E1,-2.267933807E0,1.155085666E1
2.384971146E1,2.297272797E0,1.080318466E1,-2.429897003E0,1.130887530E1
2.385966446E1,2.348616028E0,1.057041870E1,-2.581980743E0,1.113177314E1
2.386961846E1,2.289638672E0,1.018407211E1,-2.480641479E0,1.072899586E1
2.387957146E1,1.997446289E0,1.006686584E1,-2.461331635E0,1.055413346E1
2.388952546E1,1.741478577E0,1.018586838E1,-2.455493774E0,1.062139877E1
2.389947946E1,1.674268341E0,1.004156845E1,-2.217488708E0,1.041890242E1
2.390943246E1,1.627116394E0,9.963430939E0,-1.864373016E0,1.026612637E1
2.391938646E1,1.427281952E0,9.984237671E0,-1.704355774E0,1.022873229E1
2.392934046E1,1.224004669E0,1.003558090E1,-1.496587830E0,1.022011970E1
2.393929346E1,9.756710815E-1,9.965227203E0,-1.481768646E0,1.012192302E1
2.394924746E1,8.464897156E-1,9.997260590E0,-1.056952057E0,1.008855350E1
2.395920046E1,4.872367859E-1,9.842781830E0,-9.211843872E-1,9.897794427E0
2.396915446E1,1.945953369E-1,9.725276184E0,-9.976753235E-1,9.778252413E0
2.397910846E1,3.588038635E-1,9.710906067E0,-1.183588715E0,9.789347225E0
2.398906146E1,8.165519714E-1,9.805359650E0,-1.352587280E0,9.931834037E0
2.399901546E1,1.306183777E0,1.008527756E1,-2.009720764E0,1.036619106E1
2.400896946E1,1.384021912E0,9.805659027E0,-2.320175171E0,1.017102150E1
2.401892246E1,1.401385803E0,9.776918793E0,-2.460732880E0,1.017876366E1
2.402887646E1,1.495090942E0,1.010324020E1,-2.459235992E0,1.050517021E1
2.403883046E1,1.560654602E0,1.028361511E1,-2.327509918E0,1.065859676E1
2.404878346E1,1.516197052E0,1.032792297E1,-2.079475708E0,1.064373363E1
2.405873746E1,1.423988800E0,1.030681686E1,-1.846859436E0,1.056736049E1
2.406869046E1,1.593137054E0,1.035905823E1,-1.925446014E0,1.065624302E1
2.407864446E1,2.075434113E0,1.022628433E1,-2.067799988E0,1.063767431E1
2.408859846E1,2.545756073E0,9.912536774E0,-2.033970337E0,1.043438041E1
2.409855146E1,3.057990875E0,9.651629333E0,-1.855242004E0,1.029306465E1
2.410850546E1,3.450025635E0,9.484427032E0,-1.354533234E0,1.018291674E1
2.411845946E1,3.366199951E0,9.783205719E0,-7.608677673E-1,1.037407037E1
2.412841246E1,2.936743011E0,1.009770172E1,-6.565347290E-1,1.053655909E1
2.413836679E1,2.322869568E0,1.010174332E1,-8.333171082E-1,1.039881524E1
2.414832079E1,1.829196167E0,1.000878662E1,-9.125024414E-1,1.021540156E1
2.415827379E1,1.769620056E0,9.920470276E0,-9.627978516E-1,1.012295734E1
2.416822779E1,1.922901306E0,9.636061707E0,-8.315208435E-1,9.861169381E0
2.417818079E1,1.883682861E0,9.221573639E0,-9.809101868E-1,9.462973438E0
2.418813479E1,1.729204102E0,8.974138184E0,-1.120719452E0,9.207676963E0
2.419808879E1,1.720372467E0,8.967102814E0,-1.339564362E0,9.228382685E0
2.420804179E1,1.688189392E0,8.991651764E0,-1.492546234E0,9.269707607E0
2.421799579E1,1.608405304E0,8.995094604E0,-1.552421722E0,9.268695041E0
2.422794979E1,1.554068298E0,9.006321259E0,-1.753902740E0,9.306187496E0
2.423790279E1,1.616488495E0,9.058562622E0,-1.697769470E0,9.356976702E0
2.424785679E1,1.720971222E0,8.947044525E0,-1.734592896E0,9.274705397E0
2.425781079E1,1.793420563E0,8.908574524E0,-1.097817078E0,9.153374225E0
2.426776379E1,1.784439240E0,8.729247437E0,-1.100361786E0,8.977459566E0
2.427771779E1,1.786684570E0,8.800648956E0,-8.909472656E-1,9.024270100E0
2.428767079E1,1.744771729E0,9.033265228E0,-8.261320496E-1,9.237240022E0
2.429762479E1,1.516945496E0,9.839638367E0,-1.186582489E0,1.002634454E1
2.430757879E1,5.783972168E-1,1.159384048E1,-2.813100128E0,1.194425439E1
2.431753179E1,9.460327148E-2,1.195818283E1,-1.863624573E0,1.210289977E1
2.432748579E1,8.015830994E-1,1.118129837E1,-1.118174744E0,1.126562397E1
2.433743979E1,9.229806519E-1,1.190848618E1,-1.503024445E0,1.203839768E1
2.434739279E1,-3.920347595E-1,1.389799896E1,-2.076481934E0,1.405773252E1
2.435734679E1,-2.272574158E0,1.665601364E1,-2.704725494E0,1.702653587E1
2.436730079E1,-4.082011414E0,1.872381363E1,-3.436254272E0,1.946925416E1
2.437725379E1,-6.300997009E0,1.853236176E1,-3.263663177E0,1.984445749E1
2.438720779E1,-7.062014465E0,1.602043533E1,-3.450774078E0,1.784472578E1
2.439716079E1,-4.554878082E0,1.344848373E1,-2.598296814E0,1.443467268E1
2.440711479E1,-3.296594696E0,1.244601837E1,-2.816692657E0,1.317970665E1
2.441706879E1,-2.694696350E0,1.229558121E1,-2.250120850E0,1.278693667E1
2.442702179E1,-2.747835846E0,1.191641968E1,-1.958377533E0,1.238494660E1
2.443697579E1,-3.067121887E0,1.021311172E1,-2.175875244E0,1.088344251E1
2.444692979E1,-3.791016541E0,8.575966187E0,-1.867815857E0,9.560739434E0
2.445688279E1,-4.334985352E0,7.294930115E0,-1.371298370E0,8.595845659E0
2.446683679E1,-4.367318115E0,6.541696472E0,-8.954379272E-1,7.916379812E0
2.447678979E1,-4.114194489E0,6.228697357E0,-9.310638428E-1,7.522642284E0
2.448674379E1,-3.612288208E0,5.589676208E0,-1.294807434E0,6.780090892E0
2.449669779E1,-3.180286560E0,4.878056030E0,-1.657952271E0,6.054622942E0
2.450665079E1,-2.850222931E0,4.542004852E0,-1.951192474E0,5.706201092E0
2.451660479E1,-2.802771606E0,4.390220490E0,-2.183060303E0,5.647593904E0
2.452655879E1,-2.953957214E0,4.515659637E0,-2.575394440E0,5.979105427E0
2.453651179E1,-2.926863556E0,4.993316345E0,-2.417921906E0,6.272645753E0
2.454646579E1,-2.836002502E0,5.619164886E0,-2.351310425E0,6.719120845E0
2.455641979E1,-2.844684448E0,6.046526184E0,-2.156266022E0,7.021551941E0
2.456637279E1,-2.772684174E0,6.315816193E0,-2.018552399E0,7.186923228E0
2.457632679E1,-2.976111145E0,6.498137054E0,-2.009571075E0,7.424378670E0
2.458627979E1,-3.471880188E0,6.888974304E0,-1.877994690E0,7.939696660E0
2.459623379E1,-3.864064636E0,7.381899261E0,-1.863624573E0,8.537946402E0
2.460618779E1,-4.393962708E0,8.265511780E0,-2.394271088E0,9.662200955E0
2.461614079E1,-4.915029144E0,9.360784149E0,-2.730921021E0,1.091969418E1
2.462609479E1,-4.913232880E0,1.002225861E1,-3.530857544E0,1.170694153E1
2.463604879E1,-4.970563660E0,1.015143997E1,-3.832779694E0,1.193517645E1
2.464600179E1,-4.612657928E0,9.841284943E0,-3.478316803E0,1.141166904E1
2.465595579E1,-4.228107605E0,9.313781891E0,-3.396137695E0,1.077762396E1
2.466590979E1,-3.845802612E0,8.513246613E0,-3.284619598E0,9.902236693E0
2.467586279E1,-3.704496460E0,8.035889282E0,-3.106939087E0,9.378266421E0
2.468581679E1,-3.755989380E0,8.042176208E0,-2.999761963E0,9.369238295E0
2.469576979E1,-4.123026123E0,7.874225464E0,-3.855233002E0,9.688425701E0
2.470572379E1,-3.919898529E0,7.847730560E0,-4.505031738E0,9.861429429E0
2.471567779E1,-3.778742065E0,7.928712158E0,-4.309538269E0,9.783429265E0
2.472563079E1,-3.914809113E0,8.247100067E0,-4.126918030E0,1.001857487E1
2.473558479E1,-3.738326111E0,8.246501312E0,-4.358336792E0,1.004863004E1
2.474553879E1,-3.456162872E0,8.515491943E0,-4.299958191E0,1.014634443E1
2.475549179E1,-6.241570587E0,1.603181168E1,-3.469036102E0,1.755022508E1
2.476544579E1,-5.635780334E0,8.881181488E0,-8.200097809E0,1.333712895E1
2.477539979E1,-3.263663177E0,4.547693024E0,-4.888534241E0,7.431741128E0
2.478535279E1,-3.233875122E0,6.019731903E0,-4.323609009E0,8.086328917E0
2.479530679E1,-2.221081238E0,7.197782135E0,-4.477489014E0,8.762943421E0
2.480525979E1,-2.008373566E0,7.486531677E0,-4.372257843E0,8.899346020E0
2.481521379E1,-2.363135834E0,6.757098541E0,-4.368515625E0,8.386102815E0
2.482516779E1,-2.621199188E0,6.383325806E0,-3.954925690E0,7.953550826E0
2.483512079E1,-2.413281555E0,5.486540680E0,-3.294199677E0,6.839430386E0
2.484507479E1,-2.047891388E0,4.615052948E0,-3.435505829E0,6.106985603E0
2.485502879E1,-1.671124878E0,6.011199646E0,-3.874393158E0,7.344256387E0
2.486498179E1,-3.008443909E0,7.537425842E0,-4.551135864E0,9.304641892E0
2.487493579E1,-3.572471008E0,6.805597687E0,-5.384153595E0,9.384445584E0
2.488488979E1,-4.452041931E0,6.544989624E0,-3.628604279E0,8.707717011E0
2.489484279E1,-5.015170898E0,7.581134949E0,-5.745352478E0,1.075335396E1
2.490479679E1,-5.175487518E0,7.331154785E0,-3.923790436E0,9.794265308E0
2.491474979E1,-4.171974335E0,7.861651611E0,-5.534441071E0,1.048050447E1
2.492470379E1,-3.648063812E0,7.216792603E0,-4.990472260E0,9.502382776E0
2.493465779E1,-3.762725372E0,8.069120178E0,-5.086123352E0,1.025365561E1
2.494461079E1,-4.254901886E0,8.096363525E0,-4.669389954E0,1.026929866E1
2.495456479E1,-3.809428253E0,8.248896332E0,-4.285588074E0,1.004600913E1
2.496451879E1,-3.536096649E0,8.381819916E0,-3.426674194E0,9.721161487E0
2.497447179E1,-3.570674744E0,8.936716003E0,-3.478167114E0,1.023290074E1
2.498442579E1,-3.894301758E0,8.694669342E0,-3.672313385E0,1.021022756E1
2.499437979E1,-3.974385223E0,7.641908569E0,-2.659669189E0,9.014895711E0
2.500433279E1,-3.767365723E0,7.564070435E0,-3.600612488E0,9.185456783E0
2.501428679E1,-3.338806915E0,7.134164429E0,-5.462141418E0,9.585349372E0
2.502423979E1,-2.999612274E0,7.810009003E0,-1.687440948E0,8.534715659E0
2.503419379E1,-4.351451111E0,8.846004639E0,-2.592608643E0,1.019355406E1
2.504414779E1,-4.783901825E0,6.893165588E0,-2.638413391E0,8.795605364E0
2.505410079E1,-4.022734680E0,5.746400299E0,-5.171146545E0,8.714600811E0
2.506405479E1,-3.575614471E0,6.680308228E0,-4.843477936E0,8.992820213E0
2.507400879E1,-3.299738159E0,8.098010101E0,-6.068979492E0,1.064417924E1
2.508396179E1,-1.656455383E0,7.905061340E0,-7.097041626E0,1.075182957E1
2.509391579E1,-1.264869690E0,7.762857056E0,-6.901099091E0,1.046360424E1
2.510386979E1,-1.377136230E0,8.776100006E0,-5.918093262E0,1.067428046E1
2.511382279E1,-2.075583801E0,1.097053665E1,-5.834117889E0,1.259752571E1
2.512377679E1,-2.705473938E0,1.144894180E1,-5.567971344E0,1.301538177E1
2.513372979E1,-3.399430847E0,1.196611633E1,-4.987179108E0,1.340209035E1
2.514368404E1,-3.929777985E0,1.249436783E1,-4.837191010E0,1.396247827E1
2.515363804E1,-4.502187653E0,1.315599197E1,-4.436623993E0,1.459566548E1
2.516359104E1,-4.987777863E0,1.405247772E1,-3.519032135E0,1.532101972E1
2.517354504E1,-5.582341461E0,1.469928268E1,-3.808380432E0,1.617823257E1
2.518349904E1,-5.572162628E0,1.430305664E1,-4.898862762E0,1.611289179E1
2.519345204E1,-4.734055481E0,1.347318237E1,-5.307213593E0,1.523497426E1
2.520340604E1,-3.607198792E0,1.306543030E1,-5.429658966E0,1.460132009E1
2.521336004E1,-2.357896729E0,1.358410172E1,-7.878566437E0,1.587952472E1
2.522331304E1,1.749861145E-1,1.381567017E1,-1.200458633E1,1.830337279E1
2.523326704E1,1.396745453E0,9.614805908E0,-4.557722168E0,1.073164581E1
2.524322004E1,3.667373657E-1,8.231682129E0,-2.832409973E0,8.713072548E0
2.525317404E1,-2.989283752E-1,7.140750732E0,-2.461181946E0,7.558908371E0
2.526312804E1,-1.757345581E-1,8.025411072E0,-2.314337311E0,8.354296062E0
2.527308104E1,-1.811532898E0,1.317919373E1,-5.276527405E0,1.431134306E1
2.528303504E1,-5.134323120E-1,8.181237030E0,-3.731739807E-1,8.205821769E0
2.529298904E1,-1.184486847E0,1.133487900E1,-2.260748749E0,1.161866928E1
2.530294204E1,8.812174988E-1,6.871460724E0,-2.350112915E0,7.315500494E0
2.531289604E1,1.700014801E0,5.633535004E0,-2.870879974E0,6.547420774E0
2.532285004E1,1.430275726E0,6.251899109E0,-1.363813934E0,6.556822368E0
2.533280304E1,-1.070274353E-1,7.759863281E0,-1.480271759E0,7.900515015E0
2.534275704E1,-3.147953796E-1,1.049722092E1,-1.687590637E0,1.063666796E1
2.535271004E1,3.972738647E-1,1.096140564E1,-2.127076721E0,1.117294480E1
2.536266404E1,3.903881836E-1,9.446855164E0,-2.168241119E0,9.700347672E0
2.537261804E1,-1.525328064E-1,8.404123535E0,-2.720742188E0,8.834873893E0
2.538257104E1,-5.736071777E-1,7.865992584E0,-3.017125854E0,8.444282856E0
2.539252504E1,-7.071295166E-1,8.100554810E0,-2.367925873E0,8.469125888E0
2.540247904E1,-1.268312531E0,8.808732147E0,-1.685045929E0,9.057690572E0
2.541243204E1,-1.685345306E0,9.253307648E0,-1.067879333E0,9.465963105E0
2.542238604E1,-7.006929016E-1,8.876690826E0,-7.209008789E-1,8.933437672E0
2.543234004E1,1.586101685E0,9.299561462E0,-1.166673889E0,9.505718800E0
2.544229304E1,4.388873291E0,8.748856659E0,-2.132914581E0,1.001768567E1
2.545224704E1,4.089046783E0,8.181686096E0,-1.661694489E0,9.296317526E0
2.546220104E1,3.312611389E-1,1.066816544E1,-2.664159851E0,1.100078340E1
2.547215404E1,-1.733545074E0,1.018197647E1,-6.122268677E-1,1.034662482E1
2.548210804E1,4.194277954E-1,8.141270142E0,4.923262024E-1,8.166920122E0
2.549206104E1,2.506986694E0,6.978039093E0,-1.226848755E0,7.515528573E0
2.550201504E1,9.650431824E-1,8.736731873E0,-3.470682678E0,9.450260865E0
2.551196904E1,-4.878355408E-1,9.689500580E0,-3.684737549E0,1.037794275E1
2.552192204E1,-4.065545654E-1,9.188941498E0,-3.508853302E0,9.844490030E0
2.553187604E1,-5.571414185E-1,9.101074219E0,-3.880680084E0,9.909572968E0
2.554183004E1,-9.569599915E-1,9.443412323E0,-4.176464996E0,1.036998884E1
2.555178304E1,-1.021176453E0,1.023781036E1,-3.636238403E0,1.091227713E1
2.556173704E1,-4.987628174E-1,1.139505386E1,-3.117117920E0,1.182423110E1
2.557169104E1,8.229885864E-1,1.124012604E1,-4.048032074E0,1.197515375E1
2.558164404E1,1.450184326E0,1.067071014E1,-4.549638977E0,1.169043645E1
2.559159804E1,7.605683899E-1,1.002210892E1,-4.135300598E0,1.086838730E1
2.560155104E1,9.295669556E-2,8.925788727E0,-4.421206055E0,9.961195125E0
2.561150504E1,-3.421884155E-1,8.519234161E0,-3.305875397E0,9.144575209E0
2.562145904E1,-1.003213806E0,8.297395477E0,-2.832110596E0,8.824628042E0
2.563141204E1,-1.563798065E0,7.887098694E0,-2.974614258E0,8.573221109E0
2.564136604E1,-1.854493561E0,7.553442535E0,-2.949017487E0,8.318073373E0
2.565132004E1,-1.728006592E0,8.008047180E0,-2.720742188E0,8.632338297E0
2.566127304E1,-1.250050507E0,8.629405060E0,-2.390379181E0,9.041192985E0
2.567122704E1,-1.161434784E0,9.407786407E0,-2.022743683E0,9.692619246E0
2.568118104E1,-1.429826660E0,9.907447357E0,-2.271077271E0,1.026448778E1
2.569113404E1,-1.988464966E0,9.918823700E0,-2.702330475E0,1.047089521E1
2.570108804E1,-1.983824615E0,9.877659302E0,-3.227887573E0,1.057936537E1
2.571104104E1,-1.556912384E0,1.023586441E1,-3.312761078E0,1.087066154E1
2.572099504E1,-1.446591797E0,1.006521927E1,-3.077151031E0,1.062403526E1
2.573094904E1,-1.285676422E0,9.292226715E0,-2.836900635E0,9.800328892E0
2.574090204E1,-2.429447937E0,8.290958862E0,-2.661016388E0,9.040089842E0
2.575085604E1,-2.832859039E0,7.619155884E0,-4.350552979E0,9.219758019E0
2.576081004E1,-2.028581543E0,7.815547485E0,-7.225773926E0,1.083557725E1
2.577076304E1,2.563119965E0,1.024948608E1,-3.245700531E0,1.105242602E1
2.578071704E1,9.426946564E0,1.446217575E1,6.963519287E-1,1.727734803E1
2.579067104E1,2.335293732E0,9.338929596E0,-4.199367371E0,1.050256584E1
2.580062404E1,-2.274669800E0,5.925727386E0,-7.240892487E0,9.629064947E0
2.581057804E1,1.411714325E0,7.641309814E0,-5.992039490E0,9.812598548E0
2.582053104E1,3.253634033E0,8.810528412E0,-5.508395233E0,1.088824887E1
2.583048504E1,3.273542633E0,9.667945404E0,-5.978567505E0,1.182913856E1
2.584043904E1,3.076402588E0,1.056488022E1,-6.333030396E0,1.269599232E1
2.585039204E1,2.578687592E0,1.080393311E1,-6.708000641E0,1.297581877E1
2.586034604E1,2.619402924E0,1.019365219E1,-6.459068298E0,1.234874001E1
2.587030004E1,2.170037384E0,8.622369690E0,-4.928501129E0,1.016584697E1
2.588025304E1,2.484832764E0,8.704548798E0,-4.181255035E0,9.971281628E0
2.589020704E1,2.584076385E0,8.772806854E0,-3.442092133E0,9.771775126E0
2.590016104E1,2.040556641E0,8.468639374E0,-3.216960297E0,9.286041018E0
2.591011404E1,1.297052765E0,8.837921448E0,-3.203188934E0,9.489553242E0
2.592006804E1,1.230441284E-1,7.497159576E0,-2.936293945E0,8.052599810E0
2.593002104E1,6.679110718E-1,7.429200897E0,-7.574249268E-1,7.497521170E0
2.593997504E1,8.253836060E-1,7.386689301E0,-4.483177185E-1,7.446168525E0
2.594992904E1,6.261479187E-1,6.989714813E0,-2.376308441E0,7.409117099E0
2.595988204E1,6.551875305E-1,6.741081848E0,-2.258802795E0,7.139582989E0
2.596983604E1,1.267564087E0,6.393354950E0,-9.883946228E-1,6.592315994E0
2.597979004E1,1.520538025E0,6.333629150E0,1.108145599E0,6.607184027E0
2.598974304E1,1.171164551E0,4.762795715E0,1.450483704E0,5.114660537E0
2.599969704E1,1.425036621E-1,4.361480255E0,3.344495087E0,5.498041896E0
2.600965104E1,-4.097728729E0,8.520581360E0,1.047177383E1,1.410849867E1
2.601960404E1,-5.383704529E0,6.788383484E0,1.266950363E1,1.534870506E1
2.602955804E1,-3.419489136E0,-2.453398132E-1,1.243464203E1,1.289858209E1
2.603951204E1,-2.168091431E0,-3.700155487E0,1.329160995E1,1.396634048E1
2.604946504E1,-7.798782349E-1,-5.246589661E-1,1.172691376E1,1.176452223E1
2.605941904E1,-1.020727386E0,2.703378296E-1,1.154833511E1,1.159650856E1
2.606937204E1,-1.094224548E0,9.879455566E-3,1.314656158E1,1.319202435E1
2.607932604E1,-2.023941193E0,1.935924225E0,1.224229202E1,1.255857693E1
2.608928004E1,-3.038082275E0,2.385289764E0,6.490652618E0,7.553020759E0
2.609923304E1,-3.225193176E0,-8.481362915E-1,6.211782532E0,7.050350943E0
2.610918704E1,-4.593647461E0,-1.276246033E0,8.441396027E0,9.694718552E0
2.611914104E1,-4.171674957E0,-1.591789856E0,9.365274811E0,1.037521273E1
2.612909404E1,-5.875282288E-1,-2.299218750E0,1.167093018E1,1.190975262E1
2.613904804E1,9.017248535E-1,6.185137939E-1,1.670526123E1,1.674101012E1
2.614900129E1,7.469467163E-1,5.478158112E0,1.856200012E1,1.936791146E1
2.615895429E1,1.517544250E0,7.107669525E0,1.465796860E1,1.636086642E1
2.616890829E1,3.100951538E0,6.259533234E0,1.380923355E1,1.547554807E1
2.617886229E1,3.031346283E0,5.815406799E0,1.340851685E1,1.492636394E1
2.618881529E1,2.797981567E0,5.591921539E0,1.268087997E1,1.413870589E1
2.619876929E1,2.178719330E0,4.794230347E0,1.063209045E1,1.186477180E1
2.620872229E1,6.379733276E-1,3.315455475E0,9.078321533E0,9.685823498E0
2.621867629E1,2.992277527E-1,2.568209381E0,9.156459045E0,9.514514119E0
2.622863029E1,-4.387376404E-1,3.122057648E0,8.489595795E0,9.056101337E0
2.623858329E1,-1.103205872E0,3.511547699E0,7.653135223E0,8.492261724E0
2.624853729E1,-2.201921082E-1,3.407364349E0,8.017627258E0,8.714411238E0
2.625849129E1,8.427474976E-2,4.550686798E0,5.374573517E0,7.042861141E0
2.626844429E1,1.046324158E-1,4.094136200E0,6.429280243E0,7.622896012E0
2.627839829E1,1.119222565E0,4.015250244E0,9.022487640E0,9.938821705E0
2.628835229E1,1.612446899E0,6.274951172E0,9.961335297E0,1.188289519E1
2.629830529E1,3.802093506E-2,7.659721527E0,9.855355682E0,1.248201967E1
2.630825929E1,-1.979034576E0,6.602021027E0,9.357041931E0,1.162142389E1
2.631821229E1,-2.613415375E0,5.699996796E0,8.836574249E0,1.083535638E1
2.632816629E1,-2.273322601E0,5.285359039E0,8.356372833E0,1.014554004E1
2.633812029E1,-1.866917725E0,5.137765961E0,7.972421265E0,9.666515488E0
2.634807329E1,-1.346000977E0,5.534890137E0,7.709867249E0,9.585863573E0
2.635802729E1,-1.063238983E0,5.906417542E0,7.593858490E0,9.678994373E0
2.636798129E1,-1.611548767E0,6.186634827E0,7.637866974E0,9.960348981E0
2.637793429E1,-2.566413116E0,6.797514496E0,7.815248108E0,1.067102538E1
2.638788829E1,-3.512146454E0,7.396718445E0,7.808512115E0,1.131456928E1
2.639784229E1,-3.703598328E0,7.581883392E0,7.589367828E0,1.134901319E1
2.640779529E1,-2.973566437E0,7.245083771E0,7.533234558E0,1.086659832E1
2.641774929E1,-1.770368500E0,6.538403320E0,7.478298798E0,1.009008798E1
2.642770329E1,-5.984555054E-1,5.993087311E0,7.455845490E0,9.584616657E0
2.643765629E1,2.619552612E-1,5.642067261E0,7.643854523E0,9.504212513E0
2.644761029E1,5.754034424E-1,5.334157562E0,7.716453552E0,9.398296731E0
2.645756329E1,4.698728943E-1,5.217849426E0,7.627388763E0,9.253312516E0
2.646751729E1,2.576142883E-1,5.172793121E0,7.599696350E0,9.196713457E0
2.647747129E1,-6.436614990E-3,5.354215851E0,7.519463196E0,9.230926040E0
2.648742429E1,-4.396357727E-1,5.627996521E0,7.538024597E0,9.417507063E0
2.649737829E1,-1.040186920E0,6.063740387E0,7.441774750E0,9.655617419E0
2.650733229E1,-1.454974365E0,6.255491638E0,7.563321991E0,9.922296386E0
2.651728529E1,-1.576820984E0,6.281986542E0,7.558382263E0,9.953836535E0
2.652723929E1,-1.425635376E0,6.017037506E0,7.352410583E0,9.607034816E0
2.653719329E1,-1.224753113E0,5.770200806E0,7.207362213E0,9.313501361E0
2.654714629E1,-9.605525208E-1,5.889502716E0,7.213050385E0,9.361463520E0
2.655710029E1,-7.860154724E-1,6.167923737E0,7.138655090E0,9.466863263E0
2.656705329E1,-6.990463257E-1,6.318061523E0,7.092700653E0,9.524335658E0
2.657700729E1,-6.788383484E-1,6.336922302E0,7.223229218E0,9.632883582E0
2.658696129E1,-5.712121582E-1,6.321504364E0,7.329358521E0,9.695730869E0
2.659691429E1,-4.423301697E-1,6.285878448E0,7.369475098E0,9.696240873E0
2.660686829E1,-4.266128540E-1,6.242468719E0,7.516170044E0,9.779735496E0
2.661682229E1,-4.138893127E-1,6.268215179E0,7.658524017E0,9.905292324E0
2.662677529E1,-3.146456909E-1,6.383475494E0,7.688162384E0,9.997779861E0
2.663672929E1,-3.077600098E-1,6.437213745E0,7.784561920E0,1.010602995E1
2.664668329E1,-3.649411011E-1,6.476432190E0,7.839198303E0,1.017498825E1
2.665663629E1,-3.385958862E-1,6.643035736E0,8.020920410E0,1.042016004E1
2.666659029E1,-1.866618347E-1,6.818470917E0,8.373886414E0,1.080038712E1
2.667654429E1,-1.227447510E-2,6.659052429E0,8.860524445E0,1.108386320E1
2.668649729E1,2.489323425E-1,6.204447784E0,8.995543671E0,1.093055102E1
2.669645129E1,5.528004456E-1,5.912255402E0,8.807983704E0,1.062266112E1
2.670640429E1,8.306227112E-1,5.668861542E0,8.390651550E0,1.016016529E1
2.671635829E1,8.349636841E-1,5.357059937E0,7.933651886E0,9.609270928E0
2.672631229E1,5.827381897E-1,4.990172882E0,7.734266510E0,9.222813434E0
2.673626529E1,2.335144043E-1,4.945565643E0,7.665858765E0,9.125707595E0
2.674621929E1,-9.190887451E-2,5.008135529E0,7.741601257E0,9.220751528E0
2.675617329E1,-4.516108704E-1,5.008584595E0,7.983947296E0,9.435745145E0
2.676612629E1,-5.156776428E-1,4.924160156E0,8.063432007E0,9.462146290E0
2.677608029E1,-3.439846802E-1,4.900359650E0,8.358169098E0,9.694887355E0
2.678603429E1,-9.580078125E-2,4.953349457E0,8.709638214E0,1.002011210E1
2.679598729E1,1.332229614E-1,4.971761169E0,8.888366547E0,1.018524508E1
2.680594129E1,3.610491943E-1,4.945565643E0,8.744665375E0,1.005276820E1
2.681589429E1,5.969586182E-1,4.980592804E0,8.555159454E0,9.917329155E0
2.682584829E1,8.265811157E-1,5.036875763E0,8.283025360E0,9.729432815E0
2.683580229E1,1.053060150E0,5.115761719E0,8.088729401E0,9.628473241E0
2.684575529E1,1.162781982E0,5.119354248E0,8.003556519E0,9.571664787E0
2.685570929E1,1.048569489E0,5.119054871E0,8.042325897E0,9.590788632E0
2.686566329E1,8.970845032E-1,4.946912842E0,8.334218903E0,9.733237487E0
2.687561629E1,9.029223633E-1,4.704716492E0,8.713979187E0,9.943996145E0
2.688557029E1,9.626481628E-1,4.616100769E0,9.155411224E0,1.029838009E1
2.689552429E1,1.058898010E0,4.469705200E0,9.565109253E0,1.061088331E1
2.690547729E1,1.017284546E0,4.378993835E0,9.596394196E0,1.059722777E1
2.691543129E1,6.783892822E-1,4.285588074E0,9.426946564E0,1.037756227E1
2.692538529E1,2.817141724E-1,4.364773407E0,9.678722992E0,1.062112464E1
2.693533829E1,-1.073268127E-1,4.797224121E0,9.768386536E0,1.088330160E1
2.694529229E1,-5.132826233E-1,5.140011292E0,9.253307648E0,1.059749393E1
2.695524529E1,-9.234297180E-1,5.088069305E0,8.688681793E0,1.011110098E1
2.696519929E1,-1.062490540E0,4.994513855E0,8.387807465E0,9.819845664E0
2.697515329E1,-7.373666382E-1,4.982089691E0,8.153694305E0,9.583718385E0
2.698510629E1,1.392105103E-2,5.062622223E0,7.855065308E0,9.345179964E0
2.699506029E1,6.638694763E-1,5.253774719E0,7.800279236E0,9.428002314E0
2.700501429E1,6.857240295E-1,5.004243622E0,7.699089661E0,9.208075438E0
2.701496729E1,5.182223511E-1,4.840484161E0,7.571255493E0,9.001263859E0
2.702492129E1,1.910028076E-1,5.135071564E0,7.742499390E0,9.292563631E0
2.703487529E1,1.601669312E-2,5.509892120E0,7.890990601E0,9.624287006E0
2.704482829E1,-4.116439819E-1,5.833219757E0,7.807913361E0,9.754968711E0
2.705478229E1,-8.170010376E-1,5.968987427E0,7.712411957E0,9.786603077E0
2.706473529E1,-5.917195129E-1,5.910010071E0,7.563471680E0,9.616883844E0
2.707468929E1,6.706054688E-2,5.779930573E0,7.569459229E0,9.524117153E0
2.708464329E1,6.891668701E-1,5.526806946E0,7.620802460E0,9.439130051E0
2.709459629E1,9.243278503E-1,5.093757477E0,7.635172577E0,9.224782246E0
2.710455029E1,9.741741943E-1,4.861590271E0,7.804620209E0,9.246414004E0
2.711450429E1,9.774673462E-1,5.084027710E0,7.611821136E0,9.205574462E0
2.712445729E1,1.063089294E0,5.141358490E0,7.309898987E0,8.999908287E0
2.713441129E1,1.335522766E0,5.372926941E0,7.280859375E0,9.146741398E0
2.714436604E1,1.643881531E0,5.624853058E0,7.374714203E0,9.419539691E0
2.715431904E1,1.838925934E0,5.437143402E0,7.309150543E0,9.293430940E0
2.716427304E1,2.129172363E0,5.446274414E0,7.656278687E0,9.633996225E0
2.717422704E1,2.445314941E0,5.696104889E0,8.081544342E0,1.018511340E1
2.718418004E1,2.455194397E0,5.770200806E0,8.357570343E0,1.044854913E1
2.719413404E1,2.220931549E0,5.840554504E0,8.566984863E0,1.060367123E1
2.720408704E1,1.905687103E0,5.842949524E0,8.304730225E0,1.033151715E1
2.721404104E1,1.808688812E0,5.651946716E0,7.804769897E0,9.804605553E0
2.722399504E1,1.620829468E0,5.734874268E0,7.504344635E0,9.582852364E0
2.723394804E1,1.077609100E0,6.167025604E0,7.391030273E0,9.686112465E0
2.724390204E1,4.067042542E-1,6.775210876E0,7.583529968E0,1.017736791E1
2.725385604E1,-1.381626892E-1,7.038962402E0,7.774981842E0,1.048887140E1
2.726380904E1,-2.356100464E-1,6.938820648E0,7.785909119E0,1.043183229E1
2.727376304E1,-9.954299927E-2,6.775510254E0,7.861052856E0,1.037851627E1
2.728371704E1,8.532257080E-2,6.639143829E0,7.852221222E0,1.028313614E1
2.729367004E1,2.411485291E-1,6.452481995E0,7.823480988E0,1.014394062E1
2.730362404E1,3.140469360E-1,6.560108185E0,7.676935730E0,1.010291973E1
2.731357704E1,7.065307617E-2,6.880891113E0,7.309000854E0,1.003858296E1
2.732353104E1,-3.766168213E-1,6.922654266E0,6.903194733E0,9.783612821E0
2.733348504E1,-5.605842590E-1,6.770271149E0,6.372847595E0,9.314720211E0
2.734343804E1,-6.673123169E-1,6.692882080E0,6.315965881E0,9.226667940E0
2.735339204E1,-5.218148804E-1,6.659052429E0,6.745722198E0,9.493157431E0
2.736334604E1,-5.324427795E-1,6.299949188E0,7.259154510E0,9.626431286E0
2.737329904E1,-3.501219177E-1,6.155948639E0,7.350314941E0,9.594030370E0
2.738325304E1,1.550775146E-1,6.081403656E0,7.342680817E0,9.535328051E0
2.739320704E1,6.551875305E-1,5.653144226E0,7.319628754E0,9.271692156E0
2.740316004E1,9.753717041E-1,5.228776703E0,7.411387939E0,9.122506616E0
2.741311404E1,1.119821320E0,5.063819733E0,7.681725769E0,9.268504780E0
2.742306804E1,8.195457458E-1,4.905598755E0,7.812254333E0,9.261094544E0
2.743302104E1,1.437011719E-2,4.814588013E0,7.840844879E0,9.201049541E0
2.744297504E1,-9.767189026E-1,4.709057465E0,7.896678772E0,9.245903831E0
2.745292804E1,-1.882335663E0,4.705315247E0,8.023465118E0,9.489951086E0
2.746288204E1,-2.292931824E0,4.677473145E0,8.169261932E0,9.688814782E0
2.747283604E1,-2.071242828E0,4.395609283E0,8.130043488E0,9.471485361E0
2.748278904E1,-1.501677246E0,4.136947174E0,7.737110596E0,8.901249735E0
2.749274304E1,-1.035845947E0,3.714824982E0,7.232360229E0,8.196336740E0
2.750269704E1,-9.246272278E-1,3.209475861E0,6.697372742E0,7.484014461E0
2.751265004E1,-1.023571472E0,2.931952972E0,6.394103394E0,7.108347558E0
2.752260404E1,-1.113833771E0,3.163072357E0,6.049370270E0,6.916685121E0
2.753255804E1,-1.139729919E0,3.649560699E0,5.427713013E0,6.639152516E0
2.754251104E1,-1.027014313E0,4.059408417E0,5.112917633E0,6.608742832E0
2.755246504E1,-9.851014709E-1,4.407883759E0,5.180127869E0,6.872669705E0
2.756241804E1,-1.206640778E0,4.560865631E0,5.663772125E0,7.371281568E0
2.757237204E1,-1.684596863E0,4.494403839E0,6.422693939E0,8.018012840E0
2.758232604E1,-2.299368439E0,3.093317413E0,7.762108612E0,8.666373979E0
2.759227904E1,-2.114951935E0,2.608325958E0,8.113877106E0,8.781308996E0
2.760223304E1,-1.824555817E0,2.610122223E0,8.532556458E0,9.107483826E0
2.761218704E1,-1.629062347E0,3.606899414E0,7.921377411E0,8.855043060E0
2.762214004E1,-1.567390594E0,5.163811798E0,7.381749573E0,9.143953867E0
2.763209404E1,-1.111887817E0,6.521937561E0,7.331154785E0,9.875109850E0
2.764204804E1,-1.094224548E0,5.411097565E0,7.900271301E0,9.638028369E0
2.765200104E1,-1.458566895E0,3.830234985E0,7.972421265E0,8.964241086E0
2.766195504E1,-1.499282227E0,3.137176208E0,8.364006958E0,9.057943152E0
2.767190904E1,-1.576222229E0,2.904410248E0,8.800349579E0,9.400331277E0
2.768186204E1,-1.834135895E0,2.930306396E0,9.120234375E0,9.753431453E0
2.769181604E1,-1.977986755E0,2.966082001E0,9.617799683E0,1.025729715E1
2.770176904E1,-2.055375824E0,3.262914734E0,9.863438873E0,1.059049615E1
2.771172304E1,-2.083966370E0,3.558400269E0,9.568701782E0,1.041946170E1
2.772167704E1,-2.204615479E0,3.644920349E0,9.095685425E0,1.004376758E1
2.773163004E1,-2.542762299E0,3.667223969E0,8.823701019E0,9.887965990E0
2.774158404E1,-2.908302155E0,3.711082764E0,8.820108490E0,1.000123345E1
2.775153804E1,-3.186723175E0,3.738924866E0,8.840615845E0,1.011391380E1
2.776149104E1,-3.292852478E0,3.680246887E0,8.663384399E0,9.972027068E0
2.777144504E1,-3.134032745E0,3.657344513E0,8.621471558E0,9.875631724E0
2.778139904E1,-2.893632660E0,3.641627197E0,8.527017975E0,9.713114545E0
2.779135204E1,-2.524799652E0,3.620970154E0,8.515342255E0,9.591511448E0
2.780130604E1,-2.289189606E0,3.644321594E0,8.709039459E0,9.714362420E0
2.781125904E1,-2.282004547E0,3.602558441E0,9.073082428E0,1.002530782E1
2.782121304E1,-2.360291748E0,3.510050812E0,9.630523224E0,1.051847952E1
2.783116704E1,-2.449955292E0,3.497027893E0,1.011192215E1,1.097645000E1
2.784112004E1,-2.599494324E0,3.363655243E0,1.056278458E1,1.138613039E1
2.785107404E1,-2.874472504E0,3.022215271E0,1.093236603E1,1.170098305E1
2.786102804E1,-3.268453217E0,2.789000244E0,1.107127716E1,1.187579415E1
2.787098104E1,-3.785627747E0,2.690654755E0,1.095616653E1,1.189992376E1
2.788093504E1,-4.059408417E0,2.598895569E0,1.069585785E1,1.173177011E1
2.789088904E1,-4.034709778E0,2.402803345E0,1.051697983E1,1.151777807E1
2.790084204E1,-3.696263580E0,2.525099030E0,1.021984772E1,1.115722981E1
2.791079604E1,-3.293750610E0,2.781815186E0,9.784552917E0,1.069227593E1
2.792075004E1,-3.029100952E0,2.817441101E0,9.391470337E0,1.026221916E1
2.793070304E1,-3.025807800E0,2.803370361E0,9.181307373E0,1.006532679E1
2.794065704E1,-3.107986908E0,2.717149658E0,9.109756165E0,1.000150700E1
2.795061004E1,-3.122506714E0,2.711012421E0,9.283694458E0,1.016300248E1
2.796056404E1,-3.131488037E0,2.811453552E0,9.582922211E0,1.046627376E1
2.797051804E1,-2.955753479E0,2.741548920E0,9.948761444E0,1.073454346E1
2.798047104E1,-2.825075226E0,2.628533936E0,1.009575577E1,1.080807685E1
2.799042504E1,-2.859204254E0,2.609673157E0,1.017733612E1,1.088869200E1
2.800037904E1,-2.968177643E0,2.598596191E0,1.051892578E1,1.123434824E1
2.801033204E1,-3.357368317E0,2.436183929E0,1.104747665E1,1.180057857E1
2.802028604E1,-3.423381042E0,2.201621704E0,1.163650177E1,1.232780797E1
2.803024004E1,-3.211272125E0,2.160457306E0,1.208287354E1,1.268761906E1
2.804019304E1,-3.257975006E0,2.382894745E0,1.184127594E1,1.251033191E1
2.805014704E1,-3.321443024E0,2.629731445E0,1.134610565E1,1.211121731E1
2.806010004E1,-3.575614471E0,2.784060516E0,1.077474380E1,1.168893134E1
2.807005404E1,-3.752995605E0,2.684966583E0,1.013497421E1,1.113605513E1
2.808000804E1,-3.712579651E0,2.559677124E0,9.625583496E0,1.062953679E1
2.808996104E1,-3.621718597E0,2.502496033E0,9.182804260E0,1.018347809E1
2.809991504E1,-3.387755127E0,2.558030548E0,8.825646973E0,9.793490163E0
2.810986904E1,-3.113076324E0,2.647993469E0,8.619076538E0,9.538951409E0
2.811982204E1,-2.950214996E0,2.711012421E0,8.528963928E0,9.423193862E0
2.812977604E1,-3.007396088E0,2.853965149E0,8.755143585E0,9.687212576E0
2.813973004E1,-2.985092468E0,2.953208771E0,9.450597382E0,1.034147040E1
2.814968308E1,-2.926713867E0,3.154390411E0,1.015727783E1,1.103114345E1
2.815963708E1,-2.874472504E0,3.345542908E0,1.060948746E1,1.148984219E1
2.816959108E1,-2.489922180E0,3.036286011E0,1.067235672E1,1.137180475E1
2.817954408E1,-2.410886536E0,2.440075836E0,9.035510559E0,9.664719087E0
2.818949808E1,-2.748284912E0,2.772534485E0,7.940238190E0,8.848016723E0
2.819945108E1,-3.349135437E0,2.653981018E0,7.080725555E0,8.270247748E0
2.820940508E1,-3.572620697E0,2.401905212E0,6.755302277E0,8.010422969E0
2.821935908E1,-3.446732483E0,2.640658722E0,7.455546112E0,8.627758175E0
2.822931208E1,-3.628155212E0,3.414250031E0,8.258326721E0,9.644717401E0
2.823926608E1,-3.416195984E0,3.969445496E0,8.867260437E0,1.029831055E1
2.824922008E1,-3.045117645E0,3.320993958E0,9.751471710E0,1.074211073E1
2.825917308E1,-2.989283752E0,2.881208496E0,1.029094986E1,1.109688374E1
2.826912708E1,-3.282823334E0,2.713557129E0,1.021595581E1,1.106824622E1
2.827908108E1,-3.587439880E0,2.561323700E0,1.014874557E1,1.106467988E1
2.828903408E1,-3.539988556E0,2.486329651E0,1.041114990E1,1.127410291E1
2.829898808E1,-3.568579102E0,2.623444519E0,1.054961197E1,1.144165769E1
2.830894108E1,-3.430117035E0,2.905907135E0,1.047970734E1,1.140325677E1
2.831889508E1,-3.274590454E0,2.916385345E0,9.953252106E0,1.087637226E1
2.832884908E1,-3.241808624E0,2.755320282E0,9.398805084E0,1.031691088E1
2.833880208E1,-3.271596680E0,2.546354828E0,8.803792419E0,9.731085690E0
2.834875608E1,-3.332819366E0,2.545606384E0,8.025710449E0,9.055375476E0